id,genus
t6080,G0001
t6081,G0001
t6082,G0001
t6083,G0001
t6084,G0001
t6085,G0001
t6086,G0001
t6087,G0001
t6088,F0001
t6089,F0001
t6090,G0001
t6091,G0001
t6092,G0001
t6093,G0001
t6094,G0001
t6095,G0001
t432,G0002
t433,G0002
t434,G0002
t435,G0002
t436,G0002
t437,G0002
t438,G0002
t439,G0002
t440,F0002
t441,F0002
t442,G0002
t443,G0002
t444,G0002
t445,G0002
t446,G0002
t447,G0002
t960,G0003
t961,G0003
t962,G0003
t963,G0003
t964,G0003
t965,G0003
t966,G0003
t967,G0003
t968,F0003
t969,F0003
t970,G0003
t971,G0003
t972,G0003
t973,G0003
t974,G0003
t975,G0003
t240,G0004
t241,G0004
t242,G0004
t243,G0004
t244,G0004
t245,G0004
t246,G0004
t247,G0004
t248,F0004
t249,F0004
t250,G0004
t251,G0004
t252,G0004
t253,G0004
t254,G0004
t255,G0004
t5280,G0005
t5281,G0005
t5282,G0005
t5283,G0005
t5284,G0005
t5285,G0005
t5286,G0005
t5287,G0005
t5288,F0005
t5289,F0005
t5290,G0005
t5291,G0005
t5292,G0005
t5293,G0005
t5294,G0005
t5295,G0005
t5152,G0006
t5153,G0006
t5154,G0006
t5155,G0006
t5156,G0006
t5157,G0006
t5158,G0006
t5159,G0006
t5160,F0006
t5161,F0006
t5162,G0006
t5163,G0006
t5164,G0006
t5165,G0006
t5166,G0006
t5167,G0006
t4032,G0007
t4033,G0007
t4034,G0007
t4035,G0007
t4036,G0007
t4037,G0007
t4038,G0007
t4039,G0007
t4040,F0007
t4041,F0007
t4042,G0007
t4043,G0007
t4044,G0007
t4045,G0007
t4046,G0007
t4047,G0007
t1120,G0008
t1121,G0008
t1122,G0008
t1123,G0008
t1124,G0008
t1125,G0008
t1126,G0008
t1127,G0008
t1128,F0008
t1129,F0008
t1130,G0008
t1131,G0008
t1132,G0008
t1133,G0008
t1134,G0008
t1135,G0008
t6448,G0009
t6449,G0009
t6450,G0009
t6451,G0009
t6452,G0009
t6453,G0009
t6454,G0009
t6455,G0009
t6456,F0009
t6457,F0009
t6458,G0009
t6459,G0009
t6460,G0009
t6461,G0009
t6462,G0009
t6463,G0009
t768,G0010
t769,G0010
t770,G0010
t771,G0010
t772,G0010
t773,G0010
t774,G0010
t775,G0010
t776,F0010
t777,F0010
t778,G0010
t779,G0010
t780,G0010
t781,G0010
t782,G0010
t783,G0010
t7872,G0011
t7873,G0011
t7874,G0011
t7875,G0011
t7876,G0011
t7877,G0011
t7878,G0011
t7879,G0011
t7880,F0011
t7881,F0011
t7882,G0011
t7883,G0011
t7884,G0011
t7885,G0011
t7886,G0011
t7887,G0011
t3936,G0012
t3937,G0012
t3938,G0012
t3939,G0012
t3940,G0012
t3941,G0012
t3942,G0012
t3943,G0012
t3944,F0012
t3945,F0012
t3946,G0012
t3947,G0012
t3948,G0012
t3949,G0012
t3950,G0012
t3951,G0012
t5440,G0013
t5441,G0013
t5442,G0013
t5443,G0013
t5444,G0013
t5445,G0013
t5446,G0013
t5447,G0013
t5448,F0013
t5449,F0013
t5450,G0013
t5451,G0013
t5452,G0013
t5453,G0013
t5454,G0013
t5455,G0013
t2832,G0014
t2833,G0014
t2834,G0014
t2835,G0014
t2836,G0014
t2837,G0014
t2838,G0014
t2839,G0014
t2840,F0014
t2841,F0014
t2842,G0014
t2843,G0014
t2844,G0014
t2845,G0014
t2846,G0014
t2847,G0014
t5216,G0015
t5217,G0015
t5218,G0015
t5219,G0015
t5220,G0015
t5221,G0015
t5222,G0015
t5223,G0015
t5224,F0015
t5225,F0015
t5226,G0015
t5227,G0015
t5228,G0015
t5229,G0015
t5230,G0015
t5231,G0015
t528,G0016
t529,G0016
t530,G0016
t531,G0016
t532,G0016
t533,G0016
t534,G0016
t535,G0016
t536,F0016
t537,F0016
t538,G0016
t539,G0016
t540,G0016
t541,G0016
t542,G0016
t543,G0016
t2304,G0017
t2305,G0017
t2306,G0017
t2307,G0017
t2308,G0017
t2309,G0017
t2310,G0017
t2311,G0017
t2312,F0017
t2313,F0017
t2314,G0017
t2315,G0017
t2316,G0017
t2317,G0017
t2318,G0017
t2319,G0017
t5392,G0018
t5393,G0018
t5394,G0018
t5395,G0018
t5396,G0018
t5397,G0018
t5398,G0018
t5399,G0018
t5400,F0018
t5401,F0018
t5402,G0018
t5403,G0018
t5404,G0018
t5405,G0018
t5406,G0018
t5407,G0018
t6336,G0019
t6337,G0019
t6338,G0019
t6339,G0019
t6340,G0019
t6341,G0019
t6342,G0019
t6343,G0019
t6344,F0019
t6345,F0019
t6346,G0019
t6347,G0019
t6348,G0019
t6349,G0019
t6350,G0019
t6351,G0019
t2864,G0020
t2865,G0020
t2866,G0020
t2867,G0020
t2868,G0020
t2869,G0020
t2870,G0020
t2871,G0020
t2872,F0020
t2873,F0020
t2874,G0020
t2875,G0020
t2876,G0020
t2877,G0020
t2878,G0020
t2879,G0020
t4640,G0021
t4641,G0021
t4642,G0021
t4643,G0021
t4644,G0021
t4645,G0021
t4646,G0021
t4647,G0021
t4648,F0021
t4649,F0021
t4650,G0021
t4651,G0021
t4652,G0021
t4653,G0021
t4654,G0021
t4655,G0021
t3616,G0022
t3617,G0022
t3618,G0022
t3619,G0022
t3620,G0022
t3621,G0022
t3622,G0022
t3623,G0022
t3624,F0022
t3625,F0022
t3626,G0022
t3627,G0022
t3628,G0022
t3629,G0022
t3630,G0022
t3631,G0022
t7488,G0023
t7489,G0023
t7490,G0023
t7491,G0023
t7492,G0023
t7493,G0023
t7494,G0023
t7495,G0023
t7496,F0023
t7497,F0023
t7498,G0023
t7499,G0023
t7500,G0023
t7501,G0023
t7502,G0023
t7503,G0023
t7856,G0024
t7857,G0024
t7858,G0024
t7859,G0024
t7860,G0024
t7861,G0024
t7862,G0024
t7863,G0024
t7864,F0024
t7865,F0024
t7866,G0024
t7867,G0024
t7868,G0024
t7869,G0024
t7870,G0024
t7871,G0024
t3056,G0025
t3057,G0025
t3058,G0025
t3059,G0025
t3060,G0025
t3061,G0025
t3062,G0025
t3063,G0025
t3064,F0025
t3065,F0025
t3066,G0025
t3067,G0025
t3068,G0025
t3069,G0025
t3070,G0025
t3071,G0025
t3392,G0026
t3393,G0026
t3394,G0026
t3395,G0026
t3396,G0026
t3397,G0026
t3398,G0026
t3399,G0026
t3400,F0026
t3401,F0026
t3402,G0026
t3403,G0026
t3404,G0026
t3405,G0026
t3406,G0026
t3407,G0026
t848,G0027
t849,G0027
t850,G0027
t851,G0027
t852,G0027
t853,G0027
t854,G0027
t855,G0027
t856,F0027
t857,F0027
t858,G0027
t859,G0027
t860,G0027
t861,G0027
t862,G0027
t863,G0027
t5856,G0028
t5857,G0028
t5858,G0028
t5859,G0028
t5860,G0028
t5861,G0028
t5862,G0028
t5863,G0028
t5864,F0028
t5865,F0028
t5866,G0028
t5867,G0028
t5868,G0028
t5869,G0028
t5870,G0028
t5871,G0028
t5664,G0029
t5665,G0029
t5666,G0029
t5667,G0029
t5668,G0029
t5669,G0029
t5670,G0029
t5671,G0029
t5672,F0029
t5673,F0029
t5674,G0029
t5675,G0029
t5676,G0029
t5677,G0029
t5678,G0029
t5679,G0029
t112,G0030
t113,G0030
t114,G0030
t115,G0030
t116,G0030
t117,G0030
t118,G0030
t119,G0030
t120,F0030
t121,F0030
t122,G0030
t123,G0030
t124,G0030
t125,G0030
t126,G0030
t127,G0030
t8128,G0031
t8129,G0031
t8130,G0031
t8131,G0031
t8132,G0031
t8133,G0031
t8134,G0031
t8135,G0031
t8140,G0031
t8141,G0031
t8142,G0031
t8143,G0031
t6432,G0032
t6433,G0032
t6434,G0032
t6435,G0032
t6436,G0032
t6437,G0032
t6438,G0032
t6439,G0032
t6444,G0032
t6445,G0032
t6446,G0032
t6447,G0032
t7056,G0033
t7057,G0033
t7058,G0033
t7059,G0033
t7060,G0033
t7061,G0033
t7062,G0033
t7063,G0033
t7068,G0033
t7069,G0033
t7070,G0033
t7071,G0033
t3104,G0034
t3105,G0034
t3106,G0034
t3107,G0034
t3108,G0034
t3109,G0034
t3110,G0034
t3111,G0034
t3116,G0034
t3117,G0034
t3118,G0034
t3119,G0034
t4128,G0035
t4129,G0035
t4130,G0035
t4131,G0035
t4132,G0035
t4133,G0035
t4134,G0035
t4135,G0035
t4140,G0035
t4141,G0035
t4142,G0035
t4143,G0035
t5744,G0036
t5745,G0036
t5746,G0036
t5747,G0036
t5748,G0036
t5749,G0036
t5750,G0036
t5751,G0036
t5756,G0036
t5757,G0036
t5758,G0036
t5759,G0036
t5696,G0037
t5697,G0037
t5698,G0037
t5699,G0037
t5700,G0037
t5701,G0037
t5702,G0037
t5703,G0037
t5708,G0037
t5709,G0037
t5710,G0037
t5711,G0037
t80,G0038
t81,G0038
t82,G0038
t83,G0038
t84,G0038
t85,G0038
t86,G0038
t87,G0038
t92,G0038
t93,G0038
t94,G0038
t95,G0038
t5776,G0039
t5777,G0039
t5778,G0039
t5779,G0039
t5780,G0039
t5781,G0039
t5782,G0039
t5783,G0039
t5788,G0039
t5789,G0039
t5790,G0039
t5791,G0039
t3744,G0040
t3745,G0040
t3746,G0040
t3747,G0040
t3748,G0040
t3749,G0040
t3750,G0040
t3751,G0040
t3756,G0040
t3757,G0040
t3758,G0040
t3759,G0040
t6400,G0041
t6401,G0041
t6402,G0041
t6403,G0041
t6404,G0041
t6405,G0041
t6406,G0041
t6407,G0041
t6412,G0041
t6413,G0041
t6414,G0041
t6415,G0041
t1424,G0042
t1425,G0042
t1426,G0042
t1427,G0042
t1428,G0042
t1429,G0042
t1430,G0042
t1431,G0042
t1436,G0042
t1437,G0042
t1438,G0042
t1439,G0042
t3984,G0043
t3985,G0043
t3986,G0043
t3987,G0043
t3988,G0043
t3989,G0043
t3990,G0043
t3991,G0043
t3996,G0043
t3997,G0043
t3998,G0043
t3999,G0043
t5584,G0044
t5585,G0044
t5586,G0044
t5587,G0044
t5588,G0044
t5589,G0044
t5590,G0044
t5591,G0044
t5596,G0044
t5597,G0044
t5598,G0044
t5599,G0044
t512,G0045
t513,G0045
t514,G0045
t515,G0045
t516,G0045
t517,G0045
t518,G0045
t519,G0045
t524,G0045
t525,G0045
t526,G0045
t527,G0045
t2160,G0046
t2161,G0046
t2162,G0046
t2163,G0046
t2164,G0046
t2165,G0046
t2166,G0046
t2167,G0046
t2172,G0046
t2173,G0046
t2174,G0046
t2175,G0046
t7344,G0047
t7345,G0047
t7346,G0047
t7347,G0047
t7348,G0047
t7349,G0047
t7350,G0047
t7351,G0047
t7356,G0047
t7357,G0047
t7358,G0047
t7359,G0047
t6800,G0048
t6801,G0048
t6802,G0048
t6803,G0048
t6804,G0048
t6805,G0048
t6806,G0048
t6807,G0048
t6812,G0048
t6813,G0048
t6814,G0048
t6815,G0048
t3008,G0049
t3009,G0049
t3010,G0049
t3011,G0049
t3012,G0049
t3013,G0049
t3014,G0049
t3015,G0049
t3020,G0049
t3021,G0049
t3022,G0049
t3023,G0049
t7664,G0050
t7665,G0050
t7666,G0050
t7667,G0050
t7668,G0050
t7669,G0050
t7670,G0050
t7671,G0050
t7676,G0050
t7677,G0050
t7678,G0050
t7679,G0050
t2320,G0051
t2321,G0051
t2322,G0051
t2323,G0051
t2324,G0051
t2325,G0051
t2326,G0051
t2327,G0051
t2332,G0051
t2333,G0051
t2334,G0051
t2335,G0051
t2176,G0052
t2177,G0052
t2178,G0052
t2179,G0052
t2180,G0052
t2181,G0052
t2182,G0052
t2183,G0052
t2188,G0052
t2189,G0052
t2190,G0052
t2191,G0052
t3328,G0053
t3329,G0053
t3330,G0053
t3331,G0053
t3332,G0053
t3333,G0053
t3334,G0053
t3335,G0053
t3340,G0053
t3341,G0053
t3342,G0053
t3343,G0053
t4416,G0054
t4417,G0054
t4418,G0054
t4419,G0054
t4420,G0054
t4421,G0054
t4422,G0054
t4423,G0054
t4428,G0054
t4429,G0054
t4430,G0054
t4431,G0054
t1136,G0055
t1137,G0055
t1138,G0055
t1139,G0055
t1140,G0055
t1141,G0055
t1142,G0055
t1143,G0055
t1148,G0055
t1149,G0055
t1150,G0055
t1151,G0055
t5680,G0056
t5681,G0056
t5682,G0056
t5683,G0056
t5684,G0056
t5685,G0056
t5686,G0056
t5687,G0056
t5692,G0056
t5693,G0056
t5694,G0056
t5695,G0056
t5616,G0057
t5617,G0057
t5618,G0057
t5619,G0057
t5620,G0057
t5621,G0057
t5622,G0057
t5623,G0057
t5628,G0057
t5629,G0057
t5630,G0057
t5631,G0057
t4800,G0058
t4801,G0058
t4802,G0058
t4803,G0058
t4804,G0058
t4805,G0058
t4806,G0058
t4807,G0058
t4812,G0058
t4813,G0058
t4814,G0058
t4815,G0058
t3664,G0059
t3665,G0059
t3666,G0059
t3667,G0059
t3668,G0059
t3669,G0059
t3670,G0059
t3671,G0059
t3676,G0059
t3677,G0059
t3678,G0059
t3679,G0059
t592,G0060
t593,G0060
t594,G0060
t595,G0060
t596,G0060
t597,G0060
t598,G0060
t599,G0060
t604,G0060
t605,G0060
t606,G0060
t607,G0060
t4608,G0061
t4609,G0061
t4610,G0061
t4611,G0061
t4612,F0061
t4613,F0061
t4614,F0061
t4615,F0061
t4616,G0062
t4617,G0062
t4618,G0062
t4619,G0062
t4620,F0062
t4621,F0062
t4622,F0062
t4623,F0062
t7824,G0063
t7825,G0063
t7826,G0063
t7827,G0063
t7828,F0063
t7829,F0063
t7830,F0063
t7831,F0063
t7832,G0064
t7833,G0064
t7834,G0064
t7835,G0064
t7836,F0064
t7837,F0064
t7838,F0064
t7839,F0064
t7136,G0065
t7137,G0065
t7138,G0065
t7139,G0065
t7140,F0065
t7141,F0065
t7142,F0065
t7143,F0065
t7144,G0066
t7145,G0066
t7146,G0066
t7147,G0066
t7148,F0066
t7149,F0066
t7150,F0066
t7151,F0066
t3952,G0067
t3953,G0067
t3954,G0067
t3955,G0067
t3956,F0067
t3957,F0067
t3958,F0067
t3959,F0067
t3960,G0068
t3961,G0068
t3962,G0068
t3963,G0068
t3964,F0068
t3965,F0068
t3966,F0068
t3967,F0068
t2592,G0069
t2593,G0069
t2594,G0069
t2595,G0069
t2596,F0069
t2597,F0069
t2598,F0069
t2599,F0069
t2600,G0070
t2601,G0070
t2602,G0070
t2603,G0070
t2604,F0070
t2605,F0070
t2606,F0070
t2607,F0070
t2928,G0071
t2929,G0071
t2930,G0071
t2931,G0071
t2932,F0071
t2933,F0071
t2934,F0071
t2935,F0071
t2936,G0072
t2937,G0072
t2938,G0072
t2939,G0072
t2940,F0072
t2941,F0072
t2942,F0072
t2943,F0072
t7008,G0073
t7009,G0073
t7010,G0073
t7011,G0073
t7012,F0073
t7013,F0073
t7014,F0073
t7015,F0073
t7016,G0074
t7017,G0074
t7018,G0074
t7019,G0074
t7020,F0074
t7021,F0074
t7022,F0074
t7023,F0074
t912,G0075
t913,G0075
t914,G0075
t915,G0075
t916,F0075
t917,F0075
t918,F0075
t919,F0075
t920,G0076
t921,G0076
t922,G0076
t923,G0076
t924,F0076
t925,F0076
t926,F0076
t927,F0076
t6368,G0077
t6369,G0077
t6370,G0077
t6371,G0077
t6372,F0077
t6373,F0077
t6374,F0077
t6375,F0077
t6376,G0078
t6377,G0078
t6378,G0078
t6379,G0078
t6380,F0078
t6381,F0078
t6382,F0078
t6383,F0078
t1088,G0079
t1089,G0079
t1090,G0079
t1091,G0079
t1092,F0079
t1093,F0079
t1094,F0079
t1095,F0079
t1096,G0080
t1097,G0080
t1098,G0080
t1099,G0080
t1100,F0080
t1101,F0080
t1102,F0080
t1103,F0080
t3024,G0081
t3025,G0081
t3026,G0081
t3027,G0081
t3028,F0081
t3029,F0081
t3030,F0081
t3031,F0081
t3032,G0082
t3033,G0082
t3034,G0082
t3035,G0082
t3036,F0082
t3037,F0082
t3038,F0082
t3039,F0082
t6576,G0083
t6577,G0083
t6578,G0083
t6579,G0083
t6580,F0083
t6581,F0083
t6582,F0083
t6583,F0083
t6584,G0084
t6585,G0084
t6586,G0084
t6587,G0084
t6588,F0084
t6589,F0084
t6590,F0084
t6591,F0084
t2784,G0085
t2785,G0085
t2786,G0085
t2787,G0085
t2788,F0085
t2789,F0085
t2790,F0085
t2791,F0085
t2792,G0086
t2793,G0086
t2794,G0086
t2795,G0086
t2796,F0086
t2797,F0086
t2798,F0086
t2799,F0086
t6240,G0087
t6241,G0087
t6242,G0087
t6243,G0087
t6244,F0087
t6245,F0087
t6246,F0087
t6247,F0087
t6248,G0088
t6249,G0088
t6250,G0088
t6251,G0088
t6252,F0088
t6253,F0088
t6254,F0088
t6255,F0088
t5632,G0089
t5633,G0089
t5634,G0089
t5635,G0089
t5636,F0089
t5637,F0089
t5638,F0089
t5639,F0089
t5640,G0090
t5641,G0090
t5642,G0090
t5643,G0090
t5644,F0090
t5645,F0090
t5646,F0090
t5647,F0090
t5472,G0091
t5473,G0091
t5474,G0091
t5475,G0091
t5476,F0091
t5477,F0091
t5478,G0091
t5479,G0091
t5480,G0092
t5481,G0092
t5482,G0092
t5483,G0092
t5484,F0092
t5485,F0092
t5486,G0092
t5487,G0092
t8096,G0093
t8097,G0093
t8098,G0093
t8099,G0093
t8100,F0093
t8101,F0093
t8102,G0093
t8103,G0093
t8104,G0094
t8105,G0094
t8106,G0094
t8107,G0094
t8108,F0094
t8109,F0094
t8110,G0094
t8111,G0094
t3216,G0095
t3217,G0095
t3218,G0095
t3219,G0095
t3220,F0095
t3221,F0095
t3222,G0095
t3223,G0095
t3224,G0096
t3225,G0096
t3226,G0096
t3227,G0096
t3228,F0096
t3229,F0096
t3230,G0096
t3231,G0096
t4720,G0097
t4721,G0097
t4722,G0097
t4723,G0097
t4724,F0097
t4725,F0097
t4726,G0097
t4727,G0097
t4728,G0098
t4729,G0098
t4730,G0098
t4731,G0098
t4732,F0098
t4733,F0098
t4734,G0098
t4735,G0098
t5088,G0099
t5089,G0099
t5090,G0099
t5091,G0099
t5092,F0099
t5093,F0099
t5094,G0099
t5095,G0099
t5096,G0100
t5097,G0100
t5098,G0100
t5099,G0100
t5100,F0100
t5101,F0100
t5102,G0100
t5103,G0100
t6032,G0101
t6033,G0101
t6034,G0101
t6035,G0101
t6036,F0101
t6037,F0101
t6038,G0101
t6039,G0101
t6040,G0102
t6041,G0102
t6042,G0102
t6043,G0102
t6044,F0102
t6045,F0102
t6046,G0102
t6047,G0102
t2464,G0103
t2465,G0103
t2466,G0103
t2467,G0103
t2468,F0103
t2469,F0103
t2470,G0103
t2471,G0103
t2472,G0104
t2473,G0104
t2474,G0104
t2475,G0104
t2476,F0104
t2477,F0104
t2478,G0104
t2479,G0104
t976,G0105
t977,G0105
t978,G0105
t979,G0105
t980,F0105
t981,F0105
t982,G0105
t983,G0105
t984,G0106
t985,G0106
t986,G0106
t987,G0106
t988,F0106
t989,F0106
t990,G0106
t991,G0106
t1664,G0107
t1665,G0107
t1666,G0107
t1667,G0107
t1668,F0107
t1669,F0107
t1670,G0107
t1671,G0107
t1672,G0108
t1673,G0108
t1674,G0108
t1675,G0108
t1676,F0108
t1677,F0108
t1678,G0108
t1679,G0108
t1824,G0109
t1825,G0109
t1826,G0109
t1827,G0109
t1828,F0109
t1829,F0109
t1830,G0109
t1831,G0109
t1832,G0110
t1833,G0110
t1834,G0110
t1835,G0110
t1836,F0110
t1837,F0110
t1838,G0110
t1839,G0110
t224,G0111
t225,G0111
t226,G0111
t227,G0111
t228,F0111
t229,F0111
t230,G0111
t231,G0111
t232,G0112
t233,G0112
t234,G0112
t235,G0112
t236,F0112
t237,F0112
t238,G0112
t239,G0112
t7744,G0113
t7745,G0113
t7746,G0113
t7747,G0113
t7748,F0113
t7749,F0113
t7750,G0113
t7751,G0113
t7752,G0114
t7753,G0114
t7754,G0114
t7755,G0114
t7756,F0114
t7757,F0114
t7758,G0114
t7759,G0114
t5600,G0115
t5601,G0115
t5602,G0115
t5603,G0115
t5604,F0115
t5605,F0115
t5606,G0115
t5607,G0115
t5608,G0116
t5609,G0116
t5610,G0116
t5611,G0116
t5612,F0116
t5613,F0116
t5614,G0116
t5615,G0116
t5648,G0117
t5649,G0117
t5650,G0117
t5651,G0117
t5652,F0117
t5653,F0117
t5654,G0117
t5655,G0117
t5656,G0118
t5657,G0118
t5658,G0118
t5659,G0118
t5660,F0118
t5661,F0118
t5662,G0118
t5663,G0118
t1008,G0119
t1009,G0119
t1010,G0119
t1011,G0119
t1012,F0119
t1013,F0119
t1014,G0119
t1015,G0119
t1016,G0120
t1017,G0120
t1018,G0120
t1019,G0120
t1020,F0120
t1021,F0120
t1022,G0120
t1023,G0120
t6592,G0121
t6593,G0121
t6596,G0121
t6597,G0121
t6594,F0121
t6595,F0121
t6598,F0121
t6599,F0121
t6600,G0122
t6601,G0122
t6604,G0122
t6605,G0122
t6602,F0122
t6603,F0122
t6606,F0122
t6607,F0122
t6752,G0123
t6753,G0123
t6756,G0123
t6757,G0123
t6754,F0123
t6755,F0123
t6758,F0123
t6759,F0123
t6760,G0124
t6761,G0124
t6764,G0124
t6765,G0124
t6762,F0124
t6763,F0124
t6766,F0124
t6767,F0124
t8016,G0125
t8017,G0125
t8020,G0125
t8021,G0125
t8018,F0125
t8019,F0125
t8022,F0125
t8023,F0125
t8024,G0126
t8025,G0126
t8028,G0126
t8029,G0126
t8026,F0126
t8027,F0126
t8030,F0126
t8031,F0126
t192,G0127
t193,G0127
t196,G0127
t197,G0127
t194,F0127
t195,F0127
t198,F0127
t199,F0127
t200,G0128
t201,G0128
t204,G0128
t205,G0128
t202,F0128
t203,F0128
t206,F0128
t207,F0128
t5952,G0129
t5953,G0129
t5956,G0129
t5957,G0129
t5954,F0129
t5955,F0129
t5958,F0129
t5959,F0129
t5960,G0130
t5961,G0130
t5964,G0130
t5965,G0130
t5962,F0130
t5963,F0130
t5966,F0130
t5967,F0130
t4880,G0131
t4881,G0131
t4884,G0131
t4885,G0131
t4882,F0131
t4883,F0131
t4886,F0131
t4887,F0131
t4888,G0132
t4889,G0132
t4892,G0132
t4893,G0132
t4890,F0132
t4891,F0132
t4894,F0132
t4895,F0132
t1072,G0133
t1073,G0133
t1076,G0133
t1077,G0133
t1074,F0133
t1075,F0133
t1078,F0133
t1079,F0133
t1080,G0134
t1081,G0134
t1084,G0134
t1085,G0134
t1082,F0134
t1083,F0134
t1086,F0134
t1087,F0134
t3072,G0135
t3073,G0135
t3076,G0135
t3077,G0135
t3074,F0135
t3075,F0135
t3078,F0135
t3079,F0135
t3080,G0136
t3081,G0136
t3084,G0136
t3085,G0136
t3082,F0136
t3083,F0136
t3086,F0136
t3087,F0136
t5456,G0137
t5457,G0137
t5460,G0137
t5461,G0137
t5458,F0137
t5459,F0137
t5462,F0137
t5463,F0137
t5464,G0138
t5465,G0138
t5468,G0138
t5469,G0138
t5466,F0138
t5467,F0138
t5470,F0138
t5471,F0138
t4192,G0139
t4193,G0139
t4196,G0139
t4197,G0139
t4194,F0139
t4195,F0139
t4198,F0139
t4199,F0139
t4200,G0140
t4201,G0140
t4204,G0140
t4205,G0140
t4202,F0140
t4203,F0140
t4206,F0140
t4207,F0140
t4624,G0141
t4625,G0141
t4628,G0141
t4629,G0141
t4626,F0141
t4627,F0141
t4630,F0141
t4631,F0141
t4632,G0142
t4633,G0142
t4636,G0142
t4637,G0142
t4634,F0142
t4635,F0142
t4638,F0142
t4639,F0142
t2896,G0143
t2897,G0143
t2900,G0143
t2901,G0143
t2898,F0143
t2899,F0143
t2902,F0143
t2903,F0143
t2904,G0144
t2905,G0144
t2908,G0144
t2909,G0144
t2906,F0144
t2907,F0144
t2910,F0144
t2911,F0144
t2688,G0145
t2689,G0145
t2692,G0145
t2693,G0145
t2690,F0145
t2691,F0145
t2694,F0145
t2695,F0145
t2696,G0146
t2697,G0146
t2700,G0146
t2701,G0146
t2698,F0146
t2699,F0146
t2702,F0146
t2703,F0146
t6224,G0147
t6225,G0147
t6228,G0147
t6229,G0147
t6226,F0147
t6227,F0147
t6230,F0147
t6231,F0147
t6232,G0148
t6233,G0148
t6236,G0148
t6237,G0148
t6234,F0148
t6235,F0148
t6238,F0148
t6239,F0148
t5920,G0149
t5921,G0149
t5924,G0149
t5925,G0149
t5922,F0149
t5923,F0149
t5926,F0149
t5927,F0149
t5928,G0150
t5929,G0150
t5932,G0150
t5933,G0150
t5930,F0150
t5931,F0150
t5934,F0150
t5935,F0150
t2720,G0151
t2721,G0151
t2722,G0151
t2723,G0151
t2724,F0151
t2725,F0151
t2726,F0151
t2727,F0151
phantom_151_a,G0151
phantom_151_b,G0151
t2728,G0152
t2729,G0152
t2730,G0152
t2731,G0152
t2732,F0152
t2733,F0152
t2734,F0152
t2735,F0152
phantom_152_a,G0152
phantom_152_b,G0152
t3552,G0153
t3553,G0153
t3554,G0153
t3555,G0153
t3556,F0153
t3557,F0153
t3558,F0153
t3559,F0153
phantom_153_a,G0153
phantom_153_b,G0153
t3560,G0154
t3561,G0154
t3562,G0154
t3563,G0154
t3564,F0154
t3565,F0154
t3566,F0154
t3567,F0154
phantom_154_a,G0154
phantom_154_b,G0154
t7152,G0155
t7153,G0155
t7154,G0155
t7155,G0155
t7156,F0155
t7157,F0155
t7158,F0155
t7159,F0155
phantom_155_a,G0155
phantom_155_b,G0155
t7160,G0156
t7161,G0156
t7162,G0156
t7163,G0156
t7164,F0156
t7165,F0156
t7166,F0156
t7167,F0156
phantom_156_a,G0156
phantom_156_b,G0156
t6896,G0157
t6897,G0157
t6898,G0157
t6899,G0157
t6900,F0157
t6901,F0157
t6902,F0157
t6903,F0157
phantom_157_a,G0157
phantom_157_b,G0157
t6904,G0158
t6905,G0158
t6906,G0158
t6907,G0158
t6908,F0158
t6909,F0158
t6910,F0158
t6911,F0158
phantom_158_a,G0158
phantom_158_b,G0158
t5936,G0159
t5937,G0159
t5938,G0159
t5939,G0159
t5940,F0159
t5941,F0159
t5942,F0159
t5943,F0159
phantom_159_a,G0159
phantom_159_b,G0159
t5944,G0160
t5945,G0160
t5946,G0160
t5947,G0160
t5948,F0160
t5949,F0160
t5950,F0160
t5951,F0160
phantom_160_a,G0160
phantom_160_b,G0160
t176,G0161
t177,G0161
t178,G0161
t179,G0161
t180,F0161
t181,F0161
t182,F0161
t183,F0161
phantom_161_a,G0161
phantom_161_b,G0161
t184,G0162
t185,G0162
t186,G0162
t187,G0162
t188,F0162
t189,F0162
t190,F0162
t191,F0162
phantom_162_a,G0162
phantom_162_b,G0162
t6160,G0163
t6161,G0163
t6162,G0163
t6163,G0163
t6164,F0163
t6165,F0163
t6166,F0163
t6167,F0163
phantom_163_a,G0163
phantom_163_b,G0163
t6168,G0164
t6169,G0164
t6170,G0164
t6171,G0164
t6172,F0164
t6173,F0164
t6174,F0164
t6175,F0164
phantom_164_a,G0164
phantom_164_b,G0164
t6672,G0165
t6673,G0165
t6674,G0165
t6675,G0165
t6676,F0165
t6677,F0165
t6678,F0165
t6679,F0165
phantom_165_a,G0165
phantom_165_b,G0165
t6680,G0166
t6681,G0166
t6682,G0166
t6683,G0166
t6684,F0166
t6685,F0166
t6686,F0166
t6687,F0166
phantom_166_a,G0166
phantom_166_b,G0166
t7408,G0167
t7409,G0167
t7410,G0167
t7411,G0167
t7412,F0167
t7413,F0167
t7414,F0167
t7415,F0167
phantom_167_a,G0167
phantom_167_b,G0167
t7416,G0168
t7417,G0168
t7418,G0168
t7419,G0168
t7420,F0168
t7421,F0168
t7422,F0168
t7423,F0168
phantom_168_a,G0168
phantom_168_b,G0168
t4096,G0169
t4097,G0169
t4098,G0169
t4099,G0169
t4100,F0169
t4101,F0169
t4102,F0169
t4103,F0169
phantom_169_a,G0169
phantom_169_b,G0169
t4104,G0170
t4105,G0170
t4106,G0170
t4107,G0170
t4108,F0170
t4109,F0170
t4110,F0170
t4111,F0170
phantom_170_a,G0170
phantom_170_b,G0170
t1168,G0171
t1169,G0171
t1170,G0171
t1171,G0171
t1172,F0171
t1173,F0171
t1174,F0171
t1175,F0171
phantom_171_a,G0171
phantom_171_b,G0171
t1176,G0172
t1177,G0172
t1178,G0172
t1179,G0172
t1180,F0172
t1181,F0172
t1182,F0172
t1183,F0172
phantom_172_a,G0172
phantom_172_b,G0172
t400,G0173
t401,G0173
t402,G0173
t403,G0173
t404,F0173
t405,F0173
t406,F0173
t407,F0173
phantom_173_a,G0173
phantom_173_b,G0173
t408,G0174
t409,G0174
t410,G0174
t411,G0174
t412,F0174
t413,F0174
t414,F0174
t415,F0174
phantom_174_a,G0174
phantom_174_b,G0174
t8000,G0175
t8001,G0175
t8002,G0175
t8003,G0175
t8004,F0175
t8005,F0175
t8006,F0175
t8007,F0175
phantom_175_a,G0175
phantom_175_b,G0175
t8008,G0176
t8009,G0176
t8010,G0176
t8011,G0176
t8012,F0176
t8013,F0176
t8014,F0176
t8015,F0176
phantom_176_a,G0176
phantom_176_b,G0176
t1840,G0177
t1841,G0177
t1842,G0177
t1843,G0177
t1844,F0177
t1845,F0177
t1846,F0177
t1847,F0177
phantom_177_a,G0177
phantom_177_b,G0177
t1848,G0178
t1849,G0178
t1850,G0178
t1851,G0178
t1852,F0178
t1853,F0178
t1854,F0178
t1855,F0178
phantom_178_a,G0178
phantom_178_b,G0178
t6832,G0179
t6833,G0179
t6834,G0179
t6835,G0179
t6836,F0179
t6837,F0179
t6838,F0179
t6839,F0179
phantom_179_a,G0179
phantom_179_b,G0179
t6840,G0180
t6841,G0180
t6842,G0180
t6843,G0180
t6844,F0180
t6845,F0180
t6846,F0180
t6847,F0180
phantom_180_a,G0180
phantom_180_b,G0180
t4208,G0181
t4209,G0181
t4210,G0181
t4211,G0181
t4212,G0181
t4213,G0181
t4214,G0181
t4215,G0181
t4216,G0181
t4217,G0181
t4218,G0181
t4219,G0181
t4220,G0181
t4221,G0181
t4222,G0181
t4223,G0181
t2512,G0182
t2513,G0182
t2514,G0182
t2515,G0182
t2516,G0182
t2517,G0182
t2518,G0182
t2519,G0182
t2520,G0182
t2521,G0182
t2522,G0182
t2523,G0182
t2524,G0182
t2525,G0182
t2526,G0182
t2527,G0182
t5024,G0183
t5025,G0183
t5026,G0183
t5027,G0183
t5028,G0183
t5029,G0183
t5030,G0183
t5031,G0183
t5032,G0183
t5033,G0183
t5034,G0183
t5035,G0183
t5036,G0183
t5037,G0183
t5038,G0183
t5039,G0183
t2816,G0184
t2817,G0184
t2818,G0184
t2819,G0184
t2820,G0184
t2821,G0184
t2822,G0184
t2823,G0184
t2824,G0184
t2825,G0184
t2826,G0184
t2827,G0184
t2828,G0184
t2829,G0184
t2830,G0184
t2831,G0184
t4784,G0185
t4785,G0185
t4786,G0185
t4787,G0185
t4788,G0185
t4789,G0185
t4790,G0185
t4791,G0185
t4792,G0185
t4793,G0185
t4794,G0185
t4795,G0185
t4796,G0185
t4797,G0185
t4798,G0185
t4799,G0185
t7648,G0186
t7649,G0186
t7650,G0186
t7651,G0186
t7652,G0186
t7653,G0186
t7654,G0186
t7655,G0186
t7656,G0186
t7657,G0186
t7658,G0186
t7659,G0186
t7660,G0186
t7661,G0186
t7662,G0186
t7663,G0186
t3840,G0187
t3841,G0187
t3842,G0187
t3843,G0187
t3844,G0187
t3845,G0187
t3846,G0187
t3847,G0187
t3848,G0187
t3849,G0187
t3850,G0187
t3851,G0187
t3852,G0187
t3853,G0187
t3854,G0187
t3855,G0187
t4336,G0188
t4337,G0188
t4338,G0188
t4339,G0188
t4340,G0188
t4341,G0188
t4342,G0188
t4343,G0188
t4344,G0188
t4345,G0188
t4346,G0188
t4347,G0188
t4348,G0188
t4349,G0188
t4350,G0188
t4351,G0188
t7616,G0189
t7617,G0189
t7618,G0189
t7619,G0189
t7620,G0189
t7621,G0189
t7622,G0189
t7623,G0189
t7624,G0189
t7625,G0189
t7626,G0189
t7627,G0189
t7628,G0189
t7629,G0189
t7630,G0189
t7631,G0189
t1392,G0190
t1393,G0190
t1394,G0190
t1395,G0190
t1396,G0190
t1397,G0190
t1398,G0190
t1399,G0190
t1400,G0190
t1401,G0190
t1402,G0190
t1403,G0190
t1404,G0190
t1405,G0190
t1406,G0190
t1407,G0190
t4832,G0191
t4833,G0191
t4834,G0191
t4835,G0191
t4836,G0191
t4837,G0191
t4838,G0191
t4839,G0191
t4840,G0191
t4841,G0191
t4842,G0191
t4843,G0191
t4844,G0191
t4845,G0191
t4846,G0191
t4847,G0191
t1024,G0192
t1025,G0192
t1026,G0192
t1027,G0192
t1028,G0192
t1029,G0192
t1030,G0192
t1031,G0192
t1032,G0192
t1033,G0192
t1034,G0192
t1035,G0192
t1036,G0192
t1037,G0192
t1038,G0192
t1039,G0192
t576,G0193
t577,G0193
t578,G0193
t579,G0193
t580,G0193
t581,G0193
t582,G0193
t583,G0193
t584,G0193
t585,G0193
t586,G0193
t587,G0193
t588,G0193
t589,G0193
t590,G0193
t591,G0193
t6560,G0194
t6561,G0194
t6562,G0194
t6563,G0194
t6564,G0194
t6565,G0194
t6566,G0194
t6567,G0194
t6568,G0194
t6569,G0194
t6570,G0194
t6571,G0194
t6572,G0194
t6573,G0194
t6574,G0194
t6575,G0194
t2880,G0195
t2881,G0195
t2882,G0195
t2883,G0195
t2884,G0195
t2885,G0195
t2886,G0195
t2887,G0195
t2888,G0195
t2889,G0195
t2890,G0195
t2891,G0195
t2892,G0195
t2893,G0195
t2894,G0195
t2895,G0195
t7168,G0196
t7169,G0196
t7170,G0196
t7171,G0196
t7172,G0196
t7173,G0196
t7174,G0196
t7175,G0196
t7176,G0196
t7177,G0196
t7178,G0196
t7179,G0196
t7180,G0196
t7181,G0196
t7182,G0196
t7183,G0196
t4752,G0197
t4753,G0197
t4754,G0197
t4755,G0197
t4756,G0197
t4757,G0197
t4758,G0197
t4759,G0197
t4760,G0197
t4761,G0197
t4762,G0197
t4763,G0197
t4764,G0197
t4765,G0197
t4766,G0197
t4767,G0197
t5872,G0198
t5873,G0198
t5874,G0198
t5875,G0198
t5876,G0198
t5877,G0198
t5878,G0198
t5879,G0198
t5880,G0198
t5881,G0198
t5882,G0198
t5883,G0198
t5884,G0198
t5885,G0198
t5886,G0198
t5887,G0198
t6864,G0199
t6865,G0199
t6866,G0199
t6867,G0199
t6868,G0199
t6869,G0199
t6870,G0199
t6871,G0199
t6872,G0199
t6873,G0199
t6874,G0199
t6875,G0199
t6876,G0199
t6877,G0199
t6878,G0199
t6879,G0199
t4976,G0200
t4977,G0200
t4978,G0200
t4979,G0200
t4980,G0200
t4981,G0200
t4982,G0200
t4983,G0200
t4984,G0200
t4985,G0200
t4986,G0200
t4987,G0200
t4988,G0200
t4989,G0200
t4990,G0200
t4991,G0200
t1280,G0201
t1281,G0201
t1282,G0201
t1283,G0201
t1284,G0201
t1285,G0201
t1286,G0201
t1287,G0201
t1288,G0201
t1289,G0201
t1290,G0201
t1291,G0201
t1292,G0201
t1293,G0201
t1294,G0201
t1295,G0201
t3728,G0202
t3729,G0202
t3730,G0202
t3731,G0202
t3732,G0202
t3733,G0202
t3734,G0202
t3735,G0202
t3736,G0202
t3737,G0202
t3738,G0202
t3739,G0202
t3740,G0202
t3741,G0202
t3742,G0202
t3743,G0202
t4000,G0203
t4001,G0203
t4002,G0203
t4003,G0203
t4004,G0203
t4005,G0203
t4006,G0203
t4007,G0203
t4008,G0203
t4009,G0203
t4010,G0203
t4011,G0203
t4012,G0203
t4013,G0203
t4014,G0203
t4015,G0203
t8064,G0204
t8065,G0204
t8066,G0204
t8067,G0204
t8068,G0204
t8069,G0204
t8070,G0204
t8071,G0204
t8072,G0204
t8073,G0204
t8074,G0204
t8075,G0204
t8076,G0204
t8077,G0204
t8078,G0204
t8079,G0204
t5360,G0205
t5361,G0205
t5362,G0205
t5363,G0205
t5364,G0205
t5365,G0205
t5366,G0205
t5367,G0205
t5368,G0205
t5369,G0205
t5370,G0205
t5371,G0205
t5372,G0205
t5373,G0205
t5374,G0205
t5375,G0205
t7280,G0206
t7281,G0206
t7282,G0206
t7283,G0206
t7284,G0206
t7285,G0206
t7286,G0206
t7287,G0206
t7288,G0206
t7289,G0206
t7290,G0206
t7291,G0206
t7292,G0206
t7293,G0206
t7294,G0206
t7295,G0206
t1200,G0207
t1201,G0207
t1202,G0207
t1203,G0207
t1204,G0207
t1205,G0207
t1206,G0207
t1207,G0207
t1208,G0207
t1209,G0207
t1210,G0207
t1211,G0207
t1212,G0207
t1213,G0207
t1214,G0207
t1215,G0207
t1680,G0208
t1681,G0208
t1682,G0208
t1683,G0208
t1684,G0208
t1685,G0208
t1686,G0208
t1687,G0208
t1688,G0208
t1689,G0208
t1690,G0208
t1691,G0208
t1692,G0208
t1693,G0208
t1694,G0208
t1695,G0208
t6720,G0209
t6721,G0209
t6722,G0209
t6723,G0209
t6724,G0209
t6725,G0209
t6726,G0209
t6727,G0209
t6728,G0209
t6729,G0209
t6730,G0209
t6731,G0209
t6732,G0209
t6733,G0209
t6734,G0209
t6735,G0209
t3248,G0210
t3249,G0210
t3250,G0210
t3251,G0210
t3252,G0210
t3253,G0210
t3254,G0210
t3255,G0210
t3256,G0210
t3257,G0210
t3258,G0210
t3259,G0210
t3260,G0210
t3261,G0210
t3262,G0210
t3263,G0210
t2992,G0211
t2993,G0211
t2994,G0211
t2995,G0211
t2996,G0211
t2997,G0211
t2998,G0211
t2999,G0211
t3000,G0211
t3001,G0211
t3002,G0211
t3003,G0211
t3004,G0211
t3005,G0211
t3006,G0211
t3007,G0211
t3536,G0212
t3537,G0212
t3538,G0212
t3539,G0212
t3540,G0212
t3541,G0212
t3542,G0212
t3543,G0212
t3544,G0212
t3545,G0212
t3546,G0212
t3547,G0212
t3548,G0212
t3549,G0212
t3550,G0212
t3551,G0212
t5008,G0213
t5009,G0213
t5010,G0213
t5011,G0213
t5012,G0213
t5013,G0213
t5014,G0213
t5015,G0213
t5016,G0213
t5017,G0213
t5018,G0213
t5019,G0213
t5020,G0213
t5021,G0213
t5022,G0213
t5023,G0213
t7424,G0214
t7425,G0214
t7426,G0214
t7427,G0214
t7428,G0214
t7429,G0214
t7430,G0214
t7431,G0214
t7432,G0214
t7433,G0214
t7434,G0214
t7435,G0214
t7436,G0214
t7437,G0214
t7438,G0214
t7439,G0214
t3424,G0215
t3425,G0215
t3426,G0215
t3427,G0215
t3428,G0215
t3429,G0215
t3430,G0215
t3431,G0215
t3432,G0215
t3433,G0215
t3434,G0215
t3435,G0215
t3436,G0215
t3437,G0215
t3438,G0215
t3439,G0215
t3824,G0216
t3825,G0216
t3826,G0216
t3827,G0216
t3828,G0216
t3829,G0216
t3830,G0216
t3831,G0216
t3832,G0216
t3833,G0216
t3834,G0216
t3835,G0216
t3836,G0216
t3837,G0216
t3838,G0216
t3839,G0216
t4432,G0217
t4433,G0217
t4434,G0217
t4435,G0217
t4436,G0217
t4437,G0217
t4438,G0217
t4439,G0217
t4440,G0217
t4441,G0217
t4442,G0217
t4443,G0217
t4444,G0217
t4445,G0217
t4446,G0217
t4447,G0217
t3088,G0218
t3089,G0218
t3090,G0218
t3091,G0218
t3092,G0218
t3093,G0218
t3094,G0218
t3095,G0218
t3096,G0218
t3097,G0218
t3098,G0218
t3099,G0218
t3100,G0218
t3101,G0218
t3102,G0218
t3103,G0218
t6960,G0219
t6961,G0219
t6962,G0219
t6963,G0219
t6964,G0219
t6965,G0219
t6966,G0219
t6967,G0219
t6968,G0219
t6969,G0219
t6970,G0219
t6971,G0219
t6972,G0219
t6973,G0219
t6974,G0219
t6975,G0219
t688,G0220
t689,G0220
t690,G0220
t691,G0220
t692,G0220
t693,G0220
t694,G0220
t695,G0220
t696,G0220
t697,G0220
t698,G0220
t699,G0220
t700,G0220
t701,G0220
t702,G0220
t703,G0220
t16,G0221
t17,G0221
t18,G0221
t19,G0221
t20,G0221
t21,G0221
t22,G0221
t23,G0221
t24,G0221
t25,G0221
t26,G0221
t27,G0221
t28,G0221
t29,G0221
t30,G0221
t31,G0221
t2208,G0222
t2209,G0222
t2210,G0222
t2211,G0222
t2212,G0222
t2213,G0222
t2214,G0222
t2215,G0222
t2216,G0222
t2217,G0222
t2218,G0222
t2219,G0222
t2220,G0222
t2221,G0222
t2222,G0222
t2223,G0222
t1056,G0223
t1057,G0223
t1058,G0223
t1059,G0223
t1060,G0223
t1061,G0223
t1062,G0223
t1063,G0223
t1064,G0223
t1065,G0223
t1066,G0223
t1067,G0223
t1068,G0223
t1069,G0223
t1070,G0223
t1071,G0223
t6816,G0224
t6817,G0224
t6818,G0224
t6819,G0224
t6820,G0224
t6821,G0224
t6822,G0224
t6823,G0224
t6824,G0224
t6825,G0224
t6826,G0224
t6827,G0224
t6828,G0224
t6829,G0224
t6830,G0224
t6831,G0224
t7264,G0225
t7265,G0225
t7266,G0225
t7267,G0225
t7268,G0225
t7269,G0225
t7270,G0225
t7271,G0225
t7272,G0225
t7273,G0225
t7274,G0225
t7275,G0225
t7276,G0225
t7277,G0225
t7278,G0225
t7279,G0225
t1328,G0226
t1329,G0226
t1330,G0226
t1331,G0226
t1332,G0226
t1333,G0226
t1334,G0226
t1335,G0226
t1336,G0226
t1337,G0226
t1338,G0226
t1339,G0226
t1340,G0226
t1341,G0226
t1342,G0226
t1343,G0226
t7888,G0227
t7889,G0227
t7890,G0227
t7891,G0227
t7892,G0227
t7893,G0227
t7894,G0227
t7895,G0227
t7896,G0227
t7897,G0227
t7898,G0227
t7899,G0227
t7900,G0227
t7901,G0227
t7902,G0227
t7903,G0227
t7216,G0228
t7217,G0228
t7218,G0228
t7219,G0228
t7220,G0228
t7221,G0228
t7222,G0228
t7223,G0228
t7224,G0228
t7225,G0228
t7226,G0228
t7227,G0228
t7228,G0228
t7229,G0228
t7230,G0228
t7231,G0228
t3680,G0229
t3681,G0229
t3682,G0229
t3683,G0229
t3684,G0229
t3685,G0229
t3686,G0229
t3687,G0229
t3688,G0229
t3689,G0229
t3690,G0229
t3691,G0229
t3692,G0229
t3693,G0229
t3694,G0229
t3695,G0229
t1520,G0230
t1521,G0230
t1522,G0230
t1523,G0230
t1524,G0230
t1525,G0230
t1526,G0230
t1527,G0230
t1528,G0230
t1529,G0230
t1530,G0230
t1531,G0230
t1532,G0230
t1533,G0230
t1534,G0230
t1535,G0230
t6000,G0231
t6001,G0231
t6002,G0231
t6003,G0231
t6004,G0231
t6005,G0231
t6006,G0231
t6007,G0231
t6008,G0231
t6009,G0231
t6010,G0231
t6011,G0231
t6012,G0231
t6013,G0231
t6014,G0231
t6015,G0231
t6208,G0232
t6209,G0232
t6210,G0232
t6211,G0232
t6212,G0232
t6213,G0232
t6214,G0232
t6215,G0232
t6216,G0232
t6217,G0232
t6218,G0232
t6219,G0232
t6220,G0232
t6221,G0232
t6222,G0232
t6223,G0232
t7312,G0233
t7313,G0233
t7314,G0233
t7315,G0233
t7316,G0233
t7317,G0233
t7318,G0233
t7319,G0233
t7320,G0233
t7321,G0233
t7322,G0233
t7323,G0233
t7324,G0233
t7325,G0233
t7326,G0233
t7327,G0233
t1728,G0234
t1729,G0234
t1730,G0234
t1731,G0234
t1732,G0234
t1733,G0234
t1734,G0234
t1735,G0234
t1736,G0234
t1737,G0234
t1738,G0234
t1739,G0234
t1740,G0234
t1741,G0234
t1742,G0234
t1743,G0234
t1952,G0235
t1953,G0235
t1954,G0235
t1955,G0235
t1956,G0235
t1957,G0235
t1958,G0235
t1959,G0235
t1960,G0235
t1961,G0235
t1962,G0235
t1963,G0235
t1964,G0235
t1965,G0235
t1966,G0235
t1967,G0235
t1232,G0236
t1233,G0236
t1234,G0236
t1235,G0236
t1236,G0236
t1237,G0236
t1238,G0236
t1239,G0236
t1240,G0236
t1241,G0236
t1242,G0236
t1243,G0236
t1244,G0236
t1245,G0236
t1246,G0236
t1247,G0236
t2608,G0237
t2609,G0237
t2610,G0237
t2611,G0237
t2612,G0237
t2613,G0237
t2614,G0237
t2615,G0237
t2616,G0237
t2617,G0237
t2618,G0237
t2619,G0237
t2620,G0237
t2621,G0237
t2622,G0237
t2623,G0237
t800,G0238
t801,G0238
t802,G0238
t803,G0238
t804,G0238
t805,G0238
t806,G0238
t807,G0238
t808,G0238
t809,G0238
t810,G0238
t811,G0238
t812,G0238
t813,G0238
t814,G0238
t815,G0238
t2560,G0239
t2561,G0239
t2562,G0239
t2563,G0239
t2564,G0239
t2565,G0239
t2566,G0239
t2567,G0239
t2568,G0239
t2569,G0239
t2570,G0239
t2571,G0239
t2572,G0239
t2573,G0239
t2574,G0239
t2575,G0239
t272,G0240
t273,G0240
t274,G0240
t275,G0240
t276,G0240
t277,G0240
t278,G0240
t279,G0240
t280,G0240
t281,G0240
t282,G0240
t283,G0240
t284,G0240
t285,G0240
t286,G0240
t287,G0240
t7904,G0241
t7905,G0241
t7906,G0241
t7907,G0241
t7908,G0241
t7909,G0241
t7910,G0241
t7911,G0241
t7912,G0241
t7913,G0241
t7914,G0241
t7915,G0241
t7916,G0241
t7917,G0241
t7918,G0241
t7919,G0241
t4704,G0242
t4705,G0242
t4706,G0242
t4707,G0242
t4708,G0242
t4709,G0242
t4710,G0242
t4711,G0242
t4712,G0242
t4713,G0242
t4714,G0242
t4715,G0242
t4716,G0242
t4717,G0242
t4718,G0242
t4719,G0242
t1776,G0243
t1777,G0243
t1778,G0243
t1779,G0243
t1780,G0243
t1781,G0243
t1782,G0243
t1783,G0243
t1784,G0243
t1785,G0243
t1786,G0243
t1787,G0243
t1788,G0243
t1789,G0243
t1790,G0243
t1791,G0243
t2096,G0244
t2097,G0244
t2098,G0244
t2099,G0244
t2100,G0244
t2101,G0244
t2102,G0244
t2103,G0244
t2104,G0244
t2105,G0244
t2106,G0244
t2107,G0244
t2108,G0244
t2109,G0244
t2110,G0244
t2111,G0244
t1488,G0245
t1489,G0245
t1490,G0245
t1491,G0245
t1492,G0245
t1493,G0245
t1494,G0245
t1495,G0245
t1496,G0245
t1497,G0245
t1498,G0245
t1499,G0245
t1500,G0245
t1501,G0245
t1502,G0245
t1503,G0245
t7552,G0246
t7553,G0246
t7554,G0246
t7555,G0246
t7556,G0246
t7557,G0246
t7558,G0246
t7559,G0246
t7560,G0246
t7561,G0246
t7562,G0246
t7563,G0246
t7564,G0246
t7565,G0246
t7566,G0246
t7567,G0246
t7248,G0247
t7249,G0247
t7250,G0247
t7251,G0247
t7252,G0247
t7253,G0247
t7254,G0247
t7255,G0247
t7256,G0247
t7257,G0247
t7258,G0247
t7259,G0247
t7260,G0247
t7261,G0247
t7262,G0247
t7263,G0247
t3184,G0248
t3185,G0248
t3186,G0248
t3187,G0248
t3188,G0248
t3189,G0248
t3190,G0248
t3191,G0248
t3192,G0248
t3193,G0248
t3194,G0248
t3195,G0248
t3196,G0248
t3197,G0248
t3198,G0248
t3199,G0248
t384,G0249
t385,G0249
t386,G0249
t387,G0249
t388,G0249
t389,G0249
t390,G0249
t391,G0249
t392,G0249
t393,G0249
t394,G0249
t395,G0249
t396,G0249
t397,G0249
t398,G0249
t399,G0249
t7072,G0250
t7073,G0250
t7074,G0250
t7075,G0250
t7076,G0250
t7077,G0250
t7078,G0250
t7079,G0250
t7080,G0250
t7081,G0250
t7082,G0250
t7083,G0250
t7084,G0250
t7085,G0250
t7086,G0250
t7087,G0250
t4736,G0251
t4737,G0251
t4738,G0251
t4739,G0251
t4740,G0251
t4741,G0251
t4742,G0251
t4743,G0251
t4744,G0251
t4745,G0251
t4746,G0251
t4747,G0251
t4748,G0251
t4749,G0251
t4750,G0251
t4751,G0251
t4576,G0252
t4577,G0252
t4578,G0252
t4579,G0252
t4580,G0252
t4581,G0252
t4582,G0252
t4583,G0252
t4584,G0252
t4585,G0252
t4586,G0252
t4587,G0252
t4588,G0252
t4589,G0252
t4590,G0252
t4591,G0252
t4528,G0253
t4529,G0253
t4530,G0253
t4531,G0253
t4532,G0253
t4533,G0253
t4534,G0253
t4535,G0253
t4536,G0253
t4537,G0253
t4538,G0253
t4539,G0253
t4540,G0253
t4541,G0253
t4542,G0253
t4543,G0253
t8080,G0254
t8081,G0254
t8082,G0254
t8083,G0254
t8084,G0254
t8085,G0254
t8086,G0254
t8087,G0254
t8088,G0254
t8089,G0254
t8090,G0254
t8091,G0254
t8092,G0254
t8093,G0254
t8094,G0254
t8095,G0254
t8144,G0255
t8145,G0255
t8146,G0255
t8147,G0255
t8148,G0255
t8149,G0255
t8150,G0255
t8151,G0255
t8152,G0255
t8153,G0255
t8154,G0255
t8155,G0255
t8156,G0255
t8157,G0255
t8158,G0255
t8159,G0255
t4272,G0256
t4273,G0256
t4274,G0256
t4275,G0256
t4276,G0256
t4277,G0256
t4278,G0256
t4279,G0256
t4280,G0256
t4281,G0256
t4282,G0256
t4283,G0256
t4284,G0256
t4285,G0256
t4286,G0256
t4287,G0256
t1856,G0257
t1857,G0257
t1858,G0257
t1859,G0257
t1860,G0257
t1861,G0257
t1862,G0257
t1863,G0257
t1864,G0257
t1865,G0257
t1866,G0257
t1867,G0257
t1868,G0257
t1869,G0257
t1870,G0257
t1871,G0257
t7600,G0258
t7601,G0258
t7602,G0258
t7603,G0258
t7604,G0258
t7605,G0258
t7606,G0258
t7607,G0258
t7608,G0258
t7609,G0258
t7610,G0258
t7611,G0258
t7612,G0258
t7613,G0258
t7614,G0258
t7615,G0258
t6048,G0259
t6049,G0259
t6050,G0259
t6051,G0259
t6052,G0259
t6053,G0259
t6054,G0259
t6055,G0259
t6056,G0259
t6057,G0259
t6058,G0259
t6059,G0259
t6060,G0259
t6061,G0259
t6062,G0259
t6063,G0259
t304,G0260
t305,G0260
t306,G0260
t307,G0260
t308,G0260
t309,G0260
t310,G0260
t311,G0260
t312,G0260
t313,G0260
t314,G0260
t315,G0260
t316,G0260
t317,G0260
t318,G0260
t319,G0260
t7808,G0261
t7809,G0261
t7810,G0261
t7811,G0261
t7812,G0261
t7813,G0261
t7814,G0261
t7815,G0261
t7816,G0261
t7817,G0261
t7818,G0261
t7819,G0261
t7820,G0261
t7821,G0261
t7822,G0261
t7823,G0261
t5264,G0262
t5265,G0262
t5266,G0262
t5267,G0262
t5268,G0262
t5269,G0262
t5270,G0262
t5271,G0262
t5272,G0262
t5273,G0262
t5274,G0262
t5275,G0262
t5276,G0262
t5277,G0262
t5278,G0262
t5279,G0262
t32,G0263
t33,G0263
t34,G0263
t35,G0263
t36,G0263
t37,G0263
t38,G0263
t39,G0263
t40,G0263
t41,G0263
t42,G0263
t43,G0263
t44,G0263
t45,G0263
t46,G0263
t47,G0263
t4656,G0264
t4657,G0264
t4658,G0264
t4659,G0264
t4660,G0264
t4661,G0264
t4662,G0264
t4663,G0264
t4664,G0264
t4665,G0264
t4666,G0264
t4667,G0264
t4668,G0264
t4669,G0264
t4670,G0264
t4671,G0264
t3136,G0265
t3137,G0265
t3138,G0265
t3139,G0265
t3140,G0265
t3141,G0265
t3142,G0265
t3143,G0265
t3144,G0265
t3145,G0265
t3146,G0265
t3147,G0265
t3148,G0265
t3149,G0265
t3150,G0265
t3151,G0265
t3488,G0266
t3489,G0266
t3490,G0266
t3491,G0266
t3492,G0266
t3493,G0266
t3494,G0266
t3495,G0266
t3496,G0266
t3497,G0266
t3498,G0266
t3499,G0266
t3500,G0266
t3501,G0266
t3502,G0266
t3503,G0266
t1472,G0267
t1473,G0267
t1474,G0267
t1475,G0267
t1476,G0267
t1477,G0267
t1478,G0267
t1479,G0267
t1480,G0267
t1481,G0267
t1482,G0267
t1483,G0267
t1484,G0267
t1485,G0267
t1486,G0267
t1487,G0267
t8032,G0268
t8033,G0268
t8034,G0268
t8035,G0268
t8036,G0268
t8037,G0268
t8038,G0268
t8039,G0268
t8040,G0268
t8041,G0268
t8042,G0268
t8043,G0268
t8044,G0268
t8045,G0268
t8046,G0268
t8047,G0268
t560,G0269
t561,G0269
t562,G0269
t563,G0269
t564,G0269
t565,G0269
t566,G0269
t567,G0269
t568,G0269
t569,G0269
t570,G0269
t571,G0269
t572,G0269
t573,G0269
t574,G0269
t575,G0269
t5536,G0270
t5537,G0270
t5538,G0270
t5539,G0270
t5540,G0270
t5541,G0270
t5542,G0270
t5543,G0270
t5544,G0270
t5545,G0270
t5546,G0270
t5547,G0270
t5548,G0270
t5549,G0270
t5550,G0270
t5551,G0270
t3648,G0271
t3649,G0271
t3650,G0271
t3651,G0271
t3652,G0271
t3653,G0271
t3654,G0271
t3655,G0271
t3656,G0271
t3657,G0271
t3658,G0271
t3659,G0271
t3660,G0271
t3661,G0271
t3662,G0271
t3663,G0271
t3888,G0272
t3889,G0272
t3890,G0272
t3891,G0272
t3892,G0272
t3893,G0272
t3894,G0272
t3895,G0272
t3896,G0272
t3897,G0272
t3898,G0272
t3899,G0272
t3900,G0272
t3901,G0272
t3902,G0272
t3903,G0272
t6464,G0273
t6465,G0273
t6466,G0273
t6467,G0273
t6468,G0273
t6469,G0273
t6470,G0273
t6471,G0273
t6472,G0273
t6473,G0273
t6474,G0273
t6475,G0273
t6476,G0273
t6477,G0273
t6478,G0273
t6479,G0273
t2000,G0274
t2001,G0274
t2002,G0274
t2003,G0274
t2004,G0274
t2005,G0274
t2006,G0274
t2007,G0274
t2008,G0274
t2009,G0274
t2010,G0274
t2011,G0274
t2012,G0274
t2013,G0274
t2014,G0274
t2015,G0274
t5312,G0275
t5313,G0275
t5314,G0275
t5315,G0275
t5316,G0275
t5317,G0275
t5318,G0275
t5319,G0275
t5320,G0275
t5321,G0275
t5322,G0275
t5323,G0275
t5324,G0275
t5325,G0275
t5326,G0275
t5327,G0275
t2432,G0276
t2433,G0276
t2434,G0276
t2435,G0276
t2436,G0276
t2437,G0276
t2438,G0276
t2439,G0276
t2440,G0276
t2441,G0276
t2442,G0276
t2443,G0276
t2444,G0276
t2445,G0276
t2446,G0276
t2447,G0276
t2848,G0277
t2849,G0277
t2850,G0277
t2851,G0277
t2852,G0277
t2853,G0277
t2854,G0277
t2855,G0277
t2856,G0277
t2857,G0277
t2858,G0277
t2859,G0277
t2860,G0277
t2861,G0277
t2862,G0277
t2863,G0277
t128,G0278
t129,G0278
t130,G0278
t131,G0278
t132,G0278
t133,G0278
t134,G0278
t135,G0278
t136,G0278
t137,G0278
t138,G0278
t139,G0278
t140,G0278
t141,G0278
t142,G0278
t143,G0278
t4544,G0279
t4545,G0279
t4546,G0279
t4547,G0279
t4548,G0279
t4549,G0279
t4550,G0279
t4551,G0279
t4552,G0279
t4553,G0279
t4554,G0279
t4555,G0279
t4556,G0279
t4557,G0279
t4558,G0279
t4559,G0279
t96,G0280
t97,G0280
t98,G0280
t99,G0280
t100,G0280
t101,G0280
t102,G0280
t103,G0280
t104,G0280
t105,G0280
t106,G0280
t107,G0280
t108,G0280
t109,G0280
t110,G0280
t111,G0280
t4928,G0281
t4929,G0281
t4930,G0281
t4931,G0281
t4932,G0281
t4933,G0281
t4934,G0281
t4935,G0281
t4936,G0281
t4937,G0281
t4938,G0281
t4939,G0281
t4940,G0281
t4941,G0281
t4942,G0281
t4943,G0281
t7760,G0282
t7761,G0282
t7762,G0282
t7763,G0282
t7764,G0282
t7765,G0282
t7766,G0282
t7767,G0282
t7768,G0282
t7769,G0282
t7770,G0282
t7771,G0282
t7772,G0282
t7773,G0282
t7774,G0282
t7775,G0282
t1920,G0283
t1921,G0283
t1922,G0283
t1923,G0283
t1924,G0283
t1925,G0283
t1926,G0283
t1927,G0283
t1928,G0283
t1929,G0283
t1930,G0283
t1931,G0283
t1932,G0283
t1933,G0283
t1934,G0283
t1935,G0283
t3808,G0284
t3809,G0284
t3810,G0284
t3811,G0284
t3812,G0284
t3813,G0284
t3814,G0284
t3815,G0284
t3816,G0284
t3817,G0284
t3818,G0284
t3819,G0284
t3820,G0284
t3821,G0284
t3822,G0284
t3823,G0284
t4512,G0285
t4513,G0285
t4514,G0285
t4515,G0285
t4516,G0285
t4517,G0285
t4518,G0285
t4519,G0285
t4520,G0285
t4521,G0285
t4522,G0285
t4523,G0285
t4524,G0285
t4525,G0285
t4526,G0285
t4527,G0285
t7440,G0286
t7441,G0286
t7442,G0286
t7443,G0286
t7444,G0286
t7445,G0286
t7446,G0286
t7447,G0286
t7448,G0286
t7449,G0286
t7450,G0286
t7451,G0286
t7452,G0286
t7453,G0286
t7454,G0286
t7455,G0286
t5824,G0287
t5825,G0287
t5826,G0287
t5827,G0287
t5828,G0287
t5829,G0287
t5830,G0287
t5831,G0287
t5832,G0287
t5833,G0287
t5834,G0287
t5835,G0287
t5836,G0287
t5837,G0287
t5838,G0287
t5839,G0287
t4448,G0288
t4449,G0288
t4450,G0288
t4451,G0288
t4452,G0288
t4453,G0288
t4454,G0288
t4455,G0288
t4456,G0288
t4457,G0288
t4458,G0288
t4459,G0288
t4460,G0288
t4461,G0288
t4462,G0288
t4463,G0288
t8160,G0289
t8161,G0289
t8162,G0289
t8163,G0289
t8164,G0289
t8165,G0289
t8166,G0289
t8167,G0289
t8168,G0289
t8169,G0289
t8170,G0289
t8171,G0289
t8172,G0289
t8173,G0289
t8174,G0289
t8175,G0289
t2736,G0290
t2737,G0290
t2738,G0290
t2739,G0290
t2740,G0290
t2741,G0290
t2742,G0290
t2743,G0290
t2744,G0290
t2745,G0290
t2746,G0290
t2747,G0290
t2748,G0290
t2749,G0290
t2750,G0290
t2751,G0290
t7792,G0291
t7793,G0291
t7794,G0291
t7795,G0291
t7796,G0291
t7797,G0291
t7798,G0291
t7799,G0291
t7800,G0291
t7801,G0291
t7802,G0291
t7803,G0291
t7804,G0291
t7805,G0291
t7806,G0291
t7807,G0291
t6272,G0292
t6273,G0292
t6274,G0292
t6275,G0292
t6276,G0292
t6277,G0292
t6278,G0292
t6279,G0292
t6280,G0292
t6281,G0292
t6282,G0292
t6283,G0292
t6284,G0292
t6285,G0292
t6286,G0292
t6287,G0292
t3968,G0293
t3969,G0293
t3970,G0293
t3971,G0293
t3972,G0293
t3973,G0293
t3974,G0293
t3975,G0293
t3976,G0293
t3977,G0293
t3978,G0293
t3979,G0293
t3980,G0293
t3981,G0293
t3982,G0293
t3983,G0293
t6064,G0294
t6065,G0294
t6066,G0294
t6067,G0294
t6068,G0294
t6069,G0294
t6070,G0294
t6071,G0294
t6072,G0294
t6073,G0294
t6074,G0294
t6075,G0294
t6076,G0294
t6077,G0294
t6078,G0294
t6079,G0294
t2240,G0295
t2241,G0295
t2242,G0295
t2243,G0295
t2244,G0295
t2245,G0295
t2246,G0295
t2247,G0295
t2248,G0295
t2249,G0295
t2250,G0295
t2251,G0295
t2252,G0295
t2253,G0295
t2254,G0295
t2255,G0295
t896,G0296
t897,G0296
t898,G0296
t899,G0296
t900,G0296
t901,G0296
t902,G0296
t903,G0296
t904,G0296
t905,G0296
t906,G0296
t907,G0296
t908,G0296
t909,G0296
t910,G0296
t911,G0296
t6176,G0297
t6177,G0297
t6178,G0297
t6179,G0297
t6180,G0297
t6181,G0297
t6182,G0297
t6183,G0297
t6184,G0297
t6185,G0297
t6186,G0297
t6187,G0297
t6188,G0297
t6189,G0297
t6190,G0297
t6191,G0297
t4224,G0298
t4225,G0298
t4226,G0298
t4227,G0298
t4228,G0298
t4229,G0298
t4230,G0298
t4231,G0298
t4232,G0298
t4233,G0298
t4234,G0298
t4235,G0298
t4236,G0298
t4237,G0298
t4238,G0298
t4239,G0298
t4288,G0299
t4289,G0299
t4290,G0299
t4291,G0299
t4292,G0299
t4293,G0299
t4294,G0299
t4295,G0299
t4296,G0299
t4297,G0299
t4298,G0299
t4299,G0299
t4300,G0299
t4301,G0299
t4302,G0299
t4303,G0299
t3152,G0300
t3153,G0300
t3154,G0300
t3155,G0300
t3156,G0300
t3157,G0300
t3158,G0300
t3159,G0300
t3160,G0300
t3161,G0300
t3162,G0300
t3163,G0300
t3164,G0300
t3165,G0300
t3166,G0300
t3167,G0300
t3312,G0301
t3313,G0301
t3314,G0301
t3315,G0301
t3316,G0301
t3317,G0301
t3318,G0301
t3319,G0301
t3320,G0301
t3321,G0301
t3322,G0301
t3323,G0301
t3324,G0301
t3325,G0301
t3326,G0301
t3327,G0301
t6304,G0302
t6305,G0302
t6306,G0302
t6307,G0302
t6308,G0302
t6309,G0302
t6310,G0302
t6311,G0302
t6312,G0302
t6313,G0302
t6314,G0302
t6315,G0302
t6316,G0302
t6317,G0302
t6318,G0302
t6319,G0302
t464,G0303
t465,G0303
t466,G0303
t467,G0303
t468,G0303
t469,G0303
t470,G0303
t471,G0303
t472,G0303
t473,G0303
t474,G0303
t475,G0303
t476,G0303
t477,G0303
t478,G0303
t479,G0303
t4176,G0304
t4177,G0304
t4178,G0304
t4179,G0304
t4180,G0304
t4181,G0304
t4182,G0304
t4183,G0304
t4184,G0304
t4185,G0304
t4186,G0304
t4187,G0304
t4188,G0304
t4189,G0304
t4190,G0304
t4191,G0304
t4992,G0305
t4993,G0305
t4994,G0305
t4995,G0305
t4996,G0305
t4997,G0305
t4998,G0305
t4999,G0305
t5000,G0305
t5001,G0305
t5002,G0305
t5003,G0305
t5004,G0305
t5005,G0305
t5006,G0305
t5007,G0305
t6848,G0306
t6849,G0306
t6850,G0306
t6851,G0306
t6852,G0306
t6853,G0306
t6854,G0306
t6855,G0306
t6856,G0306
t6857,G0306
t6858,G0306
t6859,G0306
t6860,G0306
t6861,G0306
t6862,G0306
t6863,G0306
t7120,G0307
t7121,G0307
t7122,G0307
t7123,G0307
t7124,G0307
t7125,G0307
t7126,G0307
t7127,G0307
t7128,G0307
t7129,G0307
t7130,G0307
t7131,G0307
t7132,G0307
t7133,G0307
t7134,G0307
t7135,G0307
t640,G0308
t641,G0308
t642,G0308
t643,G0308
t644,G0308
t645,G0308
t646,G0308
t647,G0308
t648,G0308
t649,G0308
t650,G0308
t651,G0308
t652,G0308
t653,G0308
t654,G0308
t655,G0308
t6736,G0309
t6737,G0309
t6738,G0309
t6739,G0309
t6740,G0309
t6741,G0309
t6742,G0309
t6743,G0309
t6744,G0309
t6745,G0309
t6746,G0309
t6747,G0309
t6748,G0309
t6749,G0309
t6750,G0309
t6751,G0309
t7776,G0310
t7777,G0310
t7778,G0310
t7779,G0310
t7780,G0310
t7781,G0310
t7782,G0310
t7783,G0310
t7784,G0310
t7785,G0310
t7786,G0310
t7787,G0310
t7788,G0310
t7789,G0310
t7790,G0310
t7791,G0310
t0,G0311
t1,G0311
t2,G0311
t3,G0311
t4,G0311
t5,G0311
t6,G0311
t7,G0311
t8,G0311
t9,G0311
t10,G0311
t11,G0311
t12,G0311
t13,G0311
t14,G0311
t15,G0311
t3264,G0312
t3265,G0312
t3266,G0312
t3267,G0312
t3268,G0312
t3269,G0312
t3270,G0312
t3271,G0312
t3272,G0312
t3273,G0312
t3274,G0312
t3275,G0312
t3276,G0312
t3277,G0312
t3278,G0312
t3279,G0312
t880,G0313
t881,G0313
t882,G0313
t883,G0313
t884,G0313
t885,G0313
t886,G0313
t887,G0313
t888,G0313
t889,G0313
t890,G0313
t891,G0313
t892,G0313
t893,G0313
t894,G0313
t895,G0313
t7472,G0314
t7473,G0314
t7474,G0314
t7475,G0314
t7476,G0314
t7477,G0314
t7478,G0314
t7479,G0314
t7480,G0314
t7481,G0314
t7482,G0314
t7483,G0314
t7484,G0314
t7485,G0314
t7486,G0314
t7487,G0314
t4112,G0315
t4113,G0315
t4114,G0315
t4115,G0315
t4116,G0315
t4117,G0315
t4118,G0315
t4119,G0315
t4120,G0315
t4121,G0315
t4122,G0315
t4123,G0315
t4124,G0315
t4125,G0315
t4126,G0315
t4127,G0315
t6320,G0316
t6321,G0316
t6322,G0316
t6323,G0316
t6324,G0316
t6325,G0316
t6326,G0316
t6327,G0316
t6328,G0316
t6329,G0316
t6330,G0316
t6331,G0316
t6332,G0316
t6333,G0316
t6334,G0316
t6335,G0316
t4400,G0317
t4401,G0317
t4402,G0317
t4403,G0317
t4404,G0317
t4405,G0317
t4406,G0317
t4407,G0317
t4408,G0317
t4409,G0317
t4410,G0317
t4411,G0317
t4412,G0317
t4413,G0317
t4414,G0317
t4415,G0317
t3792,G0318
t3793,G0318
t3794,G0318
t3795,G0318
t3796,G0318
t3797,G0318
t3798,G0318
t3799,G0318
t3800,G0318
t3801,G0318
t3802,G0318
t3803,G0318
t3804,G0318
t3805,G0318
t3806,G0318
t3807,G0318
t1360,G0319
t1361,G0319
t1362,G0319
t1363,G0319
t1364,G0319
t1365,G0319
t1366,G0319
t1367,G0319
t1368,G0319
t1369,G0319
t1370,G0319
t1371,G0319
t1372,G0319
t1373,G0319
t1374,G0319
t1375,G0319
t5344,G0320
t5345,G0320
t5346,G0320
t5347,G0320
t5348,G0320
t5349,G0320
t5350,G0320
t5351,G0320
t5352,G0320
t5353,G0320
t5354,G0320
t5355,G0320
t5356,G0320
t5357,G0320
t5358,G0320
t5359,G0320
t4352,G0321
t4353,G0321
t4354,G0321
t4355,G0321
t4356,G0321
t4357,G0321
t4358,G0321
t4359,G0321
t4360,G0321
t4361,G0321
t4362,G0321
t4363,G0321
t4364,G0321
t4365,G0321
t4366,G0321
t4367,G0321
t1040,G0322
t1041,G0322
t1042,G0322
t1043,G0322
t1044,G0322
t1045,G0322
t1046,G0322
t1047,G0322
t1048,G0322
t1049,G0322
t1050,G0322
t1051,G0322
t1052,G0322
t1053,G0322
t1054,G0322
t1055,G0322
t8112,G0323
t8113,G0323
t8114,G0323
t8115,G0323
t8116,G0323
t8117,G0323
t8118,G0323
t8119,G0323
t8120,G0323
t8121,G0323
t8122,G0323
t8123,G0323
t8124,G0323
t8125,G0323
t8126,G0323
t8127,G0323
t5552,G0324
t5553,G0324
t5554,G0324
t5555,G0324
t5556,G0324
t5557,G0324
t5558,G0324
t5559,G0324
t5560,G0324
t5561,G0324
t5562,G0324
t5563,G0324
t5564,G0324
t5565,G0324
t5566,G0324
t5567,G0324
t1552,G0325
t1553,G0325
t1554,G0325
t1555,G0325
t1556,G0325
t1557,G0325
t1558,G0325
t1559,G0325
t1560,G0325
t1561,G0325
t1562,G0325
t1563,G0325
t1564,G0325
t1565,G0325
t1566,G0325
t1567,G0325
t6704,G0326
t6705,G0326
t6706,G0326
t6707,G0326
t6708,G0326
t6709,G0326
t6710,G0326
t6711,G0326
t6712,G0326
t6713,G0326
t6714,G0326
t6715,G0326
t6716,G0326
t6717,G0326
t6718,G0326
t6719,G0326
t608,G0327
t609,G0327
t610,G0327
t611,G0327
t612,G0327
t613,G0327
t614,G0327
t615,G0327
t616,G0327
t617,G0327
t618,G0327
t619,G0327
t620,G0327
t621,G0327
t622,G0327
t623,G0327
t4064,G0328
t4065,G0328
t4066,G0328
t4067,G0328
t4068,G0328
t4069,G0328
t4070,G0328
t4071,G0328
t4072,G0328
t4073,G0328
t4074,G0328
t4075,G0328
t4076,G0328
t4077,G0328
t4078,G0328
t4079,G0328
t3200,G0329
t3201,G0329
t3202,G0329
t3203,G0329
t3204,G0329
t3205,G0329
t3206,G0329
t3207,G0329
t3208,G0329
t3209,G0329
t3210,G0329
t3211,G0329
t3212,G0329
t3213,G0329
t3214,G0329
t3215,G0329
t2768,G0330
t2769,G0330
t2770,G0330
t2771,G0330
t2772,G0330
t2773,G0330
t2774,G0330
t2775,G0330
t2776,G0330
t2777,G0330
t2778,G0330
t2779,G0330
t2780,G0330
t2781,G0330
t2782,G0330
t2783,G0330
t2192,G0331
t2193,G0331
t2194,G0331
t2195,G0331
t2196,G0331
t2197,G0331
t2198,G0331
t2199,G0331
t2200,G0331
t2201,G0331
t2202,G0331
t2203,G0331
t2204,G0331
t2205,G0331
t2206,G0331
t2207,G0331
t4848,G0332
t4849,G0332
t4850,G0332
t4851,G0332
t4852,G0332
t4853,G0332
t4854,G0332
t4855,G0332
t4856,G0332
t4857,G0332
t4858,G0332
t4859,G0332
t4860,G0332
t4861,G0332
t4862,G0332
t4863,G0332
t5104,G0333
t5105,G0333
t5106,G0333
t5107,G0333
t5108,G0333
t5109,G0333
t5110,G0333
t5111,G0333
t5112,G0333
t5113,G0333
t5114,G0333
t5115,G0333
t5116,G0333
t5117,G0333
t5118,G0333
t5119,G0333
t4912,G0334
t4913,G0334
t4914,G0334
t4915,G0334
t4916,G0334
t4917,G0334
t4918,G0334
t4919,G0334
t4920,G0334
t4921,G0334
t4922,G0334
t4923,G0334
t4924,G0334
t4925,G0334
t4926,G0334
t4927,G0334
t4592,G0335
t4593,G0335
t4594,G0335
t4595,G0335
t4596,G0335
t4597,G0335
t4598,G0335
t4599,G0335
t4600,G0335
t4601,G0335
t4602,G0335
t4603,G0335
t4604,G0335
t4605,G0335
t4606,G0335
t4607,G0335
t6640,G0336
t6641,G0336
t6642,G0336
t6643,G0336
t6644,G0336
t6645,G0336
t6646,G0336
t6647,G0336
t6648,G0336
t6649,G0336
t6650,G0336
t6651,G0336
t6652,G0336
t6653,G0336
t6654,G0336
t6655,G0336
t2416,G0337
t2417,G0337
t2418,G0337
t2419,G0337
t2420,G0337
t2421,G0337
t2422,G0337
t2423,G0337
t2424,G0337
t2425,G0337
t2426,G0337
t2427,G0337
t2428,G0337
t2429,G0337
t2430,G0337
t2431,G0337
t7360,G0338
t7361,G0338
t7362,G0338
t7363,G0338
t7364,G0338
t7365,G0338
t7366,G0338
t7367,G0338
t7368,G0338
t7369,G0338
t7370,G0338
t7371,G0338
t7372,G0338
t7373,G0338
t7374,G0338
t7375,G0338
t7568,G0339
t7569,G0339
t7570,G0339
t7571,G0339
t7572,G0339
t7573,G0339
t7574,G0339
t7575,G0339
t7576,G0339
t7577,G0339
t7578,G0339
t7579,G0339
t7580,G0339
t7581,G0339
t7582,G0339
t7583,G0339
t1712,G0340
t1713,G0340
t1714,G0340
t1715,G0340
t1716,G0340
t1717,G0340
t1718,G0340
t1719,G0340
t1720,G0340
t1721,G0340
t1722,G0340
t1723,G0340
t1724,G0340
t1725,G0340
t1726,G0340
t1727,G0340
t7392,G0341
t7393,G0341
t7394,G0341
t7395,G0341
t7396,G0341
t7397,G0341
t7398,G0341
t7399,G0341
t7400,G0341
t7401,G0341
t7402,G0341
t7403,G0341
t7404,G0341
t7405,G0341
t7406,G0341
t7407,G0341
t752,G0342
t753,G0342
t754,G0342
t755,G0342
t756,G0342
t757,G0342
t758,G0342
t759,G0342
t760,G0342
t761,G0342
t762,G0342
t763,G0342
t764,G0342
t765,G0342
t766,G0342
t767,G0342
t7328,G0343
t7329,G0343
t7330,G0343
t7331,G0343
t7332,G0343
t7333,G0343
t7334,G0343
t7335,G0343
t7336,G0343
t7337,G0343
t7338,G0343
t7339,G0343
t7340,G0343
t7341,G0343
t7342,G0343
t7343,G0343
t4048,G0344
t4049,G0344
t4050,G0344
t4051,G0344
t4052,G0344
t4053,G0344
t4054,G0344
t4055,G0344
t4056,G0344
t4057,G0344
t4058,G0344
t4059,G0344
t4060,G0344
t4061,G0344
t4062,G0344
t4063,G0344
t5232,G0345
t5233,G0345
t5234,G0345
t5235,G0345
t5236,G0345
t5237,G0345
t5238,G0345
t5239,G0345
t5240,G0345
t5241,G0345
t5242,G0345
t5243,G0345
t5244,G0345
t5245,G0345
t5246,G0345
t5247,G0345
t3296,G0346
t3297,G0346
t3298,G0346
t3299,G0346
t3300,G0346
t3301,G0346
t3302,G0346
t3303,G0346
t3304,G0346
t3305,G0346
t3306,G0346
t3307,G0346
t3308,G0346
t3309,G0346
t3310,G0346
t3311,G0346
t944,G0347
t945,G0347
t946,G0347
t947,G0347
t948,G0347
t949,G0347
t950,G0347
t951,G0347
t952,G0347
t953,G0347
t954,G0347
t955,G0347
t956,G0347
t957,G0347
t958,G0347
t959,G0347
t2576,G0348
t2577,G0348
t2578,G0348
t2579,G0348
t2580,G0348
t2581,G0348
t2582,G0348
t2583,G0348
t2584,G0348
t2585,G0348
t2586,G0348
t2587,G0348
t2588,G0348
t2589,G0348
t2590,G0348
t2591,G0348
t416,G0349
t417,G0349
t418,G0349
t419,G0349
t420,G0349
t421,G0349
t422,G0349
t423,G0349
t424,G0349
t425,G0349
t426,G0349
t427,G0349
t428,G0349
t429,G0349
t430,G0349
t431,G0349
t2656,G0350
t2657,G0350
t2658,G0350
t2659,G0350
t2660,G0350
t2661,G0350
t2662,G0350
t2663,G0350
t2664,G0350
t2665,G0350
t2666,G0350
t2667,G0350
t2668,G0350
t2669,G0350
t2670,G0350
t2671,G0350
t1152,G0351
t1153,G0351
t1154,G0351
t1155,G0351
t1156,G0351
t1157,G0351
t1158,G0351
t1159,G0351
t1160,G0351
t1161,G0351
t1162,G0351
t1163,G0351
t1164,G0351
t1165,G0351
t1166,G0351
t1167,G0351
t7632,G0352
t7633,G0352
t7634,G0352
t7635,G0352
t7636,G0352
t7637,G0352
t7638,G0352
t7639,G0352
t7640,G0352
t7641,G0352
t7642,G0352
t7643,G0352
t7644,G0352
t7645,G0352
t7646,G0352
t7647,G0352
t3408,G0353
t3409,G0353
t3410,G0353
t3411,G0353
t3412,G0353
t3413,G0353
t3414,G0353
t3415,G0353
t3416,G0353
t3417,G0353
t3418,G0353
t3419,G0353
t3420,G0353
t3421,G0353
t3422,G0353
t3423,G0353
t1888,G0354
t1889,G0354
t1890,G0354
t1891,G0354
t1892,G0354
t1893,G0354
t1894,G0354
t1895,G0354
t1896,G0354
t1897,G0354
t1898,G0354
t1899,G0354
t1900,G0354
t1901,G0354
t1902,G0354
t1903,G0354
t5376,G0355
t5377,G0355
t5378,G0355
t5379,G0355
t5380,G0355
t5381,G0355
t5382,G0355
t5383,G0355
t5384,G0355
t5385,G0355
t5386,G0355
t5387,G0355
t5388,G0355
t5389,G0355
t5390,G0355
t5391,G0355
t4304,G0356
t4305,G0356
t4306,G0356
t4307,G0356
t4308,G0356
t4309,G0356
t4310,G0356
t4311,G0356
t4312,G0356
t4313,G0356
t4314,G0356
t4315,G0356
t4316,G0356
t4317,G0356
t4318,G0356
t4319,G0356
t1984,G0357
t1985,G0357
t1986,G0357
t1987,G0357
t1988,G0357
t1989,G0357
t1990,G0357
t1991,G0357
t1992,G0357
t1993,G0357
t1994,G0357
t1995,G0357
t1996,G0357
t1997,G0357
t1998,G0357
t1999,G0357
t2064,G0358
t2065,G0358
t2066,G0358
t2067,G0358
t2068,G0358
t2069,G0358
t2070,G0358
t2071,G0358
t2072,G0358
t2073,G0358
t2074,G0358
t2075,G0358
t2076,G0358
t2077,G0358
t2078,G0358
t2079,G0358
t2080,G0359
t2081,G0359
t2082,G0359
t2083,G0359
t2084,G0359
t2085,G0359
t2086,G0359
t2087,G0359
t2088,G0359
t2089,G0359
t2090,G0359
t2091,G0359
t2092,G0359
t2093,G0359
t2094,G0359
t2095,G0359
t4944,G0360
t4945,G0360
t4946,G0360
t4947,G0360
t4948,G0360
t4949,G0360
t4950,G0360
t4951,G0360
t4952,G0360
t4953,G0360
t4954,G0360
t4955,G0360
t4956,G0360
t4957,G0360
t4958,G0360
t4959,G0360
t256,G0361
t257,G0361
t258,G0361
t259,G0361
t260,G0361
t261,G0361
t262,G0361
t263,G0361
t264,G0361
t265,G0361
t266,G0361
t267,G0361
t268,G0361
t269,G0361
t270,G0361
t271,G0361
t1536,G0362
t1537,G0362
t1538,G0362
t1539,G0362
t1540,G0362
t1541,G0362
t1542,G0362
t1543,G0362
t1544,G0362
t1545,G0362
t1546,G0362
t1547,G0362
t1548,G0362
t1549,G0362
t1550,G0362
t1551,G0362
t4080,G0363
t4081,G0363
t4082,G0363
t4083,G0363
t4084,G0363
t4085,G0363
t4086,G0363
t4087,G0363
t4088,G0363
t4089,G0363
t4090,G0363
t4091,G0363
t4092,G0363
t4093,G0363
t4094,G0363
t4095,G0363
t1760,G0364
t1761,G0364
t1762,G0364
t1763,G0364
t1764,G0364
t1765,G0364
t1766,G0364
t1767,G0364
t1768,G0364
t1769,G0364
t1770,G0364
t1771,G0364
t1772,G0364
t1773,G0364
t1774,G0364
t1775,G0364
t3504,G0365
t3505,G0365
t3506,G0365
t3507,G0365
t3508,G0365
t3509,G0365
t3510,G0365
t3511,G0365
t3512,G0365
t3513,G0365
t3514,G0365
t3515,G0365
t3516,G0365
t3517,G0365
t3518,G0365
t3519,G0365
t6480,G0366
t6481,G0366
t6482,G0366
t6483,G0366
t6484,G0366
t6485,G0366
t6486,G0366
t6487,G0366
t6488,G0366
t6489,G0366
t6490,G0366
t6491,G0366
t6492,G0366
t6493,G0366
t6494,G0366
t6495,G0366
t6624,G0367
t6625,G0367
t6626,G0367
t6627,G0367
t6628,G0367
t6629,G0367
t6630,G0367
t6631,G0367
t6632,G0367
t6633,G0367
t6634,G0367
t6635,G0367
t6636,G0367
t6637,G0367
t6638,G0367
t6639,G0367
t3440,G0368
t3441,G0368
t3442,G0368
t3443,G0368
t3444,G0368
t3445,G0368
t3446,G0368
t3447,G0368
t3448,G0368
t3449,G0368
t3450,G0368
t3451,G0368
t3452,G0368
t3453,G0368
t3454,G0368
t3455,G0368
t1792,G0369
t1793,G0369
t1794,G0369
t1795,G0369
t1796,G0369
t1797,G0369
t1798,G0369
t1799,G0369
t1800,G0369
t1801,G0369
t1802,G0369
t1803,G0369
t1804,G0369
t1805,G0369
t1806,G0369
t1807,G0369
t7520,G0370
t7521,G0370
t7522,G0370
t7523,G0370
t7524,G0370
t7525,G0370
t7526,G0370
t7527,G0370
t7528,G0370
t7529,G0370
t7530,G0370
t7531,G0370
t7532,G0370
t7533,G0370
t7534,G0370
t7535,G0370
t6496,G0371
t6497,G0371
t6498,G0371
t6499,G0371
t6500,G0371
t6501,G0371
t6502,G0371
t6503,G0371
t6504,G0371
t6505,G0371
t6506,G0371
t6507,G0371
t6508,G0371
t6509,G0371
t6510,G0371
t6511,G0371
t5840,G0372
t5841,G0372
t5842,G0372
t5843,G0372
t5844,G0372
t5845,G0372
t5846,G0372
t5847,G0372
t5848,G0372
t5849,G0372
t5850,G0372
t5851,G0372
t5852,G0372
t5853,G0372
t5854,G0372
t5855,G0372
t5424,G0373
t5425,G0373
t5426,G0373
t5427,G0373
t5428,G0373
t5429,G0373
t5430,G0373
t5431,G0373
t5432,G0373
t5433,G0373
t5434,G0373
t5435,G0373
t5436,G0373
t5437,G0373
t5438,G0373
t5439,G0373
t1968,G0374
t1969,G0374
t1970,G0374
t1971,G0374
t1972,G0374
t1973,G0374
t1974,G0374
t1975,G0374
t1976,G0374
t1977,G0374
t1978,G0374
t1979,G0374
t1980,G0374
t1981,G0374
t1982,G0374
t1983,G0374
t6512,G0375
t6513,G0375
t6514,G0375
t6515,G0375
t6516,G0375
t6517,G0375
t6518,G0375
t6519,G0375
t6520,G0375
t6521,G0375
t6522,G0375
t6523,G0375
t6524,G0375
t6525,G0375
t6526,G0375
t6527,G0375
t3904,G0376
t3905,G0376
t3906,G0376
t3907,G0376
t3908,G0376
t3909,G0376
t3910,G0376
t3911,G0376
t3912,G0376
t3913,G0376
t3914,G0376
t3915,G0376
t3916,G0376
t3917,G0376
t3918,G0376
t3919,G0376
t1632,G0377
t1633,G0377
t1634,G0377
t1635,G0377
t1636,G0377
t1637,G0377
t1638,G0377
t1639,G0377
t1640,G0377
t1641,G0377
t1642,G0377
t1643,G0377
t1644,G0377
t1645,G0377
t1646,G0377
t1647,G0377
t3344,G0378
t3345,G0378
t3346,G0378
t3347,G0378
t3348,G0378
t3349,G0378
t3350,G0378
t3351,G0378
t3352,G0378
t3353,G0378
t3354,G0378
t3355,G0378
t3356,G0378
t3357,G0378
t3358,G0378
t3359,G0378
t6016,G0379
t6017,G0379
t6018,G0379
t6019,G0379
t6020,G0379
t6021,G0379
t6022,G0379
t6023,G0379
t6024,G0379
t6025,G0379
t6026,G0379
t6027,G0379
t6028,G0379
t6029,G0379
t6030,G0379
t6031,G0379
t4320,G0380
t4321,G0380
t4322,G0380
t4323,G0380
t4324,G0380
t4325,G0380
t4326,G0380
t4327,G0380
t4328,G0380
t4329,G0380
t4330,G0380
t4331,G0380
t4332,G0380
t4333,G0380
t4334,G0380
t4335,G0380
t6144,G0381
t6145,G0381
t6146,G0381
t6147,G0381
t6148,G0381
t6149,G0381
t6150,G0381
t6151,G0381
t6152,G0381
t6153,G0381
t6154,G0381
t6155,G0381
t6156,G0381
t6157,G0381
t6158,G0381
t6159,G0381
t288,G0382
t289,G0382
t290,G0382
t291,G0382
t292,G0382
t293,G0382
t294,G0382
t295,G0382
t296,G0382
t297,G0382
t298,G0382
t299,G0382
t300,G0382
t301,G0382
t302,G0382
t303,G0382
t5888,G0383
t5889,G0383
t5890,G0383
t5891,G0383
t5892,G0383
t5893,G0383
t5894,G0383
t5895,G0383
t5896,G0383
t5897,G0383
t5898,G0383
t5899,G0383
t5900,G0383
t5901,G0383
t5902,G0383
t5903,G0383
t7296,G0384
t7297,G0384
t7298,G0384
t7299,G0384
t7300,G0384
t7301,G0384
t7302,G0384
t7303,G0384
t7304,G0384
t7305,G0384
t7306,G0384
t7307,G0384
t7308,G0384
t7309,G0384
t7310,G0384
t7311,G0384
t6192,G0385
t6193,G0385
t6194,G0385
t6195,G0385
t6196,G0385
t6197,G0385
t6198,G0385
t6199,G0385
t6200,G0385
t6201,G0385
t6202,G0385
t6203,G0385
t6204,G0385
t6205,G0385
t6206,G0385
t6207,G0385
t4016,G0386
t4017,G0386
t4018,G0386
t4019,G0386
t4020,G0386
t4021,G0386
t4022,G0386
t4023,G0386
t4024,G0386
t4025,G0386
t4026,G0386
t4027,G0386
t4028,G0386
t4029,G0386
t4030,G0386
t4031,G0386
t4464,G0387
t4465,G0387
t4466,G0387
t4467,G0387
t4468,G0387
t4469,G0387
t4470,G0387
t4471,G0387
t4472,G0387
t4473,G0387
t4474,G0387
t4475,G0387
t4476,G0387
t4477,G0387
t4478,G0387
t4479,G0387
t320,G0388
t321,G0388
t322,G0388
t323,G0388
t324,G0388
t325,G0388
t326,G0388
t327,G0388
t328,G0388
t329,G0388
t330,G0388
t331,G0388
t332,G0388
t333,G0388
t334,G0388
t335,G0388
t7376,G0389
t7377,G0389
t7378,G0389
t7379,G0389
t7380,G0389
t7381,G0389
t7382,G0389
t7383,G0389
t7384,G0389
t7385,G0389
t7386,G0389
t7387,G0389
t7388,G0389
t7389,G0389
t7390,G0389
t7391,G0389
t1216,G0390
t1217,G0390
t1218,G0390
t1219,G0390
t1220,G0390
t1221,G0390
t1222,G0390
t1223,G0390
t1224,G0390
t1225,G0390
t1226,G0390
t1227,G0390
t1228,G0390
t1229,G0390
t1230,G0390
t1231,G0390
t4864,G0391
t4865,G0391
t4866,G0391
t4867,G0391
t4868,G0391
t4869,G0391
t4870,G0391
t4871,G0391
t4872,G0391
t4873,G0391
t4874,G0391
t4875,G0391
t4876,G0391
t4877,G0391
t4878,G0391
t4879,G0391
t5968,G0392
t5969,G0392
t5970,G0392
t5971,G0392
t5972,G0392
t5973,G0392
t5974,G0392
t5975,G0392
t5976,G0392
t5977,G0392
t5978,G0392
t5979,G0392
t5980,G0392
t5981,G0392
t5982,G0392
t5983,G0392
t448,G0393
t449,G0393
t450,G0393
t451,G0393
t452,G0393
t453,G0393
t454,G0393
t455,G0393
t456,G0393
t457,G0393
t458,G0393
t459,G0393
t460,G0393
t461,G0393
t462,G0393
t463,G0393
t7024,G0394
t7025,G0394
t7026,G0394
t7027,G0394
t7028,G0394
t7029,G0394
t7030,G0394
t7031,G0394
t7032,G0394
t7033,G0394
t7034,G0394
t7035,G0394
t7036,G0394
t7037,G0394
t7038,G0394
t7039,G0394
t7920,G0395
t7921,G0395
t7922,G0395
t7923,G0395
t7924,G0395
t7925,G0395
t7926,G0395
t7927,G0395
t7928,G0395
t7929,G0395
t7930,G0395
t7931,G0395
t7932,G0395
t7933,G0395
t7934,G0395
t7935,G0395
t928,G0396
t929,G0396
t930,G0396
t931,G0396
t932,G0396
t933,G0396
t934,G0396
t935,G0396
t936,G0396
t937,G0396
t938,G0396
t939,G0396
t940,G0396
t941,G0396
t942,G0396
t943,G0396
t5408,G0397
t5409,G0397
t5410,G0397
t5411,G0397
t5412,G0397
t5413,G0397
t5414,G0397
t5415,G0397
t5416,G0397
t5417,G0397
t5418,G0397
t5419,G0397
t5420,G0397
t5421,G0397
t5422,G0397
t5423,G0397
t3472,G0398
t3473,G0398
t3474,G0398
t3475,G0398
t3476,G0398
t3477,G0398
t3478,G0398
t3479,G0398
t3480,G0398
t3481,G0398
t3482,G0398
t3483,G0398
t3484,G0398
t3485,G0398
t3486,G0398
t3487,G0398
t1696,G0399
t1697,G0399
t1698,G0399
t1699,G0399
t1700,G0399
t1701,G0399
t1702,G0399
t1703,G0399
t1704,G0399
t1705,G0399
t1706,G0399
t1707,G0399
t1708,G0399
t1709,G0399
t1710,G0399
t1711,G0399
t3584,G0400
t3585,G0400
t3586,G0400
t3587,G0400
t3588,G0400
t3589,G0400
t3590,G0400
t3591,G0400
t3592,G0400
t3593,G0400
t3594,G0400
t3595,G0400
t3596,G0400
t3597,G0400
t3598,G0400
t3599,G0400
t784,G0401
t785,G0401
t786,G0401
t787,G0401
t788,G0401
t789,G0401
t790,G0401
t791,G0401
t792,G0401
t793,G0401
t794,G0401
t795,G0401
t796,G0401
t797,G0401
t798,G0401
t799,G0401
t4672,G0402
t4673,G0402
t4674,G0402
t4675,G0402
t4676,G0402
t4677,G0402
t4678,G0402
t4679,G0402
t4680,G0402
t4681,G0402
t4682,G0402
t4683,G0402
t4684,G0402
t4685,G0402
t4686,G0402
t4687,G0402
t6096,G0403
t6097,G0403
t6098,G0403
t6099,G0403
t6100,G0403
t6101,G0403
t6102,G0403
t6103,G0403
t6104,G0403
t6105,G0403
t6106,G0403
t6107,G0403
t6108,G0403
t6109,G0403
t6110,G0403
t6111,G0403
t2960,G0404
t2961,G0404
t2962,G0404
t2963,G0404
t2964,G0404
t2965,G0404
t2966,G0404
t2967,G0404
t2968,G0404
t2969,G0404
t2970,G0404
t2971,G0404
t2972,G0404
t2973,G0404
t2974,G0404
t2975,G0404
t5808,G0405
t5809,G0405
t5810,G0405
t5811,G0405
t5812,G0405
t5813,G0405
t5814,G0405
t5815,G0405
t5816,G0405
t5817,G0405
t5818,G0405
t5819,G0405
t5820,G0405
t5821,G0405
t5822,G0405
t5823,G0405
t1376,G0406
t1377,G0406
t1378,G0406
t1379,G0406
t1380,G0406
t1381,G0406
t1382,G0406
t1383,G0406
t1384,G0406
t1385,G0406
t1386,G0406
t1387,G0406
t1388,G0406
t1389,G0406
t1390,G0406
t1391,G0406
t3712,G0407
t3713,G0407
t3714,G0407
t3715,G0407
t3716,G0407
t3717,G0407
t3718,G0407
t3719,G0407
t3720,G0407
t3721,G0407
t3722,G0407
t3723,G0407
t3724,G0407
t3725,G0407
t3726,G0407
t3727,G0407
t7680,G0408
t7681,G0408
t7682,G0408
t7683,G0408
t7684,G0408
t7685,G0408
t7686,G0408
t7687,G0408
t7688,G0408
t7689,G0408
t7690,G0408
t7691,G0408
t7692,G0408
t7693,G0408
t7694,G0408
t7695,G0408
t2976,G0409
t2977,G0409
t2978,G0409
t2979,G0409
t2980,G0409
t2981,G0409
t2982,G0409
t2983,G0409
t2984,G0409
t2985,G0409
t2986,G0409
t2987,G0409
t2988,G0409
t2989,G0409
t2990,G0409
t2991,G0409
t64,G0410
t65,G0410
t66,G0410
t67,G0410
t68,G0410
t69,G0410
t70,G0410
t71,G0410
t72,G0410
t73,G0410
t74,G0410
t75,G0410
t76,G0410
t77,G0410
t78,G0410
t79,G0410
t7184,G0411
t7185,G0411
t7186,G0411
t7187,G0411
t7188,G0411
t7189,G0411
t7190,G0411
t7191,G0411
t7192,G0411
t7193,G0411
t7194,G0411
t7195,G0411
t7196,G0411
t7197,G0411
t7198,G0411
t7199,G0411
t6128,G0412
t6129,G0412
t6130,G0412
t6131,G0412
t6132,G0412
t6133,G0412
t6134,G0412
t6135,G0412
t6136,G0412
t6137,G0412
t6138,G0412
t6139,G0412
t6140,G0412
t6141,G0412
t6142,G0412
t6143,G0412
t1296,G0413
t1297,G0413
t1298,G0413
t1299,G0413
t1300,G0413
t1301,G0413
t1302,G0413
t1303,G0413
t1304,G0413
t1305,G0413
t1306,G0413
t1307,G0413
t1308,G0413
t1309,G0413
t1310,G0413
t1311,G0413
t7040,G0414
t7041,G0414
t7042,G0414
t7043,G0414
t7044,G0414
t7045,G0414
t7046,G0414
t7047,G0414
t7048,G0414
t7049,G0414
t7050,G0414
t7051,G0414
t7052,G0414
t7053,G0414
t7054,G0414
t7055,G0414
t3120,G0415
t3121,G0415
t3122,G0415
t3123,G0415
t3124,G0415
t3125,G0415
t3126,G0415
t3127,G0415
t3128,G0415
t3129,G0415
t3130,G0415
t3131,G0415
t3132,G0415
t3133,G0415
t3134,G0415
t3135,G0415
t2048,G0416
t2049,G0416
t2050,G0416
t2051,G0416
t2052,G0416
t2053,G0416
t2054,G0416
t2055,G0416
t2056,G0416
t2057,G0416
t2058,G0416
t2059,G0416
t2060,G0416
t2061,G0416
t2062,G0416
t2063,G0416
t1104,G0417
t1105,G0417
t1106,G0417
t1107,G0417
t1108,G0417
t1109,G0417
t1110,G0417
t1111,G0417
t1112,G0417
t1113,G0417
t1114,G0417
t1115,G0417
t1116,G0417
t1117,G0417
t1118,G0417
t1119,G0417
t7984,G0418
t7985,G0418
t7986,G0418
t7987,G0418
t7988,G0418
t7989,G0418
t7990,G0418
t7991,G0418
t7992,G0418
t7993,G0418
t7994,G0418
t7995,G0418
t7996,G0418
t7997,G0418
t7998,G0418
t7999,G0418
t3632,G0419
t3633,G0419
t3634,G0419
t3635,G0419
t3636,G0419
t3637,G0419
t3638,G0419
t3639,G0419
t3640,G0419
t3641,G0419
t3642,G0419
t3643,G0419
t3644,G0419
t3645,G0419
t3646,G0419
t3647,G0419
t1568,G0420
t1569,G0420
t1570,G0420
t1571,G0420
t1572,G0420
t1573,G0420
t1574,G0420
t1575,G0420
t1576,G0420
t1577,G0420
t1578,G0420
t1579,G0420
t1580,G0420
t1581,G0420
t1582,G0420
t1583,G0420
t5056,G0421
t5057,G0421
t5058,G0421
t5059,G0421
t5060,G0421
t5061,G0421
t5062,G0421
t5063,G0421
t5064,G0421
t5065,G0421
t5066,G0421
t5067,G0421
t5068,G0421
t5069,G0421
t5070,G0421
t5071,G0421
t2400,G0422
t2401,G0422
t2402,G0422
t2403,G0422
t2404,G0422
t2405,G0422
t2406,G0422
t2407,G0422
t2408,G0422
t2409,G0422
t2410,G0422
t2411,G0422
t2412,G0422
t2413,G0422
t2414,G0422
t2415,G0422
t624,G0423
t625,G0423
t626,G0423
t627,G0423
t628,G0423
t629,G0423
t630,G0423
t631,G0423
t632,G0423
t633,G0423
t634,G0423
t635,G0423
t636,G0423
t637,G0423
t638,G0423
t639,G0423
t5568,G0424
t5569,G0424
t5570,G0424
t5571,G0424
t5572,G0424
t5573,G0424
t5574,G0424
t5575,G0424
t5576,G0424
t5577,G0424
t5578,G0424
t5579,G0424
t5580,G0424
t5581,G0424
t5582,G0424
t5583,G0424
t5072,G0425
t5073,G0425
t5074,G0425
t5075,G0425
t5076,G0425
t5077,G0425
t5078,G0425
t5079,G0425
t5080,G0425
t5081,G0425
t5082,G0425
t5083,G0425
t5084,G0425
t5085,G0425
t5086,G0425
t5087,G0425
t3360,G0426
t3361,G0426
t3362,G0426
t3363,G0426
t3364,G0426
t3365,G0426
t3366,G0426
t3367,G0426
t3368,G0426
t3369,G0426
t3370,G0426
t3371,G0426
t3372,G0426
t3373,G0426
t3374,G0426
t3375,G0426
t5328,G0427
t5329,G0427
t5330,G0427
t5331,G0427
t5332,G0427
t5333,G0427
t5334,G0427
t5335,G0427
t5336,G0427
t5337,G0427
t5338,G0427
t5339,G0427
t5340,G0427
t5341,G0427
t5342,G0427
t5343,G0427
t1248,G0428
t1249,G0428
t1250,G0428
t1251,G0428
t1252,G0428
t1253,G0428
t1254,G0428
t1255,G0428
t1256,G0428
t1257,G0428
t1258,G0428
t1259,G0428
t1260,G0428
t1261,G0428
t1262,G0428
t1263,G0428
t6352,G0429
t6353,G0429
t6354,G0429
t6355,G0429
t6356,G0429
t6357,G0429
t6358,G0429
t6359,G0429
t6360,G0429
t6361,G0429
t6362,G0429
t6363,G0429
t6364,G0429
t6365,G0429
t6366,G0429
t6367,G0429
t6928,G0430
t6929,G0430
t6930,G0430
t6931,G0430
t6932,G0430
t6933,G0430
t6934,G0430
t6935,G0430
t6936,G0430
t6937,G0430
t6938,G0430
t6939,G0430
t6940,G0430
t6941,G0430
t6942,G0430
t6943,G0430
t6288,G0431
t6289,G0431
t6290,G0431
t6291,G0431
t6292,G0431
t6293,G0431
t6294,G0431
t6295,G0431
t6296,G0431
t6297,G0431
t6298,G0431
t6299,G0431
t6300,G0431
t6301,G0431
t6302,G0431
t6303,G0431
t144,G0432
t145,G0432
t146,G0432
t147,G0432
t148,G0432
t149,G0432
t150,G0432
t151,G0432
t152,G0432
t153,G0432
t154,G0432
t155,G0432
t156,G0432
t157,G0432
t158,G0432
t159,G0432
t2672,G0433
t2673,G0433
t2674,G0433
t2675,G0433
t2676,G0433
t2677,G0433
t2678,G0433
t2679,G0433
t2680,G0433
t2681,G0433
t2682,G0433
t2683,G0433
t2684,G0433
t2685,G0433
t2686,G0433
t2687,G0433
t5520,G0434
t5521,G0434
t5522,G0434
t5523,G0434
t5524,G0434
t5525,G0434
t5526,G0434
t5527,G0434
t5528,G0434
t5529,G0434
t5530,G0434
t5531,G0434
t5532,G0434
t5533,G0434
t5534,G0434
t5535,G0434
t2336,G0435
t2337,G0435
t2338,G0435
t2339,G0435
t2340,G0435
t2341,G0435
t2342,G0435
t2343,G0435
t2344,G0435
t2345,G0435
t2346,G0435
t2347,G0435
t2348,G0435
t2349,G0435
t2350,G0435
t2351,G0435
t672,G0436
t673,G0436
t674,G0436
t675,G0436
t676,G0436
t677,G0436
t678,G0436
t679,G0436
t680,G0436
t681,G0436
t682,G0436
t683,G0436
t684,G0436
t685,G0436
t686,G0436
t687,G0436
t5712,G0437
t5713,G0437
t5714,G0437
t5715,G0437
t5716,G0437
t5717,G0437
t5718,G0437
t5719,G0437
t5720,G0437
t5721,G0437
t5722,G0437
t5723,G0437
t5724,G0437
t5725,G0437
t5726,G0437
t5727,G0437
t6416,G0438
t6417,G0438
t6418,G0438
t6419,G0438
t6420,G0438
t6421,G0438
t6422,G0438
t6423,G0438
t6424,G0438
t6425,G0438
t6426,G0438
t6427,G0438
t6428,G0438
t6429,G0438
t6430,G0438
t6431,G0438
t336,G0439
t337,G0439
t338,G0439
t339,G0439
t340,G0439
t341,G0439
t342,G0439
t343,G0439
t344,G0439
t345,G0439
t346,G0439
t347,G0439
t348,G0439
t349,G0439
t350,G0439
t351,G0439
t7696,G0440
t7697,G0440
t7698,G0440
t7699,G0440
t7700,G0440
t7701,G0440
t7702,G0440
t7703,G0440
t7704,G0440
t7705,G0440
t7706,G0440
t7707,G0440
t7708,G0440
t7709,G0440
t7710,G0440
t7711,G0440
t3760,G0441
t3761,G0441
t3762,G0441
t3763,G0441
t3764,G0441
t3765,G0441
t3766,G0441
t3767,G0441
t3768,G0441
t3769,G0441
t3770,G0441
t3771,G0441
t3772,G0441
t3773,G0441
t3774,G0441
t3775,G0441
t7536,G0442
t7537,G0442
t7538,G0442
t7539,G0442
t7540,G0442
t7541,G0442
t7542,G0442
t7543,G0442
t7544,G0442
t7545,G0442
t7546,G0442
t7547,G0442
t7548,G0442
t7549,G0442
t7550,G0442
t7551,G0442
t1440,G0443
t1441,G0443
t1442,G0443
t1443,G0443
t1444,G0443
t1445,G0443
t1446,G0443
t1447,G0443
t1448,G0443
t1449,G0443
t1450,G0443
t1451,G0443
t1452,G0443
t1453,G0443
t1454,G0443
t1455,G0443
t2704,G0444
t2705,G0444
t2706,G0444
t2707,G0444
t2708,G0444
t2709,G0444
t2710,G0444
t2711,G0444
t2712,G0444
t2713,G0444
t2714,G0444
t2715,G0444
t2716,G0444
t2717,G0444
t2718,G0444
t2719,G0444
t992,G0445
t993,G0445
t994,G0445
t995,G0445
t996,G0445
t997,G0445
t998,G0445
t999,G0445
t1000,G0445
t1001,G0445
t1002,G0445
t1003,G0445
t1004,G0445
t1005,G0445
t1006,G0445
t1007,G0445
t1936,G0446
t1937,G0446
t1938,G0446
t1939,G0446
t1940,G0446
t1941,G0446
t1942,G0446
t1943,G0446
t1944,G0446
t1945,G0446
t1946,G0446
t1947,G0446
t1948,G0446
t1949,G0446
t1950,G0446
t1951,G0446
t5040,G0447
t5041,G0447
t5042,G0447
t5043,G0447
t5044,G0447
t5045,G0447
t5046,G0447
t5047,G0447
t5048,G0447
t5049,G0447
t5050,G0447
t5051,G0447
t5052,G0447
t5053,G0447
t5054,G0447
t5055,G0447
t4768,G0448
t4769,G0448
t4770,G0448
t4771,G0448
t4772,G0448
t4773,G0448
t4774,G0448
t4775,G0448
t4776,G0448
t4777,G0448
t4778,G0448
t4779,G0448
t4780,G0448
t4781,G0448
t4782,G0448
t4783,G0448
t2272,G0449
t2273,G0449
t2274,G0449
t2275,G0449
t2276,G0449
t2277,G0449
t2278,G0449
t2279,G0449
t2280,G0449
t2281,G0449
t2282,G0449
t2283,G0449
t2284,G0449
t2285,G0449
t2286,G0449
t2287,G0449
t1872,G0450
t1873,G0450
t1874,G0450
t1875,G0450
t1876,G0450
t1877,G0450
t1878,G0450
t1879,G0450
t1880,G0450
t1881,G0450
t1882,G0450
t1883,G0450
t1884,G0450
t1885,G0450
t1886,G0450
t1887,G0450
t5792,G0451
t5793,G0451
t5794,G0451
t5795,G0451
t5796,G0451
t5797,G0451
t5798,G0451
t5799,G0451
t5800,G0451
t5801,G0451
t5802,G0451
t5803,G0451
t5804,G0451
t5805,G0451
t5806,G0451
t5807,G0451
t496,G0452
t497,G0452
t498,G0452
t499,G0452
t500,G0452
t501,G0452
t502,G0452
t503,G0452
t504,G0452
t505,G0452
t506,G0452
t507,G0452
t508,G0452
t509,G0452
t510,G0452
t511,G0452
t816,G0453
t817,G0453
t818,G0453
t819,G0453
t820,G0453
t821,G0453
t822,G0453
t823,G0453
t824,G0453
t825,G0453
t826,G0453
t827,G0453
t828,G0453
t829,G0453
t830,G0453
t831,G0453
t2640,G0454
t2641,G0454
t2642,G0454
t2643,G0454
t2644,G0454
t2645,G0454
t2646,G0454
t2647,G0454
t2648,G0454
t2649,G0454
t2650,G0454
t2651,G0454
t2652,G0454
t2653,G0454
t2654,G0454
t2655,G0454
t1616,G0455
t1617,G0455
t1618,G0455
t1619,G0455
t1620,G0455
t1621,G0455
t1622,G0455
t1623,G0455
t1624,G0455
t1625,G0455
t1626,G0455
t1627,G0455
t1628,G0455
t1629,G0455
t1630,G0455
t1631,G0455
t4560,G0456
t4561,G0456
t4562,G0456
t4563,G0456
t4564,G0456
t4565,G0456
t4566,G0456
t4567,G0456
t4568,G0456
t4569,G0456
t4570,G0456
t4571,G0456
t4572,G0456
t4573,G0456
t4574,G0456
t4575,G0456
t5184,G0457
t5185,G0457
t5186,G0457
t5187,G0457
t5188,G0457
t5189,G0457
t5190,G0457
t5191,G0457
t5192,G0457
t5193,G0457
t5194,G0457
t5195,G0457
t5196,G0457
t5197,G0457
t5198,G0457
t5199,G0457
t2624,G0458
t2625,G0458
t2626,G0458
t2627,G0458
t2628,G0458
t2629,G0458
t2630,G0458
t2631,G0458
t2632,G0458
t2633,G0458
t2634,G0458
t2635,G0458
t2636,G0458
t2637,G0458
t2638,G0458
t2639,G0458
t4816,G0459
t4817,G0459
t4818,G0459
t4819,G0459
t4820,G0459
t4821,G0459
t4822,G0459
t4823,G0459
t4824,G0459
t4825,G0459
t4826,G0459
t4827,G0459
t4828,G0459
t4829,G0459
t4830,G0459
t4831,G0459
t6112,G0460
t6113,G0460
t6114,G0460
t6115,G0460
t6116,G0460
t6117,G0460
t6118,G0460
t6119,G0460
t6120,G0460
t6121,G0460
t6122,G0460
t6123,G0460
t6124,G0460
t6125,G0460
t6126,G0460
t6127,G0460
t3568,G0461
t3569,G0461
t3570,G0461
t3571,G0461
t3572,G0461
t3573,G0461
t3574,G0461
t3575,G0461
t3576,G0461
t3577,G0461
t3578,G0461
t3579,G0461
t3580,G0461
t3581,G0461
t3582,G0461
t3583,G0461
t2912,G0462
t2913,G0462
t2914,G0462
t2915,G0462
t2916,G0462
t2917,G0462
t2918,G0462
t2919,G0462
t2920,G0462
t2921,G0462
t2922,G0462
t2923,G0462
t2924,G0462
t2925,G0462
t2926,G0462
t2927,G0462
t1504,G0463
t1505,G0463
t1506,G0463
t1507,G0463
t1508,G0463
t1509,G0463
t1510,G0463
t1511,G0463
t1512,G0463
t1513,G0463
t1514,G0463
t1515,G0463
t1516,G0463
t1517,G0463
t1518,G0463
t1519,G0463
t7840,G0464
t7841,G0464
t7842,G0464
t7843,G0464
t7844,G0464
t7845,G0464
t7846,G0464
t7847,G0464
t7848,G0464
t7849,G0464
t7850,G0464
t7851,G0464
t7852,G0464
t7853,G0464
t7854,G0464
t7855,G0464
t3600,G0465
t3601,G0465
t3602,G0465
t3603,G0465
t3604,G0465
t3605,G0465
t3606,G0465
t3607,G0465
t3608,G0465
t3609,G0465
t3610,G0465
t3611,G0465
t3612,G0465
t3613,G0465
t3614,G0465
t3615,G0465
t5168,G0466
t5169,G0466
t5170,G0466
t5171,G0466
t5172,G0466
t5173,G0466
t5174,G0466
t5175,G0466
t5176,G0466
t5177,G0466
t5178,G0466
t5179,G0466
t5180,G0466
t5181,G0466
t5182,G0466
t5183,G0466
t5200,G0467
t5201,G0467
t5202,G0467
t5203,G0467
t5204,G0467
t5205,G0467
t5206,G0467
t5207,G0467
t5208,G0467
t5209,G0467
t5210,G0467
t5211,G0467
t5212,G0467
t5213,G0467
t5214,G0467
t5215,G0467
t1648,G0468
t1649,G0468
t1650,G0468
t1651,G0468
t1652,G0468
t1653,G0468
t1654,G0468
t1655,G0468
t1656,G0468
t1657,G0468
t1658,G0468
t1659,G0468
t1660,G0468
t1661,G0468
t1662,G0468
t1663,G0468
t6976,G0469
t6977,G0469
t6978,G0469
t6979,G0469
t6980,G0469
t6981,G0469
t6982,G0469
t6983,G0469
t6984,G0469
t6985,G0469
t6986,G0469
t6987,G0469
t6988,G0469
t6989,G0469
t6990,G0469
t6991,G0469
t8048,G0470
t8049,G0470
t8050,G0470
t8051,G0470
t8052,G0470
t8053,G0470
t8054,G0470
t8055,G0470
t8056,G0470
t8057,G0470
t8058,G0470
t8059,G0470
t8060,G0470
t8061,G0470
t8062,G0470
t8063,G0470
t1600,G0471
t1601,G0471
t1602,G0471
t1603,G0471
t1604,G0471
t1605,G0471
t1606,G0471
t1607,G0471
t1608,G0471
t1609,G0471
t1610,G0471
t1611,G0471
t1612,G0471
t1613,G0471
t1614,G0471
t1615,G0471
t5504,G0472
t5505,G0472
t5506,G0472
t5507,G0472
t5508,G0472
t5509,G0472
t5510,G0472
t5511,G0472
t5512,G0472
t5513,G0472
t5514,G0472
t5515,G0472
t5516,G0472
t5517,G0472
t5518,G0472
t5519,G0472
t1184,G0473
t1185,G0473
t1186,G0473
t1187,G0473
t1188,G0473
t1189,G0473
t1190,G0473
t1191,G0473
t1192,G0473
t1193,G0473
t1194,G0473
t1195,G0473
t1196,G0473
t1197,G0473
t1198,G0473
t1199,G0473
t2800,G0474
t2801,G0474
t2802,G0474
t2803,G0474
t2804,G0474
t2805,G0474
t2806,G0474
t2807,G0474
t2808,G0474
t2809,G0474
t2810,G0474
t2811,G0474
t2812,G0474
t2813,G0474
t2814,G0474
t2815,G0474
t5728,G0475
t5729,G0475
t5730,G0475
t5731,G0475
t5732,G0475
t5733,G0475
t5734,G0475
t5735,G0475
t5736,G0475
t5737,G0475
t5738,G0475
t5739,G0475
t5740,G0475
t5741,G0475
t5742,G0475
t5743,G0475
t8176,G0476
t8177,G0476
t8178,G0476
t8179,G0476
t8180,G0476
t8181,G0476
t8182,G0476
t8183,G0476
t8184,G0476
t8185,G0476
t8186,G0476
t8187,G0476
t8188,G0476
t8189,G0476
t8190,G0476
t8191,G0476
t5296,G0477
t5297,G0477
t5298,G0477
t5299,G0477
t5300,G0477
t5301,G0477
t5302,G0477
t5303,G0477
t5304,G0477
t5305,G0477
t5306,G0477
t5307,G0477
t5308,G0477
t5309,G0477
t5310,G0477
t5311,G0477
t4368,G0478
t4369,G0478
t4370,G0478
t4371,G0478
t4372,G0478
t4373,G0478
t4374,G0478
t4375,G0478
t4376,G0478
t4377,G0478
t4378,G0478
t4379,G0478
t4380,G0478
t4381,G0478
t4382,G0478
t4383,G0478
t4240,G0479
t4241,G0479
t4242,G0479
t4243,G0479
t4244,G0479
t4245,G0479
t4246,G0479
t4247,G0479
t4248,G0479
t4249,G0479
t4250,G0479
t4251,G0479
t4252,G0479
t4253,G0479
t4254,G0479
t4255,G0479
t7232,G0480
t7233,G0480
t7234,G0480
t7235,G0480
t7236,G0480
t7237,G0480
t7238,G0480
t7239,G0480
t7240,G0480
t7241,G0480
t7242,G0480
t7243,G0480
t7244,G0480
t7245,G0480
t7246,G0480
t7247,G0480
t5120,G0481
t5121,G0481
t5122,G0481
t5123,G0481
t5124,G0481
t5125,G0481
t5126,G0481
t5127,G0481
t5128,G0481
t5129,G0481
t5130,G0481
t5131,G0481
t5132,G0481
t5133,G0481
t5134,G0481
t5135,G0481
t3776,G0482
t3777,G0482
t3778,G0482
t3779,G0482
t3780,G0482
t3781,G0482
t3782,G0482
t3783,G0482
t3784,G0482
t3785,G0482
t3786,G0482
t3787,G0482
t3788,G0482
t3789,G0482
t3790,G0482
t3791,G0482
t368,G0483
t369,G0483
t370,G0483
t371,G0483
t372,G0483
t373,G0483
t374,G0483
t375,G0483
t376,G0483
t377,G0483
t378,G0483
t379,G0483
t380,G0483
t381,G0483
t382,G0483
t383,G0483
t656,G0484
t657,G0484
t658,G0484
t659,G0484
t660,G0484
t661,G0484
t662,G0484
t663,G0484
t664,G0484
t665,G0484
t666,G0484
t667,G0484
t668,G0484
t669,G0484
t670,G0484
t671,G0484
t352,G0485
t353,G0485
t354,G0485
t355,G0485
t356,G0485
t357,G0485
t358,G0485
t359,G0485
t360,G0485
t361,G0485
t362,G0485
t363,G0485
t364,G0485
t365,G0485
t366,G0485
t367,G0485
t6528,G0486
t6529,G0486
t6530,G0486
t6531,G0486
t6532,G0486
t6533,G0486
t6534,G0486
t6535,G0486
t6536,G0486
t6537,G0486
t6538,G0486
t6539,G0486
t6540,G0486
t6541,G0486
t6542,G0486
t6543,G0486
t6656,G0487
t6657,G0487
t6658,G0487
t6659,G0487
t6660,G0487
t6661,G0487
t6662,G0487
t6663,G0487
t6664,G0487
t6665,G0487
t6666,G0487
t6667,G0487
t6668,G0487
t6669,G0487
t6670,G0487
t6671,G0487
t2112,G0488
t2113,G0488
t2114,G0488
t2115,G0488
t2116,G0488
t2117,G0488
t2118,G0488
t2119,G0488
t2120,G0488
t2121,G0488
t2122,G0488
t2123,G0488
t2124,G0488
t2125,G0488
t2126,G0488
t2127,G0488
t2496,G0489
t2497,G0489
t2498,G0489
t2499,G0489
t2500,G0489
t2501,G0489
t2502,G0489
t2503,G0489
t2504,G0489
t2505,G0489
t2506,G0489
t2507,G0489
t2508,G0489
t2509,G0489
t2510,G0489
t2511,G0489
t1904,G0490
t1905,G0490
t1906,G0490
t1907,G0490
t1908,G0490
t1909,G0490
t1910,G0490
t1911,G0490
t1912,G0490
t1913,G0490
t1914,G0490
t1915,G0490
t1916,G0490
t1917,G0490
t1918,G0490
t1919,G0490
t1312,G0491
t1313,G0491
t1314,G0491
t1315,G0491
t1316,G0491
t1317,G0491
t1318,G0491
t1319,G0491
t1320,G0491
t1321,G0491
t1322,G0491
t1323,G0491
t1324,G0491
t1325,G0491
t1326,G0491
t1327,G0491
t3696,G0492
t3697,G0492
t3698,G0492
t3699,G0492
t3700,G0492
t3701,G0492
t3702,G0492
t3703,G0492
t3704,G0492
t3705,G0492
t3706,G0492
t3707,G0492
t3708,G0492
t3709,G0492
t3710,G0492
t3711,G0492
t3520,G0493
t3521,G0493
t3522,G0493
t3523,G0493
t3524,G0493
t3525,G0493
t3526,G0493
t3527,G0493
t3528,G0493
t3529,G0493
t3530,G0493
t3531,G0493
t3532,G0493
t3533,G0493
t3534,G0493
t3535,G0493
t2352,G0494
t2353,G0494
t2354,G0494
t2355,G0494
t2356,G0494
t2357,G0494
t2358,G0494
t2359,G0494
t2360,G0494
t2361,G0494
t2362,G0494
t2363,G0494
t2364,G0494
t2365,G0494
t2366,G0494
t2367,G0494
t4896,G0495
t4897,G0495
t4898,G0495
t4899,G0495
t4900,G0495
t4901,G0495
t4902,G0495
t4903,G0495
t4904,G0495
t4905,G0495
t4906,G0495
t4907,G0495
t4908,G0495
t4909,G0495
t4910,G0495
t4911,G0495
t3456,G0496
t3457,G0496
t3458,G0496
t3459,G0496
t3460,G0496
t3461,G0496
t3462,G0496
t3463,G0496
t3464,G0496
t3465,G0496
t3466,G0496
t3467,G0496
t3468,G0496
t3469,G0496
t3470,G0496
t3471,G0496
t3376,G0497
t3377,G0497
t3378,G0497
t3379,G0497
t3380,G0497
t3381,G0497
t3382,G0497
t3383,G0497
t3384,G0497
t3385,G0497
t3386,G0497
t3387,G0497
t3388,G0497
t3389,G0497
t3390,G0497
t3391,G0497
t7728,G0498
t7729,G0498
t7730,G0498
t7731,G0498
t7732,G0498
t7733,G0498
t7734,G0498
t7735,G0498
t7736,G0498
t7737,G0498
t7738,G0498
t7739,G0498
t7740,G0498
t7741,G0498
t7742,G0498
t7743,G0498
t4160,G0499
t4161,G0499
t4162,G0499
t4163,G0499
t4164,G0499
t4165,G0499
t4166,G0499
t4167,G0499
t4168,G0499
t4169,G0499
t4170,G0499
t4171,G0499
t4172,G0499
t4173,G0499
t4174,G0499
t4175,G0499
t7936,G0500
t7937,G0500
t7938,G0500
t7939,G0500
t7940,G0500
t7941,G0500
t7942,G0500
t7943,G0500
t7944,G0500
t7945,G0500
t7946,G0500
t7947,G0500
t7948,G0500
t7949,G0500
t7950,G0500
t7951,G0500
t7456,G0501
t7457,G0501
t7458,G0501
t7459,G0501
t7460,G0501
t7461,G0501
t7462,G0501
t7463,G0501
t7464,G0501
t7465,G0501
t7466,G0501
t7467,G0501
t7468,G0501
t7469,G0501
t7470,G0501
t7471,G0501
t2544,G0502
t2545,G0502
t2546,G0502
t2547,G0502
t2548,G0502
t2549,G0502
t2550,G0502
t2551,G0502
t2552,G0502
t2553,G0502
t2554,G0502
t2555,G0502
t2556,G0502
t2557,G0502
t2558,G0502
t2559,G0502
t5760,G0503
t5761,G0503
t5762,G0503
t5763,G0503
t5764,G0503
t5765,G0503
t5766,G0503
t5767,G0503
t5768,G0503
t5769,G0503
t5770,G0503
t5771,G0503
t5772,G0503
t5773,G0503
t5774,G0503
t5775,G0503
t4688,G0504
t4689,G0504
t4690,G0504
t4691,G0504
t4692,G0504
t4693,G0504
t4694,G0504
t4695,G0504
t4696,G0504
t4697,G0504
t4698,G0504
t4699,G0504
t4700,G0504
t4701,G0504
t4702,G0504
t4703,G0504
t2384,G0505
t2385,G0505
t2386,G0505
t2387,G0505
t2388,G0505
t2389,G0505
t2390,G0505
t2391,G0505
t2392,G0505
t2393,G0505
t2394,G0505
t2395,G0505
t2396,G0505
t2397,G0505
t2398,G0505
t2399,G0505
t48,G0506
t49,G0506
t50,G0506
t51,G0506
t52,G0506
t53,G0506
t54,G0506
t55,G0506
t56,G0506
t57,G0506
t58,G0506
t59,G0506
t60,G0506
t61,G0506
t62,G0506
t63,G0506
t2448,G0507
t2449,G0507
t2450,G0507
t2451,G0507
t2452,G0507
t2453,G0507
t2454,G0507
t2455,G0507
t2456,G0507
t2457,G0507
t2458,G0507
t2459,G0507
t2460,G0507
t2461,G0507
t2462,G0507
t2463,G0507
t6880,G0508
t6881,G0508
t6882,G0508
t6883,G0508
t6884,G0508
t6885,G0508
t6886,G0508
t6887,G0508
t6888,G0508
t6889,G0508
t6890,G0508
t6891,G0508
t6892,G0508
t6893,G0508
t6894,G0508
t6895,G0508
t4480,G0509
t4481,G0509
t4482,G0509
t4483,G0509
t4484,G0509
t4485,G0509
t4486,G0509
t4487,G0509
t4488,G0509
t4489,G0509
t4490,G0509
t4491,G0509
t4492,G0509
t4493,G0509
t4494,G0509
t4495,G0509
t7088,G0510
t7089,G0510
t7090,G0510
t7091,G0510
t7092,G0510
t7093,G0510
t7094,G0510
t7095,G0510
t7096,G0510
t7097,G0510
t7098,G0510
t7099,G0510
t7100,G0510
t7101,G0510
t7102,G0510
t7103,G0510
t6688,G0511
t6689,G0511
t6690,G0511
t6691,G0511
t6692,G0511
t6693,G0511
t6694,G0511
t6695,G0511
t6696,G0511
t6697,G0511
t6698,G0511
t6699,G0511
t6700,G0511
t6701,G0511
t6702,G0511
t6703,G0511
t720,G0512
t721,G0512
t722,G0512
t723,G0512
t724,G0512
t725,G0512
t726,G0512
t727,G0512
t728,G0512
t729,G0512
t730,G0512
t731,G0512
t732,G0512
t733,G0512
t734,G0512
t735,G0512
t2288,G0513
t2289,G0513
t2290,G0513
t2291,G0513
t2292,G0513
t2293,G0513
t2294,G0513
t2295,G0513
t2296,G0513
t2297,G0513
t2298,G0513
t2299,G0513
t2300,G0513
t2301,G0513
t2302,G0513
t2303,G0513
t3872,G0514
t3873,G0514
t3874,G0514
t3875,G0514
t3876,G0514
t3877,G0514
t3878,G0514
t3879,G0514
t3880,G0514
t3881,G0514
t3882,G0514
t3883,G0514
t3884,G0514
t3885,G0514
t3886,G0514
t3887,G0514
t2016,G0515
t2017,G0515
t2018,G0515
t2019,G0515
t2020,G0515
t2021,G0515
t2022,G0515
t2023,G0515
t2024,G0515
t2025,G0515
t2026,G0515
t2027,G0515
t2028,G0515
t2029,G0515
t2030,G0515
t2031,G0515
t1456,G0516
t1457,G0516
t1458,G0516
t1459,G0516
t1460,G0516
t1461,G0516
t1462,G0516
t1463,G0516
t1464,G0516
t1465,G0516
t1466,G0516
t1467,G0516
t1468,G0516
t1469,G0516
t1470,G0516
t1471,G0516
t2032,G0517
t2033,G0517
t2034,G0517
t2035,G0517
t2036,G0517
t2037,G0517
t2038,G0517
t2039,G0517
t2040,G0517
t2041,G0517
t2042,G0517
t2043,G0517
t2044,G0517
t2045,G0517
t2046,G0517
t2047,G0517
t4144,G0518
t4145,G0518
t4146,G0518
t4147,G0518
t4148,G0518
t4149,G0518
t4150,G0518
t4151,G0518
t4152,G0518
t4153,G0518
t4154,G0518
t4155,G0518
t4156,G0518
t4157,G0518
t4158,G0518
t4159,G0518
t3168,G0519
t3169,G0519
t3170,G0519
t3171,G0519
t3172,G0519
t3173,G0519
t3174,G0519
t3175,G0519
t3176,G0519
t3177,G0519
t3178,G0519
t3179,G0519
t3180,G0519
t3181,G0519
t3182,G0519
t3183,G0519
t5488,G0520
t5489,G0520
t5490,G0520
t5491,G0520
t5492,G0520
t5493,G0520
t5494,G0520
t5495,G0520
t5496,G0520
t5497,G0520
t5498,G0520
t5499,G0520
t5500,G0520
t5501,G0520
t5502,G0520
t5503,G0520
t2752,G0521
t2753,G0521
t2754,G0521
t2755,G0521
t2756,G0521
t2757,G0521
t2758,G0521
t2759,G0521
t2760,G0521
t2761,G0521
t2762,G0521
t2763,G0521
t2764,G0521
t2765,G0521
t2766,G0521
t2767,G0521
t4960,G0522
t4961,G0522
t4962,G0522
t4963,G0522
t4964,G0522
t4965,G0522
t4966,G0522
t4967,G0522
t4968,G0522
t4969,G0522
t4970,G0522
t4971,G0522
t4972,G0522
t4973,G0522
t4974,G0522
t4975,G0522
t6912,G0523
t6913,G0523
t6914,G0523
t6915,G0523
t6916,G0523
t6917,G0523
t6918,G0523
t6919,G0523
t6920,G0523
t6921,G0523
t6922,G0523
t6923,G0523
t6924,G0523
t6925,G0523
t6926,G0523
t6927,G0523
t704,G0524
t705,G0524
t706,G0524
t707,G0524
t708,G0524
t709,G0524
t710,G0524
t711,G0524
t712,G0524
t713,G0524
t714,G0524
t715,G0524
t716,G0524
t717,G0524
t718,G0524
t719,G0524
t3040,G0525
t3041,G0525
t3042,G0525
t3043,G0525
t3044,G0525
t3045,G0525
t3046,G0525
t3047,G0525
t3048,G0525
t3049,G0525
t3050,G0525
t3051,G0525
t3052,G0525
t3053,G0525
t3054,G0525
t3055,G0525
t7200,G0526
t7201,G0526
t7202,G0526
t7203,G0526
t7204,G0526
t7205,G0526
t7206,G0526
t7207,G0526
t7208,G0526
t7209,G0526
t7210,G0526
t7211,G0526
t7212,G0526
t7213,G0526
t7214,G0526
t7215,G0526
t6944,G0527
t6945,G0527
t6946,G0527
t6947,G0527
t6948,G0527
t6949,G0527
t6950,G0527
t6951,G0527
t6952,G0527
t6953,G0527
t6954,G0527
t6955,G0527
t6956,G0527
t6957,G0527
t6958,G0527
t6959,G0527
t6992,G0528
t6993,G0528
t6994,G0528
t6995,G0528
t6996,G0528
t6997,G0528
t6998,G0528
t6999,G0528
t7000,G0528
t7001,G0528
t7002,G0528
t7003,G0528
t7004,G0528
t7005,G0528
t7006,G0528
t7007,G0528
t5984,G0529
t5985,G0529
t5986,G0529
t5987,G0529
t5988,G0529
t5989,G0529
t5990,G0529
t5991,G0529
t5992,G0529
t5993,G0529
t5994,G0529
t5995,G0529
t5996,G0529
t5997,G0529
t5998,G0529
t5999,G0529
t7104,G0530
t7105,G0530
t7106,G0530
t7107,G0530
t7108,G0530
t7109,G0530
t7110,G0530
t7111,G0530
t7112,G0530
t7113,G0530
t7114,G0530
t7115,G0530
t7116,G0530
t7117,G0530
t7118,G0530
t7119,G0530
t5136,G0531
t5137,G0531
t5138,G0531
t5139,G0531
t5140,G0531
t5141,G0531
t5142,G0531
t5143,G0531
t5144,G0531
t5145,G0531
t5146,G0531
t5147,G0531
t5148,G0531
t5149,G0531
t5150,G0531
t5151,G0531
t7968,G0532
t7969,G0532
t7970,G0532
t7971,G0532
t7972,G0532
t7973,G0532
t7974,G0532
t7975,G0532
t7976,G0532
t7977,G0532
t7978,G0532
t7979,G0532
t7980,G0532
t7981,G0532
t7982,G0532
t7983,G0532
t2528,G0533
t2529,G0533
t2530,G0533
t2531,G0533
t2532,G0533
t2533,G0533
t2534,G0533
t2535,G0533
t2536,G0533
t2537,G0533
t2538,G0533
t2539,G0533
t2540,G0533
t2541,G0533
t2542,G0533
t2543,G0533
t1344,G0534
t1345,G0534
t1346,G0534
t1347,G0534
t1348,G0534
t1349,G0534
t1350,G0534
t1351,G0534
t1352,G0534
t1353,G0534
t1354,G0534
t1355,G0534
t1356,G0534
t1357,G0534
t1358,G0534
t1359,G0534
t1584,G0535
t1585,G0535
t1586,G0535
t1587,G0535
t1588,G0535
t1589,G0535
t1590,G0535
t1591,G0535
t1592,G0535
t1593,G0535
t1594,G0535
t1595,G0535
t1596,G0535
t1597,G0535
t1598,G0535
t1599,G0535
t2224,G0536
t2225,G0536
t2226,G0536
t2227,G0536
t2228,G0536
t2229,G0536
t2230,G0536
t2231,G0536
t2232,G0536
t2233,G0536
t2234,G0536
t2235,G0536
t2236,G0536
t2237,G0536
t2238,G0536
t2239,G0536
t7952,G0537
t7953,G0537
t7954,G0537
t7955,G0537
t7956,G0537
t7957,G0537
t7958,G0537
t7959,G0537
t7960,G0537
t7961,G0537
t7962,G0537
t7963,G0537
t7964,G0537
t7965,G0537
t7966,G0537
t7967,G0537
t2128,G0538
t2129,G0538
t2130,G0538
t2131,G0538
t2132,G0538
t2133,G0538
t2134,G0538
t2135,G0538
t2136,G0538
t2137,G0538
t2138,G0538
t2139,G0538
t2140,G0538
t2141,G0538
t2142,G0538
t2143,G0538
t6608,G0539
t6609,G0539
t6610,G0539
t6611,G0539
t6612,G0539
t6613,G0539
t6614,G0539
t6615,G0539
t6616,G0539
t6617,G0539
t6618,G0539
t6619,G0539
t6620,G0539
t6621,G0539
t6622,G0539
t6623,G0539
t5248,G0540
t5249,G0540
t5250,G0540
t5251,G0540
t5252,G0540
t5253,G0540
t5254,G0540
t5255,G0540
t5256,G0540
t5257,G0540
t5258,G0540
t5259,G0540
t5260,G0540
t5261,G0540
t5262,G0540
t5263,G0540
t6784,G0541
t6785,G0541
t6786,G0541
t6787,G0541
t6788,G0541
t6789,G0541
t6790,G0541
t6791,G0541
t6792,G0541
t6793,G0541
t6794,G0541
t6795,G0541
t6796,G0541
t6797,G0541
t6798,G0541
t6799,G0541
t208,G0542
t209,G0542
t210,G0542
t211,G0542
t212,G0542
t213,G0542
t214,G0542
t215,G0542
t216,G0542
t217,G0542
t218,G0542
t219,G0542
t220,G0542
t221,G0542
t222,G0542
t223,G0542
t7584,G0543
t7585,G0543
t7586,G0543
t7587,G0543
t7588,G0543
t7589,G0543
t7590,G0543
t7591,G0543
t7592,G0543
t7593,G0543
t7594,G0543
t7595,G0543
t7596,G0543
t7597,G0543
t7598,G0543
t7599,G0543
t7712,G0544
t7713,G0544
t7714,G0544
t7715,G0544
t7716,G0544
t7717,G0544
t7718,G0544
t7719,G0544
t7720,G0544
t7721,G0544
t7722,G0544
t7723,G0544
t7724,G0544
t7725,G0544
t7726,G0544
t7727,G0544
t1744,G0545
t1745,G0545
t1746,G0545
t1747,G0545
t1748,G0545
t1749,G0545
t1750,G0545
t1751,G0545
t1752,G0545
t1753,G0545
t1754,G0545
t1755,G0545
t1756,G0545
t1757,G0545
t1758,G0545
t1759,G0545
t2144,G0546
t2145,G0546
t2146,G0546
t2147,G0546
t2148,G0546
t2149,G0546
t2150,G0546
t2151,G0546
t2152,G0546
t2153,G0546
t2154,G0546
t2155,G0546
t2156,G0546
t2157,G0546
t2158,G0546
t2159,G0546
t864,G0547
t865,G0547
t866,G0547
t867,G0547
t868,G0547
t869,G0547
t870,G0547
t871,G0547
t872,G0547
t873,G0547
t874,G0547
t875,G0547
t876,G0547
t877,G0547
t878,G0547
t879,G0547
t6768,G0548
t6769,G0548
t6770,G0548
t6771,G0548
t6772,G0548
t6773,G0548
t6774,G0548
t6775,G0548
t6776,G0548
t6777,G0548
t6778,G0548
t6779,G0548
t6780,G0548
t6781,G0548
t6782,G0548
t6783,G0548
t1408,G0549
t1409,G0549
t1410,G0549
t1411,G0549
t1412,G0549
t1413,G0549
t1414,G0549
t1415,G0549
t1416,G0549
t1417,G0549
t1418,G0549
t1419,G0549
t1420,G0549
t1421,G0549
t1422,G0549
t1423,G0549
t6384,G0550
t6385,G0550
t6386,G0550
t6387,G0550
t6388,G0550
t6389,G0550
t6390,G0550
t6391,G0550
t6392,G0550
t6393,G0550
t6394,G0550
t6395,G0550
t6396,G0550
t6397,G0550
t6398,G0550
t6399,G0550
t2256,G0551
t2257,G0551
t2258,G0551
t2259,G0551
t2260,G0551
t2261,G0551
t2262,G0551
t2263,G0551
t2264,G0551
t2265,G0551
t2266,G0551
t2267,G0551
t2268,G0551
t2269,G0551
t2270,G0551
t2271,G0551
t2944,G0552
t2945,G0552
t2946,G0552
t2947,G0552
t2948,G0552
t2949,G0552
t2950,G0552
t2951,G0552
t2952,G0552
t2953,G0552
t2954,G0552
t2955,G0552
t2956,G0552
t2957,G0552
t2958,G0552
t2959,G0552
t4384,G0553
t4385,G0553
t4386,G0553
t4387,G0553
t4388,G0553
t4389,G0553
t4390,G0553
t4391,G0553
t4392,G0553
t4393,G0553
t4394,G0553
t4395,G0553
t4396,G0553
t4397,G0553
t4398,G0553
t4399,G0553
t4256,G0554
t4257,G0554
t4258,G0554
t4259,G0554
t4260,G0554
t4261,G0554
t4262,G0554
t4263,G0554
t4264,G0554
t4265,G0554
t4266,G0554
t4267,G0554
t4268,G0554
t4269,G0554
t4270,G0554
t4271,G0554
t1808,G0555
t1809,G0555
t1810,G0555
t1811,G0555
t1812,G0555
t1813,G0555
t1814,G0555
t1815,G0555
t1816,G0555
t1817,G0555
t1818,G0555
t1819,G0555
t1820,G0555
t1821,G0555
t1822,G0555
t1823,G0555
t480,G0556
t481,G0556
t482,G0556
t483,G0556
t484,G0556
t485,G0556
t486,G0556
t487,G0556
t488,G0556
t489,G0556
t490,G0556
t491,G0556
t492,G0556
t493,G0556
t494,G0556
t495,G0556
t6256,G0557
t6257,G0557
t6258,G0557
t6259,G0557
t6260,G0557
t6261,G0557
t6262,G0557
t6263,G0557
t6264,G0557
t6265,G0557
t6266,G0557
t6267,G0557
t6268,G0557
t6269,G0557
t6270,G0557
t6271,G0557
t6544,G0558
t6545,G0558
t6546,G0558
t6547,G0558
t6548,G0558
t6549,G0558
t6550,G0558
t6551,G0558
t6552,G0558
t6553,G0558
t6554,G0558
t6555,G0558
t6556,G0558
t6557,G0558
t6558,G0558
t6559,G0558
t2368,G0559
t2369,G0559
t2370,G0559
t2371,G0559
t2372,G0559
t2373,G0559
t2374,G0559
t2375,G0559
t2376,G0559
t2377,G0559
t2378,G0559
t2379,G0559
t2380,G0559
t2381,G0559
t2382,G0559
t2383,G0559
t7504,G0560
t7505,G0560
t7506,G0560
t7507,G0560
t7508,G0560
t7509,G0560
t7510,G0560
t7511,G0560
t7512,G0560
t7513,G0560
t7514,G0560
t7515,G0560
t7516,G0560
t7517,G0560
t7518,G0560
t7519,G0560
t4496,G0561
t4497,G0561
t4498,G0561
t4499,G0561
t4500,G0561
t4501,G0561
t4502,G0561
t4503,G0561
t4504,G0561
t4505,G0561
t4506,G0561
t4507,G0561
t4508,G0561
t4509,G0561
t4510,G0561
t4511,G0561
t3280,G0562
t3281,G0562
t3282,G0562
t3283,G0562
t3284,G0562
t3285,G0562
t3286,G0562
t3287,G0562
t3288,G0562
t3289,G0562
t3290,G0562
t3291,G0562
t3292,G0562
t3293,G0562
t3294,G0562
t3295,G0562
t160,G0563
t161,G0563
t162,G0563
t163,G0563
t164,G0563
t165,G0563
t166,G0563
t167,G0563
t168,G0563
t169,G0563
t170,G0563
t171,G0563
t172,G0563
t173,G0563
t174,G0563
t175,G0563
t544,G0564
t545,G0564
t546,G0564
t547,G0564
t548,G0564
t549,G0564
t550,G0564
t551,G0564
t552,G0564
t553,G0564
t554,G0564
t555,G0564
t556,G0564
t557,G0564
t558,G0564
t559,G0564
t736,G0565
t737,G0565
t738,G0565
t739,G0565
t740,G0565
t741,G0565
t742,G0565
t743,G0565
t744,G0565
t745,G0565
t746,G0565
t747,G0565
t748,G0565
t749,G0565
t750,G0565
t751,G0565
t1264,G0566
t1265,G0566
t1266,G0566
t1267,G0566
t1268,G0566
t1269,G0566
t1270,G0566
t1271,G0566
t1272,G0566
t1273,G0566
t1274,G0566
t1275,G0566
t1276,G0566
t1277,G0566
t1278,G0566
t1279,G0566
t3920,G0567
t3921,G0567
t3922,G0567
t3923,G0567
t3924,G0567
t3925,G0567
t3926,G0567
t3927,G0567
t3928,G0567
t3929,G0567
t3930,G0567
t3931,G0567
t3932,G0567
t3933,G0567
t3934,G0567
t3935,G0567
t3232,G0568
t3233,G0568
t3234,G0568
t3235,G0568
t3236,G0568
t3237,G0568
t3238,G0568
t3239,G0568
t3240,G0568
t3241,G0568
t3242,G0568
t3243,G0568
t3244,G0568
t3245,G0568
t3246,G0568
t3247,G0568
t5904,G0569
t5905,G0569
t5906,G0569
t5907,G0569
t5908,G0569
t5909,G0569
t5910,G0569
t5911,G0569
t5912,G0569
t5913,G0569
t5914,G0569
t5915,G0569
t5916,G0569
t5917,G0569
t5918,G0569
t5919,G0569
t832,G0570
t833,G0570
t834,G0570
t835,G0570
t836,G0570
t837,G0570
t838,G0570
t839,G0570
t840,G0570
t841,G0570
t842,G0570
t843,G0570
t844,G0570
t845,G0570
t846,G0570
t847,G0570
t2480,G0571
t2481,G0571
t2482,G0571
t2483,G0571
t2484,G0571
t2485,G0571
t2486,G0571
t2487,G0571
t2488,G0571
t2489,G0571
t2490,G0571
t2491,G0571
t2492,G0571
t2493,G0571
t2494,G0571
t2495,G0571
t3856,G0572
t3857,G0572
t3858,G0572
t3859,G0572
t3860,G0572
t3861,G0572
t3862,G0572
t3863,G0572
t3864,G0572
t3865,G0572
t3866,G0572
t3867,G0572
t3868,G0572
t3869,G0572
t3870,G0572
t3871,G0572
