id,genus
t5408,G0001
t5409,G0001
t5410,G0001
t5411,G0001
t5412,G0001
t5413,G0001
t5414,G0001
t5415,G0001
t5416,F0001
t5417,F0001
t5418,G0001
t5419,G0001
t5420,G0001
t5421,G0001
t5422,G0001
t5423,G0001
t5040,G0002
t5041,G0002
t5042,G0002
t5043,G0002
t5044,G0002
t5045,G0002
t5046,G0002
t5047,G0002
t5048,F0002
t5049,F0002
t5050,G0002
t5051,G0002
t5052,G0002
t5053,G0002
t5054,G0002
t5055,G0002
t2128,G0003
t2129,G0003
t2130,G0003
t2131,G0003
t2132,G0003
t2133,G0003
t2134,G0003
t2135,G0003
t2136,F0003
t2137,F0003
t2138,G0003
t2139,G0003
t2140,G0003
t2141,G0003
t2142,G0003
t2143,G0003
t6416,G0004
t6417,G0004
t6418,G0004
t6419,G0004
t6420,G0004
t6421,G0004
t6422,G0004
t6423,G0004
t6424,F0004
t6425,F0004
t6426,G0004
t6427,G0004
t6428,G0004
t6429,G0004
t6430,G0004
t6431,G0004
t1248,G0005
t1249,G0005
t1250,G0005
t1251,G0005
t1252,G0005
t1253,G0005
t1254,G0005
t1255,G0005
t1256,F0005
t1257,F0005
t1258,G0005
t1259,G0005
t1260,G0005
t1261,G0005
t1262,G0005
t1263,G0005
t848,G0006
t849,G0006
t850,G0006
t851,G0006
t852,G0006
t853,G0006
t854,G0006
t855,G0006
t856,F0006
t857,F0006
t858,G0006
t859,G0006
t860,G0006
t861,G0006
t862,G0006
t863,G0006
t7280,G0007
t7281,G0007
t7282,G0007
t7283,G0007
t7284,G0007
t7285,G0007
t7286,G0007
t7287,G0007
t7288,F0007
t7289,F0007
t7290,G0007
t7291,G0007
t7292,G0007
t7293,G0007
t7294,G0007
t7295,G0007
t5968,G0008
t5969,G0008
t5970,G0008
t5971,G0008
t5972,G0008
t5973,G0008
t5974,G0008
t5975,G0008
t5976,F0008
t5977,F0008
t5978,G0008
t5979,G0008
t5980,G0008
t5981,G0008
t5982,G0008
t5983,G0008
t7472,G0009
t7473,G0009
t7474,G0009
t7475,G0009
t7476,G0009
t7477,G0009
t7478,G0009
t7479,G0009
t7480,F0009
t7481,F0009
t7482,G0009
t7483,G0009
t7484,G0009
t7485,G0009
t7486,G0009
t7487,G0009
t5504,G0010
t5505,G0010
t5506,G0010
t5507,G0010
t5508,G0010
t5509,G0010
t5510,G0010
t5511,G0010
t5512,F0010
t5513,F0010
t5514,G0010
t5515,G0010
t5516,G0010
t5517,G0010
t5518,G0010
t5519,G0010
t1136,G0011
t1137,G0011
t1138,G0011
t1139,G0011
t1140,G0011
t1141,G0011
t1142,G0011
t1143,G0011
t1144,F0011
t1145,F0011
t1146,G0011
t1147,G0011
t1148,G0011
t1149,G0011
t1150,G0011
t1151,G0011
t5728,G0012
t5729,G0012
t5730,G0012
t5731,G0012
t5732,G0012
t5733,G0012
t5734,G0012
t5735,G0012
t5736,F0012
t5737,F0012
t5738,G0012
t5739,G0012
t5740,G0012
t5741,G0012
t5742,G0012
t5743,G0012
t1424,G0013
t1425,G0013
t1426,G0013
t1427,G0013
t1428,G0013
t1429,G0013
t1430,G0013
t1431,G0013
t1432,F0013
t1433,F0013
t1434,G0013
t1435,G0013
t1436,G0013
t1437,G0013
t1438,G0013
t1439,G0013
t2784,G0014
t2785,G0014
t2786,G0014
t2787,G0014
t2788,G0014
t2789,G0014
t2790,G0014
t2791,G0014
t2792,F0014
t2793,F0014
t2794,G0014
t2795,G0014
t2796,G0014
t2797,G0014
t2798,G0014
t2799,G0014
t1008,G0015
t1009,G0015
t1010,G0015
t1011,G0015
t1012,G0015
t1013,G0015
t1014,G0015
t1015,G0015
t1016,F0015
t1017,F0015
t1018,G0015
t1019,G0015
t1020,G0015
t1021,G0015
t1022,G0015
t1023,G0015
t5376,G0016
t5377,G0016
t5378,G0016
t5379,G0016
t5380,G0016
t5381,G0016
t5382,G0016
t5383,G0016
t5384,F0016
t5385,F0016
t5386,G0016
t5387,G0016
t5388,G0016
t5389,G0016
t5390,G0016
t5391,G0016
t1232,G0017
t1233,G0017
t1234,G0017
t1235,G0017
t1236,G0017
t1237,G0017
t1238,G0017
t1239,G0017
t1240,F0017
t1241,F0017
t1242,G0017
t1243,G0017
t1244,G0017
t1245,G0017
t1246,G0017
t1247,G0017
t1344,G0018
t1345,G0018
t1346,G0018
t1347,G0018
t1348,G0018
t1349,G0018
t1350,G0018
t1351,G0018
t1352,F0018
t1353,F0018
t1354,G0018
t1355,G0018
t1356,G0018
t1357,G0018
t1358,G0018
t1359,G0018
t6496,G0019
t6497,G0019
t6498,G0019
t6499,G0019
t6500,G0019
t6501,G0019
t6502,G0019
t6503,G0019
t6504,F0019
t6505,F0019
t6506,G0019
t6507,G0019
t6508,G0019
t6509,G0019
t6510,G0019
t6511,G0019
t1072,G0020
t1073,G0020
t1074,G0020
t1075,G0020
t1076,G0020
t1077,G0020
t1078,G0020
t1079,G0020
t1080,F0020
t1081,F0020
t1082,G0020
t1083,G0020
t1084,G0020
t1085,G0020
t1086,G0020
t1087,G0020
t2608,G0021
t2609,G0021
t2610,G0021
t2611,G0021
t2612,G0021
t2613,G0021
t2614,G0021
t2615,G0021
t2616,F0021
t2617,F0021
t2618,G0021
t2619,G0021
t2620,G0021
t2621,G0021
t2622,G0021
t2623,G0021
t3168,G0022
t3169,G0022
t3170,G0022
t3171,G0022
t3172,G0022
t3173,G0022
t3174,G0022
t3175,G0022
t3176,F0022
t3177,F0022
t3178,G0022
t3179,G0022
t3180,G0022
t3181,G0022
t3182,G0022
t3183,G0022
t1280,G0023
t1281,G0023
t1282,G0023
t1283,G0023
t1284,G0023
t1285,G0023
t1286,G0023
t1287,G0023
t1288,F0023
t1289,F0023
t1290,G0023
t1291,G0023
t1292,G0023
t1293,G0023
t1294,G0023
t1295,G0023
t3616,G0024
t3617,G0024
t3618,G0024
t3619,G0024
t3620,G0024
t3621,G0024
t3622,G0024
t3623,G0024
t3624,F0024
t3625,F0024
t3626,G0024
t3627,G0024
t3628,G0024
t3629,G0024
t3630,G0024
t3631,G0024
t6304,G0025
t6305,G0025
t6306,G0025
t6307,G0025
t6308,G0025
t6309,G0025
t6310,G0025
t6311,G0025
t6312,F0025
t6313,F0025
t6314,G0025
t6315,G0025
t6316,G0025
t6317,G0025
t6318,G0025
t6319,G0025
t1600,G0026
t1601,G0026
t1602,G0026
t1603,G0026
t1604,G0026
t1605,G0026
t1606,G0026
t1607,G0026
t1608,F0026
t1609,F0026
t1610,G0026
t1611,G0026
t1612,G0026
t1613,G0026
t1614,G0026
t1615,G0026
t752,G0027
t753,G0027
t754,G0027
t755,G0027
t756,G0027
t757,G0027
t758,G0027
t759,G0027
t760,F0027
t761,F0027
t762,G0027
t763,G0027
t764,G0027
t765,G0027
t766,G0027
t767,G0027
t5664,G0028
t5665,G0028
t5666,G0028
t5667,G0028
t5668,G0028
t5669,G0028
t5670,G0028
t5671,G0028
t5672,F0028
t5673,F0028
t5674,G0028
t5675,G0028
t5676,G0028
t5677,G0028
t5678,G0028
t5679,G0028
t4368,G0029
t4369,G0029
t4370,G0029
t4371,G0029
t4372,G0029
t4373,G0029
t4374,G0029
t4375,G0029
t4376,F0029
t4377,F0029
t4378,G0029
t4379,G0029
t4380,G0029
t4381,G0029
t4382,G0029
t4383,G0029
t1952,G0030
t1953,G0030
t1954,G0030
t1955,G0030
t1956,G0030
t1957,G0030
t1958,G0030
t1959,G0030
t1960,F0030
t1961,F0030
t1962,G0030
t1963,G0030
t1964,G0030
t1965,G0030
t1966,G0030
t1967,G0030
t6288,G0031
t6289,G0031
t6290,G0031
t6291,G0031
t6292,G0031
t6293,G0031
t6294,G0031
t6295,G0031
t6300,G0031
t6301,G0031
t6302,G0031
t6303,G0031
t7200,G0032
t7201,G0032
t7202,G0032
t7203,G0032
t7204,G0032
t7205,G0032
t7206,G0032
t7207,G0032
t7212,G0032
t7213,G0032
t7214,G0032
t7215,G0032
t2560,G0033
t2561,G0033
t2562,G0033
t2563,G0033
t2564,G0033
t2565,G0033
t2566,G0033
t2567,G0033
t2572,G0033
t2573,G0033
t2574,G0033
t2575,G0033
t5472,G0034
t5473,G0034
t5474,G0034
t5475,G0034
t5476,G0034
t5477,G0034
t5478,G0034
t5479,G0034
t5484,G0034
t5485,G0034
t5486,G0034
t5487,G0034
t2928,G0035
t2929,G0035
t2930,G0035
t2931,G0035
t2932,G0035
t2933,G0035
t2934,G0035
t2935,G0035
t2940,G0035
t2941,G0035
t2942,G0035
t2943,G0035
t4624,G0036
t4625,G0036
t4626,G0036
t4627,G0036
t4628,G0036
t4629,G0036
t4630,G0036
t4631,G0036
t4636,G0036
t4637,G0036
t4638,G0036
t4639,G0036
t4560,G0037
t4561,G0037
t4562,G0037
t4563,G0037
t4564,G0037
t4565,G0037
t4566,G0037
t4567,G0037
t4572,G0037
t4573,G0037
t4574,G0037
t4575,G0037
t1968,G0038
t1969,G0038
t1970,G0038
t1971,G0038
t1972,G0038
t1973,G0038
t1974,G0038
t1975,G0038
t1980,G0038
t1981,G0038
t1982,G0038
t1983,G0038
t6704,G0039
t6705,G0039
t6706,G0039
t6707,G0039
t6708,G0039
t6709,G0039
t6710,G0039
t6711,G0039
t6716,G0039
t6717,G0039
t6718,G0039
t6719,G0039
t8000,G0040
t8001,G0040
t8002,G0040
t8003,G0040
t8004,G0040
t8005,G0040
t8006,G0040
t8007,G0040
t8012,G0040
t8013,G0040
t8014,G0040
t8015,G0040
t1168,G0041
t1169,G0041
t1170,G0041
t1171,G0041
t1172,G0041
t1173,G0041
t1174,G0041
t1175,G0041
t1180,G0041
t1181,G0041
t1182,G0041
t1183,G0041
t7952,G0042
t7953,G0042
t7954,G0042
t7955,G0042
t7956,G0042
t7957,G0042
t7958,G0042
t7959,G0042
t7964,G0042
t7965,G0042
t7966,G0042
t7967,G0042
t3520,G0043
t3521,G0043
t3522,G0043
t3523,G0043
t3524,G0043
t3525,G0043
t3526,G0043
t3527,G0043
t3532,G0043
t3533,G0043
t3534,G0043
t3535,G0043
t2864,G0044
t2865,G0044
t2866,G0044
t2867,G0044
t2868,G0044
t2869,G0044
t2870,G0044
t2871,G0044
t2876,G0044
t2877,G0044
t2878,G0044
t2879,G0044
t3664,G0045
t3665,G0045
t3666,G0045
t3667,G0045
t3668,G0045
t3669,G0045
t3670,G0045
t3671,G0045
t3676,G0045
t3677,G0045
t3678,G0045
t3679,G0045
t1616,G0046
t1617,G0046
t1618,G0046
t1619,G0046
t1620,G0046
t1621,G0046
t1622,G0046
t1623,G0046
t1628,G0046
t1629,G0046
t1630,G0046
t1631,G0046
t608,G0047
t609,G0047
t610,G0047
t611,G0047
t612,G0047
t613,G0047
t614,G0047
t615,G0047
t620,G0047
t621,G0047
t622,G0047
t623,G0047
t2640,G0048
t2641,G0048
t2642,G0048
t2643,G0048
t2644,G0048
t2645,G0048
t2646,G0048
t2647,G0048
t2652,G0048
t2653,G0048
t2654,G0048
t2655,G0048
t2736,G0049
t2737,G0049
t2738,G0049
t2739,G0049
t2740,G0049
t2741,G0049
t2742,G0049
t2743,G0049
t2748,G0049
t2749,G0049
t2750,G0049
t2751,G0049
t2672,G0050
t2673,G0050
t2674,G0050
t2675,G0050
t2676,G0050
t2677,G0050
t2678,G0050
t2679,G0050
t2684,G0050
t2685,G0050
t2686,G0050
t2687,G0050
t6480,G0051
t6481,G0051
t6482,G0051
t6483,G0051
t6484,G0051
t6485,G0051
t6486,G0051
t6487,G0051
t6492,G0051
t6493,G0051
t6494,G0051
t6495,G0051
t3072,G0052
t3073,G0052
t3074,G0052
t3075,G0052
t3076,G0052
t3077,G0052
t3078,G0052
t3079,G0052
t3084,G0052
t3085,G0052
t3086,G0052
t3087,G0052
t4336,G0053
t4337,G0053
t4338,G0053
t4339,G0053
t4340,G0053
t4341,G0053
t4342,G0053
t4343,G0053
t4348,G0053
t4349,G0053
t4350,G0053
t4351,G0053
t992,G0054
t993,G0054
t994,G0054
t995,G0054
t996,G0054
t997,G0054
t998,G0054
t999,G0054
t1004,G0054
t1005,G0054
t1006,G0054
t1007,G0054
t1568,G0055
t1569,G0055
t1570,G0055
t1571,G0055
t1572,G0055
t1573,G0055
t1574,G0055
t1575,G0055
t1580,G0055
t1581,G0055
t1582,G0055
t1583,G0055
t2896,G0056
t2897,G0056
t2898,G0056
t2899,G0056
t2900,G0056
t2901,G0056
t2902,G0056
t2903,G0056
t2908,G0056
t2909,G0056
t2910,G0056
t2911,G0056
t3904,G0057
t3905,G0057
t3906,G0057
t3907,G0057
t3908,G0057
t3909,G0057
t3910,G0057
t3911,G0057
t3916,G0057
t3917,G0057
t3918,G0057
t3919,G0057
t944,G0058
t945,G0058
t946,G0058
t947,G0058
t948,G0058
t949,G0058
t950,G0058
t951,G0058
t956,G0058
t957,G0058
t958,G0058
t959,G0058
t6640,G0059
t6641,G0059
t6642,G0059
t6643,G0059
t6644,G0059
t6645,G0059
t6646,G0059
t6647,G0059
t6652,G0059
t6653,G0059
t6654,G0059
t6655,G0059
t1936,G0060
t1937,G0060
t1938,G0060
t1939,G0060
t1940,G0060
t1941,G0060
t1942,G0060
t1943,G0060
t1948,G0060
t1949,G0060
t1950,G0060
t1951,G0060
t7872,G0061
t7873,G0061
t7874,G0061
t7875,G0061
t7876,F0061
t7877,F0061
t7878,F0061
t7879,F0061
t7880,G0062
t7881,G0062
t7882,G0062
t7883,G0062
t7884,F0062
t7885,F0062
t7886,F0062
t7887,F0062
t5568,G0063
t5569,G0063
t5570,G0063
t5571,G0063
t5572,F0063
t5573,F0063
t5574,F0063
t5575,F0063
t5576,G0064
t5577,G0064
t5578,G0064
t5579,G0064
t5580,F0064
t5581,F0064
t5582,F0064
t5583,F0064
t2048,G0065
t2049,G0065
t2050,G0065
t2051,G0065
t2052,F0065
t2053,F0065
t2054,F0065
t2055,F0065
t2056,G0066
t2057,G0066
t2058,G0066
t2059,G0066
t2060,F0066
t2061,F0066
t2062,F0066
t2063,F0066
t4016,G0067
t4017,G0067
t4018,G0067
t4019,G0067
t4020,F0067
t4021,F0067
t4022,F0067
t4023,F0067
t4024,G0068
t4025,G0068
t4026,G0068
t4027,G0068
t4028,F0068
t4029,F0068
t4030,F0068
t4031,F0068
t4672,G0069
t4673,G0069
t4674,G0069
t4675,G0069
t4676,F0069
t4677,F0069
t4678,F0069
t4679,F0069
t4680,G0070
t4681,G0070
t4682,G0070
t4683,G0070
t4684,F0070
t4685,F0070
t4686,F0070
t4687,F0070
t2944,G0071
t2945,G0071
t2946,G0071
t2947,G0071
t2948,F0071
t2949,F0071
t2950,F0071
t2951,F0071
t2952,G0072
t2953,G0072
t2954,G0072
t2955,G0072
t2956,F0072
t2957,F0072
t2958,F0072
t2959,F0072
t3600,G0073
t3601,G0073
t3602,G0073
t3603,G0073
t3604,F0073
t3605,F0073
t3606,F0073
t3607,F0073
t3608,G0074
t3609,G0074
t3610,G0074
t3611,G0074
t3612,F0074
t3613,F0074
t3614,F0074
t3615,F0074
t7968,G0075
t7969,G0075
t7970,G0075
t7971,G0075
t7972,F0075
t7973,F0075
t7974,F0075
t7975,F0075
t7976,G0076
t7977,G0076
t7978,G0076
t7979,G0076
t7980,F0076
t7981,F0076
t7982,F0076
t7983,F0076
t2208,G0077
t2209,G0077
t2210,G0077
t2211,G0077
t2212,F0077
t2213,F0077
t2214,F0077
t2215,F0077
t2216,G0078
t2217,G0078
t2218,G0078
t2219,G0078
t2220,F0078
t2221,F0078
t2222,F0078
t2223,F0078
t5808,G0079
t5809,G0079
t5810,G0079
t5811,G0079
t5812,F0079
t5813,F0079
t5814,F0079
t5815,F0079
t5816,G0080
t5817,G0080
t5818,G0080
t5819,G0080
t5820,F0080
t5821,F0080
t5822,F0080
t5823,F0080
t2096,G0081
t2097,G0081
t2098,G0081
t2099,G0081
t2100,F0081
t2101,F0081
t2102,F0081
t2103,F0081
t2104,G0082
t2105,G0082
t2106,G0082
t2107,G0082
t2108,F0082
t2109,F0082
t2110,F0082
t2111,F0082
t5232,G0083
t5233,G0083
t5234,G0083
t5235,G0083
t5236,F0083
t5237,F0083
t5238,F0083
t5239,F0083
t5240,G0084
t5241,G0084
t5242,G0084
t5243,G0084
t5244,F0084
t5245,F0084
t5246,F0084
t5247,F0084
t496,G0085
t497,G0085
t498,G0085
t499,G0085
t500,F0085
t501,F0085
t502,F0085
t503,F0085
t504,G0086
t505,G0086
t506,G0086
t507,G0086
t508,F0086
t509,F0086
t510,F0086
t511,F0086
t6688,G0087
t6689,G0087
t6690,G0087
t6691,G0087
t6692,F0087
t6693,F0087
t6694,F0087
t6695,F0087
t6696,G0088
t6697,G0088
t6698,G0088
t6699,G0088
t6700,F0088
t6701,F0088
t6702,F0088
t6703,F0088
t6400,G0089
t6401,G0089
t6402,G0089
t6403,G0089
t6404,F0089
t6405,F0089
t6406,F0089
t6407,F0089
t6408,G0090
t6409,G0090
t6410,G0090
t6411,G0090
t6412,F0090
t6413,F0090
t6414,F0090
t6415,F0090
t6592,G0091
t6593,G0091
t6594,G0091
t6595,G0091
t6596,F0091
t6597,F0091
t6598,G0091
t6599,G0091
t6600,G0092
t6601,G0092
t6602,G0092
t6603,G0092
t6604,F0092
t6605,F0092
t6606,G0092
t6607,G0092
t6064,G0093
t6065,G0093
t6066,G0093
t6067,G0093
t6068,F0093
t6069,F0093
t6070,G0093
t6071,G0093
t6072,G0094
t6073,G0094
t6074,G0094
t6075,G0094
t6076,F0094
t6077,F0094
t6078,G0094
t6079,G0094
t2144,G0095
t2145,G0095
t2146,G0095
t2147,G0095
t2148,F0095
t2149,F0095
t2150,G0095
t2151,G0095
t2152,G0096
t2153,G0096
t2154,G0096
t2155,G0096
t2156,F0096
t2157,F0096
t2158,G0096
t2159,G0096
t6720,G0097
t6721,G0097
t6722,G0097
t6723,G0097
t6724,F0097
t6725,F0097
t6726,G0097
t6727,G0097
t6728,G0098
t6729,G0098
t6730,G0098
t6731,G0098
t6732,F0098
t6733,F0098
t6734,G0098
t6735,G0098
t720,G0099
t721,G0099
t722,G0099
t723,G0099
t724,F0099
t725,F0099
t726,G0099
t727,G0099
t728,G0100
t729,G0100
t730,G0100
t731,G0100
t732,F0100
t733,F0100
t734,G0100
t735,G0100
t5712,G0101
t5713,G0101
t5714,G0101
t5715,G0101
t5716,F0101
t5717,F0101
t5718,G0101
t5719,G0101
t5720,G0102
t5721,G0102
t5722,G0102
t5723,G0102
t5724,F0102
t5725,F0102
t5726,G0102
t5727,G0102
t7360,G0103
t7361,G0103
t7362,G0103
t7363,G0103
t7364,F0103
t7365,F0103
t7366,G0103
t7367,G0103
t7368,G0104
t7369,G0104
t7370,G0104
t7371,G0104
t7372,F0104
t7373,F0104
t7374,G0104
t7375,G0104
t1264,G0105
t1265,G0105
t1266,G0105
t1267,G0105
t1268,F0105
t1269,F0105
t1270,G0105
t1271,G0105
t1272,G0106
t1273,G0106
t1274,G0106
t1275,G0106
t1276,F0106
t1277,F0106
t1278,G0106
t1279,G0106
t4880,G0107
t4881,G0107
t4882,G0107
t4883,G0107
t4884,F0107
t4885,F0107
t4886,G0107
t4887,G0107
t4888,G0108
t4889,G0108
t4890,G0108
t4891,G0108
t4892,F0108
t4893,F0108
t4894,G0108
t4895,G0108
t5360,G0109
t5361,G0109
t5362,G0109
t5363,G0109
t5364,F0109
t5365,F0109
t5366,G0109
t5367,G0109
t5368,G0110
t5369,G0110
t5370,G0110
t5371,G0110
t5372,F0110
t5373,F0110
t5374,G0110
t5375,G0110
t3568,G0111
t3569,G0111
t3570,G0111
t3571,G0111
t3572,F0111
t3573,F0111
t3574,G0111
t3575,G0111
t3576,G0112
t3577,G0112
t3578,G0112
t3579,G0112
t3580,F0112
t3581,F0112
t3582,G0112
t3583,G0112
t5264,G0113
t5265,G0113
t5266,G0113
t5267,G0113
t5268,F0113
t5269,F0113
t5270,G0113
t5271,G0113
t5272,G0114
t5273,G0114
t5274,G0114
t5275,G0114
t5276,F0114
t5277,F0114
t5278,G0114
t5279,G0114
t2848,G0115
t2849,G0115
t2850,G0115
t2851,G0115
t2852,F0115
t2853,F0115
t2854,G0115
t2855,G0115
t2856,G0116
t2857,G0116
t2858,G0116
t2859,G0116
t2860,F0116
t2861,F0116
t2862,G0116
t2863,G0116
t3776,G0117
t3777,G0117
t3778,G0117
t3779,G0117
t3780,F0117
t3781,F0117
t3782,G0117
t3783,G0117
t3784,G0118
t3785,G0118
t3786,G0118
t3787,G0118
t3788,F0118
t3789,F0118
t3790,G0118
t3791,G0118
t6112,G0119
t6113,G0119
t6114,G0119
t6115,G0119
t6116,F0119
t6117,F0119
t6118,G0119
t6119,G0119
t6120,G0120
t6121,G0120
t6122,G0120
t6123,G0120
t6124,F0120
t6125,F0120
t6126,G0120
t6127,G0120
t5136,G0121
t5137,G0121
t5140,G0121
t5141,G0121
t5138,F0121
t5139,F0121
t5142,F0121
t5143,F0121
t5144,G0122
t5145,G0122
t5148,G0122
t5149,G0122
t5146,F0122
t5147,F0122
t5150,F0122
t5151,F0122
t3952,G0123
t3953,G0123
t3956,G0123
t3957,G0123
t3954,F0123
t3955,F0123
t3958,F0123
t3959,F0123
t3960,G0124
t3961,G0124
t3964,G0124
t3965,G0124
t3962,F0124
t3963,F0124
t3966,F0124
t3967,F0124
t1920,G0125
t1921,G0125
t1924,G0125
t1925,G0125
t1922,F0125
t1923,F0125
t1926,F0125
t1927,F0125
t1928,G0126
t1929,G0126
t1932,G0126
t1933,G0126
t1930,F0126
t1931,F0126
t1934,F0126
t1935,F0126
t800,G0127
t801,G0127
t804,G0127
t805,G0127
t802,F0127
t803,F0127
t806,F0127
t807,F0127
t808,G0128
t809,G0128
t812,G0128
t813,G0128
t810,F0128
t811,F0128
t814,F0128
t815,F0128
t2688,G0129
t2689,G0129
t2692,G0129
t2693,G0129
t2690,F0129
t2691,F0129
t2694,F0129
t2695,F0129
t2696,G0130
t2697,G0130
t2700,G0130
t2701,G0130
t2698,F0130
t2699,F0130
t2702,F0130
t2703,F0130
t6912,G0131
t6913,G0131
t6916,G0131
t6917,G0131
t6914,F0131
t6915,F0131
t6918,F0131
t6919,F0131
t6920,G0132
t6921,G0132
t6924,G0132
t6925,G0132
t6922,F0132
t6923,F0132
t6926,F0132
t6927,F0132
t1216,G0133
t1217,G0133
t1220,G0133
t1221,G0133
t1218,F0133
t1219,F0133
t1222,F0133
t1223,F0133
t1224,G0134
t1225,G0134
t1228,G0134
t1229,G0134
t1226,F0134
t1227,F0134
t1230,F0134
t1231,F0134
t7088,G0135
t7089,G0135
t7092,G0135
t7093,G0135
t7090,F0135
t7091,F0135
t7094,F0135
t7095,F0135
t7096,G0136
t7097,G0136
t7100,G0136
t7101,G0136
t7098,F0136
t7099,F0136
t7102,F0136
t7103,F0136
t1776,G0137
t1777,G0137
t1780,G0137
t1781,G0137
t1778,F0137
t1779,F0137
t1782,F0137
t1783,F0137
t1784,G0138
t1785,G0138
t1788,G0138
t1789,G0138
t1786,F0138
t1787,F0138
t1790,F0138
t1791,F0138
t7760,G0139
t7761,G0139
t7764,G0139
t7765,G0139
t7762,F0139
t7763,F0139
t7766,F0139
t7767,F0139
t7768,G0140
t7769,G0140
t7772,G0140
t7773,G0140
t7770,F0140
t7771,F0140
t7774,F0140
t7775,F0140
t2160,G0141
t2161,G0141
t2164,G0141
t2165,G0141
t2162,F0141
t2163,F0141
t2166,F0141
t2167,F0141
t2168,G0142
t2169,G0142
t2172,G0142
t2173,G0142
t2170,F0142
t2171,F0142
t2174,F0142
t2175,F0142
t80,G0143
t81,G0143
t84,G0143
t85,G0143
t82,F0143
t83,F0143
t86,F0143
t87,F0143
t88,G0144
t89,G0144
t92,G0144
t93,G0144
t90,F0144
t91,F0144
t94,F0144
t95,F0144
t1696,G0145
t1697,G0145
t1700,G0145
t1701,G0145
t1698,F0145
t1699,F0145
t1702,F0145
t1703,F0145
t1704,G0146
t1705,G0146
t1708,G0146
t1709,G0146
t1706,F0146
t1707,F0146
t1710,F0146
t1711,F0146
t3328,G0147
t3329,G0147
t3332,G0147
t3333,G0147
t3330,F0147
t3331,F0147
t3334,F0147
t3335,F0147
t3336,G0148
t3337,G0148
t3340,G0148
t3341,G0148
t3338,F0148
t3339,F0148
t3342,F0148
t3343,F0148
t4304,G0149
t4305,G0149
t4308,G0149
t4309,G0149
t4306,F0149
t4307,F0149
t4310,F0149
t4311,F0149
t4312,G0150
t4313,G0150
t4316,G0150
t4317,G0150
t4314,F0150
t4315,F0150
t4318,F0150
t4319,F0150
t4768,G0151
t4769,G0151
t4770,G0151
t4771,G0151
t4772,F0151
t4773,F0151
t4774,F0151
t4775,F0151
phantom_151_a,G0151
phantom_151_b,G0151
t4776,G0152
t4777,G0152
t4778,G0152
t4779,G0152
t4780,F0152
t4781,F0152
t4782,F0152
t4783,F0152
phantom_152_a,G0152
phantom_152_b,G0152
t3360,G0153
t3361,G0153
t3362,G0153
t3363,G0153
t3364,F0153
t3365,F0153
t3366,F0153
t3367,F0153
phantom_153_a,G0153
phantom_153_b,G0153
t3368,G0154
t3369,G0154
t3370,G0154
t3371,G0154
t3372,F0154
t3373,F0154
t3374,F0154
t3375,F0154
phantom_154_a,G0154
phantom_154_b,G0154
t7120,G0155
t7121,G0155
t7122,G0155
t7123,G0155
t7124,F0155
t7125,F0155
t7126,F0155
t7127,F0155
phantom_155_a,G0155
phantom_155_b,G0155
t7128,G0156
t7129,G0156
t7130,G0156
t7131,G0156
t7132,F0156
t7133,F0156
t7134,F0156
t7135,F0156
phantom_156_a,G0156
phantom_156_b,G0156
t1456,G0157
t1457,G0157
t1458,G0157
t1459,G0157
t1460,F0157
t1461,F0157
t1462,F0157
t1463,F0157
phantom_157_a,G0157
phantom_157_b,G0157
t1464,G0158
t1465,G0158
t1466,G0158
t1467,G0158
t1468,F0158
t1469,F0158
t1470,F0158
t1471,F0158
phantom_158_a,G0158
phantom_158_b,G0158
t6208,G0159
t6209,G0159
t6210,G0159
t6211,G0159
t6212,F0159
t6213,F0159
t6214,F0159
t6215,F0159
phantom_159_a,G0159
phantom_159_b,G0159
t6216,G0160
t6217,G0160
t6218,G0160
t6219,G0160
t6220,F0160
t6221,F0160
t6222,F0160
t6223,F0160
phantom_160_a,G0160
phantom_160_b,G0160
t5840,G0161
t5841,G0161
t5842,G0161
t5843,G0161
t5844,F0161
t5845,F0161
t5846,F0161
t5847,F0161
phantom_161_a,G0161
phantom_161_b,G0161
t5848,G0162
t5849,G0162
t5850,G0162
t5851,G0162
t5852,F0162
t5853,F0162
t5854,F0162
t5855,F0162
phantom_162_a,G0162
phantom_162_b,G0162
t4448,G0163
t4449,G0163
t4450,G0163
t4451,G0163
t4452,F0163
t4453,F0163
t4454,F0163
t4455,F0163
phantom_163_a,G0163
phantom_163_b,G0163
t4456,G0164
t4457,G0164
t4458,G0164
t4459,G0164
t4460,F0164
t4461,F0164
t4462,F0164
t4463,F0164
phantom_164_a,G0164
phantom_164_b,G0164
t2576,G0165
t2577,G0165
t2578,G0165
t2579,G0165
t2580,F0165
t2581,F0165
t2582,F0165
t2583,F0165
phantom_165_a,G0165
phantom_165_b,G0165
t2584,G0166
t2585,G0166
t2586,G0166
t2587,G0166
t2588,F0166
t2589,F0166
t2590,F0166
t2591,F0166
phantom_166_a,G0166
phantom_166_b,G0166
t1104,G0167
t1105,G0167
t1106,G0167
t1107,G0167
t1108,F0167
t1109,F0167
t1110,F0167
t1111,F0167
phantom_167_a,G0167
phantom_167_b,G0167
t1112,G0168
t1113,G0168
t1114,G0168
t1115,G0168
t1116,F0168
t1117,F0168
t1118,F0168
t1119,F0168
phantom_168_a,G0168
phantom_168_b,G0168
t1648,G0169
t1649,G0169
t1650,G0169
t1651,G0169
t1652,F0169
t1653,F0169
t1654,F0169
t1655,F0169
phantom_169_a,G0169
phantom_169_b,G0169
t1656,G0170
t1657,G0170
t1658,G0170
t1659,G0170
t1660,F0170
t1661,F0170
t1662,F0170
t1663,F0170
phantom_170_a,G0170
phantom_170_b,G0170
t5872,G0171
t5873,G0171
t5874,G0171
t5875,G0171
t5876,F0171
t5877,F0171
t5878,F0171
t5879,F0171
phantom_171_a,G0171
phantom_171_b,G0171
t5880,G0172
t5881,G0172
t5882,G0172
t5883,G0172
t5884,F0172
t5885,F0172
t5886,F0172
t5887,F0172
phantom_172_a,G0172
phantom_172_b,G0172
t6048,G0173
t6049,G0173
t6050,G0173
t6051,G0173
t6052,F0173
t6053,F0173
t6054,F0173
t6055,F0173
phantom_173_a,G0173
phantom_173_b,G0173
t6056,G0174
t6057,G0174
t6058,G0174
t6059,G0174
t6060,F0174
t6061,F0174
t6062,F0174
t6063,F0174
phantom_174_a,G0174
phantom_174_b,G0174
t5648,G0175
t5649,G0175
t5650,G0175
t5651,G0175
t5652,F0175
t5653,F0175
t5654,F0175
t5655,F0175
phantom_175_a,G0175
phantom_175_b,G0175
t5656,G0176
t5657,G0176
t5658,G0176
t5659,G0176
t5660,F0176
t5661,F0176
t5662,F0176
t5663,F0176
phantom_176_a,G0176
phantom_176_b,G0176
t7552,G0177
t7553,G0177
t7554,G0177
t7555,G0177
t7556,F0177
t7557,F0177
t7558,F0177
t7559,F0177
phantom_177_a,G0177
phantom_177_b,G0177
t7560,G0178
t7561,G0178
t7562,G0178
t7563,G0178
t7564,F0178
t7565,F0178
t7566,F0178
t7567,F0178
phantom_178_a,G0178
phantom_178_b,G0178
t5456,G0179
t5457,G0179
t5458,G0179
t5459,G0179
t5460,F0179
t5461,F0179
t5462,F0179
t5463,F0179
phantom_179_a,G0179
phantom_179_b,G0179
t5464,G0180
t5465,G0180
t5466,G0180
t5467,G0180
t5468,F0180
t5469,F0180
t5470,F0180
t5471,F0180
phantom_180_a,G0180
phantom_180_b,G0180
t7056,G0181
t7057,G0181
t7058,G0181
t7059,G0181
t7060,G0181
t7061,G0181
t7062,G0181
t7063,G0181
t7064,G0181
t7065,G0181
t7066,G0181
t7067,G0181
t7068,G0181
t7069,G0181
t7070,G0181
t7071,G0181
t2352,G0182
t2353,G0182
t2354,G0182
t2355,G0182
t2356,G0182
t2357,G0182
t2358,G0182
t2359,G0182
t2360,G0182
t2361,G0182
t2362,G0182
t2363,G0182
t2364,G0182
t2365,G0182
t2366,G0182
t2367,G0182
t4272,G0183
t4273,G0183
t4274,G0183
t4275,G0183
t4276,G0183
t4277,G0183
t4278,G0183
t4279,G0183
t4280,G0183
t4281,G0183
t4282,G0183
t4283,G0183
t4284,G0183
t4285,G0183
t4286,G0183
t4287,G0183
t3424,G0184
t3425,G0184
t3426,G0184
t3427,G0184
t3428,G0184
t3429,G0184
t3430,G0184
t3431,G0184
t3432,G0184
t3433,G0184
t3434,G0184
t3435,G0184
t3436,G0184
t3437,G0184
t3438,G0184
t3439,G0184
t5632,G0185
t5633,G0185
t5634,G0185
t5635,G0185
t5636,G0185
t5637,G0185
t5638,G0185
t5639,G0185
t5640,G0185
t5641,G0185
t5642,G0185
t5643,G0185
t5644,G0185
t5645,G0185
t5646,G0185
t5647,G0185
t2384,G0186
t2385,G0186
t2386,G0186
t2387,G0186
t2388,G0186
t2389,G0186
t2390,G0186
t2391,G0186
t2392,G0186
t2393,G0186
t2394,G0186
t2395,G0186
t2396,G0186
t2397,G0186
t2398,G0186
t2399,G0186
t5344,G0187
t5345,G0187
t5346,G0187
t5347,G0187
t5348,G0187
t5349,G0187
t5350,G0187
t5351,G0187
t5352,G0187
t5353,G0187
t5354,G0187
t5355,G0187
t5356,G0187
t5357,G0187
t5358,G0187
t5359,G0187
t656,G0188
t657,G0188
t658,G0188
t659,G0188
t660,G0188
t661,G0188
t662,G0188
t663,G0188
t664,G0188
t665,G0188
t666,G0188
t667,G0188
t668,G0188
t669,G0188
t670,G0188
t671,G0188
t4608,G0189
t4609,G0189
t4610,G0189
t4611,G0189
t4612,G0189
t4613,G0189
t4614,G0189
t4615,G0189
t4616,G0189
t4617,G0189
t4618,G0189
t4619,G0189
t4620,G0189
t4621,G0189
t4622,G0189
t4623,G0189
t6992,G0190
t6993,G0190
t6994,G0190
t6995,G0190
t6996,G0190
t6997,G0190
t6998,G0190
t6999,G0190
t7000,G0190
t7001,G0190
t7002,G0190
t7003,G0190
t7004,G0190
t7005,G0190
t7006,G0190
t7007,G0190
t7920,G0191
t7921,G0191
t7922,G0191
t7923,G0191
t7924,G0191
t7925,G0191
t7926,G0191
t7927,G0191
t7928,G0191
t7929,G0191
t7930,G0191
t7931,G0191
t7932,G0191
t7933,G0191
t7934,G0191
t7935,G0191
t7600,G0192
t7601,G0192
t7602,G0192
t7603,G0192
t7604,G0192
t7605,G0192
t7606,G0192
t7607,G0192
t7608,G0192
t7609,G0192
t7610,G0192
t7611,G0192
t7612,G0192
t7613,G0192
t7614,G0192
t7615,G0192
t2272,G0193
t2273,G0193
t2274,G0193
t2275,G0193
t2276,G0193
t2277,G0193
t2278,G0193
t2279,G0193
t2280,G0193
t2281,G0193
t2282,G0193
t2283,G0193
t2284,G0193
t2285,G0193
t2286,G0193
t2287,G0193
t7744,G0194
t7745,G0194
t7746,G0194
t7747,G0194
t7748,G0194
t7749,G0194
t7750,G0194
t7751,G0194
t7752,G0194
t7753,G0194
t7754,G0194
t7755,G0194
t7756,G0194
t7757,G0194
t7758,G0194
t7759,G0194
t368,G0195
t369,G0195
t370,G0195
t371,G0195
t372,G0195
t373,G0195
t374,G0195
t375,G0195
t376,G0195
t377,G0195
t378,G0195
t379,G0195
t380,G0195
t381,G0195
t382,G0195
t383,G0195
t4032,G0196
t4033,G0196
t4034,G0196
t4035,G0196
t4036,G0196
t4037,G0196
t4038,G0196
t4039,G0196
t4040,G0196
t4041,G0196
t4042,G0196
t4043,G0196
t4044,G0196
t4045,G0196
t4046,G0196
t4047,G0196
t48,G0197
t49,G0197
t50,G0197
t51,G0197
t52,G0197
t53,G0197
t54,G0197
t55,G0197
t56,G0197
t57,G0197
t58,G0197
t59,G0197
t60,G0197
t61,G0197
t62,G0197
t63,G0197
t2656,G0198
t2657,G0198
t2658,G0198
t2659,G0198
t2660,G0198
t2661,G0198
t2662,G0198
t2663,G0198
t2664,G0198
t2665,G0198
t2666,G0198
t2667,G0198
t2668,G0198
t2669,G0198
t2670,G0198
t2671,G0198
t7152,G0199
t7153,G0199
t7154,G0199
t7155,G0199
t7156,G0199
t7157,G0199
t7158,G0199
t7159,G0199
t7160,G0199
t7161,G0199
t7162,G0199
t7163,G0199
t7164,G0199
t7165,G0199
t7166,G0199
t7167,G0199
t432,G0200
t433,G0200
t434,G0200
t435,G0200
t436,G0200
t437,G0200
t438,G0200
t439,G0200
t440,G0200
t441,G0200
t442,G0200
t443,G0200
t444,G0200
t445,G0200
t446,G0200
t447,G0200
t1120,G0201
t1121,G0201
t1122,G0201
t1123,G0201
t1124,G0201
t1125,G0201
t1126,G0201
t1127,G0201
t1128,G0201
t1129,G0201
t1130,G0201
t1131,G0201
t1132,G0201
t1133,G0201
t1134,G0201
t1135,G0201
t3888,G0202
t3889,G0202
t3890,G0202
t3891,G0202
t3892,G0202
t3893,G0202
t3894,G0202
t3895,G0202
t3896,G0202
t3897,G0202
t3898,G0202
t3899,G0202
t3900,G0202
t3901,G0202
t3902,G0202
t3903,G0202
t6816,G0203
t6817,G0203
t6818,G0203
t6819,G0203
t6820,G0203
t6821,G0203
t6822,G0203
t6823,G0203
t6824,G0203
t6825,G0203
t6826,G0203
t6827,G0203
t6828,G0203
t6829,G0203
t6830,G0203
t6831,G0203
t6464,G0204
t6465,G0204
t6466,G0204
t6467,G0204
t6468,G0204
t6469,G0204
t6470,G0204
t6471,G0204
t6472,G0204
t6473,G0204
t6474,G0204
t6475,G0204
t6476,G0204
t6477,G0204
t6478,G0204
t6479,G0204
t3504,G0205
t3505,G0205
t3506,G0205
t3507,G0205
t3508,G0205
t3509,G0205
t3510,G0205
t3511,G0205
t3512,G0205
t3513,G0205
t3514,G0205
t3515,G0205
t3516,G0205
t3517,G0205
t3518,G0205
t3519,G0205
t1488,G0206
t1489,G0206
t1490,G0206
t1491,G0206
t1492,G0206
t1493,G0206
t1494,G0206
t1495,G0206
t1496,G0206
t1497,G0206
t1498,G0206
t1499,G0206
t1500,G0206
t1501,G0206
t1502,G0206
t1503,G0206
t3792,G0207
t3793,G0207
t3794,G0207
t3795,G0207
t3796,G0207
t3797,G0207
t3798,G0207
t3799,G0207
t3800,G0207
t3801,G0207
t3802,G0207
t3803,G0207
t3804,G0207
t3805,G0207
t3806,G0207
t3807,G0207
t320,G0208
t321,G0208
t322,G0208
t323,G0208
t324,G0208
t325,G0208
t326,G0208
t327,G0208
t328,G0208
t329,G0208
t330,G0208
t331,G0208
t332,G0208
t333,G0208
t334,G0208
t335,G0208
t6624,G0209
t6625,G0209
t6626,G0209
t6627,G0209
t6628,G0209
t6629,G0209
t6630,G0209
t6631,G0209
t6632,G0209
t6633,G0209
t6634,G0209
t6635,G0209
t6636,G0209
t6637,G0209
t6638,G0209
t6639,G0209
t912,G0210
t913,G0210
t914,G0210
t915,G0210
t916,G0210
t917,G0210
t918,G0210
t919,G0210
t920,G0210
t921,G0210
t922,G0210
t923,G0210
t924,G0210
t925,G0210
t926,G0210
t927,G0210
t5776,G0211
t5777,G0211
t5778,G0211
t5779,G0211
t5780,G0211
t5781,G0211
t5782,G0211
t5783,G0211
t5784,G0211
t5785,G0211
t5786,G0211
t5787,G0211
t5788,G0211
t5789,G0211
t5790,G0211
t5791,G0211
t4464,G0212
t4465,G0212
t4466,G0212
t4467,G0212
t4468,G0212
t4469,G0212
t4470,G0212
t4471,G0212
t4472,G0212
t4473,G0212
t4474,G0212
t4475,G0212
t4476,G0212
t4477,G0212
t4478,G0212
t4479,G0212
t304,G0213
t305,G0213
t306,G0213
t307,G0213
t308,G0213
t309,G0213
t310,G0213
t311,G0213
t312,G0213
t313,G0213
t314,G0213
t315,G0213
t316,G0213
t317,G0213
t318,G0213
t319,G0213
t3728,G0214
t3729,G0214
t3730,G0214
t3731,G0214
t3732,G0214
t3733,G0214
t3734,G0214
t3735,G0214
t3736,G0214
t3737,G0214
t3738,G0214
t3739,G0214
t3740,G0214
t3741,G0214
t3742,G0214
t3743,G0214
t4864,G0215
t4865,G0215
t4866,G0215
t4867,G0215
t4868,G0215
t4869,G0215
t4870,G0215
t4871,G0215
t4872,G0215
t4873,G0215
t4874,G0215
t4875,G0215
t4876,G0215
t4877,G0215
t4878,G0215
t4879,G0215
t3808,G0216
t3809,G0216
t3810,G0216
t3811,G0216
t3812,G0216
t3813,G0216
t3814,G0216
t3815,G0216
t3816,G0216
t3817,G0216
t3818,G0216
t3819,G0216
t3820,G0216
t3821,G0216
t3822,G0216
t3823,G0216
t2768,G0217
t2769,G0217
t2770,G0217
t2771,G0217
t2772,G0217
t2773,G0217
t2774,G0217
t2775,G0217
t2776,G0217
t2777,G0217
t2778,G0217
t2779,G0217
t2780,G0217
t2781,G0217
t2782,G0217
t2783,G0217
t8096,G0218
t8097,G0218
t8098,G0218
t8099,G0218
t8100,G0218
t8101,G0218
t8102,G0218
t8103,G0218
t8104,G0218
t8105,G0218
t8106,G0218
t8107,G0218
t8108,G0218
t8109,G0218
t8110,G0218
t8111,G0218
t592,G0219
t593,G0219
t594,G0219
t595,G0219
t596,G0219
t597,G0219
t598,G0219
t599,G0219
t600,G0219
t601,G0219
t602,G0219
t603,G0219
t604,G0219
t605,G0219
t606,G0219
t607,G0219
t6144,G0220
t6145,G0220
t6146,G0220
t6147,G0220
t6148,G0220
t6149,G0220
t6150,G0220
t6151,G0220
t6152,G0220
t6153,G0220
t6154,G0220
t6155,G0220
t6156,G0220
t6157,G0220
t6158,G0220
t6159,G0220
t5280,G0221
t5281,G0221
t5282,G0221
t5283,G0221
t5284,G0221
t5285,G0221
t5286,G0221
t5287,G0221
t5288,G0221
t5289,G0221
t5290,G0221
t5291,G0221
t5292,G0221
t5293,G0221
t5294,G0221
t5295,G0221
t1664,G0222
t1665,G0222
t1666,G0222
t1667,G0222
t1668,G0222
t1669,G0222
t1670,G0222
t1671,G0222
t1672,G0222
t1673,G0222
t1674,G0222
t1675,G0222
t1676,G0222
t1677,G0222
t1678,G0222
t1679,G0222
t7680,G0223
t7681,G0223
t7682,G0223
t7683,G0223
t7684,G0223
t7685,G0223
t7686,G0223
t7687,G0223
t7688,G0223
t7689,G0223
t7690,G0223
t7691,G0223
t7692,G0223
t7693,G0223
t7694,G0223
t7695,G0223
t8144,G0224
t8145,G0224
t8146,G0224
t8147,G0224
t8148,G0224
t8149,G0224
t8150,G0224
t8151,G0224
t8152,G0224
t8153,G0224
t8154,G0224
t8155,G0224
t8156,G0224
t8157,G0224
t8158,G0224
t8159,G0224
t3824,G0225
t3825,G0225
t3826,G0225
t3827,G0225
t3828,G0225
t3829,G0225
t3830,G0225
t3831,G0225
t3832,G0225
t3833,G0225
t3834,G0225
t3835,G0225
t3836,G0225
t3837,G0225
t3838,G0225
t3839,G0225
t2256,G0226
t2257,G0226
t2258,G0226
t2259,G0226
t2260,G0226
t2261,G0226
t2262,G0226
t2263,G0226
t2264,G0226
t2265,G0226
t2266,G0226
t2267,G0226
t2268,G0226
t2269,G0226
t2270,G0226
t2271,G0226
t4992,G0227
t4993,G0227
t4994,G0227
t4995,G0227
t4996,G0227
t4997,G0227
t4998,G0227
t4999,G0227
t5000,G0227
t5001,G0227
t5002,G0227
t5003,G0227
t5004,G0227
t5005,G0227
t5006,G0227
t5007,G0227
t3008,G0228
t3009,G0228
t3010,G0228
t3011,G0228
t3012,G0228
t3013,G0228
t3014,G0228
t3015,G0228
t3016,G0228
t3017,G0228
t3018,G0228
t3019,G0228
t3020,G0228
t3021,G0228
t3022,G0228
t3023,G0228
t2000,G0229
t2001,G0229
t2002,G0229
t2003,G0229
t2004,G0229
t2005,G0229
t2006,G0229
t2007,G0229
t2008,G0229
t2009,G0229
t2010,G0229
t2011,G0229
t2012,G0229
t2013,G0229
t2014,G0229
t2015,G0229
t2464,G0230
t2465,G0230
t2466,G0230
t2467,G0230
t2468,G0230
t2469,G0230
t2470,G0230
t2471,G0230
t2472,G0230
t2473,G0230
t2474,G0230
t2475,G0230
t2476,G0230
t2477,G0230
t2478,G0230
t2479,G0230
t3040,G0231
t3041,G0231
t3042,G0231
t3043,G0231
t3044,G0231
t3045,G0231
t3046,G0231
t3047,G0231
t3048,G0231
t3049,G0231
t3050,G0231
t3051,G0231
t3052,G0231
t3053,G0231
t3054,G0231
t3055,G0231
t5216,G0232
t5217,G0232
t5218,G0232
t5219,G0232
t5220,G0232
t5221,G0232
t5222,G0232
t5223,G0232
t5224,G0232
t5225,G0232
t5226,G0232
t5227,G0232
t5228,G0232
t5229,G0232
t5230,G0232
t5231,G0232
t464,G0233
t465,G0233
t466,G0233
t467,G0233
t468,G0233
t469,G0233
t470,G0233
t471,G0233
t472,G0233
t473,G0233
t474,G0233
t475,G0233
t476,G0233
t477,G0233
t478,G0233
t479,G0233
t6096,G0234
t6097,G0234
t6098,G0234
t6099,G0234
t6100,G0234
t6101,G0234
t6102,G0234
t6103,G0234
t6104,G0234
t6105,G0234
t6106,G0234
t6107,G0234
t6108,G0234
t6109,G0234
t6110,G0234
t6111,G0234
t5600,G0235
t5601,G0235
t5602,G0235
t5603,G0235
t5604,G0235
t5605,G0235
t5606,G0235
t5607,G0235
t5608,G0235
t5609,G0235
t5610,G0235
t5611,G0235
t5612,G0235
t5613,G0235
t5614,G0235
t5615,G0235
t6176,G0236
t6177,G0236
t6178,G0236
t6179,G0236
t6180,G0236
t6181,G0236
t6182,G0236
t6183,G0236
t6184,G0236
t6185,G0236
t6186,G0236
t6187,G0236
t6188,G0236
t6189,G0236
t6190,G0236
t6191,G0236
t1040,G0237
t1041,G0237
t1042,G0237
t1043,G0237
t1044,G0237
t1045,G0237
t1046,G0237
t1047,G0237
t1048,G0237
t1049,G0237
t1050,G0237
t1051,G0237
t1052,G0237
t1053,G0237
t1054,G0237
t1055,G0237
t4352,G0238
t4353,G0238
t4354,G0238
t4355,G0238
t4356,G0238
t4357,G0238
t4358,G0238
t4359,G0238
t4360,G0238
t4361,G0238
t4362,G0238
t4363,G0238
t4364,G0238
t4365,G0238
t4366,G0238
t4367,G0238
t2448,G0239
t2449,G0239
t2450,G0239
t2451,G0239
t2452,G0239
t2453,G0239
t2454,G0239
t2455,G0239
t2456,G0239
t2457,G0239
t2458,G0239
t2459,G0239
t2460,G0239
t2461,G0239
t2462,G0239
t2463,G0239
t4960,G0240
t4961,G0240
t4962,G0240
t4963,G0240
t4964,G0240
t4965,G0240
t4966,G0240
t4967,G0240
t4968,G0240
t4969,G0240
t4970,G0240
t4971,G0240
t4972,G0240
t4973,G0240
t4974,G0240
t4975,G0240
t3280,G0241
t3281,G0241
t3282,G0241
t3283,G0241
t3284,G0241
t3285,G0241
t3286,G0241
t3287,G0241
t3288,G0241
t3289,G0241
t3290,G0241
t3291,G0241
t3292,G0241
t3293,G0241
t3294,G0241
t3295,G0241
t6128,G0242
t6129,G0242
t6130,G0242
t6131,G0242
t6132,G0242
t6133,G0242
t6134,G0242
t6135,G0242
t6136,G0242
t6137,G0242
t6138,G0242
t6139,G0242
t6140,G0242
t6141,G0242
t6142,G0242
t6143,G0242
t5056,G0243
t5057,G0243
t5058,G0243
t5059,G0243
t5060,G0243
t5061,G0243
t5062,G0243
t5063,G0243
t5064,G0243
t5065,G0243
t5066,G0243
t5067,G0243
t5068,G0243
t5069,G0243
t5070,G0243
t5071,G0243
t7040,G0244
t7041,G0244
t7042,G0244
t7043,G0244
t7044,G0244
t7045,G0244
t7046,G0244
t7047,G0244
t7048,G0244
t7049,G0244
t7050,G0244
t7051,G0244
t7052,G0244
t7053,G0244
t7054,G0244
t7055,G0244
t6864,G0245
t6865,G0245
t6866,G0245
t6867,G0245
t6868,G0245
t6869,G0245
t6870,G0245
t6871,G0245
t6872,G0245
t6873,G0245
t6874,G0245
t6875,G0245
t6876,G0245
t6877,G0245
t6878,G0245
t6879,G0245
t3264,G0246
t3265,G0246
t3266,G0246
t3267,G0246
t3268,G0246
t3269,G0246
t3270,G0246
t3271,G0246
t3272,G0246
t3273,G0246
t3274,G0246
t3275,G0246
t3276,G0246
t3277,G0246
t3278,G0246
t3279,G0246
t336,G0247
t337,G0247
t338,G0247
t339,G0247
t340,G0247
t341,G0247
t342,G0247
t343,G0247
t344,G0247
t345,G0247
t346,G0247
t347,G0247
t348,G0247
t349,G0247
t350,G0247
t351,G0247
t4576,G0248
t4577,G0248
t4578,G0248
t4579,G0248
t4580,G0248
t4581,G0248
t4582,G0248
t4583,G0248
t4584,G0248
t4585,G0248
t4586,G0248
t4587,G0248
t4588,G0248
t4589,G0248
t4590,G0248
t4591,G0248
t2960,G0249
t2961,G0249
t2962,G0249
t2963,G0249
t2964,G0249
t2965,G0249
t2966,G0249
t2967,G0249
t2968,G0249
t2969,G0249
t2970,G0249
t2971,G0249
t2972,G0249
t2973,G0249
t2974,G0249
t2975,G0249
t5184,G0250
t5185,G0250
t5186,G0250
t5187,G0250
t5188,G0250
t5189,G0250
t5190,G0250
t5191,G0250
t5192,G0250
t5193,G0250
t5194,G0250
t5195,G0250
t5196,G0250
t5197,G0250
t5198,G0250
t5199,G0250
t8064,G0251
t8065,G0251
t8066,G0251
t8067,G0251
t8068,G0251
t8069,G0251
t8070,G0251
t8071,G0251
t8072,G0251
t8073,G0251
t8074,G0251
t8075,G0251
t8076,G0251
t8077,G0251
t8078,G0251
t8079,G0251
t3088,G0252
t3089,G0252
t3090,G0252
t3091,G0252
t3092,G0252
t3093,G0252
t3094,G0252
t3095,G0252
t3096,G0252
t3097,G0252
t3098,G0252
t3099,G0252
t3100,G0252
t3101,G0252
t3102,G0252
t3103,G0252
t6672,G0253
t6673,G0253
t6674,G0253
t6675,G0253
t6676,G0253
t6677,G0253
t6678,G0253
t6679,G0253
t6680,G0253
t6681,G0253
t6682,G0253
t6683,G0253
t6684,G0253
t6685,G0253
t6686,G0253
t6687,G0253
t7712,G0254
t7713,G0254
t7714,G0254
t7715,G0254
t7716,G0254
t7717,G0254
t7718,G0254
t7719,G0254
t7720,G0254
t7721,G0254
t7722,G0254
t7723,G0254
t7724,G0254
t7725,G0254
t7726,G0254
t7727,G0254
t6944,G0255
t6945,G0255
t6946,G0255
t6947,G0255
t6948,G0255
t6949,G0255
t6950,G0255
t6951,G0255
t6952,G0255
t6953,G0255
t6954,G0255
t6955,G0255
t6956,G0255
t6957,G0255
t6958,G0255
t6959,G0255
t5120,G0256
t5121,G0256
t5122,G0256
t5123,G0256
t5124,G0256
t5125,G0256
t5126,G0256
t5127,G0256
t5128,G0256
t5129,G0256
t5130,G0256
t5131,G0256
t5132,G0256
t5133,G0256
t5134,G0256
t5135,G0256
t2240,G0257
t2241,G0257
t2242,G0257
t2243,G0257
t2244,G0257
t2245,G0257
t2246,G0257
t2247,G0257
t2248,G0257
t2249,G0257
t2250,G0257
t2251,G0257
t2252,G0257
t2253,G0257
t2254,G0257
t2255,G0257
t7856,G0258
t7857,G0258
t7858,G0258
t7859,G0258
t7860,G0258
t7861,G0258
t7862,G0258
t7863,G0258
t7864,G0258
t7865,G0258
t7866,G0258
t7867,G0258
t7868,G0258
t7869,G0258
t7870,G0258
t7871,G0258
t7408,G0259
t7409,G0259
t7410,G0259
t7411,G0259
t7412,G0259
t7413,G0259
t7414,G0259
t7415,G0259
t7416,G0259
t7417,G0259
t7418,G0259
t7419,G0259
t7420,G0259
t7421,G0259
t7422,G0259
t7423,G0259
t3632,G0260
t3633,G0260
t3634,G0260
t3635,G0260
t3636,G0260
t3637,G0260
t3638,G0260
t3639,G0260
t3640,G0260
t3641,G0260
t3642,G0260
t3643,G0260
t3644,G0260
t3645,G0260
t3646,G0260
t3647,G0260
t1088,G0261
t1089,G0261
t1090,G0261
t1091,G0261
t1092,G0261
t1093,G0261
t1094,G0261
t1095,G0261
t1096,G0261
t1097,G0261
t1098,G0261
t1099,G0261
t1100,G0261
t1101,G0261
t1102,G0261
t1103,G0261
t864,G0262
t865,G0262
t866,G0262
t867,G0262
t868,G0262
t869,G0262
t870,G0262
t871,G0262
t872,G0262
t873,G0262
t874,G0262
t875,G0262
t876,G0262
t877,G0262
t878,G0262
t879,G0262
t1744,G0263
t1745,G0263
t1746,G0263
t1747,G0263
t1748,G0263
t1749,G0263
t1750,G0263
t1751,G0263
t1752,G0263
t1753,G0263
t1754,G0263
t1755,G0263
t1756,G0263
t1757,G0263
t1758,G0263
t1759,G0263
t4896,G0264
t4897,G0264
t4898,G0264
t4899,G0264
t4900,G0264
t4901,G0264
t4902,G0264
t4903,G0264
t4904,G0264
t4905,G0264
t4906,G0264
t4907,G0264
t4908,G0264
t4909,G0264
t4910,G0264
t4911,G0264
t544,G0265
t545,G0265
t546,G0265
t547,G0265
t548,G0265
t549,G0265
t550,G0265
t551,G0265
t552,G0265
t553,G0265
t554,G0265
t555,G0265
t556,G0265
t557,G0265
t558,G0265
t559,G0265
t3200,G0266
t3201,G0266
t3202,G0266
t3203,G0266
t3204,G0266
t3205,G0266
t3206,G0266
t3207,G0266
t3208,G0266
t3209,G0266
t3210,G0266
t3211,G0266
t3212,G0266
t3213,G0266
t3214,G0266
t3215,G0266
t2304,G0267
t2305,G0267
t2306,G0267
t2307,G0267
t2308,G0267
t2309,G0267
t2310,G0267
t2311,G0267
t2312,G0267
t2313,G0267
t2314,G0267
t2315,G0267
t2316,G0267
t2317,G0267
t2318,G0267
t2319,G0267
t5952,G0268
t5953,G0268
t5954,G0268
t5955,G0268
t5956,G0268
t5957,G0268
t5958,G0268
t5959,G0268
t5960,G0268
t5961,G0268
t5962,G0268
t5963,G0268
t5964,G0268
t5965,G0268
t5966,G0268
t5967,G0268
t4704,G0269
t4705,G0269
t4706,G0269
t4707,G0269
t4708,G0269
t4709,G0269
t4710,G0269
t4711,G0269
t4712,G0269
t4713,G0269
t4714,G0269
t4715,G0269
t4716,G0269
t4717,G0269
t4718,G0269
t4719,G0269
t6160,G0270
t6161,G0270
t6162,G0270
t6163,G0270
t6164,G0270
t6165,G0270
t6166,G0270
t6167,G0270
t6168,G0270
t6169,G0270
t6170,G0270
t6171,G0270
t6172,G0270
t6173,G0270
t6174,G0270
t6175,G0270
t640,G0271
t641,G0271
t642,G0271
t643,G0271
t644,G0271
t645,G0271
t646,G0271
t647,G0271
t648,G0271
t649,G0271
t650,G0271
t651,G0271
t652,G0271
t653,G0271
t654,G0271
t655,G0271
t6896,G0272
t6897,G0272
t6898,G0272
t6899,G0272
t6900,G0272
t6901,G0272
t6902,G0272
t6903,G0272
t6904,G0272
t6905,G0272
t6906,G0272
t6907,G0272
t6908,G0272
t6909,G0272
t6910,G0272
t6911,G0272
t1152,G0273
t1153,G0273
t1154,G0273
t1155,G0273
t1156,G0273
t1157,G0273
t1158,G0273
t1159,G0273
t1160,G0273
t1161,G0273
t1162,G0273
t1163,G0273
t1164,G0273
t1165,G0273
t1166,G0273
t1167,G0273
t5584,G0274
t5585,G0274
t5586,G0274
t5587,G0274
t5588,G0274
t5589,G0274
t5590,G0274
t5591,G0274
t5592,G0274
t5593,G0274
t5594,G0274
t5595,G0274
t5596,G0274
t5597,G0274
t5598,G0274
t5599,G0274
t6192,G0275
t6193,G0275
t6194,G0275
t6195,G0275
t6196,G0275
t6197,G0275
t6198,G0275
t6199,G0275
t6200,G0275
t6201,G0275
t6202,G0275
t6203,G0275
t6204,G0275
t6205,G0275
t6206,G0275
t6207,G0275
t6512,G0276
t6513,G0276
t6514,G0276
t6515,G0276
t6516,G0276
t6517,G0276
t6518,G0276
t6519,G0276
t6520,G0276
t6521,G0276
t6522,G0276
t6523,G0276
t6524,G0276
t6525,G0276
t6526,G0276
t6527,G0276
t7504,G0277
t7505,G0277
t7506,G0277
t7507,G0277
t7508,G0277
t7509,G0277
t7510,G0277
t7511,G0277
t7512,G0277
t7513,G0277
t7514,G0277
t7515,G0277
t7516,G0277
t7517,G0277
t7518,G0277
t7519,G0277
t5072,G0278
t5073,G0278
t5074,G0278
t5075,G0278
t5076,G0278
t5077,G0278
t5078,G0278
t5079,G0278
t5080,G0278
t5081,G0278
t5082,G0278
t5083,G0278
t5084,G0278
t5085,G0278
t5086,G0278
t5087,G0278
t6768,G0279
t6769,G0279
t6770,G0279
t6771,G0279
t6772,G0279
t6773,G0279
t6774,G0279
t6775,G0279
t6776,G0279
t6777,G0279
t6778,G0279
t6779,G0279
t6780,G0279
t6781,G0279
t6782,G0279
t6783,G0279
t1200,G0280
t1201,G0280
t1202,G0280
t1203,G0280
t1204,G0280
t1205,G0280
t1206,G0280
t1207,G0280
t1208,G0280
t1209,G0280
t1210,G0280
t1211,G0280
t1212,G0280
t1213,G0280
t1214,G0280
t1215,G0280
t1584,G0281
t1585,G0281
t1586,G0281
t1587,G0281
t1588,G0281
t1589,G0281
t1590,G0281
t1591,G0281
t1592,G0281
t1593,G0281
t1594,G0281
t1595,G0281
t1596,G0281
t1597,G0281
t1598,G0281
t1599,G0281
t6960,G0282
t6961,G0282
t6962,G0282
t6963,G0282
t6964,G0282
t6965,G0282
t6966,G0282
t6967,G0282
t6968,G0282
t6969,G0282
t6970,G0282
t6971,G0282
t6972,G0282
t6973,G0282
t6974,G0282
t6975,G0282
t416,G0283
t417,G0283
t418,G0283
t419,G0283
t420,G0283
t421,G0283
t422,G0283
t423,G0283
t424,G0283
t425,G0283
t426,G0283
t427,G0283
t428,G0283
t429,G0283
t430,G0283
t431,G0283
t2016,G0284
t2017,G0284
t2018,G0284
t2019,G0284
t2020,G0284
t2021,G0284
t2022,G0284
t2023,G0284
t2024,G0284
t2025,G0284
t2026,G0284
t2027,G0284
t2028,G0284
t2029,G0284
t2030,G0284
t2031,G0284
t784,G0285
t785,G0285
t786,G0285
t787,G0285
t788,G0285
t789,G0285
t790,G0285
t791,G0285
t792,G0285
t793,G0285
t794,G0285
t795,G0285
t796,G0285
t797,G0285
t798,G0285
t799,G0285
t7232,G0286
t7233,G0286
t7234,G0286
t7235,G0286
t7236,G0286
t7237,G0286
t7238,G0286
t7239,G0286
t7240,G0286
t7241,G0286
t7242,G0286
t7243,G0286
t7244,G0286
t7245,G0286
t7246,G0286
t7247,G0286
t7440,G0287
t7441,G0287
t7442,G0287
t7443,G0287
t7444,G0287
t7445,G0287
t7446,G0287
t7447,G0287
t7448,G0287
t7449,G0287
t7450,G0287
t7451,G0287
t7452,G0287
t7453,G0287
t7454,G0287
t7455,G0287
t2752,G0288
t2753,G0288
t2754,G0288
t2755,G0288
t2756,G0288
t2757,G0288
t2758,G0288
t2759,G0288
t2760,G0288
t2761,G0288
t2762,G0288
t2763,G0288
t2764,G0288
t2765,G0288
t2766,G0288
t2767,G0288
t2336,G0289
t2337,G0289
t2338,G0289
t2339,G0289
t2340,G0289
t2341,G0289
t2342,G0289
t2343,G0289
t2344,G0289
t2345,G0289
t2346,G0289
t2347,G0289
t2348,G0289
t2349,G0289
t2350,G0289
t2351,G0289
t7632,G0290
t7633,G0290
t7634,G0290
t7635,G0290
t7636,G0290
t7637,G0290
t7638,G0290
t7639,G0290
t7640,G0290
t7641,G0290
t7642,G0290
t7643,G0290
t7644,G0290
t7645,G0290
t7646,G0290
t7647,G0290
t400,G0291
t401,G0291
t402,G0291
t403,G0291
t404,G0291
t405,G0291
t406,G0291
t407,G0291
t408,G0291
t409,G0291
t410,G0291
t411,G0291
t412,G0291
t413,G0291
t414,G0291
t415,G0291
t6576,G0292
t6577,G0292
t6578,G0292
t6579,G0292
t6580,G0292
t6581,G0292
t6582,G0292
t6583,G0292
t6584,G0292
t6585,G0292
t6586,G0292
t6587,G0292
t6588,G0292
t6589,G0292
t6590,G0292
t6591,G0292
t7072,G0293
t7073,G0293
t7074,G0293
t7075,G0293
t7076,G0293
t7077,G0293
t7078,G0293
t7079,G0293
t7080,G0293
t7081,G0293
t7082,G0293
t7083,G0293
t7084,G0293
t7085,G0293
t7086,G0293
t7087,G0293
t4688,G0294
t4689,G0294
t4690,G0294
t4691,G0294
t4692,G0294
t4693,G0294
t4694,G0294
t4695,G0294
t4696,G0294
t4697,G0294
t4698,G0294
t4699,G0294
t4700,G0294
t4701,G0294
t4702,G0294
t4703,G0294
t7904,G0295
t7905,G0295
t7906,G0295
t7907,G0295
t7908,G0295
t7909,G0295
t7910,G0295
t7911,G0295
t7912,G0295
t7913,G0295
t7914,G0295
t7915,G0295
t7916,G0295
t7917,G0295
t7918,G0295
t7919,G0295
t4928,G0296
t4929,G0296
t4930,G0296
t4931,G0296
t4932,G0296
t4933,G0296
t4934,G0296
t4935,G0296
t4936,G0296
t4937,G0296
t4938,G0296
t4939,G0296
t4940,G0296
t4941,G0296
t4942,G0296
t4943,G0296
t4752,G0297
t4753,G0297
t4754,G0297
t4755,G0297
t4756,G0297
t4757,G0297
t4758,G0297
t4759,G0297
t4760,G0297
t4761,G0297
t4762,G0297
t4763,G0297
t4764,G0297
t4765,G0297
t4766,G0297
t4767,G0297
t5888,G0298
t5889,G0298
t5890,G0298
t5891,G0298
t5892,G0298
t5893,G0298
t5894,G0298
t5895,G0298
t5896,G0298
t5897,G0298
t5898,G0298
t5899,G0298
t5900,G0298
t5901,G0298
t5902,G0298
t5903,G0298
t7840,G0299
t7841,G0299
t7842,G0299
t7843,G0299
t7844,G0299
t7845,G0299
t7846,G0299
t7847,G0299
t7848,G0299
t7849,G0299
t7850,G0299
t7851,G0299
t7852,G0299
t7853,G0299
t7854,G0299
t7855,G0299
t7792,G0300
t7793,G0300
t7794,G0300
t7795,G0300
t7796,G0300
t7797,G0300
t7798,G0300
t7799,G0300
t7800,G0300
t7801,G0300
t7802,G0300
t7803,G0300
t7804,G0300
t7805,G0300
t7806,G0300
t7807,G0300
t3552,G0301
t3553,G0301
t3554,G0301
t3555,G0301
t3556,G0301
t3557,G0301
t3558,G0301
t3559,G0301
t3560,G0301
t3561,G0301
t3562,G0301
t3563,G0301
t3564,G0301
t3565,G0301
t3566,G0301
t3567,G0301
t5552,G0302
t5553,G0302
t5554,G0302
t5555,G0302
t5556,G0302
t5557,G0302
t5558,G0302
t5559,G0302
t5560,G0302
t5561,G0302
t5562,G0302
t5563,G0302
t5564,G0302
t5565,G0302
t5566,G0302
t5567,G0302
t688,G0303
t689,G0303
t690,G0303
t691,G0303
t692,G0303
t693,G0303
t694,G0303
t695,G0303
t696,G0303
t697,G0303
t698,G0303
t699,G0303
t700,G0303
t701,G0303
t702,G0303
t703,G0303
t7984,G0304
t7985,G0304
t7986,G0304
t7987,G0304
t7988,G0304
t7989,G0304
t7990,G0304
t7991,G0304
t7992,G0304
t7993,G0304
t7994,G0304
t7995,G0304
t7996,G0304
t7997,G0304
t7998,G0304
t7999,G0304
t6800,G0305
t6801,G0305
t6802,G0305
t6803,G0305
t6804,G0305
t6805,G0305
t6806,G0305
t6807,G0305
t6808,G0305
t6809,G0305
t6810,G0305
t6811,G0305
t6812,G0305
t6813,G0305
t6814,G0305
t6815,G0305
t4384,G0306
t4385,G0306
t4386,G0306
t4387,G0306
t4388,G0306
t4389,G0306
t4390,G0306
t4391,G0306
t4392,G0306
t4393,G0306
t4394,G0306
t4395,G0306
t4396,G0306
t4397,G0306
t4398,G0306
t4399,G0306
t7456,G0307
t7457,G0307
t7458,G0307
t7459,G0307
t7460,G0307
t7461,G0307
t7462,G0307
t7463,G0307
t7464,G0307
t7465,G0307
t7466,G0307
t7467,G0307
t7468,G0307
t7469,G0307
t7470,G0307
t7471,G0307
t3344,G0308
t3345,G0308
t3346,G0308
t3347,G0308
t3348,G0308
t3349,G0308
t3350,G0308
t3351,G0308
t3352,G0308
t3353,G0308
t3354,G0308
t3355,G0308
t3356,G0308
t3357,G0308
t3358,G0308
t3359,G0308
t7008,G0309
t7009,G0309
t7010,G0309
t7011,G0309
t7012,G0309
t7013,G0309
t7014,G0309
t7015,G0309
t7016,G0309
t7017,G0309
t7018,G0309
t7019,G0309
t7020,G0309
t7021,G0309
t7022,G0309
t7023,G0309
t7104,G0310
t7105,G0310
t7106,G0310
t7107,G0310
t7108,G0310
t7109,G0310
t7110,G0310
t7111,G0310
t7112,G0310
t7113,G0310
t7114,G0310
t7115,G0310
t7116,G0310
t7117,G0310
t7118,G0310
t7119,G0310
t3472,G0311
t3473,G0311
t3474,G0311
t3475,G0311
t3476,G0311
t3477,G0311
t3478,G0311
t3479,G0311
t3480,G0311
t3481,G0311
t3482,G0311
t3483,G0311
t3484,G0311
t3485,G0311
t3486,G0311
t3487,G0311
t6432,G0312
t6433,G0312
t6434,G0312
t6435,G0312
t6436,G0312
t6437,G0312
t6438,G0312
t6439,G0312
t6440,G0312
t6441,G0312
t6442,G0312
t6443,G0312
t6444,G0312
t6445,G0312
t6446,G0312
t6447,G0312
t5088,G0313
t5089,G0313
t5090,G0313
t5091,G0313
t5092,G0313
t5093,G0313
t5094,G0313
t5095,G0313
t5096,G0313
t5097,G0313
t5098,G0313
t5099,G0313
t5100,G0313
t5101,G0313
t5102,G0313
t5103,G0313
t5792,G0314
t5793,G0314
t5794,G0314
t5795,G0314
t5796,G0314
t5797,G0314
t5798,G0314
t5799,G0314
t5800,G0314
t5801,G0314
t5802,G0314
t5803,G0314
t5804,G0314
t5805,G0314
t5806,G0314
t5807,G0314
t528,G0315
t529,G0315
t530,G0315
t531,G0315
t532,G0315
t533,G0315
t534,G0315
t535,G0315
t536,G0315
t537,G0315
t538,G0315
t539,G0315
t540,G0315
t541,G0315
t542,G0315
t543,G0315
t4640,G0316
t4641,G0316
t4642,G0316
t4643,G0316
t4644,G0316
t4645,G0316
t4646,G0316
t4647,G0316
t4648,G0316
t4649,G0316
t4650,G0316
t4651,G0316
t4652,G0316
t4653,G0316
t4654,G0316
t4655,G0316
t7136,G0317
t7137,G0317
t7138,G0317
t7139,G0317
t7140,G0317
t7141,G0317
t7142,G0317
t7143,G0317
t7144,G0317
t7145,G0317
t7146,G0317
t7147,G0317
t7148,G0317
t7149,G0317
t7150,G0317
t7151,G0317
t4944,G0318
t4945,G0318
t4946,G0318
t4947,G0318
t4948,G0318
t4949,G0318
t4950,G0318
t4951,G0318
t4952,G0318
t4953,G0318
t4954,G0318
t4955,G0318
t4956,G0318
t4957,G0318
t4958,G0318
t4959,G0318
t6336,G0319
t6337,G0319
t6338,G0319
t6339,G0319
t6340,G0319
t6341,G0319
t6342,G0319
t6343,G0319
t6344,G0319
t6345,G0319
t6346,G0319
t6347,G0319
t6348,G0319
t6349,G0319
t6350,G0319
t6351,G0319
t2528,G0320
t2529,G0320
t2530,G0320
t2531,G0320
t2532,G0320
t2533,G0320
t2534,G0320
t2535,G0320
t2536,G0320
t2537,G0320
t2538,G0320
t2539,G0320
t2540,G0320
t2541,G0320
t2542,G0320
t2543,G0320
t624,G0321
t625,G0321
t626,G0321
t627,G0321
t628,G0321
t629,G0321
t630,G0321
t631,G0321
t632,G0321
t633,G0321
t634,G0321
t635,G0321
t636,G0321
t637,G0321
t638,G0321
t639,G0321
t5168,G0322
t5169,G0322
t5170,G0322
t5171,G0322
t5172,G0322
t5173,G0322
t5174,G0322
t5175,G0322
t5176,G0322
t5177,G0322
t5178,G0322
t5179,G0322
t5180,G0322
t5181,G0322
t5182,G0322
t5183,G0322
t2496,G0323
t2497,G0323
t2498,G0323
t2499,G0323
t2500,G0323
t2501,G0323
t2502,G0323
t2503,G0323
t2504,G0323
t2505,G0323
t2506,G0323
t2507,G0323
t2508,G0323
t2509,G0323
t2510,G0323
t2511,G0323
t384,G0324
t385,G0324
t386,G0324
t387,G0324
t388,G0324
t389,G0324
t390,G0324
t391,G0324
t392,G0324
t393,G0324
t394,G0324
t395,G0324
t396,G0324
t397,G0324
t398,G0324
t399,G0324
t1728,G0325
t1729,G0325
t1730,G0325
t1731,G0325
t1732,G0325
t1733,G0325
t1734,G0325
t1735,G0325
t1736,G0325
t1737,G0325
t1738,G0325
t1739,G0325
t1740,G0325
t1741,G0325
t1742,G0325
t1743,G0325
t1024,G0326
t1025,G0326
t1026,G0326
t1027,G0326
t1028,G0326
t1029,G0326
t1030,G0326
t1031,G0326
t1032,G0326
t1033,G0326
t1034,G0326
t1035,G0326
t1036,G0326
t1037,G0326
t1038,G0326
t1039,G0326
t2432,G0327
t2433,G0327
t2434,G0327
t2435,G0327
t2436,G0327
t2437,G0327
t2438,G0327
t2439,G0327
t2440,G0327
t2441,G0327
t2442,G0327
t2443,G0327
t2444,G0327
t2445,G0327
t2446,G0327
t2447,G0327
t480,G0328
t481,G0328
t482,G0328
t483,G0328
t484,G0328
t485,G0328
t486,G0328
t487,G0328
t488,G0328
t489,G0328
t490,G0328
t491,G0328
t492,G0328
t493,G0328
t494,G0328
t495,G0328
t7520,G0329
t7521,G0329
t7522,G0329
t7523,G0329
t7524,G0329
t7525,G0329
t7526,G0329
t7527,G0329
t7528,G0329
t7529,G0329
t7530,G0329
t7531,G0329
t7532,G0329
t7533,G0329
t7534,G0329
t7535,G0329
t7648,G0330
t7649,G0330
t7650,G0330
t7651,G0330
t7652,G0330
t7653,G0330
t7654,G0330
t7655,G0330
t7656,G0330
t7657,G0330
t7658,G0330
t7659,G0330
t7660,G0330
t7661,G0330
t7662,G0330
t7663,G0330
t3232,G0331
t3233,G0331
t3234,G0331
t3235,G0331
t3236,G0331
t3237,G0331
t3238,G0331
t3239,G0331
t3240,G0331
t3241,G0331
t3242,G0331
t3243,G0331
t3244,G0331
t3245,G0331
t3246,G0331
t3247,G0331
t7344,G0332
t7345,G0332
t7346,G0332
t7347,G0332
t7348,G0332
t7349,G0332
t7350,G0332
t7351,G0332
t7352,G0332
t7353,G0332
t7354,G0332
t7355,G0332
t7356,G0332
t7357,G0332
t7358,G0332
t7359,G0332
t4288,G0333
t4289,G0333
t4290,G0333
t4291,G0333
t4292,G0333
t4293,G0333
t4294,G0333
t4295,G0333
t4296,G0333
t4297,G0333
t4298,G0333
t4299,G0333
t4300,G0333
t4301,G0333
t4302,G0333
t4303,G0333
t1824,G0334
t1825,G0334
t1826,G0334
t1827,G0334
t1828,G0334
t1829,G0334
t1830,G0334
t1831,G0334
t1832,G0334
t1833,G0334
t1834,G0334
t1835,G0334
t1836,G0334
t1837,G0334
t1838,G0334
t1839,G0334
t8016,G0335
t8017,G0335
t8018,G0335
t8019,G0335
t8020,G0335
t8021,G0335
t8022,G0335
t8023,G0335
t8024,G0335
t8025,G0335
t8026,G0335
t8027,G0335
t8028,G0335
t8029,G0335
t8030,G0335
t8031,G0335
t4224,G0336
t4225,G0336
t4226,G0336
t4227,G0336
t4228,G0336
t4229,G0336
t4230,G0336
t4231,G0336
t4232,G0336
t4233,G0336
t4234,G0336
t4235,G0336
t4236,G0336
t4237,G0336
t4238,G0336
t4239,G0336
t7488,G0337
t7489,G0337
t7490,G0337
t7491,G0337
t7492,G0337
t7493,G0337
t7494,G0337
t7495,G0337
t7496,G0337
t7497,G0337
t7498,G0337
t7499,G0337
t7500,G0337
t7501,G0337
t7502,G0337
t7503,G0337
t5680,G0338
t5681,G0338
t5682,G0338
t5683,G0338
t5684,G0338
t5685,G0338
t5686,G0338
t5687,G0338
t5688,G0338
t5689,G0338
t5690,G0338
t5691,G0338
t5692,G0338
t5693,G0338
t5694,G0338
t5695,G0338
t6880,G0339
t6881,G0339
t6882,G0339
t6883,G0339
t6884,G0339
t6885,G0339
t6886,G0339
t6887,G0339
t6888,G0339
t6889,G0339
t6890,G0339
t6891,G0339
t6892,G0339
t6893,G0339
t6894,G0339
t6895,G0339
t7728,G0340
t7729,G0340
t7730,G0340
t7731,G0340
t7732,G0340
t7733,G0340
t7734,G0340
t7735,G0340
t7736,G0340
t7737,G0340
t7738,G0340
t7739,G0340
t7740,G0340
t7741,G0340
t7742,G0340
t7743,G0340
t1312,G0341
t1313,G0341
t1314,G0341
t1315,G0341
t1316,G0341
t1317,G0341
t1318,G0341
t1319,G0341
t1320,G0341
t1321,G0341
t1322,G0341
t1323,G0341
t1324,G0341
t1325,G0341
t1326,G0341
t1327,G0341
t288,G0342
t289,G0342
t290,G0342
t291,G0342
t292,G0342
t293,G0342
t294,G0342
t295,G0342
t296,G0342
t297,G0342
t298,G0342
t299,G0342
t300,G0342
t301,G0342
t302,G0342
t303,G0342
t1184,G0343
t1185,G0343
t1186,G0343
t1187,G0343
t1188,G0343
t1189,G0343
t1190,G0343
t1191,G0343
t1192,G0343
t1193,G0343
t1194,G0343
t1195,G0343
t1196,G0343
t1197,G0343
t1198,G0343
t1199,G0343
t3248,G0344
t3249,G0344
t3250,G0344
t3251,G0344
t3252,G0344
t3253,G0344
t3254,G0344
t3255,G0344
t3256,G0344
t3257,G0344
t3258,G0344
t3259,G0344
t3260,G0344
t3261,G0344
t3262,G0344
t3263,G0344
t144,G0345
t145,G0345
t146,G0345
t147,G0345
t148,G0345
t149,G0345
t150,G0345
t151,G0345
t152,G0345
t153,G0345
t154,G0345
t155,G0345
t156,G0345
t157,G0345
t158,G0345
t159,G0345
t1840,G0346
t1841,G0346
t1842,G0346
t1843,G0346
t1844,G0346
t1845,G0346
t1846,G0346
t1847,G0346
t1848,G0346
t1849,G0346
t1850,G0346
t1851,G0346
t1852,G0346
t1853,G0346
t1854,G0346
t1855,G0346
t160,G0347
t161,G0347
t162,G0347
t163,G0347
t164,G0347
t165,G0347
t166,G0347
t167,G0347
t168,G0347
t169,G0347
t170,G0347
t171,G0347
t172,G0347
t173,G0347
t174,G0347
t175,G0347
t7824,G0348
t7825,G0348
t7826,G0348
t7827,G0348
t7828,G0348
t7829,G0348
t7830,G0348
t7831,G0348
t7832,G0348
t7833,G0348
t7834,G0348
t7835,G0348
t7836,G0348
t7837,G0348
t7838,G0348
t7839,G0348
t7936,G0349
t7937,G0349
t7938,G0349
t7939,G0349
t7940,G0349
t7941,G0349
t7942,G0349
t7943,G0349
t7944,G0349
t7945,G0349
t7946,G0349
t7947,G0349
t7948,G0349
t7949,G0349
t7950,G0349
t7951,G0349
t4176,G0350
t4177,G0350
t4178,G0350
t4179,G0350
t4180,G0350
t4181,G0350
t4182,G0350
t4183,G0350
t4184,G0350
t4185,G0350
t4186,G0350
t4187,G0350
t4188,G0350
t4189,G0350
t4190,G0350
t4191,G0350
t2064,G0351
t2065,G0351
t2066,G0351
t2067,G0351
t2068,G0351
t2069,G0351
t2070,G0351
t2071,G0351
t2072,G0351
t2073,G0351
t2074,G0351
t2075,G0351
t2076,G0351
t2077,G0351
t2078,G0351
t2079,G0351
t6384,G0352
t6385,G0352
t6386,G0352
t6387,G0352
t6388,G0352
t6389,G0352
t6390,G0352
t6391,G0352
t6392,G0352
t6393,G0352
t6394,G0352
t6395,G0352
t6396,G0352
t6397,G0352
t6398,G0352
t6399,G0352
t2112,G0353
t2113,G0353
t2114,G0353
t2115,G0353
t2116,G0353
t2117,G0353
t2118,G0353
t2119,G0353
t2120,G0353
t2121,G0353
t2122,G0353
t2123,G0353
t2124,G0353
t2125,G0353
t2126,G0353
t2127,G0353
t1536,G0354
t1537,G0354
t1538,G0354
t1539,G0354
t1540,G0354
t1541,G0354
t1542,G0354
t1543,G0354
t1544,G0354
t1545,G0354
t1546,G0354
t1547,G0354
t1548,G0354
t1549,G0354
t1550,G0354
t1551,G0354
t3440,G0355
t3441,G0355
t3442,G0355
t3443,G0355
t3444,G0355
t3445,G0355
t3446,G0355
t3447,G0355
t3448,G0355
t3449,G0355
t3450,G0355
t3451,G0355
t3452,G0355
t3453,G0355
t3454,G0355
t3455,G0355
t2800,G0356
t2801,G0356
t2802,G0356
t2803,G0356
t2804,G0356
t2805,G0356
t2806,G0356
t2807,G0356
t2808,G0356
t2809,G0356
t2810,G0356
t2811,G0356
t2812,G0356
t2813,G0356
t2814,G0356
t2815,G0356
t3152,G0357
t3153,G0357
t3154,G0357
t3155,G0357
t3156,G0357
t3157,G0357
t3158,G0357
t3159,G0357
t3160,G0357
t3161,G0357
t3162,G0357
t3163,G0357
t3164,G0357
t3165,G0357
t3166,G0357
t3167,G0357
t2544,G0358
t2545,G0358
t2546,G0358
t2547,G0358
t2548,G0358
t2549,G0358
t2550,G0358
t2551,G0358
t2552,G0358
t2553,G0358
t2554,G0358
t2555,G0358
t2556,G0358
t2557,G0358
t2558,G0358
t2559,G0358
t192,G0359
t193,G0359
t194,G0359
t195,G0359
t196,G0359
t197,G0359
t198,G0359
t199,G0359
t200,G0359
t201,G0359
t202,G0359
t203,G0359
t204,G0359
t205,G0359
t206,G0359
t207,G0359
t928,G0360
t929,G0360
t930,G0360
t931,G0360
t932,G0360
t933,G0360
t934,G0360
t935,G0360
t936,G0360
t937,G0360
t938,G0360
t939,G0360
t940,G0360
t941,G0360
t942,G0360
t943,G0360
t3872,G0361
t3873,G0361
t3874,G0361
t3875,G0361
t3876,G0361
t3877,G0361
t3878,G0361
t3879,G0361
t3880,G0361
t3881,G0361
t3882,G0361
t3883,G0361
t3884,G0361
t3885,G0361
t3886,G0361
t3887,G0361
t4064,G0362
t4065,G0362
t4066,G0362
t4067,G0362
t4068,G0362
t4069,G0362
t4070,G0362
t4071,G0362
t4072,G0362
t4073,G0362
t4074,G0362
t4075,G0362
t4076,G0362
t4077,G0362
t4078,G0362
t4079,G0362
t2624,G0363
t2625,G0363
t2626,G0363
t2627,G0363
t2628,G0363
t2629,G0363
t2630,G0363
t2631,G0363
t2632,G0363
t2633,G0363
t2634,G0363
t2635,G0363
t2636,G0363
t2637,G0363
t2638,G0363
t2639,G0363
t3712,G0364
t3713,G0364
t3714,G0364
t3715,G0364
t3716,G0364
t3717,G0364
t3718,G0364
t3719,G0364
t3720,G0364
t3721,G0364
t3722,G0364
t3723,G0364
t3724,G0364
t3725,G0364
t3726,G0364
t3727,G0364
t2400,G0365
t2401,G0365
t2402,G0365
t2403,G0365
t2404,G0365
t2405,G0365
t2406,G0365
t2407,G0365
t2408,G0365
t2409,G0365
t2410,G0365
t2411,G0365
t2412,G0365
t2413,G0365
t2414,G0365
t2415,G0365
t2224,G0366
t2225,G0366
t2226,G0366
t2227,G0366
t2228,G0366
t2229,G0366
t2230,G0366
t2231,G0366
t2232,G0366
t2233,G0366
t2234,G0366
t2235,G0366
t2236,G0366
t2237,G0366
t2238,G0366
t2239,G0366
t6656,G0367
t6657,G0367
t6658,G0367
t6659,G0367
t6660,G0367
t6661,G0367
t6662,G0367
t6663,G0367
t6664,G0367
t6665,G0367
t6666,G0367
t6667,G0367
t6668,G0367
t6669,G0367
t6670,G0367
t6671,G0367
t7616,G0368
t7617,G0368
t7618,G0368
t7619,G0368
t7620,G0368
t7621,G0368
t7622,G0368
t7623,G0368
t7624,G0368
t7625,G0368
t7626,G0368
t7627,G0368
t7628,G0368
t7629,G0368
t7630,G0368
t7631,G0368
t7536,G0369
t7537,G0369
t7538,G0369
t7539,G0369
t7540,G0369
t7541,G0369
t7542,G0369
t7543,G0369
t7544,G0369
t7545,G0369
t7546,G0369
t7547,G0369
t7548,G0369
t7549,G0369
t7550,G0369
t7551,G0369
t1296,G0370
t1297,G0370
t1298,G0370
t1299,G0370
t1300,G0370
t1301,G0370
t1302,G0370
t1303,G0370
t1304,G0370
t1305,G0370
t1306,G0370
t1307,G0370
t1308,G0370
t1309,G0370
t1310,G0370
t1311,G0370
t1360,G0371
t1361,G0371
t1362,G0371
t1363,G0371
t1364,G0371
t1365,G0371
t1366,G0371
t1367,G0371
t1368,G0371
t1369,G0371
t1370,G0371
t1371,G0371
t1372,G0371
t1373,G0371
t1374,G0371
t1375,G0371
t560,G0372
t561,G0372
t562,G0372
t563,G0372
t564,G0372
t565,G0372
t566,G0372
t567,G0372
t568,G0372
t569,G0372
t570,G0372
t571,G0372
t572,G0372
t573,G0372
t574,G0372
t575,G0372
t7168,G0373
t7169,G0373
t7170,G0373
t7171,G0373
t7172,G0373
t7173,G0373
t7174,G0373
t7175,G0373
t7176,G0373
t7177,G0373
t7178,G0373
t7179,G0373
t7180,G0373
t7181,G0373
t7182,G0373
t7183,G0373
t7024,G0374
t7025,G0374
t7026,G0374
t7027,G0374
t7028,G0374
t7029,G0374
t7030,G0374
t7031,G0374
t7032,G0374
t7033,G0374
t7034,G0374
t7035,G0374
t7036,G0374
t7037,G0374
t7038,G0374
t7039,G0374
t1504,G0375
t1505,G0375
t1506,G0375
t1507,G0375
t1508,G0375
t1509,G0375
t1510,G0375
t1511,G0375
t1512,G0375
t1513,G0375
t1514,G0375
t1515,G0375
t1516,G0375
t1517,G0375
t1518,G0375
t1519,G0375
t896,G0376
t897,G0376
t898,G0376
t899,G0376
t900,G0376
t901,G0376
t902,G0376
t903,G0376
t904,G0376
t905,G0376
t906,G0376
t907,G0376
t908,G0376
t909,G0376
t910,G0376
t911,G0376
t5856,G0377
t5857,G0377
t5858,G0377
t5859,G0377
t5860,G0377
t5861,G0377
t5862,G0377
t5863,G0377
t5864,G0377
t5865,G0377
t5866,G0377
t5867,G0377
t5868,G0377
t5869,G0377
t5870,G0377
t5871,G0377
t2032,G0378
t2033,G0378
t2034,G0378
t2035,G0378
t2036,G0378
t2037,G0378
t2038,G0378
t2039,G0378
t2040,G0378
t2041,G0378
t2042,G0378
t2043,G0378
t2044,G0378
t2045,G0378
t2046,G0378
t2047,G0378
t2288,G0379
t2289,G0379
t2290,G0379
t2291,G0379
t2292,G0379
t2293,G0379
t2294,G0379
t2295,G0379
t2296,G0379
t2297,G0379
t2298,G0379
t2299,G0379
t2300,G0379
t2301,G0379
t2302,G0379
t2303,G0379
t112,G0380
t113,G0380
t114,G0380
t115,G0380
t116,G0380
t117,G0380
t118,G0380
t119,G0380
t120,G0380
t121,G0380
t122,G0380
t123,G0380
t124,G0380
t125,G0380
t126,G0380
t127,G0380
t3696,G0381
t3697,G0381
t3698,G0381
t3699,G0381
t3700,G0381
t3701,G0381
t3702,G0381
t3703,G0381
t3704,G0381
t3705,G0381
t3706,G0381
t3707,G0381
t3708,G0381
t3709,G0381
t3710,G0381
t3711,G0381
t128,G0382
t129,G0382
t130,G0382
t131,G0382
t132,G0382
t133,G0382
t134,G0382
t135,G0382
t136,G0382
t137,G0382
t138,G0382
t139,G0382
t140,G0382
t141,G0382
t142,G0382
t143,G0382
t672,G0383
t673,G0383
t674,G0383
t675,G0383
t676,G0383
t677,G0383
t678,G0383
t679,G0383
t680,G0383
t681,G0383
t682,G0383
t683,G0383
t684,G0383
t685,G0383
t686,G0383
t687,G0383
t576,G0384
t577,G0384
t578,G0384
t579,G0384
t580,G0384
t581,G0384
t582,G0384
t583,G0384
t584,G0384
t585,G0384
t586,G0384
t587,G0384
t588,G0384
t589,G0384
t590,G0384
t591,G0384
t256,G0385
t257,G0385
t258,G0385
t259,G0385
t260,G0385
t261,G0385
t262,G0385
t263,G0385
t264,G0385
t265,G0385
t266,G0385
t267,G0385
t268,G0385
t269,G0385
t270,G0385
t271,G0385
t8080,G0386
t8081,G0386
t8082,G0386
t8083,G0386
t8084,G0386
t8085,G0386
t8086,G0386
t8087,G0386
t8088,G0386
t8089,G0386
t8090,G0386
t8091,G0386
t8092,G0386
t8093,G0386
t8094,G0386
t8095,G0386
t4512,G0387
t4513,G0387
t4514,G0387
t4515,G0387
t4516,G0387
t4517,G0387
t4518,G0387
t4519,G0387
t4520,G0387
t4521,G0387
t4522,G0387
t4523,G0387
t4524,G0387
t4525,G0387
t4526,G0387
t4527,G0387
t736,G0388
t737,G0388
t738,G0388
t739,G0388
t740,G0388
t741,G0388
t742,G0388
t743,G0388
t744,G0388
t745,G0388
t746,G0388
t747,G0388
t748,G0388
t749,G0388
t750,G0388
t751,G0388
t1472,G0389
t1473,G0389
t1474,G0389
t1475,G0389
t1476,G0389
t1477,G0389
t1478,G0389
t1479,G0389
t1480,G0389
t1481,G0389
t1482,G0389
t1483,G0389
t1484,G0389
t1485,G0389
t1486,G0389
t1487,G0389
t4784,G0390
t4785,G0390
t4786,G0390
t4787,G0390
t4788,G0390
t4789,G0390
t4790,G0390
t4791,G0390
t4792,G0390
t4793,G0390
t4794,G0390
t4795,G0390
t4796,G0390
t4797,G0390
t4798,G0390
t4799,G0390
t4496,G0391
t4497,G0391
t4498,G0391
t4499,G0391
t4500,G0391
t4501,G0391
t4502,G0391
t4503,G0391
t4504,G0391
t4505,G0391
t4506,G0391
t4507,G0391
t4508,G0391
t4509,G0391
t4510,G0391
t4511,G0391
t1440,G0392
t1441,G0392
t1442,G0392
t1443,G0392
t1444,G0392
t1445,G0392
t1446,G0392
t1447,G0392
t1448,G0392
t1449,G0392
t1450,G0392
t1451,G0392
t1452,G0392
t1453,G0392
t1454,G0392
t1455,G0392
t5200,G0393
t5201,G0393
t5202,G0393
t5203,G0393
t5204,G0393
t5205,G0393
t5206,G0393
t5207,G0393
t5208,G0393
t5209,G0393
t5210,G0393
t5211,G0393
t5212,G0393
t5213,G0393
t5214,G0393
t5215,G0393
t7664,G0394
t7665,G0394
t7666,G0394
t7667,G0394
t7668,G0394
t7669,G0394
t7670,G0394
t7671,G0394
t7672,G0394
t7673,G0394
t7674,G0394
t7675,G0394
t7676,G0394
t7677,G0394
t7678,G0394
t7679,G0394
t7392,G0395
t7393,G0395
t7394,G0395
t7395,G0395
t7396,G0395
t7397,G0395
t7398,G0395
t7399,G0395
t7400,G0395
t7401,G0395
t7402,G0395
t7403,G0395
t7404,G0395
t7405,G0395
t7406,G0395
t7407,G0395
t4912,G0396
t4913,G0396
t4914,G0396
t4915,G0396
t4916,G0396
t4917,G0396
t4918,G0396
t4919,G0396
t4920,G0396
t4921,G0396
t4922,G0396
t4923,G0396
t4924,G0396
t4925,G0396
t4926,G0396
t4927,G0396
t3744,G0397
t3745,G0397
t3746,G0397
t3747,G0397
t3748,G0397
t3749,G0397
t3750,G0397
t3751,G0397
t3752,G0397
t3753,G0397
t3754,G0397
t3755,G0397
t3756,G0397
t3757,G0397
t3758,G0397
t3759,G0397
t2704,G0398
t2705,G0398
t2706,G0398
t2707,G0398
t2708,G0398
t2709,G0398
t2710,G0398
t2711,G0398
t2712,G0398
t2713,G0398
t2714,G0398
t2715,G0398
t2716,G0398
t2717,G0398
t2718,G0398
t2719,G0398
t5008,G0399
t5009,G0399
t5010,G0399
t5011,G0399
t5012,G0399
t5013,G0399
t5014,G0399
t5015,G0399
t5016,G0399
t5017,G0399
t5018,G0399
t5019,G0399
t5020,G0399
t5021,G0399
t5022,G0399
t5023,G0399
t5104,G0400
t5105,G0400
t5106,G0400
t5107,G0400
t5108,G0400
t5109,G0400
t5110,G0400
t5111,G0400
t5112,G0400
t5113,G0400
t5114,G0400
t5115,G0400
t5116,G0400
t5117,G0400
t5118,G0400
t5119,G0400
t7776,G0401
t7777,G0401
t7778,G0401
t7779,G0401
t7780,G0401
t7781,G0401
t7782,G0401
t7783,G0401
t7784,G0401
t7785,G0401
t7786,G0401
t7787,G0401
t7788,G0401
t7789,G0401
t7790,G0401
t7791,G0401
t4400,G0402
t4401,G0402
t4402,G0402
t4403,G0402
t4404,G0402
t4405,G0402
t4406,G0402
t4407,G0402
t4408,G0402
t4409,G0402
t4410,G0402
t4411,G0402
t4412,G0402
t4413,G0402
t4414,G0402
t4415,G0402
t0,G0403
t1,G0403
t2,G0403
t3,G0403
t4,G0403
t5,G0403
t6,G0403
t7,G0403
t8,G0403
t9,G0403
t10,G0403
t11,G0403
t12,G0403
t13,G0403
t14,G0403
t15,G0403
t2832,G0404
t2833,G0404
t2834,G0404
t2835,G0404
t2836,G0404
t2837,G0404
t2838,G0404
t2839,G0404
t2840,G0404
t2841,G0404
t2842,G0404
t2843,G0404
t2844,G0404
t2845,G0404
t2846,G0404
t2847,G0404
t6608,G0405
t6609,G0405
t6610,G0405
t6611,G0405
t6612,G0405
t6613,G0405
t6614,G0405
t6615,G0405
t6616,G0405
t6617,G0405
t6618,G0405
t6619,G0405
t6620,G0405
t6621,G0405
t6622,G0405
t6623,G0405
t2912,G0406
t2913,G0406
t2914,G0406
t2915,G0406
t2916,G0406
t2917,G0406
t2918,G0406
t2919,G0406
t2920,G0406
t2921,G0406
t2922,G0406
t2923,G0406
t2924,G0406
t2925,G0406
t2926,G0406
t2927,G0406
t3968,G0407
t3969,G0407
t3970,G0407
t3971,G0407
t3972,G0407
t3973,G0407
t3974,G0407
t3975,G0407
t3976,G0407
t3977,G0407
t3978,G0407
t3979,G0407
t3980,G0407
t3981,G0407
t3982,G0407
t3983,G0407
t3376,G0408
t3377,G0408
t3378,G0408
t3379,G0408
t3380,G0408
t3381,G0408
t3382,G0408
t3383,G0408
t3384,G0408
t3385,G0408
t3386,G0408
t3387,G0408
t3388,G0408
t3389,G0408
t3390,G0408
t3391,G0408
t6752,G0409
t6753,G0409
t6754,G0409
t6755,G0409
t6756,G0409
t6757,G0409
t6758,G0409
t6759,G0409
t6760,G0409
t6761,G0409
t6762,G0409
t6763,G0409
t6764,G0409
t6765,G0409
t6766,G0409
t6767,G0409
t6016,G0410
t6017,G0410
t6018,G0410
t6019,G0410
t6020,G0410
t6021,G0410
t6022,G0410
t6023,G0410
t6024,G0410
t6025,G0410
t6026,G0410
t6027,G0410
t6028,G0410
t6029,G0410
t6030,G0410
t6031,G0410
t7296,G0411
t7297,G0411
t7298,G0411
t7299,G0411
t7300,G0411
t7301,G0411
t7302,G0411
t7303,G0411
t7304,G0411
t7305,G0411
t7306,G0411
t7307,G0411
t7308,G0411
t7309,G0411
t7310,G0411
t7311,G0411
t8160,G0412
t8161,G0412
t8162,G0412
t8163,G0412
t8164,G0412
t8165,G0412
t8166,G0412
t8167,G0412
t8168,G0412
t8169,G0412
t8170,G0412
t8171,G0412
t8172,G0412
t8173,G0412
t8174,G0412
t8175,G0412
t2976,G0413
t2977,G0413
t2978,G0413
t2979,G0413
t2980,G0413
t2981,G0413
t2982,G0413
t2983,G0413
t2984,G0413
t2985,G0413
t2986,G0413
t2987,G0413
t2988,G0413
t2989,G0413
t2990,G0413
t2991,G0413
t3936,G0414
t3937,G0414
t3938,G0414
t3939,G0414
t3940,G0414
t3941,G0414
t3942,G0414
t3943,G0414
t3944,G0414
t3945,G0414
t3946,G0414
t3947,G0414
t3948,G0414
t3949,G0414
t3950,G0414
t3951,G0414
t448,G0415
t449,G0415
t450,G0415
t451,G0415
t452,G0415
t453,G0415
t454,G0415
t455,G0415
t456,G0415
t457,G0415
t458,G0415
t459,G0415
t460,G0415
t461,G0415
t462,G0415
t463,G0415
t3488,G0416
t3489,G0416
t3490,G0416
t3491,G0416
t3492,G0416
t3493,G0416
t3494,G0416
t3495,G0416
t3496,G0416
t3497,G0416
t3498,G0416
t3499,G0416
t3500,G0416
t3501,G0416
t3502,G0416
t3503,G0416
t1680,G0417
t1681,G0417
t1682,G0417
t1683,G0417
t1684,G0417
t1685,G0417
t1686,G0417
t1687,G0417
t1688,G0417
t1689,G0417
t1690,G0417
t1691,G0417
t1692,G0417
t1693,G0417
t1694,G0417
t1695,G0417
t4592,G0418
t4593,G0418
t4594,G0418
t4595,G0418
t4596,G0418
t4597,G0418
t4598,G0418
t4599,G0418
t4600,G0418
t4601,G0418
t4602,G0418
t4603,G0418
t4604,G0418
t4605,G0418
t4606,G0418
t4607,G0418
t4240,G0419
t4241,G0419
t4242,G0419
t4243,G0419
t4244,G0419
t4245,G0419
t4246,G0419
t4247,G0419
t4248,G0419
t4249,G0419
t4250,G0419
t4251,G0419
t4252,G0419
t4253,G0419
t4254,G0419
t4255,G0419
t1056,G0420
t1057,G0420
t1058,G0420
t1059,G0420
t1060,G0420
t1061,G0420
t1062,G0420
t1063,G0420
t1064,G0420
t1065,G0420
t1066,G0420
t1067,G0420
t1068,G0420
t1069,G0420
t1070,G0420
t1071,G0420
t4192,G0421
t4193,G0421
t4194,G0421
t4195,G0421
t4196,G0421
t4197,G0421
t4198,G0421
t4199,G0421
t4200,G0421
t4201,G0421
t4202,G0421
t4203,G0421
t4204,G0421
t4205,G0421
t4206,G0421
t4207,G0421
t3136,G0422
t3137,G0422
t3138,G0422
t3139,G0422
t3140,G0422
t3141,G0422
t3142,G0422
t3143,G0422
t3144,G0422
t3145,G0422
t3146,G0422
t3147,G0422
t3148,G0422
t3149,G0422
t3150,G0422
t3151,G0422
t32,G0423
t33,G0423
t34,G0423
t35,G0423
t36,G0423
t37,G0423
t38,G0423
t39,G0423
t40,G0423
t41,G0423
t42,G0423
t43,G0423
t44,G0423
t45,G0423
t46,G0423
t47,G0423
t7808,G0424
t7809,G0424
t7810,G0424
t7811,G0424
t7812,G0424
t7813,G0424
t7814,G0424
t7815,G0424
t7816,G0424
t7817,G0424
t7818,G0424
t7819,G0424
t7820,G0424
t7821,G0424
t7822,G0424
t7823,G0424
t5984,G0425
t5985,G0425
t5986,G0425
t5987,G0425
t5988,G0425
t5989,G0425
t5990,G0425
t5991,G0425
t5992,G0425
t5993,G0425
t5994,G0425
t5995,G0425
t5996,G0425
t5997,G0425
t5998,G0425
t5999,G0425
t5392,G0426
t5393,G0426
t5394,G0426
t5395,G0426
t5396,G0426
t5397,G0426
t5398,G0426
t5399,G0426
t5400,G0426
t5401,G0426
t5402,G0426
t5403,G0426
t5404,G0426
t5405,G0426
t5406,G0426
t5407,G0426
t8176,G0427
t8177,G0427
t8178,G0427
t8179,G0427
t8180,G0427
t8181,G0427
t8182,G0427
t8183,G0427
t8184,G0427
t8185,G0427
t8186,G0427
t8187,G0427
t8188,G0427
t8189,G0427
t8190,G0427
t8191,G0427
t7184,G0428
t7185,G0428
t7186,G0428
t7187,G0428
t7188,G0428
t7189,G0428
t7190,G0428
t7191,G0428
t7192,G0428
t7193,G0428
t7194,G0428
t7195,G0428
t7196,G0428
t7197,G0428
t7198,G0428
t7199,G0428
t2880,G0429
t2881,G0429
t2882,G0429
t2883,G0429
t2884,G0429
t2885,G0429
t2886,G0429
t2887,G0429
t2888,G0429
t2889,G0429
t2890,G0429
t2891,G0429
t2892,G0429
t2893,G0429
t2894,G0429
t2895,G0429
t4720,G0430
t4721,G0430
t4722,G0430
t4723,G0430
t4724,G0430
t4725,G0430
t4726,G0430
t4727,G0430
t4728,G0430
t4729,G0430
t4730,G0430
t4731,G0430
t4732,G0430
t4733,G0430
t4734,G0430
t4735,G0430
t7264,G0431
t7265,G0431
t7266,G0431
t7267,G0431
t7268,G0431
t7269,G0431
t7270,G0431
t7271,G0431
t7272,G0431
t7273,G0431
t7274,G0431
t7275,G0431
t7276,G0431
t7277,G0431
t7278,G0431
t7279,G0431
t4208,G0432
t4209,G0432
t4210,G0432
t4211,G0432
t4212,G0432
t4213,G0432
t4214,G0432
t4215,G0432
t4216,G0432
t4217,G0432
t4218,G0432
t4219,G0432
t4220,G0432
t4221,G0432
t4222,G0432
t4223,G0432
t3312,G0433
t3313,G0433
t3314,G0433
t3315,G0433
t3316,G0433
t3317,G0433
t3318,G0433
t3319,G0433
t3320,G0433
t3321,G0433
t3322,G0433
t3323,G0433
t3324,G0433
t3325,G0433
t3326,G0433
t3327,G0433
t7248,G0434
t7249,G0434
t7250,G0434
t7251,G0434
t7252,G0434
t7253,G0434
t7254,G0434
t7255,G0434
t7256,G0434
t7257,G0434
t7258,G0434
t7259,G0434
t7260,G0434
t7261,G0434
t7262,G0434
t7263,G0434
t6544,G0435
t6545,G0435
t6546,G0435
t6547,G0435
t6548,G0435
t6549,G0435
t6550,G0435
t6551,G0435
t6552,G0435
t6553,G0435
t6554,G0435
t6555,G0435
t6556,G0435
t6557,G0435
t6558,G0435
t6559,G0435
t4416,G0436
t4417,G0436
t4418,G0436
t4419,G0436
t4420,G0436
t4421,G0436
t4422,G0436
t4423,G0436
t4424,G0436
t4425,G0436
t4426,G0436
t4427,G0436
t4428,G0436
t4429,G0436
t4430,G0436
t4431,G0436
t1632,G0437
t1633,G0437
t1634,G0437
t1635,G0437
t1636,G0437
t1637,G0437
t1638,G0437
t1639,G0437
t1640,G0437
t1641,G0437
t1642,G0437
t1643,G0437
t1644,G0437
t1645,G0437
t1646,G0437
t1647,G0437
t96,G0438
t97,G0438
t98,G0438
t99,G0438
t100,G0438
t101,G0438
t102,G0438
t103,G0438
t104,G0438
t105,G0438
t106,G0438
t107,G0438
t108,G0438
t109,G0438
t110,G0438
t111,G0438
t1856,G0439
t1857,G0439
t1858,G0439
t1859,G0439
t1860,G0439
t1861,G0439
t1862,G0439
t1863,G0439
t1864,G0439
t1865,G0439
t1866,G0439
t1867,G0439
t1868,G0439
t1869,G0439
t1870,G0439
t1871,G0439
t4112,G0440
t4113,G0440
t4114,G0440
t4115,G0440
t4116,G0440
t4117,G0440
t4118,G0440
t4119,G0440
t4120,G0440
t4121,G0440
t4122,G0440
t4123,G0440
t4124,G0440
t4125,G0440
t4126,G0440
t4127,G0440
t1376,G0441
t1377,G0441
t1378,G0441
t1379,G0441
t1380,G0441
t1381,G0441
t1382,G0441
t1383,G0441
t1384,G0441
t1385,G0441
t1386,G0441
t1387,G0441
t1388,G0441
t1389,G0441
t1390,G0441
t1391,G0441
t1392,G0442
t1393,G0442
t1394,G0442
t1395,G0442
t1396,G0442
t1397,G0442
t1398,G0442
t1399,G0442
t1400,G0442
t1401,G0442
t1402,G0442
t1403,G0442
t1404,G0442
t1405,G0442
t1406,G0442
t1407,G0442
t5296,G0443
t5297,G0443
t5298,G0443
t5299,G0443
t5300,G0443
t5301,G0443
t5302,G0443
t5303,G0443
t5304,G0443
t5305,G0443
t5306,G0443
t5307,G0443
t5308,G0443
t5309,G0443
t5310,G0443
t5311,G0443
t6320,G0444
t6321,G0444
t6322,G0444
t6323,G0444
t6324,G0444
t6325,G0444
t6326,G0444
t6327,G0444
t6328,G0444
t6329,G0444
t6330,G0444
t6331,G0444
t6332,G0444
t6333,G0444
t6334,G0444
t6335,G0444
t4736,G0445
t4737,G0445
t4738,G0445
t4739,G0445
t4740,G0445
t4741,G0445
t4742,G0445
t4743,G0445
t4744,G0445
t4745,G0445
t4746,G0445
t4747,G0445
t4748,G0445
t4749,G0445
t4750,G0445
t4751,G0445
t4848,G0446
t4849,G0446
t4850,G0446
t4851,G0446
t4852,G0446
t4853,G0446
t4854,G0446
t4855,G0446
t4856,G0446
t4857,G0446
t4858,G0446
t4859,G0446
t4860,G0446
t4861,G0446
t4862,G0446
t4863,G0446
t5024,G0447
t5025,G0447
t5026,G0447
t5027,G0447
t5028,G0447
t5029,G0447
t5030,G0447
t5031,G0447
t5032,G0447
t5033,G0447
t5034,G0447
t5035,G0447
t5036,G0447
t5037,G0447
t5038,G0447
t5039,G0447
t5760,G0448
t5761,G0448
t5762,G0448
t5763,G0448
t5764,G0448
t5765,G0448
t5766,G0448
t5767,G0448
t5768,G0448
t5769,G0448
t5770,G0448
t5771,G0448
t5772,G0448
t5773,G0448
t5774,G0448
t5775,G0448
t2512,G0449
t2513,G0449
t2514,G0449
t2515,G0449
t2516,G0449
t2517,G0449
t2518,G0449
t2519,G0449
t2520,G0449
t2521,G0449
t2522,G0449
t2523,G0449
t2524,G0449
t2525,G0449
t2526,G0449
t2527,G0449
t352,G0450
t353,G0450
t354,G0450
t355,G0450
t356,G0450
t357,G0450
t358,G0450
t359,G0450
t360,G0450
t361,G0450
t362,G0450
t363,G0450
t364,G0450
t365,G0450
t366,G0450
t367,G0450
t3840,G0451
t3841,G0451
t3842,G0451
t3843,G0451
t3844,G0451
t3845,G0451
t3846,G0451
t3847,G0451
t3848,G0451
t3849,G0451
t3850,G0451
t3851,G0451
t3852,G0451
t3853,G0451
t3854,G0451
t3855,G0451
t7584,G0452
t7585,G0452
t7586,G0452
t7587,G0452
t7588,G0452
t7589,G0452
t7590,G0452
t7591,G0452
t7592,G0452
t7593,G0452
t7594,G0452
t7595,G0452
t7596,G0452
t7597,G0452
t7598,G0452
t7599,G0452
t6000,G0453
t6001,G0453
t6002,G0453
t6003,G0453
t6004,G0453
t6005,G0453
t6006,G0453
t6007,G0453
t6008,G0453
t6009,G0453
t6010,G0453
t6011,G0453
t6012,G0453
t6013,G0453
t6014,G0453
t6015,G0453
t4000,G0454
t4001,G0454
t4002,G0454
t4003,G0454
t4004,G0454
t4005,G0454
t4006,G0454
t4007,G0454
t4008,G0454
t4009,G0454
t4010,G0454
t4011,G0454
t4012,G0454
t4013,G0454
t4014,G0454
t4015,G0454
t3024,G0455
t3025,G0455
t3026,G0455
t3027,G0455
t3028,G0455
t3029,G0455
t3030,G0455
t3031,G0455
t3032,G0455
t3033,G0455
t3034,G0455
t3035,G0455
t3036,G0455
t3037,G0455
t3038,G0455
t3039,G0455
t6736,G0456
t6737,G0456
t6738,G0456
t6739,G0456
t6740,G0456
t6741,G0456
t6742,G0456
t6743,G0456
t6744,G0456
t6745,G0456
t6746,G0456
t6747,G0456
t6748,G0456
t6749,G0456
t6750,G0456
t6751,G0456
t4256,G0457
t4257,G0457
t4258,G0457
t4259,G0457
t4260,G0457
t4261,G0457
t4262,G0457
t4263,G0457
t4264,G0457
t4265,G0457
t4266,G0457
t4267,G0457
t4268,G0457
t4269,G0457
t4270,G0457
t4271,G0457
t1328,G0458
t1329,G0458
t1330,G0458
t1331,G0458
t1332,G0458
t1333,G0458
t1334,G0458
t1335,G0458
t1336,G0458
t1337,G0458
t1338,G0458
t1339,G0458
t1340,G0458
t1341,G0458
t1342,G0458
t1343,G0458
t6368,G0459
t6369,G0459
t6370,G0459
t6371,G0459
t6372,G0459
t6373,G0459
t6374,G0459
t6375,G0459
t6376,G0459
t6377,G0459
t6378,G0459
t6379,G0459
t6380,G0459
t6381,G0459
t6382,G0459
t6383,G0459
t880,G0460
t881,G0460
t882,G0460
t883,G0460
t884,G0460
t885,G0460
t886,G0460
t887,G0460
t888,G0460
t889,G0460
t890,G0460
t891,G0460
t892,G0460
t893,G0460
t894,G0460
t895,G0460
t4160,G0461
t4161,G0461
t4162,G0461
t4163,G0461
t4164,G0461
t4165,G0461
t4166,G0461
t4167,G0461
t4168,G0461
t4169,G0461
t4170,G0461
t4171,G0461
t4172,G0461
t4173,G0461
t4174,G0461
t4175,G0461
t5424,G0462
t5425,G0462
t5426,G0462
t5427,G0462
t5428,G0462
t5429,G0462
t5430,G0462
t5431,G0462
t5432,G0462
t5433,G0462
t5434,G0462
t5435,G0462
t5436,G0462
t5437,G0462
t5438,G0462
t5439,G0462
t7328,G0463
t7329,G0463
t7330,G0463
t7331,G0463
t7332,G0463
t7333,G0463
t7334,G0463
t7335,G0463
t7336,G0463
t7337,G0463
t7338,G0463
t7339,G0463
t7340,G0463
t7341,G0463
t7342,G0463
t7343,G0463
t704,G0464
t705,G0464
t706,G0464
t707,G0464
t708,G0464
t709,G0464
t710,G0464
t711,G0464
t712,G0464
t713,G0464
t714,G0464
t715,G0464
t716,G0464
t717,G0464
t718,G0464
t719,G0464
t3056,G0465
t3057,G0465
t3058,G0465
t3059,G0465
t3060,G0465
t3061,G0465
t3062,G0465
t3063,G0465
t3064,G0465
t3065,G0465
t3066,G0465
t3067,G0465
t3068,G0465
t3069,G0465
t3070,G0465
t3071,G0465
t6032,G0466
t6033,G0466
t6034,G0466
t6035,G0466
t6036,G0466
t6037,G0466
t6038,G0466
t6039,G0466
t6040,G0466
t6041,G0466
t6042,G0466
t6043,G0466
t6044,G0466
t6045,G0466
t6046,G0466
t6047,G0466
t5520,G0467
t5521,G0467
t5522,G0467
t5523,G0467
t5524,G0467
t5525,G0467
t5526,G0467
t5527,G0467
t5528,G0467
t5529,G0467
t5530,G0467
t5531,G0467
t5532,G0467
t5533,G0467
t5534,G0467
t5535,G0467
t6352,G0468
t6353,G0468
t6354,G0468
t6355,G0468
t6356,G0468
t6357,G0468
t6358,G0468
t6359,G0468
t6360,G0468
t6361,G0468
t6362,G0468
t6363,G0468
t6364,G0468
t6365,G0468
t6366,G0468
t6367,G0468
t5744,G0469
t5745,G0469
t5746,G0469
t5747,G0469
t5748,G0469
t5749,G0469
t5750,G0469
t5751,G0469
t5752,G0469
t5753,G0469
t5754,G0469
t5755,G0469
t5756,G0469
t5757,G0469
t5758,G0469
t5759,G0469
t4480,G0470
t4481,G0470
t4482,G0470
t4483,G0470
t4484,G0470
t4485,G0470
t4486,G0470
t4487,G0470
t4488,G0470
t4489,G0470
t4490,G0470
t4491,G0470
t4492,G0470
t4493,G0470
t4494,G0470
t4495,G0470
t2992,G0471
t2993,G0471
t2994,G0471
t2995,G0471
t2996,G0471
t2997,G0471
t2998,G0471
t2999,G0471
t3000,G0471
t3001,G0471
t3002,G0471
t3003,G0471
t3004,G0471
t3005,G0471
t3006,G0471
t3007,G0471
t1408,G0472
t1409,G0472
t1410,G0472
t1411,G0472
t1412,G0472
t1413,G0472
t1414,G0472
t1415,G0472
t1416,G0472
t1417,G0472
t1418,G0472
t1419,G0472
t1420,G0472
t1421,G0472
t1422,G0472
t1423,G0472
t5440,G0473
t5441,G0473
t5442,G0473
t5443,G0473
t5444,G0473
t5445,G0473
t5446,G0473
t5447,G0473
t5448,G0473
t5449,G0473
t5450,G0473
t5451,G0473
t5452,G0473
t5453,G0473
t5454,G0473
t5455,G0473
t3392,G0474
t3393,G0474
t3394,G0474
t3395,G0474
t3396,G0474
t3397,G0474
t3398,G0474
t3399,G0474
t3400,G0474
t3401,G0474
t3402,G0474
t3403,G0474
t3404,G0474
t3405,G0474
t3406,G0474
t3407,G0474
t3296,G0475
t3297,G0475
t3298,G0475
t3299,G0475
t3300,G0475
t3301,G0475
t3302,G0475
t3303,G0475
t3304,G0475
t3305,G0475
t3306,G0475
t3307,G0475
t3308,G0475
t3309,G0475
t3310,G0475
t3311,G0475
t6528,G0476
t6529,G0476
t6530,G0476
t6531,G0476
t6532,G0476
t6533,G0476
t6534,G0476
t6535,G0476
t6536,G0476
t6537,G0476
t6538,G0476
t6539,G0476
t6540,G0476
t6541,G0476
t6542,G0476
t6543,G0476
t6976,G0477
t6977,G0477
t6978,G0477
t6979,G0477
t6980,G0477
t6981,G0477
t6982,G0477
t6983,G0477
t6984,G0477
t6985,G0477
t6986,G0477
t6987,G0477
t6988,G0477
t6989,G0477
t6990,G0477
t6991,G0477
t1984,G0478
t1985,G0478
t1986,G0478
t1987,G0478
t1988,G0478
t1989,G0478
t1990,G0478
t1991,G0478
t1992,G0478
t1993,G0478
t1994,G0478
t1995,G0478
t1996,G0478
t1997,G0478
t1998,G0478
t1999,G0478
t3920,G0479
t3921,G0479
t3922,G0479
t3923,G0479
t3924,G0479
t3925,G0479
t3926,G0479
t3927,G0479
t3928,G0479
t3929,G0479
t3930,G0479
t3931,G0479
t3932,G0479
t3933,G0479
t3934,G0479
t3935,G0479
t272,G0480
t273,G0480
t274,G0480
t275,G0480
t276,G0480
t277,G0480
t278,G0480
t279,G0480
t280,G0480
t281,G0480
t282,G0480
t283,G0480
t284,G0480
t285,G0480
t286,G0480
t287,G0480
t4816,G0481
t4817,G0481
t4818,G0481
t4819,G0481
t4820,G0481
t4821,G0481
t4822,G0481
t4823,G0481
t4824,G0481
t4825,G0481
t4826,G0481
t4827,G0481
t4828,G0481
t4829,G0481
t4830,G0481
t4831,G0481
t3216,G0482
t3217,G0482
t3218,G0482
t3219,G0482
t3220,G0482
t3221,G0482
t3222,G0482
t3223,G0482
t3224,G0482
t3225,G0482
t3226,G0482
t3227,G0482
t3228,G0482
t3229,G0482
t3230,G0482
t3231,G0482
t4128,G0483
t4129,G0483
t4130,G0483
t4131,G0483
t4132,G0483
t4133,G0483
t4134,G0483
t4135,G0483
t4136,G0483
t4137,G0483
t4138,G0483
t4139,G0483
t4140,G0483
t4141,G0483
t4142,G0483
t4143,G0483
t4080,G0484
t4081,G0484
t4082,G0484
t4083,G0484
t4084,G0484
t4085,G0484
t4086,G0484
t4087,G0484
t4088,G0484
t4089,G0484
t4090,G0484
t4091,G0484
t4092,G0484
t4093,G0484
t4094,G0484
t4095,G0484
t4800,G0485
t4801,G0485
t4802,G0485
t4803,G0485
t4804,G0485
t4805,G0485
t4806,G0485
t4807,G0485
t4808,G0485
t4809,G0485
t4810,G0485
t4811,G0485
t4812,G0485
t4813,G0485
t4814,G0485
t4815,G0485
t2320,G0486
t2321,G0486
t2322,G0486
t2323,G0486
t2324,G0486
t2325,G0486
t2326,G0486
t2327,G0486
t2328,G0486
t2329,G0486
t2330,G0486
t2331,G0486
t2332,G0486
t2333,G0486
t2334,G0486
t2335,G0486
t2480,G0487
t2481,G0487
t2482,G0487
t2483,G0487
t2484,G0487
t2485,G0487
t2486,G0487
t2487,G0487
t2488,G0487
t2489,G0487
t2490,G0487
t2491,G0487
t2492,G0487
t2493,G0487
t2494,G0487
t2495,G0487
t1552,G0488
t1553,G0488
t1554,G0488
t1555,G0488
t1556,G0488
t1557,G0488
t1558,G0488
t1559,G0488
t1560,G0488
t1561,G0488
t1562,G0488
t1563,G0488
t1564,G0488
t1565,G0488
t1566,G0488
t1567,G0488
t5488,G0489
t5489,G0489
t5490,G0489
t5491,G0489
t5492,G0489
t5493,G0489
t5494,G0489
t5495,G0489
t5496,G0489
t5497,G0489
t5498,G0489
t5499,G0489
t5500,G0489
t5501,G0489
t5502,G0489
t5503,G0489
t6784,G0490
t6785,G0490
t6786,G0490
t6787,G0490
t6788,G0490
t6789,G0490
t6790,G0490
t6791,G0490
t6792,G0490
t6793,G0490
t6794,G0490
t6795,G0490
t6796,G0490
t6797,G0490
t6798,G0490
t6799,G0490
t4144,G0491
t4145,G0491
t4146,G0491
t4147,G0491
t4148,G0491
t4149,G0491
t4150,G0491
t4151,G0491
t4152,G0491
t4153,G0491
t4154,G0491
t4155,G0491
t4156,G0491
t4157,G0491
t4158,G0491
t4159,G0491
t7424,G0492
t7425,G0492
t7426,G0492
t7427,G0492
t7428,G0492
t7429,G0492
t7430,G0492
t7431,G0492
t7432,G0492
t7433,G0492
t7434,G0492
t7435,G0492
t7436,G0492
t7437,G0492
t7438,G0492
t7439,G0492
t4096,G0493
t4097,G0493
t4098,G0493
t4099,G0493
t4100,G0493
t4101,G0493
t4102,G0493
t4103,G0493
t4104,G0493
t4105,G0493
t4106,G0493
t4107,G0493
t4108,G0493
t4109,G0493
t4110,G0493
t4111,G0493
t5824,G0494
t5825,G0494
t5826,G0494
t5827,G0494
t5828,G0494
t5829,G0494
t5830,G0494
t5831,G0494
t5832,G0494
t5833,G0494
t5834,G0494
t5835,G0494
t5836,G0494
t5837,G0494
t5838,G0494
t5839,G0494
t7696,G0495
t7697,G0495
t7698,G0495
t7699,G0495
t7700,G0495
t7701,G0495
t7702,G0495
t7703,G0495
t7704,G0495
t7705,G0495
t7706,G0495
t7707,G0495
t7708,G0495
t7709,G0495
t7710,G0495
t7711,G0495
t2720,G0496
t2721,G0496
t2722,G0496
t2723,G0496
t2724,G0496
t2725,G0496
t2726,G0496
t2727,G0496
t2728,G0496
t2729,G0496
t2730,G0496
t2731,G0496
t2732,G0496
t2733,G0496
t2734,G0496
t2735,G0496
t6080,G0497
t6081,G0497
t6082,G0497
t6083,G0497
t6084,G0497
t6085,G0497
t6086,G0497
t6087,G0497
t6088,G0497
t6089,G0497
t6090,G0497
t6091,G0497
t6092,G0497
t6093,G0497
t6094,G0497
t6095,G0497
t976,G0498
t977,G0498
t978,G0498
t979,G0498
t980,G0498
t981,G0498
t982,G0498
t983,G0498
t984,G0498
t985,G0498
t986,G0498
t987,G0498
t988,G0498
t989,G0498
t990,G0498
t991,G0498
t2416,G0499
t2417,G0499
t2418,G0499
t2419,G0499
t2420,G0499
t2421,G0499
t2422,G0499
t2423,G0499
t2424,G0499
t2425,G0499
t2426,G0499
t2427,G0499
t2428,G0499
t2429,G0499
t2430,G0499
t2431,G0499
t5920,G0500
t5921,G0500
t5922,G0500
t5923,G0500
t5924,G0500
t5925,G0500
t5926,G0500
t5927,G0500
t5928,G0500
t5929,G0500
t5930,G0500
t5931,G0500
t5932,G0500
t5933,G0500
t5934,G0500
t5935,G0500
t5152,G0501
t5153,G0501
t5154,G0501
t5155,G0501
t5156,G0501
t5157,G0501
t5158,G0501
t5159,G0501
t5160,G0501
t5161,G0501
t5162,G0501
t5163,G0501
t5164,G0501
t5165,G0501
t5166,G0501
t5167,G0501
t1520,G0502
t1521,G0502
t1522,G0502
t1523,G0502
t1524,G0502
t1525,G0502
t1526,G0502
t1527,G0502
t1528,G0502
t1529,G0502
t1530,G0502
t1531,G0502
t1532,G0502
t1533,G0502
t1534,G0502
t1535,G0502
t816,G0503
t817,G0503
t818,G0503
t819,G0503
t820,G0503
t821,G0503
t822,G0503
t823,G0503
t824,G0503
t825,G0503
t826,G0503
t827,G0503
t828,G0503
t829,G0503
t830,G0503
t831,G0503
t5248,G0504
t5249,G0504
t5250,G0504
t5251,G0504
t5252,G0504
t5253,G0504
t5254,G0504
t5255,G0504
t5256,G0504
t5257,G0504
t5258,G0504
t5259,G0504
t5260,G0504
t5261,G0504
t5262,G0504
t5263,G0504
t4544,G0505
t4545,G0505
t4546,G0505
t4547,G0505
t4548,G0505
t4549,G0505
t4550,G0505
t4551,G0505
t4552,G0505
t4553,G0505
t4554,G0505
t4555,G0505
t4556,G0505
t4557,G0505
t4558,G0505
t4559,G0505
t6848,G0506
t6849,G0506
t6850,G0506
t6851,G0506
t6852,G0506
t6853,G0506
t6854,G0506
t6855,G0506
t6856,G0506
t6857,G0506
t6858,G0506
t6859,G0506
t6860,G0506
t6861,G0506
t6862,G0506
t6863,G0506
t3408,G0507
t3409,G0507
t3410,G0507
t3411,G0507
t3412,G0507
t3413,G0507
t3414,G0507
t3415,G0507
t3416,G0507
t3417,G0507
t3418,G0507
t3419,G0507
t3420,G0507
t3421,G0507
t3422,G0507
t3423,G0507
t7568,G0508
t7569,G0508
t7570,G0508
t7571,G0508
t7572,G0508
t7573,G0508
t7574,G0508
t7575,G0508
t7576,G0508
t7577,G0508
t7578,G0508
t7579,G0508
t7580,G0508
t7581,G0508
t7582,G0508
t7583,G0508
t2368,G0509
t2369,G0509
t2370,G0509
t2371,G0509
t2372,G0509
t2373,G0509
t2374,G0509
t2375,G0509
t2376,G0509
t2377,G0509
t2378,G0509
t2379,G0509
t2380,G0509
t2381,G0509
t2382,G0509
t2383,G0509
t3760,G0510
t3761,G0510
t3762,G0510
t3763,G0510
t3764,G0510
t3765,G0510
t3766,G0510
t3767,G0510
t3768,G0510
t3769,G0510
t3770,G0510
t3771,G0510
t3772,G0510
t3773,G0510
t3774,G0510
t3775,G0510
t8032,G0511
t8033,G0511
t8034,G0511
t8035,G0511
t8036,G0511
t8037,G0511
t8038,G0511
t8039,G0511
t8040,G0511
t8041,G0511
t8042,G0511
t8043,G0511
t8044,G0511
t8045,G0511
t8046,G0511
t8047,G0511
t1792,G0512
t1793,G0512
t1794,G0512
t1795,G0512
t1796,G0512
t1797,G0512
t1798,G0512
t1799,G0512
t1800,G0512
t1801,G0512
t1802,G0512
t1803,G0512
t1804,G0512
t1805,G0512
t1806,G0512
t1807,G0512
t5536,G0513
t5537,G0513
t5538,G0513
t5539,G0513
t5540,G0513
t5541,G0513
t5542,G0513
t5543,G0513
t5544,G0513
t5545,G0513
t5546,G0513
t5547,G0513
t5548,G0513
t5549,G0513
t5550,G0513
t5551,G0513
t1888,G0514
t1889,G0514
t1890,G0514
t1891,G0514
t1892,G0514
t1893,G0514
t1894,G0514
t1895,G0514
t1896,G0514
t1897,G0514
t1898,G0514
t1899,G0514
t1900,G0514
t1901,G0514
t1902,G0514
t1903,G0514
t2816,G0515
t2817,G0515
t2818,G0515
t2819,G0515
t2820,G0515
t2821,G0515
t2822,G0515
t2823,G0515
t2824,G0515
t2825,G0515
t2826,G0515
t2827,G0515
t2828,G0515
t2829,G0515
t2830,G0515
t2831,G0515
t1904,G0516
t1905,G0516
t1906,G0516
t1907,G0516
t1908,G0516
t1909,G0516
t1910,G0516
t1911,G0516
t1912,G0516
t1913,G0516
t1914,G0516
t1915,G0516
t1916,G0516
t1917,G0516
t1918,G0516
t1919,G0516
t4528,G0517
t4529,G0517
t4530,G0517
t4531,G0517
t4532,G0517
t4533,G0517
t4534,G0517
t4535,G0517
t4536,G0517
t4537,G0517
t4538,G0517
t4539,G0517
t4540,G0517
t4541,G0517
t4542,G0517
t4543,G0517
t8048,G0518
t8049,G0518
t8050,G0518
t8051,G0518
t8052,G0518
t8053,G0518
t8054,G0518
t8055,G0518
t8056,G0518
t8057,G0518
t8058,G0518
t8059,G0518
t8060,G0518
t8061,G0518
t8062,G0518
t8063,G0518
t3584,G0519
t3585,G0519
t3586,G0519
t3587,G0519
t3588,G0519
t3589,G0519
t3590,G0519
t3591,G0519
t3592,G0519
t3593,G0519
t3594,G0519
t3595,G0519
t3596,G0519
t3597,G0519
t3598,G0519
t3599,G0519
t8112,G0520
t8113,G0520
t8114,G0520
t8115,G0520
t8116,G0520
t8117,G0520
t8118,G0520
t8119,G0520
t8120,G0520
t8121,G0520
t8122,G0520
t8123,G0520
t8124,G0520
t8125,G0520
t8126,G0520
t8127,G0520
t1808,G0521
t1809,G0521
t1810,G0521
t1811,G0521
t1812,G0521
t1813,G0521
t1814,G0521
t1815,G0521
t1816,G0521
t1817,G0521
t1818,G0521
t1819,G0521
t1820,G0521
t1821,G0521
t1822,G0521
t1823,G0521
t4320,G0522
t4321,G0522
t4322,G0522
t4323,G0522
t4324,G0522
t4325,G0522
t4326,G0522
t4327,G0522
t4328,G0522
t4329,G0522
t4330,G0522
t4331,G0522
t4332,G0522
t4333,G0522
t4334,G0522
t4335,G0522
t7888,G0523
t7889,G0523
t7890,G0523
t7891,G0523
t7892,G0523
t7893,G0523
t7894,G0523
t7895,G0523
t7896,G0523
t7897,G0523
t7898,G0523
t7899,G0523
t7900,G0523
t7901,G0523
t7902,G0523
t7903,G0523
t5936,G0524
t5937,G0524
t5938,G0524
t5939,G0524
t5940,G0524
t5941,G0524
t5942,G0524
t5943,G0524
t5944,G0524
t5945,G0524
t5946,G0524
t5947,G0524
t5948,G0524
t5949,G0524
t5950,G0524
t5951,G0524
t3456,G0525
t3457,G0525
t3458,G0525
t3459,G0525
t3460,G0525
t3461,G0525
t3462,G0525
t3463,G0525
t3464,G0525
t3465,G0525
t3466,G0525
t3467,G0525
t3468,G0525
t3469,G0525
t3470,G0525
t3471,G0525
t1760,G0526
t1761,G0526
t1762,G0526
t1763,G0526
t1764,G0526
t1765,G0526
t1766,G0526
t1767,G0526
t1768,G0526
t1769,G0526
t1770,G0526
t1771,G0526
t1772,G0526
t1773,G0526
t1774,G0526
t1775,G0526
t5616,G0527
t5617,G0527
t5618,G0527
t5619,G0527
t5620,G0527
t5621,G0527
t5622,G0527
t5623,G0527
t5624,G0527
t5625,G0527
t5626,G0527
t5627,G0527
t5628,G0527
t5629,G0527
t5630,G0527
t5631,G0527
t3120,G0528
t3121,G0528
t3122,G0528
t3123,G0528
t3124,G0528
t3125,G0528
t3126,G0528
t3127,G0528
t3128,G0528
t3129,G0528
t3130,G0528
t3131,G0528
t3132,G0528
t3133,G0528
t3134,G0528
t3135,G0528
t7216,G0529
t7217,G0529
t7218,G0529
t7219,G0529
t7220,G0529
t7221,G0529
t7222,G0529
t7223,G0529
t7224,G0529
t7225,G0529
t7226,G0529
t7227,G0529
t7228,G0529
t7229,G0529
t7230,G0529
t7231,G0529
t64,G0530
t65,G0530
t66,G0530
t67,G0530
t68,G0530
t69,G0530
t70,G0530
t71,G0530
t72,G0530
t73,G0530
t74,G0530
t75,G0530
t76,G0530
t77,G0530
t78,G0530
t79,G0530
t4432,G0531
t4433,G0531
t4434,G0531
t4435,G0531
t4436,G0531
t4437,G0531
t4438,G0531
t4439,G0531
t4440,G0531
t4441,G0531
t4442,G0531
t4443,G0531
t4444,G0531
t4445,G0531
t4446,G0531
t4447,G0531
t5312,G0532
t5313,G0532
t5314,G0532
t5315,G0532
t5316,G0532
t5317,G0532
t5318,G0532
t5319,G0532
t5320,G0532
t5321,G0532
t5322,G0532
t5323,G0532
t5324,G0532
t5325,G0532
t5326,G0532
t5327,G0532
t208,G0533
t209,G0533
t210,G0533
t211,G0533
t212,G0533
t213,G0533
t214,G0533
t215,G0533
t216,G0533
t217,G0533
t218,G0533
t219,G0533
t220,G0533
t221,G0533
t222,G0533
t223,G0533
t176,G0534
t177,G0534
t178,G0534
t179,G0534
t180,G0534
t181,G0534
t182,G0534
t183,G0534
t184,G0534
t185,G0534
t186,G0534
t187,G0534
t188,G0534
t189,G0534
t190,G0534
t191,G0534
t240,G0535
t241,G0535
t242,G0535
t243,G0535
t244,G0535
t245,G0535
t246,G0535
t247,G0535
t248,G0535
t249,G0535
t250,G0535
t251,G0535
t252,G0535
t253,G0535
t254,G0535
t255,G0535
t2592,G0536
t2593,G0536
t2594,G0536
t2595,G0536
t2596,G0536
t2597,G0536
t2598,G0536
t2599,G0536
t2600,G0536
t2601,G0536
t2602,G0536
t2603,G0536
t2604,G0536
t2605,G0536
t2606,G0536
t2607,G0536
t7376,G0537
t7377,G0537
t7378,G0537
t7379,G0537
t7380,G0537
t7381,G0537
t7382,G0537
t7383,G0537
t7384,G0537
t7385,G0537
t7386,G0537
t7387,G0537
t7388,G0537
t7389,G0537
t7390,G0537
t7391,G0537
t832,G0538
t833,G0538
t834,G0538
t835,G0538
t836,G0538
t837,G0538
t838,G0538
t839,G0538
t840,G0538
t841,G0538
t842,G0538
t843,G0538
t844,G0538
t845,G0538
t846,G0538
t847,G0538
t4832,G0539
t4833,G0539
t4834,G0539
t4835,G0539
t4836,G0539
t4837,G0539
t4838,G0539
t4839,G0539
t4840,G0539
t4841,G0539
t4842,G0539
t4843,G0539
t4844,G0539
t4845,G0539
t4846,G0539
t4847,G0539
t1872,G0540
t1873,G0540
t1874,G0540
t1875,G0540
t1876,G0540
t1877,G0540
t1878,G0540
t1879,G0540
t1880,G0540
t1881,G0540
t1882,G0540
t1883,G0540
t1884,G0540
t1885,G0540
t1886,G0540
t1887,G0540
t8128,G0541
t8129,G0541
t8130,G0541
t8131,G0541
t8132,G0541
t8133,G0541
t8134,G0541
t8135,G0541
t8136,G0541
t8137,G0541
t8138,G0541
t8139,G0541
t8140,G0541
t8141,G0541
t8142,G0541
t8143,G0541
t5904,G0542
t5905,G0542
t5906,G0542
t5907,G0542
t5908,G0542
t5909,G0542
t5910,G0542
t5911,G0542
t5912,G0542
t5913,G0542
t5914,G0542
t5915,G0542
t5916,G0542
t5917,G0542
t5918,G0542
t5919,G0542
t2176,G0543
t2177,G0543
t2178,G0543
t2179,G0543
t2180,G0543
t2181,G0543
t2182,G0543
t2183,G0543
t2184,G0543
t2185,G0543
t2186,G0543
t2187,G0543
t2188,G0543
t2189,G0543
t2190,G0543
t2191,G0543
t3648,G0544
t3649,G0544
t3650,G0544
t3651,G0544
t3652,G0544
t3653,G0544
t3654,G0544
t3655,G0544
t3656,G0544
t3657,G0544
t3658,G0544
t3659,G0544
t3660,G0544
t3661,G0544
t3662,G0544
t3663,G0544
t5696,G0545
t5697,G0545
t5698,G0545
t5699,G0545
t5700,G0545
t5701,G0545
t5702,G0545
t5703,G0545
t5704,G0545
t5705,G0545
t5706,G0545
t5707,G0545
t5708,G0545
t5709,G0545
t5710,G0545
t5711,G0545
t16,G0546
t17,G0546
t18,G0546
t19,G0546
t20,G0546
t21,G0546
t22,G0546
t23,G0546
t24,G0546
t25,G0546
t26,G0546
t27,G0546
t28,G0546
t29,G0546
t30,G0546
t31,G0546
t6272,G0547
t6273,G0547
t6274,G0547
t6275,G0547
t6276,G0547
t6277,G0547
t6278,G0547
t6279,G0547
t6280,G0547
t6281,G0547
t6282,G0547
t6283,G0547
t6284,G0547
t6285,G0547
t6286,G0547
t6287,G0547
t6240,G0548
t6241,G0548
t6242,G0548
t6243,G0548
t6244,G0548
t6245,G0548
t6246,G0548
t6247,G0548
t6248,G0548
t6249,G0548
t6250,G0548
t6251,G0548
t6252,G0548
t6253,G0548
t6254,G0548
t6255,G0548
t4976,G0549
t4977,G0549
t4978,G0549
t4979,G0549
t4980,G0549
t4981,G0549
t4982,G0549
t4983,G0549
t4984,G0549
t4985,G0549
t4986,G0549
t4987,G0549
t4988,G0549
t4989,G0549
t4990,G0549
t4991,G0549
t3536,G0550
t3537,G0550
t3538,G0550
t3539,G0550
t3540,G0550
t3541,G0550
t3542,G0550
t3543,G0550
t3544,G0550
t3545,G0550
t3546,G0550
t3547,G0550
t3548,G0550
t3549,G0550
t3550,G0550
t3551,G0550
t3184,G0551
t3185,G0551
t3186,G0551
t3187,G0551
t3188,G0551
t3189,G0551
t3190,G0551
t3191,G0551
t3192,G0551
t3193,G0551
t3194,G0551
t3195,G0551
t3196,G0551
t3197,G0551
t3198,G0551
t3199,G0551
t6832,G0552
t6833,G0552
t6834,G0552
t6835,G0552
t6836,G0552
t6837,G0552
t6838,G0552
t6839,G0552
t6840,G0552
t6841,G0552
t6842,G0552
t6843,G0552
t6844,G0552
t6845,G0552
t6846,G0552
t6847,G0552
t7312,G0553
t7313,G0553
t7314,G0553
t7315,G0553
t7316,G0553
t7317,G0553
t7318,G0553
t7319,G0553
t7320,G0553
t7321,G0553
t7322,G0553
t7323,G0553
t7324,G0553
t7325,G0553
t7326,G0553
t7327,G0553
t224,G0554
t225,G0554
t226,G0554
t227,G0554
t228,G0554
t229,G0554
t230,G0554
t231,G0554
t232,G0554
t233,G0554
t234,G0554
t235,G0554
t236,G0554
t237,G0554
t238,G0554
t239,G0554
t3984,G0555
t3985,G0555
t3986,G0555
t3987,G0555
t3988,G0555
t3989,G0555
t3990,G0555
t3991,G0555
t3992,G0555
t3993,G0555
t3994,G0555
t3995,G0555
t3996,G0555
t3997,G0555
t3998,G0555
t3999,G0555
t768,G0556
t769,G0556
t770,G0556
t771,G0556
t772,G0556
t773,G0556
t774,G0556
t775,G0556
t776,G0556
t777,G0556
t778,G0556
t779,G0556
t780,G0556
t781,G0556
t782,G0556
t783,G0556
t1712,G0557
t1713,G0557
t1714,G0557
t1715,G0557
t1716,G0557
t1717,G0557
t1718,G0557
t1719,G0557
t1720,G0557
t1721,G0557
t1722,G0557
t1723,G0557
t1724,G0557
t1725,G0557
t1726,G0557
t1727,G0557
t6448,G0558
t6449,G0558
t6450,G0558
t6451,G0558
t6452,G0558
t6453,G0558
t6454,G0558
t6455,G0558
t6456,G0558
t6457,G0558
t6458,G0558
t6459,G0558
t6460,G0558
t6461,G0558
t6462,G0558
t6463,G0558
t3104,G0559
t3105,G0559
t3106,G0559
t3107,G0559
t3108,G0559
t3109,G0559
t3110,G0559
t3111,G0559
t3112,G0559
t3113,G0559
t3114,G0559
t3115,G0559
t3116,G0559
t3117,G0559
t3118,G0559
t3119,G0559
t5328,G0560
t5329,G0560
t5330,G0560
t5331,G0560
t5332,G0560
t5333,G0560
t5334,G0560
t5335,G0560
t5336,G0560
t5337,G0560
t5338,G0560
t5339,G0560
t5340,G0560
t5341,G0560
t5342,G0560
t5343,G0560
t3856,G0561
t3857,G0561
t3858,G0561
t3859,G0561
t3860,G0561
t3861,G0561
t3862,G0561
t3863,G0561
t3864,G0561
t3865,G0561
t3866,G0561
t3867,G0561
t3868,G0561
t3869,G0561
t3870,G0561
t3871,G0561
t3680,G0562
t3681,G0562
t3682,G0562
t3683,G0562
t3684,G0562
t3685,G0562
t3686,G0562
t3687,G0562
t3688,G0562
t3689,G0562
t3690,G0562
t3691,G0562
t3692,G0562
t3693,G0562
t3694,G0562
t3695,G0562
t6224,G0563
t6225,G0563
t6226,G0563
t6227,G0563
t6228,G0563
t6229,G0563
t6230,G0563
t6231,G0563
t6232,G0563
t6233,G0563
t6234,G0563
t6235,G0563
t6236,G0563
t6237,G0563
t6238,G0563
t6239,G0563
t4048,G0564
t4049,G0564
t4050,G0564
t4051,G0564
t4052,G0564
t4053,G0564
t4054,G0564
t4055,G0564
t4056,G0564
t4057,G0564
t4058,G0564
t4059,G0564
t4060,G0564
t4061,G0564
t4062,G0564
t4063,G0564
t960,G0565
t961,G0565
t962,G0565
t963,G0565
t964,G0565
t965,G0565
t966,G0565
t967,G0565
t968,G0565
t969,G0565
t970,G0565
t971,G0565
t972,G0565
t973,G0565
t974,G0565
t975,G0565
t2080,G0566
t2081,G0566
t2082,G0566
t2083,G0566
t2084,G0566
t2085,G0566
t2086,G0566
t2087,G0566
t2088,G0566
t2089,G0566
t2090,G0566
t2091,G0566
t2092,G0566
t2093,G0566
t2094,G0566
t2095,G0566
t512,G0567
t513,G0567
t514,G0567
t515,G0567
t516,G0567
t517,G0567
t518,G0567
t519,G0567
t520,G0567
t521,G0567
t522,G0567
t523,G0567
t524,G0567
t525,G0567
t526,G0567
t527,G0567
t6256,G0568
t6257,G0568
t6258,G0568
t6259,G0568
t6260,G0568
t6261,G0568
t6262,G0568
t6263,G0568
t6264,G0568
t6265,G0568
t6266,G0568
t6267,G0568
t6268,G0568
t6269,G0568
t6270,G0568
t6271,G0568
t6560,G0569
t6561,G0569
t6562,G0569
t6563,G0569
t6564,G0569
t6565,G0569
t6566,G0569
t6567,G0569
t6568,G0569
t6569,G0569
t6570,G0569
t6571,G0569
t6572,G0569
t6573,G0569
t6574,G0569
t6575,G0569
t6928,G0570
t6929,G0570
t6930,G0570
t6931,G0570
t6932,G0570
t6933,G0570
t6934,G0570
t6935,G0570
t6936,G0570
t6937,G0570
t6938,G0570
t6939,G0570
t6940,G0570
t6941,G0570
t6942,G0570
t6943,G0570
t4656,G0571
t4657,G0571
t4658,G0571
t4659,G0571
t4660,G0571
t4661,G0571
t4662,G0571
t4663,G0571
t4664,G0571
t4665,G0571
t4666,G0571
t4667,G0571
t4668,G0571
t4669,G0571
t4670,G0571
t4671,G0571
t2192,G0572
t2193,G0572
t2194,G0572
t2195,G0572
t2196,G0572
t2197,G0572
t2198,G0572
t2199,G0572
t2200,G0572
t2201,G0572
t2202,G0572
t2203,G0572
t2204,G0572
t2205,G0572
t2206,G0572
t2207,G0572
