group,status,lca_node,member_count,extra_nodes,missing_nodes,subgroups,extra_count,missing_count,polytomy_details
0-14-0-20-45-22,monophyletic,internal_26,3,,,,0,0,
0-14-0-80-60-11,monophyletic,internal_30,18,,,,0,0,
0-14-3-00-41-53,monophyletic,internal_32,2,,,,0,0,
0-14-3-00-62-12,monophyletic,internal_33,9,,,,0,0,
01-FULL-36-15b,monophyletic,internal_40,2,,,,0,0,
01-FULL-43-11b,monophyletic,internal_35,2,,,,0,0,
01-FULL-43-15b,monophyletic,internal_31,2,,,,0,0,
01-FULL-44-24b,monophyletic,internal_35,2,,,,0,0,
01-FULL-45-10b,monophyletic,internal_27,6,,,,0,0,
01-FULL-45-15b,monophyletic,internal_59,2,,,,0,0,
01-FULL-49-22b,monophyletic,internal_34,5,,,,0,0,
01-FULL-54-110,monophyletic,internal_29,2,,,,0,0,
02-FULL-45-11b,monophyletic,internal_38,3,,,,0,0,
02-FULL-45-17b,monophyletic,internal_36,2,,,,0,0,
1-14-0-10-37-14,monophyletic,internal_37,3,,,,0,0,
1-14-0-10-42-12,monophyletic,internal_53,2,,,,0,0,
1-14-0-10-42-22,monophyletic,internal_53,3,,,,0,0,
1-14-0-10-43-11,monophyletic,internal_35,2,,,,0,0,
1-14-0-10-43-13,monophyletic,internal_27,2,,,,0,0,
1-14-0-10-46-36,monophyletic,internal_38,3,,,,0,0,
1-14-0-10-48-11,monophyletic,internal_34,2,,,,0,0,
1-14-0-20-39-34,monophyletic,internal_47,3,,,,0,0,
1-14-0-20-39-49,monophyletic,internal_30,3,,,,0,0,
1-14-0-65-60-17,monophyletic,internal_41,4,,,,0,0,
1-14-2-50-31-20,monophyletic,internal_41,7,,,,0,0,
1-19,monophyletic,internal_55,2,,,,0,0,
1109,monophyletic,internal_26,2,,,,0,0,
1162T-S-0a-05,monophyletic,internal_48,2,,,,0,0,
12-FULL-44-12b,monophyletic,internal_55,6,,,,0,0,
12-FULL-67-14b,monophyletic,internal_20,37,,,,0,0,
12844,monophyletic,internal_43,5,,,,0,0,
13-1-40CM-64-14,monophyletic,internal_19,3,,,,0,0,
13-1-40CM-70-15,monophyletic,internal_26,4,,,,0,0,
13-2-20CM-66-19,monophyletic,internal_40,174,,,,0,0,
13-2-20CM-68-14,monophyletic,internal_36,14,,,,0,0,
14-2,monophyletic,internal_47,12,,,,0,0,
16-39-46,monophyletic,internal_25,3,,,,0,0,
17J80-11,monophyletic,internal_39,2,,,,0,0,
188UL27-1,monophyletic,internal_58,2,,,,0,0,
1XD8-76,monophyletic,internal_51,13,,,,0,0,
2-01-FULL-33-17,monophyletic,internal_50,10,,,,0,0,
2-01-FULL-38-21,monophyletic,internal_36,4,,,,0,0,
2-01-FULL-39-10-A,monophyletic,internal_36,16,,,,0,0,
2-01-FULL-39-19,monophyletic,internal_31,2,,,,0,0,
2-01-FULL-39-21,monophyletic,internal_32,2,,,,0,0,
2-01-FULL-39-24,monophyletic,internal_29,4,,,,0,0,
2-01-FULL-39-28,monophyletic,internal_40,7,,,,0,0,
2-01-FULL-39-33,monophyletic,internal_36,4,,,,0,0,
2-01-FULL-40-13,monophyletic,internal_34,8,,,,0,0,
2-01-FULL-40-42,monophyletic,internal_34,3,,,,0,0,
2-01-FULL-41-11,monophyletic,internal_27,2,,,,0,0,
2-01-FULL-41-14,monophyletic,internal_27,2,,,,0,0,
2-01-FULL-41-21,monophyletic,internal_40,6,,,,0,0,
2-01-FULL-41-26,monophyletic,internal_39,6,,,,0,0,
2-01-FULL-42-13,monophyletic,internal_27,2,,,,0,0,
2-01-FULL-42-20,monophyletic,internal_49,2,,,,0,0,
2-01-FULL-43-22,monophyletic,internal_38,4,,,,0,0,
2-01-FULL-44-17,monophyletic,internal_40,7,,,,0,0,
2-01-FULL-44-22,monophyletic,internal_39,2,,,,0,0,
2-01-FULL-45-10,monophyletic,internal_28,6,,,,0,0,
2-01-FULL-45-33,monophyletic,internal_38,4,,,,0,0,
2-01-FULL-46-13,monophyletic,internal_41,4,,,,0,0,
2-01-FULL-46-14,monophyletic,internal_26,2,,,,0,0,
2-01-FULL-49-10,monophyletic,internal_19,3,,,,0,0,
2-01-FULL-49-17,monophyletic,internal_40,3,,,,0,0,
2-01-FULL-49-22,monophyletic,internal_37,7,,,,0,0,
2-01-FULL-50-23,monophyletic,internal_31,6,,,,0,0,
2-01-FULL-50-25,monophyletic,internal_39,3,,,,0,0,
2-01-FULL-51-10,monophyletic,internal_49,2,,,,0,0,
2-01-FULL-51-21,monophyletic,internal_52,2,,,,0,0,
2-01-FULL-53-15,monophyletic,internal_22,2,,,,0,0,
2-01-FULL-60-11,monophyletic,internal_28,3,,,,0,0,
2-01-FULL-63-20,monophyletic,internal_44,2,,,,0,0,
2-01-FULL-66-17,monophyletic,internal_26,3,,,,0,0,
2-02-FULL-35-15,monophyletic,internal_19,3,,,,0,0,
2-02-FULL-38-14,monophyletic,internal_30,2,,,,0,0,
2-02-FULL-38-15,monophyletic,internal_25,2,,,,0,0,
2-02-FULL-39-13,monophyletic,internal_27,2,,,,0,0,
2-02-FULL-39-14,monophyletic,internal_33,2,,,,0,0,
2-02-FULL-39-32,monophyletic,internal_29,2,,,,0,0,
2-02-FULL-40-12,monophyletic,internal_37,2,,,,0,0,
2-02-FULL-40-13,monophyletic,internal_32,2,,,,0,0,
2-02-FULL-42-43,monophyletic,internal_47,8,,,,0,0,
2-02-FULL-43-11,monophyletic,internal_59,5,,,,0,0,
2-02-FULL-43-11-A,monophyletic,internal_32,4,,,,0,0,
2-02-FULL-43-13,monophyletic,internal_45,3,,,,0,0,
2-02-FULL-44-35,monophyletic,internal_59,4,,,,0,0,
2-02-FULL-45-10,monophyletic,internal_44,4,,,,0,0,
2-02-FULL-45-21,monophyletic,internal_31,2,,,,0,0,
2-02-FULL-46-13,monophyletic,internal_59,6,,,,0,0,
2-02-FULL-47-50,monophyletic,internal_38,3,,,,0,0,
2-02-FULL-48-11,monophyletic,internal_35,2,,,,0,0,
2-02-FULL-48-12,monophyletic,internal_34,2,,,,0,0,
2-02-FULL-48-14,monophyletic,internal_29,8,,,,0,0,
2-02-FULL-49-11,monophyletic,internal_26,3,,,,0,0,
2-02-FULL-49-16,monophyletic,internal_29,2,,,,0,0,
2-02-FULL-50-9b,monophyletic,internal_37,5,,,,0,0,
2-02-FULL-51-10,monophyletic,internal_30,2,,,,0,0,
2-02-FULL-52-10,monophyletic,internal_35,5,,,,0,0,
2-02-FULL-52-16,monophyletic,internal_31,3,,,,0,0,
2-02-FULL-52-23,monophyletic,internal_41,4,,,,0,0,
2-02-FULL-53-10,monophyletic,internal_37,3,,,,0,0,
2-02-FULL-55-14,monophyletic,internal_37,6,,,,0,0,
2-02-FULL-56-15,monophyletic,internal_34,2,,,,0,0,
2-02-FULL-61-13,monophyletic,internal_37,4,,,,0,0,
2-02-FULL-62-14,monophyletic,internal_28,8,,,,0,0,
2-02-FULL-62-17,monophyletic,internal_37,6,,,,0,0,
2-02-FULL-66-14,monophyletic,internal_38,12,,,,0,0,
2-02-FULL-66-22,monophyletic,internal_24,21,,,,0,0,
2-02-FULL-67-57,monophyletic,internal_22,3,,,,0,0,
2-12-FULL-35-11,monophyletic,internal_54,4,,,,0,0,
2-12-FULL-35-15,monophyletic,internal_52,68,,,,0,0,
2-12-FULL-35-23,monophyletic,internal_38,2,,,,0,0,
2-12-FULL-36-22,monophyletic,internal_17,2,,,,0,0,
2-12-FULL-37-14,monophyletic,internal_40,2,,,,0,0,
2-12-FULL-39-13,monophyletic,internal_28,2,,,,0,0,
2-12-FULL-40-12,monophyletic,internal_38,2,,,,0,0,
2-12-FULL-41-12,monophyletic,internal_33,2,,,,0,0,
2-12-FULL-41-16,monophyletic,internal_46,7,,,,0,0,
2-12-FULL-41-17,monophyletic,internal_29,2,,,,0,0,
2-12-FULL-42-15,monophyletic,internal_45,3,,,,0,0,
2-12-FULL-43-11,monophyletic,internal_50,3,,,,0,0,
2-12-FULL-43-12,monophyletic,internal_45,3,,,,0,0,
2-12-FULL-44-25,monophyletic,internal_31,3,,,,0,0,
2-12-FULL-45-10,monophyletic,internal_35,3,,,,0,0,
2-12-FULL-52-36,monophyletic,internal_24,4,,,,0,0,
2-12-FULL-53-21,monophyletic,internal_25,10,,,,0,0,
2-12-FULL-55-11,monophyletic,internal_27,7,,,,0,0,
2-12-FULL-57-22,monophyletic,internal_22,3,,,,0,0,
2-12-FULL-60-19,monophyletic,internal_25,2,,,,0,0,
2-12-FULL-60-25,monophyletic,internal_37,11,,,,0,0,
2-12-FULL-64-23,monophyletic,internal_33,23,,,,0,0,
2-12-FULL-65-11,monophyletic,internal_28,3,,,,0,0,
2-12-FULL-67-15,monophyletic,internal_33,5,,,,0,0,
2-12-FULL-69-37,monophyletic,internal_27,4,,,,0,0,
20-14-all-45-10,monophyletic,internal_44,5,,,,0,0,
20-14-all-54-14,monophyletic,internal_46,2,,,,0,0,
2011-GWA2-47-8b,monophyletic,internal_48,2,,,,0,0,
2013-40CM-41-45,monophyletic,internal_48,2,,,,0,0,
20CM-2-55-15,monophyletic,internal_21,9,,,,0,0,
20CM-2-65-7,monophyletic,internal_27,50,,,,0,0,
20CM-2-70-11,monophyletic,internal_31,4,,,,0,0,
20CM-4-69-16,monophyletic,internal_32,6,,,,0,0,
21-14-0-10-35-9,monophyletic,internal_19,2,,,,0,0,
21-14-0-10-47-8,monophyletic,internal_34,8,,,,0,0,
21-14-0-10-47-8-A,monophyletic,internal_33,2,,,,0,0,
21-14-all-36-13,monophyletic,internal_50,3,,,,0,0,
21-14-all-37-9,monophyletic,internal_50,2,,,,0,0,
21-14-all-40-8,monophyletic,internal_37,2,,,,0,0,
21-14-all-47-17,monophyletic,internal_39,2,,,,0,0,
3-1-20CM-2-70-9,monophyletic,internal_18,22,,,,0,0,
3-1-20CM-3-53-8,monophyletic,internal_21,2,,,,0,0,
3-1-20CM-4-69-9,monophyletic,internal_31,53,,,,0,0,
3107,monophyletic,internal_52,2,,,,0,0,
32-111,monophyletic,internal_21,6,,,,0,0,
34-65-8,monophyletic,internal_70,5,,,,0,0,
38-11,monophyletic,internal_28,6,,,,0,0,
39-52-133,monophyletic,internal_38,11,,,,0,0,
40-80,monophyletic,internal_47,4,,,,0,0,
40CM-2-70-7,monophyletic,internal_28,8,,,,0,0,
40CM-3-55-5,monophyletic,internal_36,3,,,,0,0,
40CM-3-62-11,monophyletic,internal_31,3,,,,0,0,
40CM-4-65-16,monophyletic,internal_25,40,,,,0,0,
40CM-4-68-19,monophyletic,internal_27,19,,,,0,0,
40CM-4-69-5,monophyletic,internal_31,4,,,,0,0,
40CM-68-15,monophyletic,internal_28,2,,,,0,0,
41-12-T18,monophyletic,internal_31,3,,,,0,0,
41-269,monophyletic,internal_27,2,,,,0,0,
42-11,monophyletic,internal_14,2,,,,0,0,
42-54-T18,monophyletic,internal_38,5,,,,0,0,
4484-100,monophyletic,internal_21,2,,,,0,0,
4484-107,monophyletic,internal_20,3,,,,0,0,
4484-190-2,monophyletic,internal_32,6,,,,0,0,
4484-213,monophyletic,internal_17,3,,,,0,0,
4484-230,monophyletic,internal_24,2,,,,0,0,
4484-232,monophyletic,internal_21,2,,,,0,0,
4484-276,monophyletic,internal_60,3,,,,0,0,
4484-49,monophyletic,internal_23,2,,,,0,0,
4484-87,monophyletic,internal_31,2,,,,0,0,
4484-93,monophyletic,internal_19,2,,,,0,0,
4572-104,monophyletic,internal_21,13,,,,0,0,
4572-123,monophyletic,internal_31,5,,,,0,0,
4572-128,monophyletic,internal_57,2,,,,0,0,
4572-13,monophyletic,internal_32,15,,,,0,0,
46-80,monophyletic,internal_33,5,,,,0,0,
50-218,monophyletic,internal_29,2,,,,0,0,
54-19,monophyletic,internal_22,9,,,,0,0,
55-13,monophyletic,internal_34,7,,,,0,0,
58-81,monophyletic,internal_23,5,,,,0,0,
62-47,monophyletic,internal_46,15,,,,0,0,
630D-37,monophyletic,internal_48,5,,,,0,0,
64-32,monophyletic,internal_20,3,,,,0,0,
66-26,monophyletic,internal_38,2,,,,0,0,
66-474,monophyletic,internal_32,57,,,,0,0,
67-14,monophyletic,internal_27,48,,,,0,0,
70-18,monophyletic,internal_44,3,,,,0,0,
73-13,monophyletic,internal_55,6,,,,0,0,
79-D21,monophyletic,internal_19,9,,,,0,0,
9FT-COMBO-42-15,monophyletic,internal_19,4,,,,0,0,
9FT-COMBO-48-23,monophyletic,internal_41,14,,,,0,0,
9FT-COMBO-53-11,monophyletic,internal_21,4,,,,0,0,
A37T11,monophyletic,internal_56,2,,,,0,0,
AA152,monophyletic,internal_16,4,,,,0,0,
AA29,monophyletic,internal_24,3,,,,0,0,
AA32,monophyletic,internal_25,2,,,,0,0,
AAA044-D11,monophyletic,internal_40,37,,,,0,0,
AAA164-E04,monophyletic,internal_23,8,,,,0,0,
AAA240-E13,monophyletic,internal_28,6,,,,0,0,
AAA300-D14,monophyletic,internal_44,5,,,,0,0,
AB-137-C09,monophyletic,internal_26,6,,,,0,0,
AB-629-J13,monophyletic,internal_28,10,,,,0,0,
AC-32,monophyletic,internal_35,48,,,,0,0,
AC-37,monophyletic,internal_30,14,,,,0,0,
AC-38,monophyletic,internal_32,7,,,,0,0,
AC-43,monophyletic,internal_41,4,,,,0,0,
AC-49,monophyletic,internal_32,6,,,,0,0,
AC-50,monophyletic,internal_29,2,,,,0,0,
AC-51,monophyletic,internal_36,38,,,,0,0,
AC-52,monophyletic,internal_27,3,,,,0,0,
AC-56,monophyletic,internal_31,41,,,,0,0,
AC-64,monophyletic,internal_30,2,,,,0,0,
AC-67,monophyletic,internal_24,3,,,,0,0,
AC-69,monophyletic,internal_31,12,,,,0,0,
AC-9,monophyletic,internal_26,8,,,,0,0,
AC2028,monophyletic,internal_55,34,,,,0,0,
AE-B3A,monophyletic,internal_19,3,,,,0,0,
AE-B3B,monophyletic,internal_18,5,,,,0,0,
AEGEAN-183,monophyletic,internal_35,8,,,,0,0,
AER2-1,monophyletic,internal_27,3,,,,0,0,
AG-12,monophyletic,internal_19,8,,,,0,0,
AG-339-G14,monophyletic,internal_34,8,,,,0,0,
AG-363-J23,monophyletic,internal_36,2,,,,0,0,
AG-363-K07,monophyletic,internal_40,8,,,,0,0,
AG-363-N16,monophyletic,internal_44,3,,,,0,0,
AG-363-P08,monophyletic,internal_35,4,,,,0,0,
AG-402-N21,monophyletic,internal_42,3,,,,0,0,
AG-414-E02,monophyletic,internal_28,24,,,,0,0,
AG-426-I14,monophyletic,internal_30,3,,,,0,0,
AG-426-M11,monophyletic,internal_42,3,,,,0,0,
AG-430-B22,monophyletic,internal_27,12,,,,0,0,
AG11,monophyletic,internal_27,55,,,,0,0,
AG12,monophyletic,internal_30,2,,,,0,0,
AG2,monophyletic,internal_27,11,,,,0,0,
AG25,monophyletic,internal_28,7,,,,0,0,
AG29,monophyletic,internal_29,2,,,,0,0,
AG41,monophyletic,internal_32,28,,,,0,0,
AGPOR5,monophyletic,internal_21,3,,,,0,0,
AL-N1,monophyletic,internal_24,2,,,,0,0,
AM-0621,monophyletic,internal_28,4,,,,0,0,
AM-1111,monophyletic,internal_51,4,,,,0,0,
AM-2324,monophyletic,internal_51,5,,,,0,0,
AP-15,monophyletic,internal_32,78,,,,0,0,
AP-16,monophyletic,internal_48,10,,,,0,0,
AQU-03,monophyletic,internal_37,6,,,,0,0,
AR12,monophyletic,internal_32,12,,,,0,0,
AR19,monophyletic,internal_32,3,,,,0,0,
AR31,monophyletic,internal_30,17,,,,0,0,
AR37,monophyletic,internal_25,10,,,,0,0,
AR5,monophyletic,internal_32,14,,,,0,0,
AR8,monophyletic,internal_25,3,,,,0,0,
AR9,monophyletic,internal_23,4,,,,0,0,
ARS1013,monophyletic,internal_35,3,,,,0,0,
ARS98,monophyletic,internal_35,3,,,,0,0,
ASP10-05a,monophyletic,internal_42,7,,,,0,0,
ASV31,monophyletic,internal_55,2,,,,0,0,
ATX-6F1,monophyletic,internal_28,5,,,,0,0,
ATZT02,monophyletic,internal_38,19,,,,0,0,
AU392,monophyletic,internal_62,3,,,,0,0,
AUK083,monophyletic,internal_60,2,,,,0,0,
AUK180,monophyletic,internal_5,2,,,,0,0,
AUK232,monophyletic,internal_21,2,,,,0,0,
AUK324,monophyletic,internal_34,6,,,,0,0,
AV133,monophyletic,internal_36,3,,,,0,0,
AV17,monophyletic,internal_36,5,,,,0,0,
AV2,monophyletic,internal_26,6,,,,0,0,
AV40,monophyletic,internal_37,26,,,,0,0,
AV69,monophyletic,internal_29,26,,,,0,0,
AV80,monophyletic,internal_33,40,,,,0,0,
AVCC01,monophyletic,internal_32,6,,,,0,0,
AWTP1-13,monophyletic,internal_38,42,,,,0,0,
AWTP1-18,monophyletic,internal_41,5,,,,0,0,
AWTP1-30,monophyletic,internal_24,2,,,,0,0,
AWTP1-31,monophyletic,internal_37,3,,,,0,0,
AWTP1-9,monophyletic,internal_44,5,,,,0,0,
AWVT01,monophyletic,internal_48,5,,,,0,0,
AaIE-18,monophyletic,internal_20,3,,,,0,0,
Aadella,monophyletic,internal_25,3,,,,0,0,
Aalborg-AAW-1,monophyletic,internal_31,3,,,,0,0,
Aalborgiella,monophyletic,internal_37,19,,,,0,0,
Abditibacterium,monophyletic,internal_22,14,,,,0,0,
Abiotrophia,monophyletic,internal_44,7,,,,0,0,
Absicoccus,monophyletic,internal_31,5,,,,0,0,
Abyssalbus,monophyletic,internal_52,2,,,,0,0,
Abyssibacter,monophyletic,internal_30,4,,,,0,0,
Abyssibius,monophyletic,internal_41,2,,,,0,0,
Abyssisolibacter,monophyletic,internal_26,2,,,,0,0,
Ac37b,monophyletic,internal_26,2,,,,0,0,
AcAMD-2,monophyletic,internal_34,6,,,,0,0,
AcAMD-5,monophyletic,internal_37,8,,,,0,0,
Acanthopleuribacter,monophyletic,internal_15,2,,,,0,0,
Acaryochloris,monophyletic,internal_21,9,,,,0,0,
Acaudatibacter,monophyletic,internal_41,78,,,,0,0,
Accumulibacter,monophyletic,internal_40,40,,,,0,0,
Acerihabitans,monophyletic,internal_49,10,,,,0,0,
Acetanaerobacterium,monophyletic,internal_40,10,,,,0,0,
Acetatifactor,monophyletic,internal_50,270,,,,0,0,
Acetilactobacillus,monophyletic,internal_46,3,,,,0,0,
Acetivibrio,monophyletic,internal_43,7,,,,0,0,
Acetoanaerobium,monophyletic,internal_29,5,,,,0,0,
Acetobacter,monophyletic,internal_42,57,,,,0,0,
Acetobacterium,monophyletic,internal_24,27,,,,0,0,
Acetobacteroides,monophyletic,internal_55,4,,,,0,0,
Acetohalobium,monophyletic,internal_18,2,,,,0,0,
Acetomicrobium,monophyletic,internal_15,5,,,,0,0,
Aceula,monophyletic,internal_29,4,,,,0,0,
Acherontichlamydia,monophyletic,internal_25,5,,,,0,0,
Acholeplasma,monophyletic,internal_22,14,,,,0,0,
Achromobacter,monophyletic,internal_32,62,,,,0,0,
Acidaminobacter,monophyletic,internal_33,3,,,,0,0,
Acidaminococcus,monophyletic,internal_29,17,,,,0,0,
Acidibrevibacterium,monophyletic,internal_39,6,,,,0,0,
Acidicapsa,monophyletic,internal_30,18,,,,0,0,
Acididesulfobacillus,monophyletic,internal_28,2,,,,0,0,
Acididesulfobacter,monophyletic,internal_14,8,,,,0,0,
Acidiferrimicrobium,monophyletic,internal_32,2,,,,0,0,
Acidiferrobacter,monophyletic,internal_25,15,,,,0,0,
Acidiferrum,monophyletic,internal_29,260,,,,0,0,
Acidiflorens,monophyletic,internal_28,141,,,,0,0,
Acidihalobacter,monophyletic,internal_29,3,,,,0,0,
Acidihalobacter_A,monophyletic,internal_29,5,,,,0,0,
Acidiluteibacter,monophyletic,internal_39,6,,,,0,0,
Acidimangrovimonas,monophyletic,internal_55,4,,,,0,0,
Acidimicrobilacustris,monophyletic,internal_37,34,,,,0,0,
Acidimicrobium,monophyletic,internal_29,2,,,,0,0,
Acidiparvus,monophyletic,internal_11,4,,,,0,0,
Acidiphilium,monophyletic,internal_35,18,,,,0,0,
Acidipropionibacterium,monophyletic,internal_46,5,,,,0,0,
Acidisarcina,monophyletic,internal_31,9,,,,0,0,
Acidisoma,monophyletic,internal_34,9,,,,0,0,
Acidisphaera,monophyletic,internal_34,2,,,,0,0,
Acidithiobacillus,monophyletic,internal_19,23,,,,0,0,
Acidithiobacillus_A,monophyletic,internal_20,2,,,,0,0,
Acidithiobacillus_B,monophyletic,internal_18,3,,,,0,0,
Acidithrix,monophyletic,internal_27,12,,,,0,0,
Acidobacterium,monophyletic,internal_32,5,,,,0,0,
Acidocella,monophyletic,internal_34,63,,,,0,0,
Acidothermus,monophyletic,internal_32,2,,,,0,0,
Acidovorax,monophyletic,internal_49,67,,,,0,0,
Acidovorax_G,monophyletic,internal_47,2,,,,0,0,
Acidulodesulfobacterium,monophyletic,internal_15,7,,,,0,0,
Acidulodesulfobacterium_A,monophyletic,internal_16,19,,,,0,0,
Acinetobacter,monophyletic,internal_43,247,,,,0,0,
Acrocarpospora,monophyletic,internal_41,5,,,,0,0,
Actibacterium_A,monophyletic,internal_58,2,,,,0,0,
Actibacterium_B,monophyletic,internal_60,2,,,,0,0,
Actibacterium_D,monophyletic,internal_60,3,,,,0,0,
Actimicrobium,monophyletic,internal_36,11,,,,0,0,
Actinacidiphila,monophyletic,internal_41,63,,,,0,0,
Actinoallomurus,monophyletic,internal_32,21,,,,0,0,
Actinoalloteichus_A,monophyletic,internal_39,3,,,,0,0,
Actinoalloteichus_B,monophyletic,internal_38,2,,,,0,0,
Actinobacillus,monophyletic,internal_45,9,,,,0,0,
Actinobacillus_B,monophyletic,internal_47,3,,,,0,0,
Actinobacillus_C,monophyletic,internal_46,5,,,,0,0,
Actinobaculum,monophyletic,internal_56,2,,,,0,0,
Actinocatenispora,monophyletic,internal_36,8,,,,0,0,
Actinocorallia,monophyletic,internal_35,10,,,,0,0,
Actinocrinis,monophyletic,internal_36,9,,,,0,0,
Actinokineospora,monophyletic,internal_43,24,,,,0,0,
Actinomadura_C,monophyletic,internal_35,4,,,,0,0,
Actinomadura_E,monophyletic,internal_36,3,,,,0,0,
Actinomarina,monophyletic,internal_19,64,,,,0,0,
Actinomarinicola,monophyletic,internal_31,4,,,,0,0,
Actinomyces,monophyletic,internal_52,58,,,,0,0,
Actinomycetospora,monophyletic,internal_37,34,,,,0,0,
Actinophytocola,monophyletic,internal_42,24,,,,0,0,
Actinoplanes,monophyletic,internal_44,131,,,,0,0,
Actinopolymorpha,monophyletic,internal_38,7,,,,0,0,
Actinopolyspora,monophyletic,internal_41,11,,,,0,0,
Actinospica,monophyletic,internal_35,6,,,,0,0,
Actinosynnema,monophyletic,internal_42,47,,,,0,0,
Actinotalea,monophyletic,internal_44,38,,,,0,0,
Actinotignum,monophyletic,internal_56,9,,,,0,0,
Actomonas,monophyletic,internal_34,17,,,,0,0,
Acutalibacter,monophyletic,internal_48,58,,,,0,0,
Acuticoccus,monophyletic,internal_38,17,,,,0,0,
Adamsella,monophyletic,internal_20,2,,,,0,0,
Adhaeretor,monophyletic,internal_37,2,,,,0,0,
Adhaeribacter,monophyletic,internal_42,8,,,,0,0,
Adhaeribacter_A,monophyletic,internal_42,4,,,,0,0,
Adiutrix,monophyletic,internal_23,11,,,,0,0,
Adlercreutzia,monophyletic,internal_33,16,,,,0,0,
Adlercreutzia_A,monophyletic,internal_34,4,,,,0,0,
Advenella,monophyletic,internal_26,22,,,,0,0,
Aedoeadaptatus,monophyletic,internal_37,11,,,,0,0,
Aegicerativicinus,monophyletic,internal_64,2,,,,0,0,
Aegiribacteria,monophyletic,internal_22,26,,,,0,0,
Aeoliella,monophyletic,internal_39,7,,,,0,0,
Aeolococcus,monophyletic,internal_21,19,,,,0,0,
Aequitasia,monophyletic,internal_44,4,,,,0,0,
Aequoribacter,monophyletic,internal_46,7,,,,0,0,
Aequorivita,monophyletic,internal_60,57,,,,0,0,
Aeriscardovia,monophyletic,internal_46,5,,,,0,0,
Aerobium,monophyletic,internal_50,18,,,,0,0,
Aerococcus,monophyletic,internal_39,25,,,,0,0,
Aerolutibacter,monophyletic,internal_46,3,,,,0,0,
Aeromicrobium,monophyletic,internal_49,117,,,,0,0,
Aeromonas,monophyletic,internal_36,46,,,,0,0,
Aerophobus,monophyletic,internal_15,2,,,,0,0,
Aerosakkonema,monophyletic,internal_28,2,,,,0,0,
Aestuarierythrobacter,monophyletic,internal_75,4,,,,0,0,
Aestuariibaculum,monophyletic,internal_70,4,,,,0,0,
Aestuariibius,monophyletic,internal_60,3,,,,0,0,
Aestuariimicrobium,monophyletic,internal_46,7,,,,0,0,
Aestuariirhabdus,monophyletic,internal_40,4,,,,0,0,
Aestuariivirga,monophyletic,internal_40,156,,,,0,0,
Aestuariivita,monophyletic,internal_63,4,,,,0,0,
Aestuariivivens,monophyletic,internal_71,4,,,,0,0,
Afifella,monophyletic,internal_36,5,,,,0,0,
Afipia,monophyletic,internal_45,48,,,,0,0,
Agaribacillus,monophyletic,internal_42,3,,,,0,0,
Agaribacterium,monophyletic,internal_47,5,,,,0,0,
Agaricicola,monophyletic,internal_36,3,,,,0,0,
Agarilytica,monophyletic,internal_49,6,,,,0,0,
Agarivorans,monophyletic,internal_36,9,,,,0,0,
Agathobaculum,monophyletic,internal_41,36,,,,0,0,
Aggregatibacter,monophyletic,internal_43,12,,,,0,0,
Aggregatilinea,monophyletic,internal_44,3,,,,0,0,
Agitococcus,monophyletic,internal_40,9,,,,0,0,
Agreia,monophyletic,internal_54,10,,,,0,0,
Agrilactobacillus,monophyletic,internal_40,4,,,,0,0,
Agrilutibacter,monophyletic,internal_42,6,,,,0,0,
Agriterribacter,monophyletic,internal_46,33,,,,0,0,
Agrobacterium,monophyletic,internal_47,48,,,,0,0,
Agrococcus,monophyletic,internal_47,34,,,,0,0,
Agromyces,monophyletic,internal_52,100,,,,0,0,
Ahniella,monophyletic,internal_32,3,,,,0,0,
Ahrensia,monophyletic,internal_44,5,,,,0,0,
Aidingimonas,monophyletic,internal_47,2,,,,0,0,
Akkermansia,monophyletic,internal_25,154,,,,0,0,
Alangreenwoodia,monophyletic,internal_35,8,,,,0,0,
Albibacterium,monophyletic,internal_56,6,,,,0,0,
Albibeggiatoa,monophyletic,internal_28,4,,,,0,0,
Albidovulum,monophyletic,internal_58,43,,,,0,0,
Albimonas,monophyletic,internal_36,12,,,,0,0,
Albirhodobacter,monophyletic,internal_61,2,,,,0,0,
Albitalea,monophyletic,internal_38,16,,,,0,0,
Alcaligenes,monophyletic,internal_32,14,,,,0,0,
Alcanivorax,monophyletic,internal_40,24,,,,0,0,
Aldehydirespirator,monophyletic,internal_38,39,,,,0,0,
Aldersonia,monophyletic,internal_43,3,,,,0,0,
Alectryobacillus,monophyletic,internal_24,6,,,,0,0,
Alectryocaccobium,monophyletic,internal_42,14,,,,0,0,
Alectryocaccomicrobium,monophyletic,internal_35,3,,,,0,0,
Alg239-R122,monophyletic,internal_59,4,,,,0,0,
Algibacter,monophyletic,internal_75,6,,,,0,0,
Algibacter_B,monophyletic,internal_76,16,,,,0,0,
Algibacter_D,monophyletic,internal_71,2,,,,0,0,
Algibacter_E,monophyletic,internal_78,2,,,,0,0,
Algicella,monophyletic,internal_43,5,,,,0,0,
Algichlamydia,monophyletic,internal_21,2,,,,0,0,
Algicoccus,monophyletic,internal_29,18,,,,0,0,
Algihabitans,monophyletic,internal_37,6,,,,0,0,
Algiphilus,monophyletic,internal_32,4,,,,0,0,
Algisphaera,monophyletic,internal_35,16,,,,0,0,
Algorimicrobium,monophyletic,internal_67,8,,,,0,0,
Algoriphagus,monophyletic,internal_40,123,,,,0,0,
Aliagarivorans,monophyletic,internal_36,2,,,,0,0,
Aliarcobacter,monophyletic,internal_30,44,,,,0,0,
Alicycliphilus,monophyletic,internal_53,8,,,,0,0,
Alicyclobacillus,monophyletic,internal_27,16,,,,0,0,
Alicyclobacillus_A,monophyletic,internal_28,4,,,,0,0,
Alicyclobacillus_B,monophyletic,internal_29,3,,,,0,0,
Alicyclobacillus_G,monophyletic,internal_27,3,,,,0,0,
Alicyclobacillus_H,monophyletic,internal_29,3,,,,0,0,
Alicyclobacillus_I,monophyletic,internal_27,2,,,,0,0,
Alicyclobacillus_L,monophyletic,internal_28,3,,,,0,0,
Alienimonas,monophyletic,internal_30,4,,,,0,0,
Aliicoccus,monophyletic,internal_38,3,,,,0,0,
Aliidiomarina,monophyletic,internal_40,21,,,,0,0,
Aliidongia,monophyletic,internal_35,4,,,,0,0,
Aliiglaciecola,monophyletic,internal_47,12,,,,0,0,
Aliihoeflea,monophyletic,internal_50,8,,,,0,0,
Aliikangiella,monophyletic,internal_37,11,,,,0,0,
Aliiroseovarius,monophyletic,internal_61,26,,,,0,0,
Aliiroseovarius_A,monophyletic,internal_61,2,,,,0,0,
Aliisedimentitalea,monophyletic,internal_74,3,,,,0,0,
Aliishimia,monophyletic,internal_62,11,,,,0,0,
Aliitabrizicola,monophyletic,internal_60,16,,,,0,0,
Aliivibrio,monophyletic,internal_40,15,,,,0,0,
Aliivibrio_A,monophyletic,internal_41,2,,,,0,0,
Alishewanella,monophyletic,internal_41,50,,,,0,0,
Alistipes,monophyletic,internal_68,378,,,,0,0,
Alistipes_A,monophyletic,internal_63,17,,,,0,0,
Aliterella,monophyletic,internal_28,7,,,,0,0,
Alitiscatomonas,monophyletic,internal_50,2,,,,0,0,
Alkalibacillus,monophyletic,internal_45,8,,,,0,0,
Alkalibacter,monophyletic,internal_25,5,,,,0,0,
Alkalibacterium,monophyletic,internal_40,16,,,,0,0,
Alkalibaculum,monophyletic,internal_26,3,,,,0,0,
Alkalicella,monophyletic,internal_22,2,,,,0,0,
Alkalicoccobacillus,monophyletic,internal_46,6,,,,0,0,
Alkalicoccus,monophyletic,internal_45,9,,,,0,0,
Alkalidesulfovibrio,monophyletic,internal_26,3,,,,0,0,
Alkalihalobacillus,monophyletic,internal_45,4,,,,0,0,
Alkalihalobacterium,monophyletic,internal_43,5,,,,0,0,
Alkalihalophilus,monophyletic,internal_44,4,,,,0,0,
Alkalilacustris,monophyletic,internal_52,6,,,,0,0,
Alkalilimnicola,monophyletic,internal_29,2,,,,0,0,
Alkalimarinus,monophyletic,internal_39,6,,,,0,0,
Alkalimonas,monophyletic,internal_40,8,,,,0,0,
Alkalinema,monophyletic,internal_27,3,,,,0,0,
Alkaliphilus,monophyletic,internal_32,3,,,,0,0,
Alkaliphilus_B,monophyletic,internal_31,5,,,,0,0,
Alkaliphilus_C,monophyletic,internal_31,2,,,,0,0,
Alkalispirochaeta,monophyletic,internal_24,17,,,,0,0,
Alkalithermobacter,monophyletic,internal_29,2,,,,0,0,
Alkanindiges,monophyletic,internal_44,6,,,,0,0,
Allisonella,monophyletic,internal_27,2,,,,0,0,
Alloacidobacterium,monophyletic,internal_33,12,,,,0,0,
Alloalcanivorax,monophyletic,internal_40,19,,,,0,0,
Allobacillus,monophyletic,internal_44,4,,,,0,0,
Allobaculum,monophyletic,internal_32,12,,,,0,0,
Allobaileyella,monophyletic,internal_43,2,,,,0,0,
Allobogoriella,monophyletic,internal_47,3,,,,0,0,
Allobosea,monophyletic,internal_41,111,,,,0,0,
Allobranchiibius,monophyletic,internal_46,4,,,,0,0,
Allobutyricicoccus,monophyletic,internal_37,4,,,,0,0,
Allochristensenella,monophyletic,internal_33,2,,,,0,0,
Alloclostridium,monophyletic,internal_39,8,,,,0,0,
Allocoleopsis,monophyletic,internal_32,4,,,,0,0,
Allocoprobacillus,monophyletic,internal_30,5,,,,0,0,
Allocoprococcus,monophyletic,internal_44,16,,,,0,0,
Alloenteromonas,monophyletic,internal_26,58,,,,0,0,
Allofournierella,monophyletic,internal_53,8,,,,0,0,
Allofournierella_A,monophyletic,internal_56,6,,,,0,0,
Allohahella,monophyletic,internal_39,2,,,,0,0,
Alloiococcus,monophyletic,internal_41,2,,,,0,0,
Allokutzneria,monophyletic,internal_35,5,,,,0,0,
Allomeiothermus,monophyletic,internal_18,4,,,,0,0,
Allomesorhizobium,monophyletic,internal_57,5,,,,0,0,
Allopontixanthobacter,monophyletic,internal_75,10,,,,0,0,
Alloprevotella,monophyletic,internal_70,149,,,,0,0,
Allopusillimonas,monophyletic,internal_34,7,,,,0,0,
Allorhizobium,monophyletic,internal_47,80,,,,0,0,
Allorhizocola,monophyletic,internal_38,3,,,,0,0,
Allorhodoferax,monophyletic,internal_46,159,,,,0,0,
Alloscardovia,monophyletic,internal_48,7,,,,0,0,
Alloscillospira,monophyletic,internal_47,6,,,,0,0,
Alloscybalousia,monophyletic,internal_26,29,,,,0,0,
Allosediminivita,monophyletic,internal_71,2,,,,0,0,
Allosphingosinicella,monophyletic,internal_49,156,,,,0,0,
Allostella,monophyletic,internal_29,7,,,,0,0,
Alpinimonas,monophyletic,internal_50,3,,,,0,0,
Alsobacter,monophyletic,internal_41,11,,,,0,0,
Alteracholeplasma,monophyletic,internal_23,3,,,,0,0,
Alteraquisediminimonas,monophyletic,internal_50,3,,,,0,0,
Alteraurantiacibacter,monophyletic,internal_70,63,,,,0,0,
Alteribacillus,monophyletic,internal_45,4,,,,0,0,
Alteribacillus_A,monophyletic,internal_45,2,,,,0,0,
Alteribacter,monophyletic,internal_41,5,,,,0,0,
Altericroceibacterium,monophyletic,internal_65,3,,,,0,0,
Alteridesulfovibrio,monophyletic,internal_21,2,,,,0,0,
Alterileibacterium,monophyletic,internal_43,2,,,,0,0,
Alterinioella,monophyletic,internal_61,2,,,,0,0,
Alteriqipengyuania,monophyletic,internal_71,15,,,,0,0,
Alteriqipengyuania_A,monophyletic,internal_73,2,,,,0,0,
Alteriqipengyuania_B,monophyletic,internal_73,2,,,,0,0,
Alterirhizorhabdus,monophyletic,internal_55,4,,,,0,0,
Alterisphingorhabdus,monophyletic,internal_59,6,,,,0,0,
Alteromonas,monophyletic,internal_48,79,,,,0,0,
Alteromonas_E,monophyletic,internal_47,6,,,,0,0,
Alteromonas_F,monophyletic,internal_48,4,,,,0,0,
Altibacter,monophyletic,internal_56,4,,,,0,0,
Altimarinus,monophyletic,internal_24,8,,,,0,0,
Amaricoccus,monophyletic,internal_41,55,,,,0,0,
Amarobacillus,monophyletic,internal_41,5,,,,0,0,
Amarobacter,monophyletic,internal_40,24,,,,0,0,
Amarolinea,monophyletic,internal_32,7,,,,0,0,
Amazonocrinis,monophyletic,internal_36,3,,,,0,0,
Amedibacterium,monophyletic,internal_31,2,,,,0,0,
Aminicella,monophyletic,internal_46,29,,,,0,0,
Aminicenans,monophyletic,internal_28,2,,,,0,0,
Aminidesulfovibrio,monophyletic,internal_26,4,,,,0,0,
Aminiphilus,monophyletic,internal_21,2,,,,0,0,
Aminipila,monophyletic,internal_36,10,,,,0,0,
Aminithiophilus,monophyletic,internal_19,3,,,,0,0,
Aminivibrio,monophyletic,internal_26,10,,,,0,0,
Aminobacter,monophyletic,internal_56,17,,,,0,0,
Aminobacterium,monophyletic,internal_21,3,,,,0,0,
Ammonifex,monophyletic,internal_29,2,,,,0,0,
Amnibacterium,monophyletic,internal_51,18,,,,0,0,
Amniculibacterium,monophyletic,internal_55,3,,,,0,0,
Amoebophilus,monophyletic,internal_36,4,,,,0,0,
Amorphus,monophyletic,internal_37,3,,,,0,0,
Amphibacillus,monophyletic,internal_50,6,,,,0,0,
Amphibacillus_C,monophyletic,internal_52,2,,,,0,0,
Amphiplicatus,monophyletic,internal_37,37,,,,0,0,
Amphirhobacter,monophyletic,internal_23,2,,,,0,0,
Amphritea,monophyletic,internal_42,24,,,,0,0,
Amphritriteisimkania,monophyletic,internal_21,2,,,,0,0,
Amulumruptor,monophyletic,internal_80,6,,,,0,0,
Amycolatopsis,monophyletic,internal_43,147,,,,0,0,
Amycolatopsis_E,monophyletic,internal_42,25,,,,0,0,
Amygdalobacter,monophyletic,internal_37,2,,,,0,0,
Amylibacter,monophyletic,internal_43,56,,,,0,0,
Amylolactobacillus,monophyletic,internal_43,2,,,,0,0,
An181,monophyletic,internal_47,2,,,,0,0,
Anabaena,monophyletic,internal_38,7,,,,0,0,
Anabaenopsis,monophyletic,internal_39,2,,,,0,0,
Anaerobaca,monophyletic,internal_40,13,,,,0,0,
Anaerobacillus,monophyletic,internal_40,10,,,,0,0,
Anaerobacterium,monophyletic,internal_42,2,,,,0,0,
Anaerobiospirillum,monophyletic,internal_39,11,,,,0,0,
Anaerobiospirillum_A,monophyletic,internal_42,2,,,,0,0,
Anaerobranca,monophyletic,internal_22,2,,,,0,0,
Anaerobutyricum,monophyletic,internal_39,36,,,,0,0,
Anaerocaecibacter,monophyletic,internal_32,31,,,,0,0,
Anaerococcus,monophyletic,internal_35,55,,,,0,0,
Anaerocolumna,monophyletic,internal_44,32,,,,0,0,
Anaerofilum,monophyletic,internal_52,5,,,,0,0,
Anaerofustis,monophyletic,internal_26,4,,,,0,0,
Anaeroglomus,monophyletic,internal_33,13,,,,0,0,
Anaerohabitans,monophyletic,internal_29,5,,,,0,0,
Anaerolinea,monophyletic,internal_51,9,,,,0,0,
Anaeromassilibacillus,monophyletic,internal_45,5,,,,0,0,
Anaeromicrobium,monophyletic,internal_31,2,,,,0,0,
Anaeromonas,monophyletic,internal_29,5,,,,0,0,
Anaeromusa,monophyletic,internal_27,4,,,,0,0,
Anaeromyxobacter,monophyletic,internal_24,37,,,,0,0,
Anaeromyxobacter_A,monophyletic,internal_25,11,,,,0,0,
Anaeromyxobacter_B,monophyletic,internal_25,3,,,,0,0,
Anaerophaga,monophyletic,internal_62,2,,,,0,0,
Anaerophilus,monophyletic,internal_32,2,,,,0,0,
Anaeroplasma,monophyletic,internal_26,40,,,,0,0,
Anaerorhabdus,monophyletic,internal_25,5,,,,0,0,
Anaerorudis,monophyletic,internal_68,5,,,,0,0,
Anaerosalibacter,monophyletic,internal_30,3,,,,0,0,
Anaeroselena,monophyletic,internal_28,6,,,,0,0,
Anaerosolibacter,monophyletic,internal_31,2,,,,0,0,
Anaerosoma,monophyletic,internal_26,8,,,,0,0,
Anaerosphaera,monophyletic,internal_38,5,,,,0,0,
Anaerospora,monophyletic,internal_25,2,,,,0,0,
Anaerosporobacter,monophyletic,internal_41,5,,,,0,0,
Anaerosporomusa,monophyletic,internal_28,2,,,,0,0,
Anaerostipes,monophyletic,internal_40,20,,,,0,0,
Anaerotardibacter,monophyletic,internal_25,58,,,,0,0,
Anaerotignum,monophyletic,internal_41,15,,,,0,0,
Anaerotignum_A,monophyletic,internal_42,23,,,,0,0,
Anaerotruncus,monophyletic,internal_44,18,,,,0,0,
Anaerovibrio,monophyletic,internal_41,25,,,,0,0,
Anaerozeibacter,monophyletic,internal_40,2,,,,0,0,
Anammoximicrobium,monophyletic,internal_37,6,,,,0,0,
Anaplasma,monophyletic,internal_29,12,,,,0,0,
Anatilimnocola,monophyletic,internal_40,5,,,,0,0,
Ancillula,monophyletic,internal_46,4,,,,0,0,
Ancrocorticia,monophyletic,internal_56,5,,,,0,0,
Ancylobacter,monophyletic,internal_39,42,,,,0,0,
Ancylomarina,monophyletic,internal_62,9,,,,0,0,
Ancylothrix,monophyletic,internal_27,2,,,,0,0,
Andeanibacterium,monophyletic,internal_62,14,,,,0,0,
Anderseniella,monophyletic,internal_35,24,,,,0,0,
Anditalea,monophyletic,internal_45,2,,,,0,0,
Andreesenella,monophyletic,internal_34,2,,,,0,0,
Andreesenia,monophyletic,internal_32,4,,,,0,0,
Andreprevotia,monophyletic,internal_41,3,,,,0,0,
Aneurinibacillus,monophyletic,internal_29,7,,,,0,0,
Aneurinibacillus_B,monophyletic,internal_28,2,,,,0,0,
Angelakisella,monophyletic,internal_39,29,,,,0,0,
Angelobacter,monophyletic,internal_24,79,,,,0,0,
Angustibacter,monophyletic,internal_40,6,,,,0,0,
Anianibacter,monophyletic,internal_55,2,,,,0,0,
Annandia,monophyletic,internal_39,2,,,,0,0,
Anoxybacillus,monophyletic,internal_40,14,,,,0,0,
Anoxybacterium,monophyletic,internal_34,19,,,,0,0,
Anoxybacteroides,monophyletic,internal_40,7,,,,0,0,
Anoxynatronum,monophyletic,internal_29,5,,,,0,0,
Anoxypelagibacter,monophyletic,internal_26,35,,,,0,0,
Anseongella,monophyletic,internal_51,3,,,,0,0,
Antarcticimicrobium,monophyletic,internal_68,5,,,,0,0,
Antarcticirhabdus,monophyletic,internal_41,2,,,,0,0,
Antarctobacter,monophyletic,internal_75,10,,,,0,0,
Anthropogastromicrobium,monophyletic,internal_43,13,,,,0,0,
Antribacter,monophyletic,internal_50,2,,,,0,0,
Antricoccus,monophyletic,internal_30,2,,,,0,0,
Antrihabitans,monophyletic,internal_43,6,,,,0,0,
Aphodocola,monophyletic,internal_22,39,,,,0,0,
Aphodomonas,monophyletic,internal_33,4,,,,0,0,
Aphodomorpha,monophyletic,internal_38,5,,,,0,0,
Aphodoplasma,monophyletic,internal_35,8,,,,0,0,
Aphodosoma,monophyletic,internal_69,26,,,,0,0,
Aphodousia,monophyletic,internal_30,24,,,,0,0,
Aphodovivens,monophyletic,internal_29,8,,,,0,0,
Apibacter,monophyletic,internal_46,11,,,,0,0,
Apilactobacillus,monophyletic,internal_44,17,,,,0,0,
Apopatocola,monophyletic,internal_48,20,,,,0,0,
Apopatosoma,monophyletic,internal_37,6,,,,0,0,
Aquabacter,monophyletic,internal_42,8,,,,0,0,
Aquabacterium,monophyletic,internal_29,76,,,,0,0,
Aquariibacter,monophyletic,internal_33,3,,,,0,0,
Aquaticitalea,monophyletic,internal_67,2,,,,0,0,
Aquella,monophyletic,internal_39,38,,,,0,0,
Aquibacillus,monophyletic,internal_49,2,,,,0,0,
Aquibacillus_A,monophyletic,internal_47,2,,,,0,0,
Aquibacillus_C,monophyletic,internal_50,2,,,,0,0,
Aquibaculum,monophyletic,internal_39,3,,,,0,0,
Aquibium,monophyletic,internal_47,8,,,,0,0,
Aquicella,monophyletic,internal_40,38,,,,0,0,
Aquicoccus,monophyletic,internal_68,3,,,,0,0,
Aquicultor,monophyletic,internal_20,4,,,,0,0,
Aquidulcibacter,monophyletic,internal_38,16,,,,0,0,
Aquifex,monophyletic,internal_23,8,,,,0,0,
Aquiflexum,monophyletic,internal_50,5,,,,0,0,
Aquihabitans,monophyletic,internal_32,29,,,,0,0,
Aquilonibacter,monophyletic,internal_27,18,,,,0,0,
Aquiluna,monophyletic,internal_44,62,,,,0,0,
Aquilutibacter,monophyletic,internal_46,3,,,,0,0,
Aquimarina,monophyletic,internal_48,91,,,,0,0,
Aquimonas,monophyletic,internal_33,11,,,,0,0,
Aquincola,monophyletic,internal_34,4,,,,0,0,
Aquincolibacterium,monophyletic,internal_35,20,,,,0,0,
Aquipluma,monophyletic,internal_62,50,,,,0,0,
Aquipseudomonas,monophyletic,internal_45,993,,,,0,0,
Aquipuribacter,monophyletic,internal_39,8,,,,0,0,
Aquirhabdus,monophyletic,internal_42,12,,,,0,0,
Aquirickettsia,monophyletic,internal_29,7,,,,0,0,
Aquirickettsiella,monophyletic,internal_42,21,,,,0,0,
Aquirufa,monophyletic,internal_43,64,,,,0,0,
Aquisalimonas,monophyletic,internal_27,7,,,,0,0,
Aquisalinus,monophyletic,internal_37,6,,,,0,0,
Aquisediminimonas,monophyletic,internal_55,51,,,,0,0,
Aquisphaera,monophyletic,internal_30,14,,,,0,0,
Aquitalea,monophyletic,internal_45,10,,,,0,0,
Arachidicoccus,monophyletic,internal_50,8,,,,0,0,
Arachnia,monophyletic,internal_47,68,,,,0,0,
Arandabacterum,monophyletic,internal_19,2,,,,0,0,
Arcanobacterium,monophyletic,internal_54,9,,,,0,0,
Arcanobacterium_A,monophyletic,internal_53,16,,,,0,0,
Archangium,monophyletic,internal_33,18,,,,0,0,
Archangium_A,monophyletic,internal_32,23,,,,0,0,
Arcicella,monophyletic,internal_45,25,,,,0,0,
Arcobacter,monophyletic,internal_26,8,,,,0,0,
Arcobacter_A,monophyletic,internal_25,2,,,,0,0,
Arcobacter_B,monophyletic,internal_30,6,,,,0,0,
Arctic95D-9,monophyletic,internal_31,58,,,,0,0,
Arctic96AD-7,monophyletic,internal_26,18,,,,0,0,
Arcticibacter,monophyletic,internal_61,12,,,,0,0,
Arcticibacterium,monophyletic,internal_48,4,,,,0,0,
Arcticimaribacter,monophyletic,internal_48,33,,,,0,0,
Ardenticatena,monophyletic,internal_26,2,,,,0,0,
Arenibacter,monophyletic,internal_59,25,,,,0,0,
Arenicella,monophyletic,internal_24,42,,,,0,0,
Arenimonas,monophyletic,internal_36,83,,,,0,0,
Arenivirga,monophyletic,internal_52,2,,,,0,0,
Argonema,monophyletic,internal_28,3,,,,0,0,
Arhodomonas,monophyletic,internal_33,4,,,,0,0,
Aridibacter,monophyletic,internal_29,22,,,,0,0,
Aristaeella,monophyletic,internal_39,54,,,,0,0,
Aristophania,monophyletic,internal_48,2,,,,0,0,
Armatimonas,monophyletic,internal_28,6,,,,0,0,
Aromatoleum,monophyletic,internal_40,20,,,,0,0,
Arsenicibacter,monophyletic,internal_43,3,,,,0,0,
Arsenicicoccus,monophyletic,internal_41,6,,,,0,0,
Arsenophonus,monophyletic,internal_44,32,,,,0,0,
Arthrobacter,monophyletic,internal_51,331,,,,0,0,
Arthrobacter_B,monophyletic,internal_49,35,,,,0,0,
Arthrobacter_C,monophyletic,internal_46,2,,,,0,0,
Arthrobacter_D,monophyletic,internal_50,52,,,,0,0,
Arthrobacter_E,monophyletic,internal_51,7,,,,0,0,
Arthrobacter_H,monophyletic,internal_52,8,,,,0,0,
Arthrobacter_J,monophyletic,internal_50,3,,,,0,0,
Arthrobacter_M,monophyletic,internal_51,10,,,,0,0,
Arthrobacter_N,monophyletic,internal_52,2,,,,0,0,
Arvimicrobium,monophyletic,internal_55,4,,,,0,0,
Asaia,monophyletic,internal_49,11,,,,0,0,
Asanoa,monophyletic,internal_41,11,,,,0,0,
Ascidiaceihabitans,monophyletic,internal_68,15,,,,0,0,
Ascidiimonas,monophyletic,internal_52,3,,,,0,0,
Asp313,monophyletic,internal_56,2,,,,0,0,
Asticcacaulis,monophyletic,internal_36,44,,,,0,0,
Astrobacterium,monophyletic,internal_49,2,,,,0,0,
Atelocyanobacterium,monophyletic,internal_36,3,,,,0,0,
Athalassotoga,monophyletic,internal_16,7,,,,0,0,
Atlantibacter,monophyletic,internal_53,7,,,,0,0,
Atopobacter,monophyletic,internal_41,2,,,,0,0,
Atopobium,monophyletic,internal_32,4,,,,0,0,
Atopomonas,monophyletic,internal_40,2,,,,0,0,
Atopostipes,monophyletic,internal_41,16,,,,0,0,
Atribacter,monophyletic,internal_19,6,,,,0,0,
Aulosira,monophyletic,internal_34,15,,,,0,0,
Aurantibacillus,monophyletic,internal_55,76,,,,0,0,
Aurantibacter,monophyletic,internal_67,5,,,,0,0,
Aurantibacter_A,monophyletic,internal_60,5,,,,0,0,
Aurantibrevibacter,monophyletic,internal_59,4,,,,0,0,
Aurantimicrobium,monophyletic,internal_50,13,,,,0,0,
Aurantimonas,monophyletic,internal_43,13,,,,0,0,
Auraticoccus,monophyletic,internal_42,2,,,,0,0,
Aureibaculum,monophyletic,internal_47,25,,,,0,0,
Aureicoccus,monophyletic,internal_55,2,,,,0,0,
Aureimonas,monophyletic,internal_40,22,,,,0,0,
Aureisphaera,monophyletic,internal_53,14,,,,0,0,
Aureispira,monophyletic,internal_44,15,,,,0,0,
Aureivirga,monophyletic,internal_47,2,,,,0,0,
Aureliella,monophyletic,internal_37,49,,,,0,0,
Australimonas,monophyletic,internal_42,2,,,,0,0,
Austwickia,monophyletic,internal_40,7,,,,0,0,
Autumnicola,monophyletic,internal_53,7,,,,0,0,
Avanaerovorax,monophyletic,internal_46,5,,,,0,0,
Aved-18,monophyletic,internal_20,6,,,,0,0,
Avedoeria,monophyletic,internal_29,4,,,,0,0,
Aveggerthella,monophyletic,internal_32,3,,,,0,0,
Avelusimicrobium,monophyletic,internal_36,96,,,,0,0,
Avibacterium,monophyletic,internal_46,8,,,,0,0,
Avibacteroides,monophyletic,internal_68,6,,,,0,0,
Avichristensenella,monophyletic,internal_33,8,,,,0,0,
Avidehalobacter,monophyletic,internal_29,11,,,,0,0,
Avidesulfovibrio,monophyletic,internal_32,5,,,,0,0,
Avigastranaerophilus,monophyletic,internal_25,52,,,,0,0,
Avilachnospira,monophyletic,internal_43,33,,,,0,0,
Avimicrobium,monophyletic,internal_45,5,,,,0,0,
Avimonas,monophyletic,internal_39,16,,,,0,0,
Avimonas_A,monophyletic,internal_40,3,,,,0,0,
Avimonoglobus,monophyletic,internal_39,3,,,,0,0,
Avimuribaculum,monophyletic,internal_75,11,,,,0,0,
Avipropionibacterium,monophyletic,internal_39,3,,,,0,0,
Avispirillum,monophyletic,internal_42,32,,,,0,0,
Avisuccinivibrio,monophyletic,internal_43,6,,,,0,0,
Avisuccinivibrio_A,monophyletic,internal_43,4,,,,0,0,
Avitreponema,monophyletic,internal_20,5,,,,0,0,
Avoscillospira,monophyletic,internal_44,16,,,,0,0,
Avoscillospira_A,monophyletic,internal_45,10,,,,0,0,
Azoamicus,monophyletic,internal_42,6,,,,0,0,
Azoarcus,monophyletic,internal_41,7,,,,0,0,
Azoarcus_F,monophyletic,internal_44,5,,,,0,0,
Azobacteroides,monophyletic,internal_70,43,,,,0,0,
Azohydromonas,monophyletic,internal_36,6,,,,0,0,
Azomonas,monophyletic,internal_49,5,,,,0,0,
Azonexus,monophyletic,internal_40,129,,,,0,0,
Azophilus,monophyletic,internal_52,25,,,,0,0,
Azorhizobium,monophyletic,internal_41,6,,,,0,0,
Azosocius,monophyletic,internal_42,2,,,,0,0,
Azospira,monophyletic,internal_34,5,,,,0,0,
Azospirillum,monophyletic,internal_31,69,,,,0,0,
Azotimanducus,monophyletic,internal_46,6,,,,0,0,
Azotobacter,monophyletic,internal_47,6,,,,0,0,
Azotosporobacter,monophyletic,internal_25,2,,,,0,0,
Azovibrio,monophyletic,internal_37,22,,,,0,0,
B1,monophyletic,internal_52,25,,,,0,0,
B1-G9,monophyletic,internal_36,2,,,,0,0,
B10-G4,monophyletic,internal_36,2,,,,0,0,
B10-G9,monophyletic,internal_49,37,,,,0,0,
B11-G9,monophyletic,internal_25,2,,,,0,0,
B111-G9,monophyletic,internal_29,5,,,,0,0,
B118-G9,monophyletic,internal_29,7,,,,0,0,
B119-G9,monophyletic,internal_22,3,,,,0,0,
B12-G15,monophyletic,internal_20,2,,,,0,0,
B12-G4,monophyletic,internal_25,2,,,,0,0,
B120-G9,monophyletic,internal_33,3,,,,0,0,
B129-G9,monophyletic,internal_19,2,,,,0,0,
B13-G4,monophyletic,internal_32,13,,,,0,0,
B130-G9,monophyletic,internal_14,3,,,,0,0,
B137-G9,monophyletic,internal_27,4,,,,0,0,
B14-G1,monophyletic,internal_19,3,,,,0,0,
B14-G9,monophyletic,internal_17,2,,,,0,0,
B16-G9,monophyletic,internal_58,8,,,,0,0,
B16T1B5,monophyletic,internal_23,3,,,,0,0,
B18-G4,monophyletic,internal_58,16,,,,0,0,
B1SED10-16,monophyletic,internal_26,7,,,,0,0,
B1SED10-225,monophyletic,internal_22,10,,,,0,0,
B1SED10-74M,monophyletic,internal_33,15,,,,0,0,
B1SED10-75,monophyletic,internal_26,2,,,,0,0,
B1Sed10-166,monophyletic,internal_23,5,,,,0,0,
B1Sed10-187,monophyletic,internal_30,2,,,,0,0,
B1Sed10-231,monophyletic,internal_23,2,,,,0,0,
B2-G16,monophyletic,internal_21,2,,,,0,0,
B22-G15,monophyletic,internal_16,3,,,,0,0,
B24-G6,monophyletic,internal_17,4,,,,0,0,
B25-G16,monophyletic,internal_24,4,,,,0,0,
B28-G16,monophyletic,internal_32,2,,,,0,0,
B3-Chlor,monophyletic,internal_27,2,,,,0,0,
B3-G11,monophyletic,internal_29,11,,,,0,0,
B3-G13,monophyletic,internal_13,2,,,,0,0,
B3-TA06,monophyletic,internal_21,6,,,,0,0,
B30-G6,monophyletic,internal_32,10,,,,0,0,
B33-G16,monophyletic,internal_25,7,,,,0,0,
B39-G9,monophyletic,internal_54,3,,,,0,0,
B3T1B10,monophyletic,internal_25,9,,,,0,0,
B4-G1,monophyletic,internal_39,3,,,,0,0,
B46-G9,monophyletic,internal_27,6,,,,0,0,
B51-G9,monophyletic,internal_16,4,,,,0,0,
B6-G9,monophyletic,internal_61,3,,,,0,0,
B68-G9,monophyletic,internal_20,3,,,,0,0,
B7-G16,monophyletic,internal_30,2,,,,0,0,
B70-G9,monophyletic,internal_20,2,,,,0,0,
B73-G16,monophyletic,internal_24,5,,,,0,0,
B8-G4,monophyletic,internal_55,2,,,,0,0,
BA4,monophyletic,internal_50,5,,,,0,0,
BACL11,monophyletic,internal_43,4,,,,0,0,
BACL14,monophyletic,internal_44,42,,,,0,0,
BACL21,monophyletic,internal_58,12,,,,0,0,
BACL27,monophyletic,internal_40,36,,,,0,0,
BAIKAL-G1,monophyletic,internal_31,9,,,,0,0,
BAIKAL-G1-2R,monophyletic,internal_36,4,,,,0,0,
BB26,monophyletic,internal_24,3,,,,0,0,
BB28,monophyletic,internal_19,2,,,,0,0,
BB30,monophyletic,internal_23,2,,,,0,0,
BB31,monophyletic,internal_30,3,,,,0,0,
BCD1,monophyletic,internal_50,4,,,,0,0,
BCD5,monophyletic,internal_39,2,,,,0,0,
BD1,monophyletic,internal_38,3,,,,0,0,
BD2-11,monophyletic,internal_28,19,,,,0,0,
BHER01,monophyletic,internal_15,2,,,,0,0,
BICA1-8,monophyletic,internal_26,2,,,,0,0,
BIGb0383,monophyletic,internal_57,2,,,,0,0,
BJ17,monophyletic,internal_22,2,,,,0,0,
BJ22,monophyletic,internal_39,14,,,,0,0,
BJGN01,monophyletic,internal_54,10,,,,0,0,
BJGO01,monophyletic,internal_38,3,,,,0,0,
BJGV01,monophyletic,internal_41,14,,,,0,0,
BJGX01,monophyletic,internal_29,3,,,,0,0,
BJHL01,monophyletic,internal_43,12,,,,0,0,
BJHQ01,monophyletic,internal_24,3,,,,0,0,
BJHT01,monophyletic,internal_31,4,,,,0,0,
BM002,monophyletic,internal_25,18,,,,0,0,
BM003,monophyletic,internal_32,3,,,,0,0,
BM004,monophyletic,internal_23,13,,,,0,0,
BM103,monophyletic,internal_26,2,,,,0,0,
BM303,monophyletic,internal_28,4,,,,0,0,
BM503,monophyletic,internal_39,2,,,,0,0,
BM506,monophyletic,internal_28,8,,,,0,0,
BM507,monophyletic,internal_38,2,,,,0,0,
BM509,monophyletic,internal_31,5,,,,0,0,
BM512,monophyletic,internal_22,2,,,,0,0,
BM516,monophyletic,internal_31,6,,,,0,0,
BM518,monophyletic,internal_54,2,,,,0,0,
BM519,monophyletic,internal_35,3,,,,0,0,
BM520,monophyletic,internal_57,5,,,,0,0,
BM521,monophyletic,internal_48,2,,,,0,0,
BM524,monophyletic,internal_58,6,,,,0,0,
BM707,monophyletic,internal_24,4,,,,0,0,
BM714,monophyletic,internal_27,7,,,,0,0,
BMS3ABIN01,monophyletic,internal_21,3,,,,0,0,
BMS3ABIN03,monophyletic,internal_36,10,,,,0,0,
BMS3ABIN04,monophyletic,internal_39,6,,,,0,0,
BMS3ABIN06,monophyletic,internal_32,2,,,,0,0,
BMS3ABIN14,monophyletic,internal_18,2,,,,0,0,
BMS3Abin05,monophyletic,internal_25,4,,,,0,0,
BMS3Abin12,monophyletic,internal_31,3,,,,0,0,
BMS3Abin13,monophyletic,internal_25,2,,,,0,0,
BMS3BBIN02,monophyletic,internal_25,3,,,,0,0,
BMS3BBIN04,monophyletic,internal_26,4,,,,0,0,
BMS3Bbin01,monophyletic,internal_25,3,,,,0,0,
BMS3Bbin05,monophyletic,internal_26,2,,,,0,0,
BMS3Bbin07,monophyletic,internal_26,8,,,,0,0,
BMS3Bbin11,monophyletic,internal_23,11,,,,0,0,
BN30871,monophyletic,internal_24,17,,,,0,0,
BNUH01,monophyletic,internal_33,4,,,,0,0,
BNUT01,monophyletic,internal_26,5,,,,0,0,
BNVG01,monophyletic,internal_29,3,,,,0,0,
BNWE01,monophyletic,internal_26,13,,,,0,0,
BNXB01,monophyletic,internal_70,8,,,,0,0,
BNZF01,monophyletic,internal_47,2,,,,0,0,
BNZN01,monophyletic,internal_37,4,,,,0,0,
BNZQ01,monophyletic,internal_31,2,,,,0,0,
BOBG01,monophyletic,internal_26,4,,,,0,0,
BOG-1112,monophyletic,internal_30,4,,,,0,0,
BOG-1155,monophyletic,internal_24,7,,,,0,0,
BOG-1184,monophyletic,internal_24,7,,,,0,0,
BOG-1338,monophyletic,internal_38,2,,,,0,0,
BOG-1363,monophyletic,internal_19,11,,,,0,0,
BOG-1370,monophyletic,internal_18,6,,,,0,0,
BOG-1460,monophyletic,internal_35,2,,,,0,0,
BOG-224,monophyletic,internal_34,10,,,,0,0,
BOG-234,monophyletic,internal_29,48,,,,0,0,
BOG-908,monophyletic,internal_38,26,,,,0,0,
BOG-931,monophyletic,internal_44,176,,,,0,0,
BOG-932,monophyletic,internal_31,8,,,,0,0,
BOG-933,monophyletic,internal_32,8,,,,0,0,
BOG-938,monophyletic,internal_39,9,,,,0,0,
BOG-994,monophyletic,internal_30,3,,,,0,0,
BOKC01,monophyletic,internal_54,2,,,,0,0,
BOKV01,monophyletic,internal_40,19,,,,0,0,
BOKX01,monophyletic,internal_36,2,,,,0,0,
BOKZ01,monophyletic,internal_27,4,,,,0,0,
BP-133,monophyletic,internal_22,6,,,,0,0,
BP-173,monophyletic,internal_40,2,,,,0,0,
BP-191,monophyletic,internal_30,7,,,,0,0,
BP-197,monophyletic,internal_27,3,,,,0,0,
BP-464,monophyletic,internal_32,7,,,,0,0,
BPGL01,monophyletic,internal_36,3,,,,0,0,
BPGX01,monophyletic,internal_55,9,,,,0,0,
BPHB01,monophyletic,internal_42,2,,,,0,0,
BPIH01,monophyletic,internal_24,4,,,,0,0,
BPJC01,monophyletic,internal_28,2,,,,0,0,
BPJO01,monophyletic,internal_26,5,,,,0,0,
BPJS01,monophyletic,internal_28,2,,,,0,0,
BPJU01,monophyletic,internal_39,2,,,,0,0,
BPKI01,monophyletic,internal_28,2,,,,0,0,
BPUI01,monophyletic,internal_23,5,,,,0,0,
BQJD01,monophyletic,internal_28,5,,,,0,0,
BQJQ01,monophyletic,internal_38,3,,,,0,0,
BQJU01,monophyletic,internal_52,3,,,,0,0,
BQJX01,monophyletic,internal_20,2,,,,0,0,
BQOK01,monophyletic,internal_56,2,,,,0,0,
BQUT01,monophyletic,internal_43,2,,,,0,0,
BQWY01,monophyletic,internal_28,5,,,,0,0,
BRH-c25,monophyletic,internal_28,13,,,,0,0,
BRH-c32,monophyletic,internal_35,4,,,,0,0,
BRH-c54,monophyletic,internal_42,11,,,,0,0,
BRH-c8a,monophyletic,internal_32,5,,,,0,0,
BRHc4a,monophyletic,internal_32,7,,,,0,0,
BS150m-G50,monophyletic,internal_20,3,,,,0,0,
BS150m-G51,monophyletic,internal_32,2,,,,0,0,
BS150m-G62,monophyletic,internal_35,2,,,,0,0,
BS503,monophyletic,internal_31,5,,,,0,0,
BS524,monophyletic,internal_25,3,,,,0,0,
BS750m-G14,monophyletic,internal_26,2,,,,0,0,
BS750m-G21,monophyletic,internal_26,2,,,,0,0,
BS750m-G30,monophyletic,internal_33,2,,,,0,0,
BS750m-G34,monophyletic,internal_14,2,,,,0,0,
BS750m-G4,monophyletic,internal_29,2,,,,0,0,
BS750m-G44,monophyletic,internal_30,2,,,,0,0,
BS750m-G57,monophyletic,internal_32,5,,,,0,0,
BS750m-G62,monophyletic,internal_21,4,,,,0,0,
BS750m-G69,monophyletic,internal_25,3,,,,0,0,
BS750m-G71,monophyletic,internal_45,3,,,,0,0,
BS750m-G77,monophyletic,internal_39,2,,,,0,0,
BSW11-IV,monophyletic,internal_39,2,,,,0,0,
BTQV01,monophyletic,internal_28,2,,,,0,0,
BTUB01,monophyletic,internal_20,8,,,,0,0,
BWSM-131,monophyletic,internal_39,2,,,,0,0,
BY39,monophyletic,internal_35,2,,,,0,0,
Baaleninema,monophyletic,internal_30,2,,,,0,0,
Bacillus,monophyletic,internal_40,49,,,,0,0,
Bacillus_A,monophyletic,internal_33,71,,,,0,0,
Bacillus_AB,monophyletic,internal_43,4,,,,0,0,
Bacillus_AD,monophyletic,internal_40,12,,,,0,0,
Bacillus_AG,monophyletic,internal_40,2,,,,0,0,
Bacillus_AO,monophyletic,internal_43,3,,,,0,0,
Bacillus_AV,monophyletic,internal_37,2,,,,0,0,
Bacillus_BA,monophyletic,internal_39,3,,,,0,0,
Bacillus_BB,monophyletic,internal_24,3,,,,0,0,
Bacillus_BD,monophyletic,internal_42,13,,,,0,0,
Bacillus_BE,monophyletic,internal_42,2,,,,0,0,
Bacillus_BF,monophyletic,internal_39,3,,,,0,0,
Bacillus_BJ,monophyletic,internal_40,2,,,,0,0,
Bacillus_BL,monophyletic,internal_36,2,,,,0,0,
Bacillus_BN,monophyletic,internal_40,3,,,,0,0,
Bacillus_BS,monophyletic,internal_33,6,,,,0,0,
Bacillus_BU,monophyletic,internal_42,7,,,,0,0,
Bacillus_BV,monophyletic,internal_41,4,,,,0,0,
Bacillus_BZ,monophyletic,internal_41,2,,,,0,0,
Bacillus_CA,monophyletic,internal_43,2,,,,0,0,
Bacillus_CE,monophyletic,internal_44,6,,,,0,0,
Bacillus_CI,monophyletic,internal_43,2,,,,0,0,
Bacillus_D,monophyletic,internal_44,10,,,,0,0,
Bacillus_I,monophyletic,internal_38,3,,,,0,0,
Bacillus_O,monophyletic,internal_39,2,,,,0,0,
Bacillus_P,monophyletic,internal_43,9,,,,0,0,
Bacillus_Z,monophyletic,internal_39,3,,,,0,0,
Bact-08,monophyletic,internal_62,52,,,,0,0,
Bact-19,monophyletic,internal_53,39,,,,0,0,
Bacterioplanes,monophyletic,internal_44,3,,,,0,0,
Bacterioplanoides,monophyletic,internal_44,5,,,,0,0,
Bacteriovorax,monophyletic,internal_34,29,,,,0,0,
Bacteroides,monophyletic,internal_67,250,,,,0,0,
Bacteroides_D,monophyletic,internal_54,16,,,,0,0,
Bacteroides_E,monophyletic,internal_70,10,,,,0,0,
Bacteroides_F,monophyletic,internal_43,4,,,,0,0,
Baekduia,monophyletic,internal_33,28,,,,0,0,
Baia,monophyletic,internal_26,4,,,,0,0,
Balnearium,monophyletic,internal_23,7,,,,0,0,
Balneola,monophyletic,internal_33,23,,,,0,0,
Banduia,monophyletic,internal_32,2,,,,0,0,
Barnesiella,monophyletic,internal_70,10,,,,0,0,
Barnesiella_A,monophyletic,internal_70,14,,,,0,0,
Bartonella,monophyletic,internal_43,90,,,,0,0,
Basfia,monophyletic,internal_46,2,,,,0,0,
Bathyanammoxibius,monophyletic,internal_24,4,,,,0,0,
Bauldia,monophyletic,internal_42,13,,,,0,0,
Baumannia,monophyletic,internal_43,4,,,,0,0,
Bdellovibrio,monophyletic,internal_34,44,,,,0,0,
Beduinella,monophyletic,internal_34,5,,,,0,0,
Beduini,monophyletic,internal_19,6,,,,0,0,
Beggiatoa,monophyletic,internal_31,2,,,,0,0,
Beijerinckia,monophyletic,internal_47,3,,,,0,0,
Belliella,monophyletic,internal_44,9,,,,0,0,
Bellilinea,monophyletic,internal_55,23,,,,0,0,
Belnapia,monophyletic,internal_40,9,,,,0,0,
Benthicola,monophyletic,internal_25,16,,,,0,0,
Benzoatithermus,monophyletic,internal_41,10,,,,0,0,
Bergeyella,monophyletic,internal_58,2,,,,0,0,
Bergeyella_A,monophyletic,internal_57,2,,,,0,0,
Berkiella,monophyletic,internal_41,17,,,,0,0,
Berkiella_A,monophyletic,internal_41,4,,,,0,0,
Bermanella,monophyletic,internal_42,23,,,,0,0,
Bernardetia,monophyletic,internal_40,10,,,,0,0,
Berryella,monophyletic,internal_30,5,,,,0,0,
Bhargavaea,monophyletic,internal_35,9,,,,0,0,
Bianquea,monophyletic,internal_28,2,,,,0,0,
Bifidobacterium,monophyletic,internal_47,151,,,,0,0,
Bilifractor,monophyletic,internal_44,21,,,,0,0,
Bilophila,monophyletic,internal_31,15,,,,0,0,
Bin103,monophyletic,internal_20,11,,,,0,0,
Bin106,monophyletic,internal_26,2,,,,0,0,
Bin107,monophyletic,internal_25,23,,,,0,0,
Bin125,monophyletic,internal_33,37,,,,0,0,
Bin127,monophyletic,internal_39,36,,,,0,0,
Bin16,monophyletic,internal_45,22,,,,0,0,
Bin18,monophyletic,internal_27,28,,,,0,0,
Bin22,monophyletic,internal_46,17,,,,0,0,
Bin25,monophyletic,internal_48,4,,,,0,0,
Bin34,monophyletic,internal_31,20,,,,0,0,
Bin5,monophyletic,internal_36,36,,,,0,0,
Bin52,monophyletic,internal_35,4,,,,0,0,
Bin55,monophyletic,internal_50,29,,,,0,0,
Bin65,monophyletic,internal_35,13,,,,0,0,
Bin75,monophyletic,internal_29,38,,,,0,0,
Bin76,monophyletic,internal_25,17,,,,0,0,
Bin80,monophyletic,internal_43,24,,,,0,0,
Bin87,monophyletic,internal_43,54,,,,0,0,
Bin90,monophyletic,internal_45,22,,,,0,0,
Bin94,monophyletic,internal_33,53,,,,0,0,
Bin95,monophyletic,internal_31,17,,,,0,0,
Binatus,monophyletic,internal_35,47,,,,0,0,
Biomaibacter,monophyletic,internal_22,2,,,,0,0,
Bioreactorimicrobium,monophyletic,internal_29,4,,,,0,0,
Bipolaricaulis,monophyletic,internal_21,14,,,,0,0,
Bisbaumannia,monophyletic,internal_44,3,,,,0,0,
Bittarella,monophyletic,internal_45,2,,,,0,0,
Bizionia,monophyletic,internal_68,3,,,,0,0,
Blakebacterum,monophyletic,internal_18,2,,,,0,0,
Blastochloris,monophyletic,internal_38,3,,,,0,0,
Blastococcus,monophyletic,internal_35,30,,,,0,0,
Blastococcus_B,monophyletic,internal_34,25,,,,0,0,
Blastomonas,monophyletic,internal_58,17,,,,0,0,
Blastopirellula,monophyletic,internal_34,5,,,,0,0,
Blattabacterium,monophyletic,internal_47,49,,,,0,0,
Blautia,monophyletic,internal_53,35,,,,0,0,
Blautia_A,monophyletic,internal_53,136,,,,0,0,
Blochmanniella,monophyletic,internal_48,16,,,,0,0,
Bodonicaedibacter,monophyletic,internal_26,5,,,,0,0,
Bog-105,monophyletic,internal_35,122,,,,0,0,
Bog-113,monophyletic,internal_30,8,,,,0,0,
Bog-1181,monophyletic,internal_21,3,,,,0,0,
Bog-1183,monophyletic,internal_20,3,,,,0,0,
Bog-1198,monophyletic,internal_32,150,,,,0,0,
Bog-1340,monophyletic,internal_57,26,,,,0,0,
Bog-159,monophyletic,internal_30,21,,,,0,0,
Bog-257,monophyletic,internal_29,90,,,,0,0,
Bog-366,monophyletic,internal_25,29,,,,0,0,
Bog-375,monophyletic,internal_34,13,,,,0,0,
Bog-473,monophyletic,internal_37,135,,,,0,0,
Bog-532,monophyletic,internal_34,21,,,,0,0,
Bog-564,monophyletic,internal_36,5,,,,0,0,
Bog-752,monophyletic,internal_23,12,,,,0,0,
Bog-756,monophyletic,internal_33,101,,,,0,0,
Bog-793,monophyletic,internal_29,9,,,,0,0,
Bog-877,monophyletic,internal_19,22,,,,0,0,
Bog-950,monophyletic,internal_41,40,,,,0,0,
Bombella,monophyletic,internal_49,10,,,,0,0,
Bombilactobacillus,monophyletic,internal_42,8,,,,0,0,
Bombiscardovia,monophyletic,internal_47,29,,,,0,0,
Bordetella,monophyletic,internal_31,21,,,,0,0,
Bordetella_A,monophyletic,internal_32,14,,,,0,0,
Bordetella_C,monophyletic,internal_30,14,,,,0,0,
Borkfalkia,monophyletic,internal_38,49,,,,0,0,
Borrelia,monophyletic,internal_14,17,,,,0,0,
Borreliella,monophyletic,internal_14,20,,,,0,0,
Boseongicola,monophyletic,internal_66,7,,,,0,0,
Bostrichidicola,monophyletic,internal_47,2,,,,0,0,
Botrimarina,monophyletic,internal_42,8,,,,0,0,
Boudabousia,monophyletic,internal_54,4,,,,0,0,
Bovifimicola,monophyletic,internal_42,15,,,,0,0,
Bowdeniella,monophyletic,internal_49,5,,,,0,0,
Bowmanella,monophyletic,internal_42,5,,,,0,0,
Brachybacterium,monophyletic,internal_42,55,,,,0,0,
Brachymonas,monophyletic,internal_46,14,,,,0,0,
Brachyspira,monophyletic,internal_7,35,,,,0,0,
Brachythrix,monophyletic,internal_35,5,,,,0,0,
Bradymonas,monophyletic,internal_32,2,,,,0,0,
Bradyrhizobium,monophyletic,internal_46,514,,,,0,0,
Bradyrhizobium_A,monophyletic,internal_42,9,,,,0,0,
Branchiibius,monophyletic,internal_46,3,,,,0,0,
Brasilonema,monophyletic,internal_35,8,,,,0,0,
Bremerella,monophyletic,internal_35,12,,,,0,0,
Brenneria,monophyletic,internal_50,13,,,,0,0,
Breoghania,monophyletic,internal_36,7,,,,0,0,
Brevibacillus,monophyletic,internal_31,37,,,,0,0,
Brevibacillus_B,monophyletic,internal_29,6,,,,0,0,
Brevibacillus_C,monophyletic,internal_26,2,,,,0,0,
Brevibacillus_D,monophyletic,internal_30,4,,,,0,0,
Brevibacillus_E,monophyletic,internal_28,3,,,,0,0,
Brevibacillus_F,monophyletic,internal_30,3,,,,0,0,
Brevibacillus_H,monophyletic,internal_29,3,,,,0,0,
Brevibacterium,monophyletic,internal_42,69,,,,0,0,
Brevifilum,monophyletic,internal_47,37,,,,0,0,
Brevinema_A,monophyletic,internal_8,10,,,,0,0,
Brevundimonas,monophyletic,internal_38,276,,,,0,0,
Breznakia,monophyletic,internal_21,4,,,,0,0,
Breznakibacter,monophyletic,internal_62,2,,,,0,0,
Brocadia,monophyletic,internal_28,16,,,,0,0,
Brochothrix,monophyletic,internal_34,2,,,,0,0,
Brockia,monophyletic,internal_28,2,,,,0,0,
Brojett037,monophyletic,internal_26,4,,,,0,0,
Brooklawnia,monophyletic,internal_49,14,,,,0,0,
Brotaphodocola,monophyletic,internal_49,51,,,,0,0,
Brotonthovivens,monophyletic,internal_45,6,,,,0,0,
Brucella,monophyletic,internal_44,44,,,,0,0,
Brumimicrobium,monophyletic,internal_46,19,,,,0,0,
Brunnivagina,monophyletic,internal_36,4,,,,0,0,
Bruticola,monophyletic,internal_22,10,,,,0,0,
Bryobacter,monophyletic,internal_36,19,,,,0,0,
Bu92,monophyletic,internal_27,2,,,,0,0,
BuS5,monophyletic,internal_26,3,,,,0,0,
Buchananella,monophyletic,internal_52,3,,,,0,0,
Buchnera,monophyletic,internal_57,37,,,,0,0,
Buchnera_A,monophyletic,internal_57,3,,,,0,0,
Buchnera_B,monophyletic,internal_57,11,,,,0,0,
Buchnera_C,monophyletic,internal_57,5,,,,0,0,
Buchnera_D,monophyletic,internal_58,6,,,,0,0,
Buchnera_E,monophyletic,internal_59,2,,,,0,0,
Buchnera_F,monophyletic,internal_58,17,,,,0,0,
Buchnera_G,monophyletic,internal_59,6,,,,0,0,
Buchnera_I,monophyletic,internal_59,3,,,,0,0,
Buchnera_J,monophyletic,internal_58,11,,,,0,0,
Buchnera_K,monophyletic,internal_58,2,,,,0,0,
Buchnera_L,monophyletic,internal_57,11,,,,0,0,
Buchnera_M,monophyletic,internal_54,2,,,,0,0,
Budvicia,monophyletic,internal_49,2,,,,0,0,
Bulleidia,monophyletic,internal_25,116,,,,0,0,
Bullifex,monophyletic,internal_32,19,,,,0,0,
Burkholderia,monophyletic,internal_33,95,,,,0,0,
Buttiauxella,monophyletic,internal_52,16,,,,0,0,
Butyribacter,monophyletic,internal_42,48,,,,0,0,
Butyricicoccus,monophyletic,internal_40,12,,,,0,0,
Butyricicoccus_A,monophyletic,internal_38,24,,,,0,0,
Butyricicoccus_B,monophyletic,internal_40,13,,,,0,0,
Butyricimonas,monophyletic,internal_65,12,,,,0,0,
Butyrivibrio,monophyletic,internal_55,88,,,,0,0,
Bythopirellula,monophyletic,internal_37,27,,,,0,0,
C-114,monophyletic,internal_23,7,,,,0,0,
C-19,monophyletic,internal_27,9,,,,0,0,
C00003060,monophyletic,internal_33,37,,,,0,0,
C00003106,monophyletic,internal_32,6,,,,0,0,
C7867-001,monophyletic,internal_54,222,,,,0,0,
C7867-002,monophyletic,internal_59,93,,,,0,0,
C7867-006,monophyletic,internal_56,41,,,,0,0,
CAACVY01,monophyletic,internal_25,4,,,,0,0,
CAADGG01,monophyletic,internal_28,4,,,,0,0,
CAADGL01,monophyletic,internal_30,2,,,,0,0,
CAADGN01,monophyletic,internal_33,5,,,,0,0,
CAADGU01,monophyletic,internal_49,9,,,,0,0,
CAADGV01,monophyletic,internal_34,12,,,,0,0,
CAADGY01,monophyletic,internal_31,2,,,,0,0,
CAADHD01,monophyletic,internal_55,2,,,,0,0,
CAAEEV01,monophyletic,internal_32,3,,,,0,0,
CAAFZY01,monophyletic,internal_26,12,,,,0,0,
CAAGGB01,monophyletic,internal_28,2,,,,0,0,
CAAGNP01,monophyletic,internal_66,8,,,,0,0,
CAAHEQ01,monophyletic,internal_24,5,,,,0,0,
CABHOJ01,monophyletic,internal_40,2,,,,0,0,
CABHON01,monophyletic,internal_37,2,,,,0,0,
CABMKH01,monophyletic,internal_36,2,,,,0,0,
CABQCM01,monophyletic,internal_39,2,,,,0,0,
CABQMV01,monophyletic,internal_31,2,,,,0,0,
CABSIM01,monophyletic,internal_45,2,,,,0,0,
CABTZP01,monophyletic,internal_40,2,,,,0,0,
CABUVL01,monophyletic,internal_22,6,,,,0,0,
CABYIR01,monophyletic,internal_25,6,,,,0,0,
CABYJX01,monophyletic,internal_43,3,,,,0,0,
CABZJG01,monophyletic,internal_64,4,,,,0,0,
CACBGS01,monophyletic,internal_45,2,,,,0,0,
CACBWF01,monophyletic,internal_24,2,,,,0,0,
CACCCN01,monophyletic,internal_24,5,,,,0,0,
CACEUX01,monophyletic,internal_37,4,,,,0,0,
CACGMS01,monophyletic,internal_21,4,,,,0,0,
CACIAM-69d,monophyletic,internal_22,3,,,,0,0,
CACIIZ01,monophyletic,internal_47,15,,,,0,0,
CACIJG01,monophyletic,internal_47,23,,,,0,0,
CACIUL01,monophyletic,internal_29,6,,,,0,0,
CACKLF01,monophyletic,internal_45,3,,,,0,0,
CACLCV01,monophyletic,internal_29,13,,,,0,0,
CACNXK01,monophyletic,internal_33,11,,,,0,0,
CACNXQ01,monophyletic,internal_26,47,,,,0,0,
CACNYO01,monophyletic,internal_32,16,,,,0,0,
CACORA01,monophyletic,internal_36,12,,,,0,0,
CACPJA01,monophyletic,internal_36,17,,,,0,0,
CACPJE01,monophyletic,internal_26,2,,,,0,0,
CACPNW01,monophyletic,internal_29,105,,,,0,0,
CACXEY01,monophyletic,internal_24,3,,,,0,0,
CACXMZ01,monophyletic,internal_30,6,,,,0,0,
CACZQA01,monophyletic,internal_28,4,,,,0,0,
CACZRG01,monophyletic,internal_38,2,,,,0,0,
CACZYB01,monophyletic,internal_21,14,,,,0,0,
CADAEX01,monophyletic,internal_18,9,,,,0,0,
CADAWZ01,monophyletic,internal_20,3,,,,0,0,
CADBMC01,monophyletic,internal_30,4,,,,0,0,
CADBQJ01,monophyletic,internal_25,2,,,,0,0,
CADBRN01,monophyletic,internal_45,7,,,,0,0,
CADCBS01,monophyletic,internal_29,2,,,,0,0,
CADCSY01,monophyletic,internal_29,3,,,,0,0,
CADCTB01,monophyletic,internal_29,15,,,,0,0,
CADCTM01,monophyletic,internal_33,4,,,,0,0,
CADCTP01,monophyletic,internal_28,13,,,,0,0,
CADCTQ01,monophyletic,internal_40,4,,,,0,0,
CADCUY01,monophyletic,internal_41,4,,,,0,0,
CADCVQ01,monophyletic,internal_33,54,,,,0,0,
CADCVT01,monophyletic,internal_31,8,,,,0,0,
CADCVW01,monophyletic,internal_50,3,,,,0,0,
CADCWF01,monophyletic,internal_32,6,,,,0,0,
CADCWJ01,monophyletic,internal_31,2,,,,0,0,
CADCWK01,monophyletic,internal_30,4,,,,0,0,
CADCWN01,monophyletic,internal_26,4,,,,0,0,
CADDYS01,monophyletic,internal_22,3,,,,0,0,
CADDYT01,monophyletic,internal_20,3,,,,0,0,
CADDYX01,monophyletic,internal_33,3,,,,0,0,
CADDZO01,monophyletic,internal_18,4,,,,0,0,
CADDZP01,monophyletic,internal_25,4,,,,0,0,
CADEDH01,monophyletic,internal_38,13,,,,0,0,
CADEDV01,monophyletic,internal_56,14,,,,0,0,
CADEED01,monophyletic,internal_37,39,,,,0,0,
CADEEL01,monophyletic,internal_42,5,,,,0,0,
CADEEN01,monophyletic,internal_41,30,,,,0,0,
CADEER01,monophyletic,internal_26,6,,,,0,0,
CADEEV01,monophyletic,internal_24,3,,,,0,0,
CADEEX01,monophyletic,internal_33,4,,,,0,0,
CADEEZ01,monophyletic,internal_39,3,,,,0,0,
CADEFD01,monophyletic,internal_20,19,,,,0,0,
CADEFF01,monophyletic,internal_34,2,,,,0,0,
CADEFQ01,monophyletic,internal_37,12,,,,0,0,
CADEFT01,monophyletic,internal_28,18,,,,0,0,
CADEFX01,monophyletic,internal_40,6,,,,0,0,
CADEFY01,monophyletic,internal_25,3,,,,0,0,
CADEGL01,monophyletic,internal_35,4,,,,0,0,
CADEGZ01,monophyletic,internal_42,14,,,,0,0,
CADEHE01,monophyletic,internal_37,2,,,,0,0,
CAG-1000,monophyletic,internal_19,50,,,,0,0,
CAG-1024,monophyletic,internal_38,3,,,,0,0,
CAG-103,monophyletic,internal_48,22,,,,0,0,
CAG-1031,monophyletic,internal_81,7,,,,0,0,
CAG-1138,monophyletic,internal_36,2,,,,0,0,
CAG-115,monophyletic,internal_42,101,,,,0,0,
CAG-1193,monophyletic,internal_22,9,,,,0,0,
CAG-1252,monophyletic,internal_36,14,,,,0,0,
CAG-170,monophyletic,internal_46,44,,,,0,0,
CAG-177,monophyletic,internal_45,132,,,,0,0,
CAG-1782,monophyletic,internal_38,28,,,,0,0,
CAG-194,monophyletic,internal_52,4,,,,0,0,
CAG-196,monophyletic,internal_27,98,,,,0,0,
CAG-217,monophyletic,internal_41,5,,,,0,0,
CAG-238,monophyletic,internal_46,20,,,,0,0,
CAG-245,monophyletic,internal_46,22,,,,0,0,
CAG-267,monophyletic,internal_25,36,,,,0,0,
CAG-269,monophyletic,internal_46,338,,,,0,0,
CAG-273,monophyletic,internal_46,51,,,,0,0,
CAG-274,monophyletic,internal_42,2,,,,0,0,
CAG-302,monophyletic,internal_25,30,,,,0,0,
CAG-303,monophyletic,internal_42,11,,,,0,0,
CAG-307,monophyletic,internal_25,6,,,,0,0,
CAG-313,monophyletic,internal_23,12,,,,0,0,
CAG-314,monophyletic,internal_35,2,,,,0,0,
CAG-345,monophyletic,internal_21,3,,,,0,0,
CAG-349,monophyletic,internal_36,3,,,,0,0,
CAG-390,monophyletic,internal_41,38,,,,0,0,
CAG-411,monophyletic,internal_37,11,,,,0,0,
CAG-417,monophyletic,internal_29,5,,,,0,0,
CAG-433,monophyletic,internal_22,12,,,,0,0,
CAG-448,monophyletic,internal_48,2,,,,0,0,
CAG-449,monophyletic,internal_22,5,,,,0,0,
CAG-452,monophyletic,internal_44,28,,,,0,0,
CAG-465,monophyletic,internal_38,50,,,,0,0,
CAG-475,monophyletic,internal_41,52,,,,0,0,
CAG-488,monophyletic,internal_43,57,,,,0,0,
CAG-492,monophyletic,internal_45,30,,,,0,0,
CAG-533,monophyletic,internal_22,24,,,,0,0,
CAG-552,monophyletic,internal_37,10,,,,0,0,
CAG-557,monophyletic,internal_43,15,,,,0,0,
CAG-568,monophyletic,internal_23,4,,,,0,0,
CAG-582,monophyletic,internal_20,23,,,,0,0,
CAG-590,monophyletic,internal_43,44,,,,0,0,
CAG-605,monophyletic,internal_24,17,,,,0,0,
CAG-611,monophyletic,internal_26,8,,,,0,0,
CAG-628,monophyletic,internal_26,7,,,,0,0,
CAG-632,monophyletic,internal_44,15,,,,0,0,
CAG-698,monophyletic,internal_21,7,,,,0,0,
CAG-710,monophyletic,internal_27,5,,,,0,0,
CAG-762,monophyletic,internal_23,2,,,,0,0,
CAG-791,monophyletic,internal_55,86,,,,0,0,
CAG-793,monophyletic,internal_45,46,,,,0,0,
CAG-826,monophyletic,internal_21,6,,,,0,0,
CAG-841,monophyletic,internal_40,11,,,,0,0,
CAG-873,monophyletic,internal_78,160,,,,0,0,
CAG-877,monophyletic,internal_35,21,,,,0,0,
CAG-882,monophyletic,internal_43,12,,,,0,0,
CAG-884,monophyletic,internal_28,6,,,,0,0,
CAG-914,monophyletic,internal_26,2,,,,0,0,
CAG-917,monophyletic,internal_38,6,,,,0,0,
CAG-964,monophyletic,internal_46,19,,,,0,0,
CAG-977,monophyletic,internal_20,4,,,,0,0,
CAHJWH01,monophyletic,internal_41,10,,,,0,0,
CAHJWO01,monophyletic,internal_30,14,,,,0,0,
CAHJXF01,monophyletic,internal_29,15,,,,0,0,
CAHJXG01,monophyletic,internal_42,18,,,,0,0,
CAIFEU01,monophyletic,internal_26,3,,,,0,0,
CAIJKW01,monophyletic,internal_61,7,,,,0,0,
CAIJKY01,monophyletic,internal_30,2,,,,0,0,
CAIJLM01,monophyletic,internal_25,4,,,,0,0,
CAIJMI01,monophyletic,internal_32,7,,,,0,0,
CAIJMU01,monophyletic,internal_20,6,,,,0,0,
CAIJNA01,monophyletic,internal_21,11,,,,0,0,
CAIJPD01,monophyletic,internal_27,2,,,,0,0,
CAIJXB01,monophyletic,internal_26,7,,,,0,0,
CAIJXJ01,monophyletic,internal_39,4,,,,0,0,
CAIJXO01,monophyletic,internal_55,16,,,,0,0,
CAIJXV01,monophyletic,internal_23,2,,,,0,0,
CAIJYI01,monophyletic,internal_49,7,,,,0,0,
CAIJZX01,monophyletic,internal_32,5,,,,0,0,
CAIKAD01,monophyletic,internal_29,8,,,,0,0,
CAIKAF01,monophyletic,internal_50,7,,,,0,0,
CAIKAH01,monophyletic,internal_22,4,,,,0,0,
CAIKAP01,monophyletic,internal_25,4,,,,0,0,
CAIKBL01,monophyletic,internal_38,13,,,,0,0,
CAIKBP01,monophyletic,internal_19,2,,,,0,0,
CAIKHN01,monophyletic,internal_39,14,,,,0,0,
CAIKKG01,monophyletic,internal_47,8,,,,0,0,
CAIKKV01,monophyletic,internal_24,5,,,,0,0,
CAIKLP01,monophyletic,internal_53,9,,,,0,0,
CAIKLQ01,monophyletic,internal_36,2,,,,0,0,
CAIKMD01,monophyletic,internal_37,18,,,,0,0,
CAIKMS01,monophyletic,internal_33,3,,,,0,0,
CAIKNB01,monophyletic,internal_43,6,,,,0,0,
CAIKUF01,monophyletic,internal_38,15,,,,0,0,
CAIKVZ01,monophyletic,internal_49,5,,,,0,0,
CAIKXD01,monophyletic,internal_52,8,,,,0,0,
CAIKXV01,monophyletic,internal_41,15,,,,0,0,
CAIKZD01,monophyletic,internal_34,4,,,,0,0,
CAIKZJ01,monophyletic,internal_33,15,,,,0,0,
CAIKZY01,monophyletic,internal_42,9,,,,0,0,
CAIKZZ01,monophyletic,internal_34,24,,,,0,0,
CAILAD01,monophyletic,internal_28,4,,,,0,0,
CAILAF01,monophyletic,internal_54,2,,,,0,0,
CAILDB01,monophyletic,internal_56,2,,,,0,0,
CAILHX01,monophyletic,internal_37,6,,,,0,0,
CAILKP01,monophyletic,internal_39,3,,,,0,0,
CAILLO01,monophyletic,internal_35,4,,,,0,0,
CAILMK01,monophyletic,internal_38,2,,,,0,0,
CAILNN01,monophyletic,internal_37,3,,,,0,0,
CAILQE01,monophyletic,internal_51,2,,,,0,0,
CAILQO01,monophyletic,internal_19,3,,,,0,0,
CAILUF01,monophyletic,internal_32,23,,,,0,0,
CAILUG01,monophyletic,internal_43,22,,,,0,0,
CAILUI01,monophyletic,internal_26,2,,,,0,0,
CAILVY01,monophyletic,internal_19,4,,,,0,0,
CAILZL01,monophyletic,internal_31,12,,,,0,0,
CAIMDX01,monophyletic,internal_34,5,,,,0,0,
CAIMFV01,monophyletic,internal_39,8,,,,0,0,
CAIMGI01,monophyletic,internal_51,2,,,,0,0,
CAIMLA01,monophyletic,internal_24,2,,,,0,0,
CAIMLU01,monophyletic,internal_57,3,,,,0,0,
CAIMMJ01,monophyletic,internal_54,2,,,,0,0,
CAIMNF01,monophyletic,internal_31,17,,,,0,0,
CAIMNN01,monophyletic,internal_31,3,,,,0,0,
CAIMOR01,monophyletic,internal_39,6,,,,0,0,
CAIMPC01,monophyletic,internal_34,5,,,,0,0,
CAIMTB01,monophyletic,internal_35,14,,,,0,0,
CAIMUM01,monophyletic,internal_46,17,,,,0,0,
CAIMUS01,monophyletic,internal_31,3,,,,0,0,
CAIMUX01,monophyletic,internal_24,2,,,,0,0,
CAIMVM01,monophyletic,internal_26,3,,,,0,0,
CAIMWE01,monophyletic,internal_20,2,,,,0,0,
CAIMWS01,monophyletic,internal_29,2,,,,0,0,
CAIMZW01,monophyletic,internal_40,9,,,,0,0,
CAINCQ01,monophyletic,internal_37,2,,,,0,0,
CAINDI01,monophyletic,internal_23,5,,,,0,0,
CAINDO01,monophyletic,internal_31,3,,,,0,0,
CAINDQ01,monophyletic,internal_33,3,,,,0,0,
CAINDR01,monophyletic,internal_40,8,,,,0,0,
CAINDZ01,monophyletic,internal_24,8,,,,0,0,
CAINEC01,monophyletic,internal_57,12,,,,0,0,
CAINFV01,monophyletic,internal_24,2,,,,0,0,
CAINMH01,monophyletic,internal_39,4,,,,0,0,
CAINMV01,monophyletic,internal_48,7,,,,0,0,
CAINNR01,monophyletic,internal_26,4,,,,0,0,
CAINVO01,monophyletic,internal_57,2,,,,0,0,
CAINVV01,monophyletic,internal_62,25,,,,0,0,
CAINWE01,monophyletic,internal_38,4,,,,0,0,
CAINWJ01,monophyletic,internal_30,2,,,,0,0,
CAINXC01,monophyletic,internal_28,2,,,,0,0,
CAINXF01,monophyletic,internal_30,3,,,,0,0,
CAIOAK01,monophyletic,internal_24,14,,,,0,0,
CAIODY01,monophyletic,internal_39,7,,,,0,0,
CAIOGI01,monophyletic,internal_61,45,,,,0,0,
CAIOGM01,monophyletic,internal_23,4,,,,0,0,
CAIOGO01,monophyletic,internal_20,8,,,,0,0,
CAIOHW01,monophyletic,internal_31,8,,,,0,0,
CAIOHZ01,monophyletic,internal_32,6,,,,0,0,
CAIOJG01,monophyletic,internal_43,12,,,,0,0,
CAIOLM01,monophyletic,internal_51,5,,,,0,0,
CAIOMD01,monophyletic,internal_35,2,,,,0,0,
CAIOSP01,monophyletic,internal_28,2,,,,0,0,
CAIOSQ01,monophyletic,internal_34,9,,,,0,0,
CAIOSU01,monophyletic,internal_40,6,,,,0,0,
CAIOTC01,monophyletic,internal_57,2,,,,0,0,
CAIOTO01,monophyletic,internal_31,7,,,,0,0,
CAIOVX01,monophyletic,internal_14,4,,,,0,0,
CAIOYC01,monophyletic,internal_41,6,,,,0,0,
CAIOZA01,monophyletic,internal_35,2,,,,0,0,
CAIOZW01,monophyletic,internal_26,9,,,,0,0,
CAIPAT01,monophyletic,internal_30,5,,,,0,0,
CAIPBY01,monophyletic,internal_38,2,,,,0,0,
CAIPFQ01,monophyletic,internal_26,7,,,,0,0,
CAIPFW01,monophyletic,internal_26,2,,,,0,0,
CAIPHK01,monophyletic,internal_24,2,,,,0,0,
CAIPHQ01,monophyletic,internal_43,2,,,,0,0,
CAIPHT01,monophyletic,internal_50,9,,,,0,0,
CAIPLT01,monophyletic,internal_24,2,,,,0,0,
CAIPMZ01,monophyletic,internal_33,7,,,,0,0,
CAIPSZ01,monophyletic,internal_27,7,,,,0,0,
CAIPTY01,monophyletic,internal_26,9,,,,0,0,
CAIPUE01,monophyletic,internal_29,2,,,,0,0,
CAIPVR01,monophyletic,internal_37,2,,,,0,0,
CAIQBE01,monophyletic,internal_37,2,,,,0,0,
CAIQCE01,monophyletic,internal_42,3,,,,0,0,
CAIQCK01,monophyletic,internal_19,8,,,,0,0,
CAIQCM01,monophyletic,internal_37,3,,,,0,0,
CAIQDA01,monophyletic,internal_30,3,,,,0,0,
CAIQDX01,monophyletic,internal_54,6,,,,0,0,
CAIQEU01,monophyletic,internal_32,5,,,,0,0,
CAIQIA01,monophyletic,internal_26,4,,,,0,0,
CAIQIC01,monophyletic,internal_24,2,,,,0,0,
CAIQIQ01,monophyletic,internal_32,2,,,,0,0,
CAIQIY01,monophyletic,internal_27,2,,,,0,0,
CAIQJJ01,monophyletic,internal_49,3,,,,0,0,
CAIQNR01,monophyletic,internal_20,3,,,,0,0,
CAIQOK01,monophyletic,internal_32,5,,,,0,0,
CAIQPO01,monophyletic,internal_32,4,,,,0,0,
CAIQPS01,monophyletic,internal_24,9,,,,0,0,
CAIQPV01,monophyletic,internal_44,4,,,,0,0,
CAIQQQ01,monophyletic,internal_40,12,,,,0,0,
CAIQWC01,monophyletic,internal_34,2,,,,0,0,
CAIQWF01,monophyletic,internal_42,4,,,,0,0,
CAIRAY01,monophyletic,internal_25,2,,,,0,0,
CAIRBL01,monophyletic,internal_32,2,,,,0,0,
CAIRCN01,monophyletic,internal_35,2,,,,0,0,
CAIRDJ01,monophyletic,internal_46,3,,,,0,0,
CAIRDP01,monophyletic,internal_59,11,,,,0,0,
CAIRFN01,monophyletic,internal_24,2,,,,0,0,
CAIRNS01,monophyletic,internal_32,2,,,,0,0,
CAIRSR01,monophyletic,internal_34,2,,,,0,0,
CAIRTM01,monophyletic,internal_29,3,,,,0,0,
CAIRTN01,monophyletic,internal_44,2,,,,0,0,
CAIRTR01,monophyletic,internal_34,2,,,,0,0,
CAIRTT01,monophyletic,internal_27,10,,,,0,0,
CAIRWO01,monophyletic,internal_35,2,,,,0,0,
CAIRYL01,monophyletic,internal_26,2,,,,0,0,
CAIRYW01,monophyletic,internal_58,4,,,,0,0,
CAISCU01,monophyletic,internal_52,10,,,,0,0,
CAISDA01,monophyletic,internal_36,4,,,,0,0,
CAISGS01,monophyletic,internal_42,13,,,,0,0,
CAISIP01,monophyletic,internal_46,37,,,,0,0,
CAISKJ01,monophyletic,internal_30,8,,,,0,0,
CAISOG01,monophyletic,internal_19,4,,,,0,0,
CAISPN01,monophyletic,internal_32,3,,,,0,0,
CAISTG01,monophyletic,internal_35,9,,,,0,0,
CAISUE01,monophyletic,internal_41,2,,,,0,0,
CAISYW01,monophyletic,internal_23,2,,,,0,0,
CAITDR01,monophyletic,internal_26,2,,,,0,0,
CAITJF01,monophyletic,internal_44,5,,,,0,0,
CAITLU01,monophyletic,internal_26,2,,,,0,0,
CAITMG01,monophyletic,internal_42,3,,,,0,0,
CAITMJ01,monophyletic,internal_22,6,,,,0,0,
CAITNM01,monophyletic,internal_30,14,,,,0,0,
CAITNO01,monophyletic,internal_22,5,,,,0,0,
CAITNQ01,monophyletic,internal_28,2,,,,0,0,
CAITOL01,monophyletic,internal_43,6,,,,0,0,
CAITQP01,monophyletic,internal_57,16,,,,0,0,
CAITSH01,monophyletic,internal_33,4,,,,0,0,
CAITUV01,monophyletic,internal_32,2,,,,0,0,
CAITUY01,monophyletic,internal_26,2,,,,0,0,
CAITWD01,monophyletic,internal_25,9,,,,0,0,
CAITWF01,monophyletic,internal_38,3,,,,0,0,
CAITYL01,monophyletic,internal_20,2,,,,0,0,
CAITZA01,monophyletic,internal_24,8,,,,0,0,
CAIUAC01,monophyletic,internal_31,2,,,,0,0,
CAIUAS01,monophyletic,internal_38,2,,,,0,0,
CAIUCS01,monophyletic,internal_21,2,,,,0,0,
CAIUCV01,monophyletic,internal_38,2,,,,0,0,
CAIUEQ01,monophyletic,internal_50,4,,,,0,0,
CAIUEV01,monophyletic,internal_26,3,,,,0,0,
CAIUGU01,monophyletic,internal_33,6,,,,0,0,
CAIUKV01,monophyletic,internal_31,8,,,,0,0,
CAIUKX01,monophyletic,internal_51,14,,,,0,0,
CAIULA01,monophyletic,internal_33,3,,,,0,0,
CAIUMH01,monophyletic,internal_34,9,,,,0,0,
CAIUMM01,monophyletic,internal_27,5,,,,0,0,
CAIUPE01,monophyletic,internal_41,18,,,,0,0,
CAIUQR01,monophyletic,internal_24,3,,,,0,0,
CAIURC01,monophyletic,internal_33,11,,,,0,0,
CAIUSP01,monophyletic,internal_27,5,,,,0,0,
CAIUVD01,monophyletic,internal_22,6,,,,0,0,
CAIUWA01,monophyletic,internal_34,4,,,,0,0,
CAIVAT01,monophyletic,internal_60,40,,,,0,0,
CAIVDX01,monophyletic,internal_35,2,,,,0,0,
CAIVHB01,monophyletic,internal_37,5,,,,0,0,
CAIVND01,monophyletic,internal_32,5,,,,0,0,
CAIVPM01,monophyletic,internal_54,15,,,,0,0,
CAIVPW01,monophyletic,internal_37,5,,,,0,0,
CAIVQB01,monophyletic,internal_37,10,,,,0,0,
CAIVRH01,monophyletic,internal_23,3,,,,0,0,
CAIVSE01,monophyletic,internal_30,2,,,,0,0,
CAIVSN01,monophyletic,internal_29,6,,,,0,0,
CAIVSY01,monophyletic,internal_28,2,,,,0,0,
CAIVVG01,monophyletic,internal_27,2,,,,0,0,
CAIVVT01,monophyletic,internal_34,6,,,,0,0,
CAIVXW01,monophyletic,internal_38,2,,,,0,0,
CAIWAD01,monophyletic,internal_23,4,,,,0,0,
CAIWAH01,monophyletic,internal_37,6,,,,0,0,
CAIWAN01,monophyletic,internal_19,2,,,,0,0,
CAIWCD01,monophyletic,internal_25,3,,,,0,0,
CAIWCR01,monophyletic,internal_54,2,,,,0,0,
CAIWCT01,monophyletic,internal_25,5,,,,0,0,
CAIWGR01,monophyletic,internal_28,5,,,,0,0,
CAIWGV01,monophyletic,internal_27,2,,,,0,0,
CAIWHF01,monophyletic,internal_45,4,,,,0,0,
CAIWHR01,monophyletic,internal_35,60,,,,0,0,
CAIWKO01,monophyletic,internal_53,18,,,,0,0,
CAIWMF01,monophyletic,internal_25,13,,,,0,0,
CAIWTL01,monophyletic,internal_39,6,,,,0,0,
CAIWTU01,monophyletic,internal_27,5,,,,0,0,
CAIWVZ01,monophyletic,internal_28,3,,,,0,0,
CAIWXH01,monophyletic,internal_31,5,,,,0,0,
CAIWXQ01,monophyletic,internal_26,5,,,,0,0,
CAIXDN01,monophyletic,internal_41,6,,,,0,0,
CAIXFB01,monophyletic,internal_41,3,,,,0,0,
CAIXFN01,monophyletic,internal_30,2,,,,0,0,
CAIXIX01,monophyletic,internal_29,2,,,,0,0,
CAIXLI01,monophyletic,internal_34,21,,,,0,0,
CAIXMD01,monophyletic,internal_24,2,,,,0,0,
CAIXMG01,monophyletic,internal_52,9,,,,0,0,
CAIXNZ01,monophyletic,internal_33,3,,,,0,0,
CAIXOZ01,monophyletic,internal_30,4,,,,0,0,
CAIXPF01,monophyletic,internal_35,8,,,,0,0,
CAIXPL01,monophyletic,internal_33,3,,,,0,0,
CAIXPS01,monophyletic,internal_35,7,,,,0,0,
CAIXQW01,monophyletic,internal_41,2,,,,0,0,
CAIXRL01,monophyletic,internal_23,16,,,,0,0,
CAIXSC01,monophyletic,internal_36,7,,,,0,0,
CAIXSE01,monophyletic,internal_25,54,,,,0,0,
CAIXTV01,monophyletic,internal_51,3,,,,0,0,
CAIXWQ01,monophyletic,internal_30,2,,,,0,0,
CAIXXC01,monophyletic,internal_33,2,,,,0,0,
CAIXZC01,monophyletic,internal_30,2,,,,0,0,
CAIXZF01,monophyletic,internal_56,2,,,,0,0,
CAIXZV01,monophyletic,internal_24,70,,,,0,0,
CAIYBN01,monophyletic,internal_31,6,,,,0,0,
CAIYEO01,monophyletic,internal_34,5,,,,0,0,
CAIYFD01,monophyletic,internal_33,3,,,,0,0,
CAIYGI01,monophyletic,internal_25,3,,,,0,0,
CAIYHK01,monophyletic,internal_35,4,,,,0,0,
CAIYID01,monophyletic,internal_33,2,,,,0,0,
CAIYMF01,monophyletic,internal_38,3,,,,0,0,
CAIYOL01,monophyletic,internal_38,8,,,,0,0,
CAIYPD01,monophyletic,internal_14,2,,,,0,0,
CAIYPG01,monophyletic,internal_34,11,,,,0,0,
CAIYPH01,monophyletic,internal_42,8,,,,0,0,
CAIYQJ01,monophyletic,internal_20,7,,,,0,0,
CAIYQO01,monophyletic,internal_17,2,,,,0,0,
CAIYRB01,monophyletic,internal_33,8,,,,0,0,
CAIYRG01,monophyletic,internal_29,20,,,,0,0,
CAIYTD01,monophyletic,internal_38,2,,,,0,0,
CAIYTF01,monophyletic,internal_37,3,,,,0,0,
CAIYTT01,monophyletic,internal_52,4,,,,0,0,
CAIYUC01,monophyletic,internal_58,3,,,,0,0,
CAIYUN01,monophyletic,internal_37,7,,,,0,0,
CAIYWZ01,monophyletic,internal_25,2,,,,0,0,
CAIYXB01,monophyletic,internal_22,2,,,,0,0,
CAIYXV01,monophyletic,internal_19,2,,,,0,0,
CAIYYN01,monophyletic,internal_39,3,,,,0,0,
CAIYYT01,monophyletic,internal_24,4,,,,0,0,
CAIYYW01,monophyletic,internal_21,2,,,,0,0,
CAIYYX01,monophyletic,internal_38,6,,,,0,0,
CAIYZJ01,monophyletic,internal_41,6,,,,0,0,
CAIYZT01,monophyletic,internal_66,6,,,,0,0,
CAIZGX01,monophyletic,internal_46,27,,,,0,0,
CAIZIN01,monophyletic,internal_55,6,,,,0,0,
CAIZLB01,monophyletic,internal_58,18,,,,0,0,
CAIZMI01,monophyletic,internal_25,2,,,,0,0,
CAIZQW01,monophyletic,internal_31,6,,,,0,0,
CAIZWN01,monophyletic,internal_34,4,,,,0,0,
CAIZWU01,monophyletic,internal_25,11,,,,0,0,
CAJANQ01,monophyletic,internal_34,2,,,,0,0,
CAJAQL01,monophyletic,internal_55,5,,,,0,0,
CAJATL01,monophyletic,internal_60,3,,,,0,0,
CAJAUT01,monophyletic,internal_31,11,,,,0,0,
CAJAXB01,monophyletic,internal_36,3,,,,0,0,
CAJBBX01,monophyletic,internal_24,3,,,,0,0,
CAJBEU01,monophyletic,internal_27,2,,,,0,0,
CAJBEZ01,monophyletic,internal_24,14,,,,0,0,
CAJBIL01,monophyletic,internal_41,5,,,,0,0,
CAJBLF01,monophyletic,internal_32,30,,,,0,0,
CAJBME01,monophyletic,internal_25,6,,,,0,0,
CAJBNH01,monophyletic,internal_28,3,,,,0,0,
CAJBPB01,monophyletic,internal_60,5,,,,0,0,
CAJBVG01,monophyletic,internal_54,9,,,,0,0,
CAJBVW01,monophyletic,internal_28,7,,,,0,0,
CAJCBL01,monophyletic,internal_26,15,,,,0,0,
CAJCIC01,monophyletic,internal_29,2,,,,0,0,
CAJCIS01,monophyletic,internal_39,5,,,,0,0,
CAJCIT01,monophyletic,internal_34,5,,,,0,0,
CAJCIW01,monophyletic,internal_27,19,,,,0,0,
CAJCIY01,monophyletic,internal_28,3,,,,0,0,
CAJCJE01,monophyletic,internal_41,7,,,,0,0,
CAJCJG01,monophyletic,internal_43,3,,,,0,0,
CAJFPI01,monophyletic,internal_44,12,,,,0,0,
CAJFUH01,monophyletic,internal_40,3,,,,0,0,
CAJFUR01,monophyletic,internal_31,4,,,,0,0,
CAJGBR01,monophyletic,internal_61,3,,,,0,0,
CAJGCS01,monophyletic,internal_23,2,,,,0,0,
CAJGDV01,monophyletic,internal_29,3,,,,0,0,
CAJINA01,monophyletic,internal_33,3,,,,0,0,
CAJIYG01,monophyletic,internal_40,3,,,,0,0,
CAJIYR01,monophyletic,internal_31,2,,,,0,0,
CAJJAM01,monophyletic,internal_35,3,,,,0,0,
CAJJBL01,monophyletic,internal_30,4,,,,0,0,
CAJJDF01,monophyletic,internal_42,13,,,,0,0,
CAJJNI01,monophyletic,internal_42,2,,,,0,0,
CAJKWP01,monophyletic,internal_36,5,,,,0,0,
CAJLIR01,monophyletic,internal_24,8,,,,0,0,
CAJLXD01,monophyletic,internal_24,13,,,,0,0,
CAJMAW01,monophyletic,internal_27,2,,,,0,0,
CAJMBK01,monophyletic,internal_22,2,,,,0,0,
CAJMNU01,monophyletic,internal_44,3,,,,0,0,
CAJMSU01,monophyletic,internal_34,6,,,,0,0,
CAJOIG01,monophyletic,internal_46,49,,,,0,0,
CAJOJO01,monophyletic,internal_28,11,,,,0,0,
CAJOJR01,monophyletic,internal_23,2,,,,0,0,
CAJOLV01,monophyletic,internal_35,3,,,,0,0,
CAJOOD01,monophyletic,internal_26,7,,,,0,0,
CAJORE01,monophyletic,internal_47,2,,,,0,0,
CAJPNN01,monophyletic,internal_34,2,,,,0,0,
CAJPPJ01,monophyletic,internal_25,3,,,,0,0,
CAJPQU01,monophyletic,internal_44,3,,,,0,0,
CAJPSE01,monophyletic,internal_27,5,,,,0,0,
CAJPST01,monophyletic,internal_46,2,,,,0,0,
CAJQGY01,monophyletic,internal_36,7,,,,0,0,
CAJQHK01,monophyletic,internal_26,5,,,,0,0,
CAJQHT01,monophyletic,internal_28,2,,,,0,0,
CAJQIN01,monophyletic,internal_50,3,,,,0,0,
CAJQLB01,monophyletic,internal_60,6,,,,0,0,
CAJQND01,monophyletic,internal_33,3,,,,0,0,
CAJQNM01,monophyletic,internal_51,2,,,,0,0,
CAJQOT01,monophyletic,internal_27,6,,,,0,0,
CAJQPC01,monophyletic,internal_26,4,,,,0,0,
CAJQPP01,monophyletic,internal_40,11,,,,0,0,
CAJQQK01,monophyletic,internal_41,6,,,,0,0,
CAJQQY01,monophyletic,internal_45,10,,,,0,0,
CAJQQZ01,monophyletic,internal_22,2,,,,0,0,
CAJUOR01,monophyletic,internal_19,2,,,,0,0,
CAJUPY01,monophyletic,internal_80,15,,,,0,0,
CAJVXI01,monophyletic,internal_44,3,,,,0,0,
CAJVYK01,monophyletic,internal_37,2,,,,0,0,
CAJWBT01,monophyletic,internal_46,2,,,,0,0,
CAJWCA01,monophyletic,internal_49,2,,,,0,0,
CAJWER01,monophyletic,internal_49,3,,,,0,0,
CAJWGI01,monophyletic,internal_39,4,,,,0,0,
CAJWHX01,monophyletic,internal_29,4,,,,0,0,
CAJWKT01,monophyletic,internal_38,2,,,,0,0,
CAJWLW01,monophyletic,internal_21,4,,,,0,0,
CAJWLY01,monophyletic,internal_27,2,,,,0,0,
CAJWOS01,monophyletic,internal_31,2,,,,0,0,
CAJWPI01,monophyletic,internal_33,3,,,,0,0,
CAJXCL01,monophyletic,internal_21,4,,,,0,0,
CAJXII01,monophyletic,internal_20,5,,,,0,0,
CAJXJP01,monophyletic,internal_28,5,,,,0,0,
CAJXJZ01,monophyletic,internal_19,4,,,,0,0,
CAJXKN01,monophyletic,internal_20,2,,,,0,0,
CAJXLF01,monophyletic,internal_29,2,,,,0,0,
CAJXLZ01,monophyletic,internal_20,2,,,,0,0,
CAJXMH01,monophyletic,internal_43,3,,,,0,0,
CAJXMS01,monophyletic,internal_44,2,,,,0,0,
CAJXNP01,monophyletic,internal_43,4,,,,0,0,
CAJXOW01,monophyletic,internal_30,2,,,,0,0,
CAJXPB01,monophyletic,internal_29,4,,,,0,0,
CAJXQU01,monophyletic,internal_31,7,,,,0,0,
CAJXRW01,monophyletic,internal_35,3,,,,0,0,
CAJXSD01,monophyletic,internal_64,6,,,,0,0,
CAJXSI01,monophyletic,internal_25,2,,,,0,0,
CAJXSN01,monophyletic,internal_71,4,,,,0,0,
CAJXSO01,monophyletic,internal_66,2,,,,0,0,
CAJXTB01,monophyletic,internal_30,2,,,,0,0,
CAJXUU01,monophyletic,internal_59,9,,,,0,0,
CAJXVA01,monophyletic,internal_27,8,,,,0,0,
CAJXVY01,monophyletic,internal_44,6,,,,0,0,
CAJXWH01,monophyletic,internal_29,3,,,,0,0,
CAJXXO01,monophyletic,internal_37,2,,,,0,0,
CAJXZL01,monophyletic,internal_43,2,,,,0,0,
CAJXZP01,monophyletic,internal_44,8,,,,0,0,
CAJYAN01,monophyletic,internal_39,2,,,,0,0,
CAJYOV01,monophyletic,internal_34,3,,,,0,0,
CAKAHY01,monophyletic,internal_47,4,,,,0,0,
CAKKPP01,monophyletic,internal_27,4,,,,0,0,
CAKKQB01,monophyletic,internal_42,2,,,,0,0,
CAKKQO01,monophyletic,internal_26,2,,,,0,0,
CAKKQX01,monophyletic,internal_45,7,,,,0,0,
CAKKRP01,monophyletic,internal_33,2,,,,0,0,
CAKKSB01,monophyletic,internal_36,4,,,,0,0,
CAKMMH01,monophyletic,internal_23,2,,,,0,0,
CAKMZJ01,monophyletic,internal_42,2,,,,0,0,
CAKMZU01,monophyletic,internal_40,7,,,,0,0,
CAKNOI01,monophyletic,internal_47,2,,,,0,0,
CAKOLN01,monophyletic,internal_26,4,,,,0,0,
CAKOMG01,monophyletic,internal_22,5,,,,0,0,
CAKOQQ01,monophyletic,internal_20,2,,,,0,0,
CAKORS01,monophyletic,internal_26,2,,,,0,0,
CAKOSP01,monophyletic,internal_25,13,,,,0,0,
CAKOTZ01,monophyletic,internal_39,2,,,,0,0,
CAKPCJ01,monophyletic,internal_19,2,,,,0,0,
CAKPQL01,monophyletic,internal_39,7,,,,0,0,
CAKPSH01,monophyletic,internal_49,11,,,,0,0,
CAKPTA01,monophyletic,internal_29,2,,,,0,0,
CAKPXW01,monophyletic,internal_16,6,,,,0,0,
CAKQDS01,monophyletic,internal_26,3,,,,0,0,
CAKQHB01,monophyletic,internal_43,2,,,,0,0,
CAKQKQ01,monophyletic,internal_39,3,,,,0,0,
CAKQOE01,monophyletic,internal_38,4,,,,0,0,
CAKQSC01,monophyletic,internal_38,2,,,,0,0,
CAKQTH01,monophyletic,internal_23,2,,,,0,0,
CAKRHR01,monophyletic,internal_40,3,,,,0,0,
CAKRJP01,monophyletic,internal_50,5,,,,0,0,
CAKRRH01,monophyletic,internal_40,2,,,,0,0,
CAKRZE01,monophyletic,internal_40,3,,,,0,0,
CAKSDT01,monophyletic,internal_30,2,,,,0,0,
CAKSEI01,monophyletic,internal_37,7,,,,0,0,
CAKSFT01,monophyletic,internal_40,4,,,,0,0,
CAKSHC01,monophyletic,internal_35,8,,,,0,0,
CAKSHP01,monophyletic,internal_36,4,,,,0,0,
CAKSIN01,monophyletic,internal_35,5,,,,0,0,
CAKSIW01,monophyletic,internal_38,2,,,,0,0,
CAKSJY01,monophyletic,internal_43,3,,,,0,0,
CAKSKB01,monophyletic,internal_33,3,,,,0,0,
CAKSNH01,monophyletic,internal_37,2,,,,0,0,
CAKSQF01,monophyletic,internal_41,20,,,,0,0,
CAKSQL01,monophyletic,internal_39,5,,,,0,0,
CAKSST01,monophyletic,internal_44,2,,,,0,0,
CAKSUT01,monophyletic,internal_36,3,,,,0,0,
CAKSXP01,monophyletic,internal_44,4,,,,0,0,
CAKTAA01,monophyletic,internal_38,2,,,,0,0,
CAKTFW01,monophyletic,internal_41,2,,,,0,0,
CAKTOF01,monophyletic,internal_39,5,,,,0,0,
CAKTXU01,monophyletic,internal_40,3,,,,0,0,
CAKUEI01,monophyletic,internal_43,2,,,,0,0,
CAKUFA01,monophyletic,internal_39,7,,,,0,0,
CAKUFI01,monophyletic,internal_37,2,,,,0,0,
CAKUIA01,monophyletic,internal_22,4,,,,0,0,
CAKUJM01,monophyletic,internal_26,2,,,,0,0,
CAKUOV01,monophyletic,internal_28,10,,,,0,0,
CAKVJS01,monophyletic,internal_25,2,,,,0,0,
CAKVLG01,monophyletic,internal_33,2,,,,0,0,
CAKVLS01,monophyletic,internal_35,6,,,,0,0,
CAKVNM01,monophyletic,internal_38,4,,,,0,0,
CAKVOD01,monophyletic,internal_31,10,,,,0,0,
CAKVOK01,monophyletic,internal_37,2,,,,0,0,
CAKVON01,monophyletic,internal_32,2,,,,0,0,
CAKVOU01,monophyletic,internal_45,2,,,,0,0,
CAKXIK01,monophyletic,internal_45,4,,,,0,0,
CAKZJW01,monophyletic,internal_31,4,,,,0,0,
CAKZKT01,monophyletic,internal_36,3,,,,0,0,
CAKZLE01,monophyletic,internal_27,3,,,,0,0,
CAKZLL01,monophyletic,internal_41,4,,,,0,0,
CAKZLS01,monophyletic,internal_38,4,,,,0,0,
CAKZML01,monophyletic,internal_32,5,,,,0,0,
CAKZMO01,monophyletic,internal_28,2,,,,0,0,
CAKZNE01,monophyletic,internal_44,6,,,,0,0,
CAKZQD01,monophyletic,internal_41,2,,,,0,0,
CAKZQG01,monophyletic,internal_14,3,,,,0,0,
CAKZQI01,monophyletic,internal_25,2,,,,0,0,
CAKZQX01,monophyletic,internal_24,5,,,,0,0,
CAKZRU01,monophyletic,internal_25,2,,,,0,0,
CAKZSB01,monophyletic,internal_33,3,,,,0,0,
CAKZSU01,monophyletic,internal_32,2,,,,0,0,
CAKZTM01,monophyletic,internal_43,2,,,,0,0,
CAKZUU01,monophyletic,internal_25,2,,,,0,0,
CAKZYD01,monophyletic,internal_42,4,,,,0,0,
CALABS01,monophyletic,internal_36,3,,,,0,0,
CALACW01,monophyletic,internal_45,4,,,,0,0,
CALAEC01,monophyletic,internal_28,5,,,,0,0,
CALAED01,monophyletic,internal_33,4,,,,0,0,
CALAFV01,monophyletic,internal_38,2,,,,0,0,
CALAGB01,monophyletic,internal_30,15,,,,0,0,
CALAGJ01,monophyletic,internal_57,2,,,,0,0,
CALAKE01,monophyletic,internal_16,2,,,,0,0,
CALALP01,monophyletic,internal_46,2,,,,0,0,
CALALS01,monophyletic,internal_40,2,,,,0,0,
CALAMC01,monophyletic,internal_28,4,,,,0,0,
CALAMD01,monophyletic,internal_45,9,,,,0,0,
CALANV01,monophyletic,internal_33,2,,,,0,0,
CALAQW01,monophyletic,internal_39,2,,,,0,0,
CALARM01,monophyletic,internal_14,4,,,,0,0,
CALAYL01,monophyletic,internal_41,7,,,,0,0,
CALAZP01,monophyletic,internal_52,3,,,,0,0,
CALAZW01,monophyletic,internal_36,2,,,,0,0,
CALAZZ01,monophyletic,internal_60,3,,,,0,0,
CALBGR01,monophyletic,internal_36,4,,,,0,0,
CALBJU01,monophyletic,internal_44,2,,,,0,0,
CALBKH01,monophyletic,internal_41,4,,,,0,0,
CALBLZ01,monophyletic,internal_27,2,,,,0,0,
CALBMX01,monophyletic,internal_34,3,,,,0,0,
CALBPI01,monophyletic,internal_36,19,,,,0,0,
CALBRZ01,monophyletic,internal_28,2,,,,0,0,
CALBTA01,monophyletic,internal_33,2,,,,0,0,
CALBTQ01,monophyletic,internal_20,3,,,,0,0,
CALBZE01,monophyletic,internal_25,5,,,,0,0,
CALBZG01,monophyletic,internal_35,2,,,,0,0,
CALBZH01,monophyletic,internal_32,3,,,,0,0,
CALCCV01,monophyletic,internal_33,2,,,,0,0,
CALCEB01,monophyletic,internal_25,3,,,,0,0,
CALCHA01,monophyletic,internal_25,4,,,,0,0,
CALCHX01,monophyletic,internal_23,2,,,,0,0,
CALCIN01,monophyletic,internal_50,2,,,,0,0,
CALCJD01,monophyletic,internal_31,2,,,,0,0,
CALCJH01,monophyletic,internal_20,3,,,,0,0,
CALCKU01,monophyletic,internal_39,5,,,,0,0,
CALCKW01,monophyletic,internal_32,6,,,,0,0,
CALCMJ01,monophyletic,internal_55,3,,,,0,0,
CALCNS01,monophyletic,internal_23,3,,,,0,0,
CALCTE01,monophyletic,internal_33,4,,,,0,0,
CALCTH01,monophyletic,internal_39,3,,,,0,0,
CALCXL01,monophyletic,internal_24,2,,,,0,0,
CALCZU01,monophyletic,internal_26,2,,,,0,0,
CALDCK01,monophyletic,internal_35,2,,,,0,0,
CALDGQ01,monophyletic,internal_47,2,,,,0,0,
CALDOK01,monophyletic,internal_26,4,,,,0,0,
CALDPK01,monophyletic,internal_20,5,,,,0,0,
CALDSL01,monophyletic,internal_51,3,,,,0,0,
CALDTK01,monophyletic,internal_46,8,,,,0,0,
CALDUY01,monophyletic,internal_36,3,,,,0,0,
CALDZK01,monophyletic,internal_28,2,,,,0,0,
CALEAR01,monophyletic,internal_39,3,,,,0,0,
CALECP01,monophyletic,internal_38,4,,,,0,0,
CALEDJ01,monophyletic,internal_19,2,,,,0,0,
CALEFQ01,monophyletic,internal_25,2,,,,0,0,
CALEKU01,monophyletic,internal_26,2,,,,0,0,
CALEKX01,monophyletic,internal_31,2,,,,0,0,
CALELF01,monophyletic,internal_24,3,,,,0,0,
CALELM01,monophyletic,internal_43,2,,,,0,0,
CALEMW01,monophyletic,internal_23,3,,,,0,0,
CALESS01,monophyletic,internal_51,3,,,,0,0,
CALEUX01,monophyletic,internal_61,4,,,,0,0,
CALEVZ01,monophyletic,internal_20,3,,,,0,0,
CALEWY01,monophyletic,internal_44,5,,,,0,0,
CALFBG01,monophyletic,internal_49,2,,,,0,0,
CALFBP01,monophyletic,internal_34,4,,,,0,0,
CALFCE01,monophyletic,internal_34,4,,,,0,0,
CALFCX01,monophyletic,internal_16,3,,,,0,0,
CALFER01,monophyletic,internal_18,2,,,,0,0,
CALFML01,monophyletic,internal_34,3,,,,0,0,
CALFMN01,monophyletic,internal_30,2,,,,0,0,
CALFMR01,monophyletic,internal_26,2,,,,0,0,
CALFPJ01,monophyletic,internal_39,2,,,,0,0,
CALFRW01,monophyletic,internal_19,2,,,,0,0,
CALFUK01,monophyletic,internal_54,5,,,,0,0,
CALFVM01,monophyletic,internal_21,2,,,,0,0,
CALFVT01,monophyletic,internal_38,3,,,,0,0,
CALFXN01,monophyletic,internal_22,4,,,,0,0,
CALFYV01,monophyletic,internal_30,3,,,,0,0,
CALGAD01,monophyletic,internal_44,2,,,,0,0,
CALGBT01,monophyletic,internal_33,2,,,,0,0,
CALGDE01,monophyletic,internal_23,4,,,,0,0,
CALGFH01,monophyletic,internal_24,11,,,,0,0,
CALGFI01,monophyletic,internal_35,14,,,,0,0,
CALGGB01,monophyletic,internal_36,3,,,,0,0,
CALGIA01,monophyletic,internal_37,2,,,,0,0,
CALGKJ01,monophyletic,internal_27,3,,,,0,0,
CALGLP01,monophyletic,internal_29,4,,,,0,0,
CALGLS01,monophyletic,internal_50,6,,,,0,0,
CALGPD01,monophyletic,internal_6,2,,,,0,0,
CALGSZ01,monophyletic,internal_30,2,,,,0,0,
CALGTL01,monophyletic,internal_44,3,,,,0,0,
CALGXT01,monophyletic,internal_24,2,,,,0,0,
CALGYY01,monophyletic,internal_52,3,,,,0,0,
CALGZD01,monophyletic,internal_20,2,,,,0,0,
CALHAX01,monophyletic,internal_33,4,,,,0,0,
CALHGZ01,monophyletic,internal_30,2,,,,0,0,
CALHIP01,monophyletic,internal_33,3,,,,0,0,
CALHKP01,monophyletic,internal_46,2,,,,0,0,
CALHPI01,monophyletic,internal_40,3,,,,0,0,
CALHRB01,monophyletic,internal_35,3,,,,0,0,
CALHVR01,monophyletic,internal_19,2,,,,0,0,
CALHVX01,monophyletic,internal_52,6,,,,0,0,
CALIBK01,monophyletic,internal_30,4,,,,0,0,
CALINB01,monophyletic,internal_34,3,,,,0,0,
CALINF01,monophyletic,internal_53,3,,,,0,0,
CALINM01,monophyletic,internal_14,2,,,,0,0,
CALIRD01,monophyletic,internal_30,3,,,,0,0,
CALISC01,monophyletic,internal_22,19,,,,0,0,
CALITV01,monophyletic,internal_15,3,,,,0,0,
CALIVE01,monophyletic,internal_41,2,,,,0,0,
CALIZF01,monophyletic,internal_56,2,,,,0,0,
CALJDF01,monophyletic,internal_36,8,,,,0,0,
CALJEL01,monophyletic,internal_24,6,,,,0,0,
CALJES01,monophyletic,internal_27,4,,,,0,0,
CALJFL01,monophyletic,internal_53,5,,,,0,0,
CALJGI01,monophyletic,internal_41,2,,,,0,0,
CALJIC01,monophyletic,internal_25,3,,,,0,0,
CALJLD01,monophyletic,internal_25,2,,,,0,0,
CALJNB01,monophyletic,internal_31,2,,,,0,0,
CALJTV01,monophyletic,internal_41,5,,,,0,0,
CALJUJ01,monophyletic,internal_30,2,,,,0,0,
CALJXB01,monophyletic,internal_39,4,,,,0,0,
CALKAL01,monophyletic,internal_43,2,,,,0,0,
CALKCM01,monophyletic,internal_36,2,,,,0,0,
CALKCV01,monophyletic,internal_25,4,,,,0,0,
CALKGK01,monophyletic,internal_46,3,,,,0,0,
CALKHQ01,monophyletic,internal_32,3,,,,0,0,
CALKHT01,monophyletic,internal_27,2,,,,0,0,
CALKIU01,monophyletic,internal_43,2,,,,0,0,
CALKJP01,monophyletic,internal_47,2,,,,0,0,
CALKJU01,monophyletic,internal_40,3,,,,0,0,
CALKKN01,monophyletic,internal_36,4,,,,0,0,
CALKMO01,monophyletic,internal_18,2,,,,0,0,
CALKMS01,monophyletic,internal_19,3,,,,0,0,
CALKUP01,monophyletic,internal_28,3,,,,0,0,
CALKWS01,monophyletic,internal_47,4,,,,0,0,
CALKXJ01,monophyletic,internal_28,2,,,,0,0,
CALKXV01,monophyletic,internal_67,5,,,,0,0,
CALKYB01,monophyletic,internal_26,3,,,,0,0,
CALKZN01,monophyletic,internal_24,4,,,,0,0,
CALLCD01,monophyletic,internal_39,15,,,,0,0,
CALLJL01,monophyletic,internal_18,4,,,,0,0,
CALLMJ01,monophyletic,internal_30,3,,,,0,0,
CALLMM01,monophyletic,internal_24,2,,,,0,0,
CALLOB01,monophyletic,internal_34,2,,,,0,0,
CALLPO01,monophyletic,internal_27,4,,,,0,0,
CALLPQ01,monophyletic,internal_35,8,,,,0,0,
CALLQB01,monophyletic,internal_36,6,,,,0,0,
CALLVA01,monophyletic,internal_37,2,,,,0,0,
CALLVF01,monophyletic,internal_34,3,,,,0,0,
CALLVY01,monophyletic,internal_50,3,,,,0,0,
CALLXS01,monophyletic,internal_35,5,,,,0,0,
CALLYK01,monophyletic,internal_29,2,,,,0,0,
CALMAK01,monophyletic,internal_39,4,,,,0,0,
CALMBF01,monophyletic,internal_25,2,,,,0,0,
CALMBW01,monophyletic,internal_27,3,,,,0,0,
CALMEC01,monophyletic,internal_25,15,,,,0,0,
CALMEE01,monophyletic,internal_40,3,,,,0,0,
CALMEF01,monophyletic,internal_30,2,,,,0,0,
CALMEH01,monophyletic,internal_28,3,,,,0,0,
CALMFG01,monophyletic,internal_32,4,,,,0,0,
CALMFQ01,monophyletic,internal_35,4,,,,0,0,
CALMFT01,monophyletic,internal_27,5,,,,0,0,
CALMHE01,monophyletic,internal_56,2,,,,0,0,
CALMJB01,monophyletic,internal_38,2,,,,0,0,
CALMJU01,monophyletic,internal_19,2,,,,0,0,
CALMKX01,monophyletic,internal_23,2,,,,0,0,
CALMMZ01,monophyletic,internal_53,10,,,,0,0,
CALMNV01,monophyletic,internal_44,2,,,,0,0,
CALMRE01,monophyletic,internal_16,3,,,,0,0,
CALMSM01,monophyletic,internal_37,2,,,,0,0,
CALMUP01,monophyletic,internal_22,6,,,,0,0,
CALMWE01,monophyletic,internal_21,3,,,,0,0,
CALMXW01,monophyletic,internal_49,2,,,,0,0,
CALMZN01,monophyletic,internal_31,7,,,,0,0,
CALMZY01,monophyletic,internal_28,3,,,,0,0,
CALNBC01,monophyletic,internal_36,4,,,,0,0,
CALNBE01,monophyletic,internal_24,10,,,,0,0,
CALNYH01,monophyletic,internal_26,2,,,,0,0,
CALNYS01,monophyletic,internal_28,3,,,,0,0,
CALNZV01,monophyletic,internal_34,3,,,,0,0,
CALPQG02,monophyletic,internal_41,3,,,,0,0,
CALQRR01,monophyletic,internal_53,8,,,,0,0,
CALRBF01,monophyletic,internal_27,12,,,,0,0,
CALRBL01,monophyletic,internal_58,5,,,,0,0,
CALREA01,monophyletic,internal_29,9,,,,0,0,
CALREJ01,monophyletic,internal_34,6,,,,0,0,
CALRGE01,monophyletic,internal_27,4,,,,0,0,
CALRGH01,monophyletic,internal_53,2,,,,0,0,
CALRGL01,monophyletic,internal_47,2,,,,0,0,
CALRGO01,monophyletic,internal_47,5,,,,0,0,
CALRGT01,monophyletic,internal_34,4,,,,0,0,
CALRHK01,monophyletic,internal_55,2,,,,0,0,
CALSMU01,monophyletic,internal_46,6,,,,0,0,
CALSPH01,monophyletic,internal_35,2,,,,0,0,
CALSSN01,monophyletic,internal_24,2,,,,0,0,
CALTSX01,monophyletic,internal_19,2,,,,0,0,
CALTWN01,monophyletic,internal_43,2,,,,0,0,
CALUMT01,monophyletic,internal_65,2,,,,0,0,
CALUNA01,monophyletic,internal_68,3,,,,0,0,
CALUOB01,monophyletic,internal_25,4,,,,0,0,
CALUPD01,monophyletic,internal_64,2,,,,0,0,
CALUPY01,monophyletic,internal_26,4,,,,0,0,
CALURL01,monophyletic,internal_30,3,,,,0,0,
CALUTH01,monophyletic,internal_27,9,,,,0,0,
CALUVH01,monophyletic,internal_28,6,,,,0,0,
CALUVN01,monophyletic,internal_29,4,,,,0,0,
CALUXS01,monophyletic,internal_26,10,,,,0,0,
CALUZH01,monophyletic,internal_27,4,,,,0,0,
CALVGN01,monophyletic,internal_24,2,,,,0,0,
CALVGQ01,monophyletic,internal_23,5,,,,0,0,
CALVJF01,monophyletic,internal_21,3,,,,0,0,
CALVJJ01,monophyletic,internal_39,2,,,,0,0,
CALVJO01,monophyletic,internal_22,3,,,,0,0,
CALVLD01,monophyletic,internal_40,2,,,,0,0,
CALVMC01,monophyletic,internal_33,2,,,,0,0,
CALVNN01,monophyletic,internal_33,2,,,,0,0,
CALVRE01,monophyletic,internal_26,2,,,,0,0,
CALVSV01,monophyletic,internal_17,2,,,,0,0,
CALVUG01,monophyletic,internal_24,4,,,,0,0,
CALVUJ01,monophyletic,internal_19,5,,,,0,0,
CALVUN01,monophyletic,internal_27,2,,,,0,0,
CALVUP01,monophyletic,internal_22,4,,,,0,0,
CALVVN01,monophyletic,internal_23,6,,,,0,0,
CALVVX01,monophyletic,internal_26,7,,,,0,0,
CALVXC01,monophyletic,internal_23,3,,,,0,0,
CALVXF01,monophyletic,internal_25,2,,,,0,0,
CALVZT01,monophyletic,internal_33,2,,,,0,0,
CALWAM01,monophyletic,internal_21,3,,,,0,0,
CALWJF01,monophyletic,internal_37,2,,,,0,0,
CALWKP01,monophyletic,internal_42,2,,,,0,0,
CALWOS01,monophyletic,internal_45,2,,,,0,0,
CALWPI01,monophyletic,internal_39,2,,,,0,0,
CALWPV01,monophyletic,internal_31,5,,,,0,0,
CALWRB01,monophyletic,internal_40,2,,,,0,0,
CALWRD01,monophyletic,internal_38,6,,,,0,0,
CALWRM01,monophyletic,internal_34,3,,,,0,0,
CALWZE01,monophyletic,internal_53,3,,,,0,0,
CALXCT01,monophyletic,internal_42,4,,,,0,0,
CALXEM01,monophyletic,internal_39,2,,,,0,0,
CALXEN01,monophyletic,internal_59,3,,,,0,0,
CALXGT01,monophyletic,internal_42,2,,,,0,0,
CALXJE01,monophyletic,internal_37,6,,,,0,0,
CALXJM01,monophyletic,internal_42,2,,,,0,0,
CALXOD01,monophyletic,internal_38,4,,,,0,0,
CALXOJ01,monophyletic,internal_25,4,,,,0,0,
CALXPF01,monophyletic,internal_28,2,,,,0,0,
CALXQW01,monophyletic,internal_24,4,,,,0,0,
CALXRO01,monophyletic,internal_28,8,,,,0,0,
CALXRW01,monophyletic,internal_44,2,,,,0,0,
CALXSC01,monophyletic,internal_27,9,,,,0,0,
CALXSV01,monophyletic,internal_35,3,,,,0,0,
CALXUC01,monophyletic,internal_37,2,,,,0,0,
CALXVA01,monophyletic,internal_47,38,,,,0,0,
CALXWF01,monophyletic,internal_24,2,,,,0,0,
CALXXA01,monophyletic,internal_26,4,,,,0,0,
CALXXL01,monophyletic,internal_33,5,,,,0,0,
CALXXX01,monophyletic,internal_25,3,,,,0,0,
CALXZG01,monophyletic,internal_26,10,,,,0,0,
CALYAK01,monophyletic,internal_47,2,,,,0,0,
CALYAQ01,monophyletic,internal_34,2,,,,0,0,
CALYBN01,monophyletic,internal_67,2,,,,0,0,
CALZBJ01,monophyletic,internal_30,2,,,,0,0,
CALZFJ01,monophyletic,internal_75,8,,,,0,0,
CALZGC01,monophyletic,internal_19,2,,,,0,0,
CALZGZ01,monophyletic,internal_25,7,,,,0,0,
CALZIK01,monophyletic,internal_25,5,,,,0,0,
CALZJC01,monophyletic,internal_27,3,,,,0,0,
CALZJD01,monophyletic,internal_33,4,,,,0,0,
CALZJE01,monophyletic,internal_37,2,,,,0,0,
CALZKB01,monophyletic,internal_24,5,,,,0,0,
CALZKI01,monophyletic,internal_49,2,,,,0,0,
CAMAPP01,monophyletic,internal_35,2,,,,0,0,
CAMAQI01,monophyletic,internal_23,4,,,,0,0,
CAMASH01,monophyletic,internal_31,4,,,,0,0,
CAMATL01,monophyletic,internal_18,2,,,,0,0,
CAMAUF01,monophyletic,internal_42,2,,,,0,0,
CAMAVH01,monophyletic,internal_34,6,,,,0,0,
CAMAXB01,monophyletic,internal_34,8,,,,0,0,
CAMAXZ01,monophyletic,internal_28,2,,,,0,0,
CAMBDR01,monophyletic,internal_35,3,,,,0,0,
CAMBDS01,monophyletic,internal_22,2,,,,0,0,
CAMBFR01,monophyletic,internal_21,2,,,,0,0,
CAMBFX01,monophyletic,internal_41,2,,,,0,0,
CAMBQF01,monophyletic,internal_48,5,,,,0,0,
CAMBRF01,monophyletic,internal_28,3,,,,0,0,
CAMBSA01,monophyletic,internal_36,2,,,,0,0,
CAMCDL01,monophyletic,internal_41,2,,,,0,0,
CAMCFD01,monophyletic,internal_29,9,,,,0,0,
CAMCHB01,monophyletic,internal_39,3,,,,0,0,
CAMCHP01,monophyletic,internal_47,2,,,,0,0,
CAMCNU01,monophyletic,internal_25,3,,,,0,0,
CAMCQG01,monophyletic,internal_28,2,,,,0,0,
CAMCQY01,monophyletic,internal_36,20,,,,0,0,
CAMCRE01,monophyletic,internal_18,2,,,,0,0,
CAMCSH01,monophyletic,internal_18,3,,,,0,0,
CAMCTP01,monophyletic,internal_27,2,,,,0,0,
CAMCTV01,monophyletic,internal_46,14,,,,0,0,
CAMCUA01,monophyletic,internal_37,3,,,,0,0,
CAMCUU01,monophyletic,internal_35,2,,,,0,0,
CAMCVE01,monophyletic,internal_26,2,,,,0,0,
CAMCVL01,monophyletic,internal_26,2,,,,0,0,
CAMCVM01,monophyletic,internal_21,2,,,,0,0,
CAMCWB01,monophyletic,internal_40,2,,,,0,0,
CAMCXE01,monophyletic,internal_47,5,,,,0,0,
CAMCXT01,monophyletic,internal_51,10,,,,0,0,
CAMCYM01,monophyletic,internal_48,7,,,,0,0,
CAMCZW01,monophyletic,internal_22,2,,,,0,0,
CAMDBL01,monophyletic,internal_41,2,,,,0,0,
CAMDFR01,monophyletic,internal_39,5,,,,0,0,
CAMDGX01,monophyletic,internal_43,15,,,,0,0,
CAMDHY01,monophyletic,internal_38,4,,,,0,0,
CAMDKS01,monophyletic,internal_33,14,,,,0,0,
CAMDMI01,monophyletic,internal_41,9,,,,0,0,
CAMDPA01,monophyletic,internal_40,8,,,,0,0,
CAMDTE01,monophyletic,internal_46,8,,,,0,0,
CAMDWQ01,monophyletic,internal_30,6,,,,0,0,
CAMEGH01,monophyletic,internal_42,3,,,,0,0,
CAMENZ01,monophyletic,internal_45,2,,,,0,0,
CAMEON01,monophyletic,internal_48,29,,,,0,0,
CAMFKA01,monophyletic,internal_26,2,,,,0,0,
CAMFKD01,monophyletic,internal_23,4,,,,0,0,
CAMFLJ01,monophyletic,internal_37,5,,,,0,0,
CAMFLR01,monophyletic,internal_31,4,,,,0,0,
CAMFLX01,monophyletic,internal_43,2,,,,0,0,
CAMFTQ01,monophyletic,internal_46,2,,,,0,0,
CAMIXG01,monophyletic,internal_36,2,,,,0,0,
CAMKAB01,monophyletic,internal_37,2,,,,0,0,
CAMLFJ01,monophyletic,internal_27,21,,,,0,0,
CAMLHP01,monophyletic,internal_27,10,,,,0,0,
CAMLHU01,monophyletic,internal_23,9,,,,0,0,
CAMLIZ01,monophyletic,internal_41,4,,,,0,0,
CAMLJR01,monophyletic,internal_43,13,,,,0,0,
CAMLKC01,monophyletic,internal_43,4,,,,0,0,
CAMLLJ01,monophyletic,internal_27,6,,,,0,0,
CAMLOF01,monophyletic,internal_42,2,,,,0,0,
CAMLQK01,monophyletic,internal_40,8,,,,0,0,
CAMNAO01,monophyletic,internal_47,2,,,,0,0,
CAMOKZ01,monophyletic,internal_41,2,,,,0,0,
CAMPJM01,monophyletic,internal_40,3,,,,0,0,
CAMPJU01,monophyletic,internal_42,3,,,,0,0,
CAMPKL01,monophyletic,internal_28,5,,,,0,0,
CAMPYH01,monophyletic,internal_37,2,,,,0,0,
CAMQRS01,monophyletic,internal_21,3,,,,0,0,
CAMQVF01,monophyletic,internal_7,2,,,,0,0,
CAMQVM01,monophyletic,internal_61,4,,,,0,0,
CAMQVY01,monophyletic,internal_67,2,,,,0,0,
CAMQYB01,monophyletic,internal_17,4,,,,0,0,
CAMREV01,monophyletic,internal_23,9,,,,0,0,
CAMTHN01,monophyletic,internal_37,3,,,,0,0,
CAMTUG01,monophyletic,internal_40,4,,,,0,0,
CAMTUH01,monophyletic,internal_45,2,,,,0,0,
CAMTWB01,monophyletic,internal_32,3,,,,0,0,
CAMTWJ01,monophyletic,internal_33,5,,,,0,0,
CAMTWZ01,monophyletic,internal_32,4,,,,0,0,
CAMUQR01,monophyletic,internal_36,5,,,,0,0,
CAMVHY01,monophyletic,internal_39,2,,,,0,0,
CAMWMY01,monophyletic,internal_22,2,,,,0,0,
CAMWXW01,monophyletic,internal_22,2,,,,0,0,
CAMXAS01,monophyletic,internal_59,6,,,,0,0,
CAMYIK01,monophyletic,internal_26,2,,,,0,0,
CAMYJH01,monophyletic,internal_36,4,,,,0,0,
CAMYJZ01,monophyletic,internal_35,5,,,,0,0,
CAMYKD01,monophyletic,internal_40,4,,,,0,0,
CAMYKZ01,monophyletic,internal_36,2,,,,0,0,
CAMYLR01,monophyletic,internal_18,8,,,,0,0,
CAMYLY01,monophyletic,internal_27,4,,,,0,0,
CAMYMC01,monophyletic,internal_29,2,,,,0,0,
CAMYMG01,monophyletic,internal_56,4,,,,0,0,
CAMYMQ01,monophyletic,internal_35,2,,,,0,0,
CAMYOC01,monophyletic,internal_33,6,,,,0,0,
CAMZLN01,monophyletic,internal_48,2,,,,0,0,
CAMZLY01,monophyletic,internal_29,2,,,,0,0,
CAMZNJ01,monophyletic,internal_14,2,,,,0,0,
CANAAV01,monophyletic,internal_51,3,,,,0,0,
CANBWW01,monophyletic,internal_31,2,,,,0,0,
CANCDA01,monophyletic,internal_48,6,,,,0,0,
CANDOC01,monophyletic,internal_43,2,,,,0,0,
CANDYO01,monophyletic,internal_23,6,,,,0,0,
CANEHT01,monophyletic,internal_40,2,,,,0,0,
CANFDS01,monophyletic,internal_23,3,,,,0,0,
CANFHS01,monophyletic,internal_36,2,,,,0,0,
CANFLJ01,monophyletic,internal_54,3,,,,0,0,
CANFLV01,monophyletic,internal_37,2,,,,0,0,
CANGTU01,monophyletic,internal_46,2,,,,0,0,
CANGXM01,monophyletic,internal_28,3,,,,0,0,
CANGXP01,monophyletic,internal_22,2,,,,0,0,
CANGYM01,monophyletic,internal_21,7,,,,0,0,
CANHBY01,monophyletic,internal_41,7,,,,0,0,
CANHCC01,monophyletic,internal_30,2,,,,0,0,
CANHCV01,monophyletic,internal_33,3,,,,0,0,
CANHEE01,monophyletic,internal_52,4,,,,0,0,
CANHSF01,monophyletic,internal_46,3,,,,0,0,
CANHVK01,monophyletic,internal_50,16,,,,0,0,
CANHWS01,monophyletic,internal_42,2,,,,0,0,
CANIBL01,monophyletic,internal_29,2,,,,0,0,
CANIGJ01,monophyletic,internal_34,2,,,,0,0,
CANIGN01,monophyletic,internal_27,7,,,,0,0,
CANIYR01,monophyletic,internal_36,3,,,,0,0,
CANIZL01,monophyletic,internal_38,3,,,,0,0,
CANJBX01,monophyletic,internal_50,3,,,,0,0,
CANJDH01,monophyletic,internal_30,7,,,,0,0,
CANJEJ01,monophyletic,internal_36,2,,,,0,0,
CANJIV01,monophyletic,internal_30,3,,,,0,0,
CANJJB01,monophyletic,internal_23,3,,,,0,0,
CANJLN01,monophyletic,internal_33,2,,,,0,0,
CANJQH01,monophyletic,internal_38,5,,,,0,0,
CANJQJ01,monophyletic,internal_54,3,,,,0,0,
CANJSG01,monophyletic,internal_33,7,,,,0,0,
CANJUD01,monophyletic,internal_49,4,,,,0,0,
CANJXF01,monophyletic,internal_27,9,,,,0,0,
CANJYE01,monophyletic,internal_60,2,,,,0,0,
CANKBT01,monophyletic,internal_34,3,,,,0,0,
CANKHA01,monophyletic,internal_44,11,,,,0,0,
CANKHJ01,monophyletic,internal_40,2,,,,0,0,
CANKJK01,monophyletic,internal_27,5,,,,0,0,
CANKVQ01,monophyletic,internal_19,3,,,,0,0,
CANLBD01,monophyletic,internal_31,2,,,,0,0,
CANLBN01,monophyletic,internal_47,14,,,,0,0,
CANLDA01,monophyletic,internal_67,2,,,,0,0,
CANLGQ01,monophyletic,internal_28,2,,,,0,0,
CANLMI01,monophyletic,internal_47,2,,,,0,0,
CANLSM01,monophyletic,internal_41,3,,,,0,0,
CANLXL01,monophyletic,internal_71,2,,,,0,0,
CANLZL01,monophyletic,internal_61,2,,,,0,0,
CANMIH01,monophyletic,internal_82,2,,,,0,0,
CANMSI01,monophyletic,internal_58,2,,,,0,0,
CANMUM01,monophyletic,internal_44,2,,,,0,0,
CANMXU01,monophyletic,internal_45,2,,,,0,0,
CANMYO01,monophyletic,internal_67,5,,,,0,0,
CANNBR01,monophyletic,internal_20,5,,,,0,0,
CANNFR01,monophyletic,internal_52,2,,,,0,0,
CANNRM01,monophyletic,internal_30,2,,,,0,0,
CANPVP01,monophyletic,internal_45,2,,,,0,0,
CANPXH01,monophyletic,internal_42,5,,,,0,0,
CANPXY01,monophyletic,internal_25,3,,,,0,0,
CANPYS01,monophyletic,internal_27,2,,,,0,0,
CANQAG01,monophyletic,internal_22,4,,,,0,0,
CANQBQ01,monophyletic,internal_33,2,,,,0,0,
CANQBR01,monophyletic,internal_29,3,,,,0,0,
CANQDT01,monophyletic,internal_36,2,,,,0,0,
CANQGL01,monophyletic,internal_48,3,,,,0,0,
CANQKG01,monophyletic,internal_42,2,,,,0,0,
CANQRF01,monophyletic,internal_30,2,,,,0,0,
CANQSA01,monophyletic,internal_43,3,,,,0,0,
CANQSG01,monophyletic,internal_45,2,,,,0,0,
CANQUC01,monophyletic,internal_39,3,,,,0,0,
CANQVB01,monophyletic,internal_26,6,,,,0,0,
CANQXJ01,monophyletic,internal_43,2,,,,0,0,
CANRDL01,monophyletic,internal_24,2,,,,0,0,
CANRDQ01,monophyletic,internal_26,3,,,,0,0,
CANRES01,monophyletic,internal_44,3,,,,0,0,
CANRGD01,monophyletic,internal_36,8,,,,0,0,
CANRHG01,monophyletic,internal_27,3,,,,0,0,
CANRIM01,monophyletic,internal_39,3,,,,0,0,
CANRIN01,monophyletic,internal_37,6,,,,0,0,
CANRLS01,monophyletic,internal_29,6,,,,0,0,
CANRMR01,monophyletic,internal_47,2,,,,0,0,
CANRPC01,monophyletic,internal_20,4,,,,0,0,
CANRXD01,monophyletic,internal_50,4,,,,0,0,
CAOJBM01,monophyletic,internal_22,3,,,,0,0,
CAPEBR01,monophyletic,internal_50,12,,,,0,0,
CAQBRY01,monophyletic,internal_47,3,,,,0,0,
CARZYU01,monophyletic,internal_25,5,,,,0,0,
CASBQJ01,monophyletic,internal_32,4,,,,0,0,
CASDZK01,monophyletic,internal_60,2,,,,0,0,
CASDZP01,monophyletic,internal_62,5,,,,0,0,
CASEYK01,monophyletic,internal_28,2,,,,0,0,
CASFBJ01,monophyletic,internal_34,2,,,,0,0,
CASFHD01,monophyletic,internal_37,2,,,,0,0,
CASFPE01,monophyletic,internal_68,2,,,,0,0,
CASFRF01,monophyletic,internal_36,2,,,,0,0,
CASFRQ01,monophyletic,internal_22,2,,,,0,0,
CASFSG01,monophyletic,internal_27,3,,,,0,0,
CASICS01,monophyletic,internal_34,9,,,,0,0,
CASPLG01,monophyletic,internal_45,4,,,,0,0,
CASQEL01,monophyletic,internal_31,2,,,,0,0,
CASRZP01,monophyletic,internal_24,2,,,,0,0,
CATJXY01,monophyletic,internal_20,2,,,,0,0,
CATKEA01,monophyletic,internal_26,2,,,,0,0,
CATLPD01,monophyletic,internal_32,2,,,,0,0,
CATLPG01,monophyletic,internal_42,2,,,,0,0,
CATOJL01,monophyletic,internal_30,5,,,,0,0,
CATOJU01,monophyletic,internal_29,2,,,,0,0,
CATOSD01,monophyletic,internal_46,9,,,,0,0,
CATOSK01,monophyletic,internal_46,8,,,,0,0,
CATOSP01,monophyletic,internal_44,7,,,,0,0,
CATQGW01,monophyletic,internal_33,9,,,,0,0,
CATQGZ01,monophyletic,internal_44,3,,,,0,0,
CATQHB01,monophyletic,internal_45,5,,,,0,0,
CATQHD01,monophyletic,internal_28,3,,,,0,0,
CATQHL01,monophyletic,internal_37,3,,,,0,0,
CATQHP01,monophyletic,internal_27,7,,,,0,0,
CATQHQ01,monophyletic,internal_34,4,,,,0,0,
CATQHS01,monophyletic,internal_37,3,,,,0,0,
CATQHW01,monophyletic,internal_20,13,,,,0,0,
CATZDY01,monophyletic,internal_32,3,,,,0,0,
CAUJGP01,monophyletic,internal_30,5,,,,0,0,
CAUJGQ01,monophyletic,internal_30,3,,,,0,0,
CAUPWF01,monophyletic,internal_43,9,,,,0,0,
CAURNT01,monophyletic,internal_18,2,,,,0,0,
CAUSKK01,monophyletic,internal_29,2,,,,0,0,
CAUTNA01,monophyletic,internal_32,2,,,,0,0,
CAUTNH01,monophyletic,internal_22,3,,,,0,0,
CAUTUX01,monophyletic,internal_38,3,,,,0,0,
CAUTVF01,monophyletic,internal_22,2,,,,0,0,
CAUTYU01,monophyletic,internal_22,2,,,,0,0,
CAUUCF01,monophyletic,internal_45,2,,,,0,0,
CAUUCX01,monophyletic,internal_42,2,,,,0,0,
CAUUFM01,monophyletic,internal_38,3,,,,0,0,
CAUYTW01,monophyletic,internal_34,3,,,,0,0,
CAUYXJ01,monophyletic,internal_32,2,,,,0,0,
CAUYXS01,monophyletic,internal_41,2,,,,0,0,
CAUZEB01,monophyletic,internal_39,2,,,,0,0,
CAUZEO01,monophyletic,internal_21,2,,,,0,0,
CAUZFZ01,monophyletic,internal_30,2,,,,0,0,
CAUZIB01,monophyletic,internal_29,11,,,,0,0,
CAUZIR01,monophyletic,internal_46,10,,,,0,0,
CAUZIZ01,monophyletic,internal_24,6,,,,0,0,
CAUZJF01,monophyletic,internal_49,3,,,,0,0,
CAUZSH01,monophyletic,internal_35,2,,,,0,0,
CAUZWH01,monophyletic,internal_36,3,,,,0,0,
CAVALG01,monophyletic,internal_47,5,,,,0,0,
CAVAWX01,monophyletic,internal_27,5,,,,0,0,
CAVCAD01,monophyletic,internal_19,2,,,,0,0,
CAVDRM01,monophyletic,internal_39,3,,,,0,0,
CAVEFW01,monophyletic,internal_30,3,,,,0,0,
CAVIQK01,monophyletic,internal_36,2,,,,0,0,
CAVLCC01,monophyletic,internal_27,2,,,,0,0,
CAVOAK01,monophyletic,internal_35,5,,,,0,0,
CAVOEB01,monophyletic,internal_34,2,,,,0,0,
CAVOGJ01,monophyletic,internal_38,2,,,,0,0,
CAVOHU01,monophyletic,internal_25,3,,,,0,0,
CAVORB01,monophyletic,internal_36,3,,,,0,0,
CAVPCR01,monophyletic,internal_19,2,,,,0,0,
CAVPCY01,monophyletic,internal_31,5,,,,0,0,
CAVPCZ01,monophyletic,internal_43,2,,,,0,0,
CAVPDA01,monophyletic,internal_42,2,,,,0,0,
CAVPDE01,monophyletic,internal_32,3,,,,0,0,
CAVPEW01,monophyletic,internal_31,2,,,,0,0,
CAVPGH01,monophyletic,internal_25,3,,,,0,0,
CAVPGP01,monophyletic,internal_31,3,,,,0,0,
CAVPHV01,monophyletic,internal_28,3,,,,0,0,
CAVPKN01,monophyletic,internal_25,4,,,,0,0,
CAVPLM01,monophyletic,internal_25,4,,,,0,0,
CAVPPA01,monophyletic,internal_41,5,,,,0,0,
CAVPPT01,monophyletic,internal_28,2,,,,0,0,
CAVPRW01,monophyletic,internal_22,2,,,,0,0,
CAVPTL01,monophyletic,internal_25,7,,,,0,0,
CAVPUA01,monophyletic,internal_38,2,,,,0,0,
CAVPWP01,monophyletic,internal_57,2,,,,0,0,
CAVQAH01,monophyletic,internal_28,2,,,,0,0,
CAVQBC01,monophyletic,internal_30,2,,,,0,0,
CAVQBJ01,monophyletic,internal_32,4,,,,0,0,
CAVQBK01,monophyletic,internal_15,2,,,,0,0,
CAVQBP01,monophyletic,internal_37,8,,,,0,0,
CAVQCA01,monophyletic,internal_34,5,,,,0,0,
CAVQCJ01,monophyletic,internal_36,3,,,,0,0,
CAVQCT01,monophyletic,internal_32,3,,,,0,0,
CAVQCX01,monophyletic,internal_33,3,,,,0,0,
CAVQEK01,monophyletic,internal_43,2,,,,0,0,
CAVQFC01,monophyletic,internal_32,13,,,,0,0,
CAVQFD01,monophyletic,internal_32,2,,,,0,0,
CAVQFR01,monophyletic,internal_27,2,,,,0,0,
CAVQGF01,monophyletic,internal_25,2,,,,0,0,
CAVQGZ01,monophyletic,internal_35,5,,,,0,0,
CAVQIG01,monophyletic,internal_27,2,,,,0,0,
CAVQJU01,monophyletic,internal_29,5,,,,0,0,
CAVQKZ01,monophyletic,internal_39,2,,,,0,0,
CAVQLX01,monophyletic,internal_29,5,,,,0,0,
CAVQND01,monophyletic,internal_36,4,,,,0,0,
CAVQNQ01,monophyletic,internal_35,2,,,,0,0,
CAVQSS01,monophyletic,internal_23,4,,,,0,0,
CAVQUE01,monophyletic,internal_35,2,,,,0,0,
CAVQWH01,monophyletic,internal_33,2,,,,0,0,
CAVQWT01,monophyletic,internal_36,3,,,,0,0,
CAVQXR01,monophyletic,internal_28,2,,,,0,0,
CAVQZA01,monophyletic,internal_27,5,,,,0,0,
CAVQZZ01,monophyletic,internal_29,2,,,,0,0,
CAVRAW01,monophyletic,internal_31,4,,,,0,0,
CAVRCA01,monophyletic,internal_41,2,,,,0,0,
CAVREM01,monophyletic,internal_29,4,,,,0,0,
CAVRFS01,monophyletic,internal_33,2,,,,0,0,
CAVRGQ01,monophyletic,internal_34,3,,,,0,0,
CAVRJC01,monophyletic,internal_33,2,,,,0,0,
CAVRJM01,monophyletic,internal_20,2,,,,0,0,
CAVRKK01,monophyletic,internal_19,2,,,,0,0,
CAVROP01,monophyletic,internal_24,18,,,,0,0,
CAVRQM01,monophyletic,internal_41,10,,,,0,0,
CAVRTJ01,monophyletic,internal_16,4,,,,0,0,
CAVRTM01,monophyletic,internal_42,3,,,,0,0,
CAVRUD01,monophyletic,internal_28,2,,,,0,0,
CAVRUF01,monophyletic,internal_29,6,,,,0,0,
CAVRUH01,monophyletic,internal_25,2,,,,0,0,
CAVRXQ01,monophyletic,internal_29,5,,,,0,0,
CAVRXT01,monophyletic,internal_27,4,,,,0,0,
CAVRXZ01,monophyletic,internal_27,3,,,,0,0,
CAVRZJ01,monophyletic,internal_22,2,,,,0,0,
CAVRZR01,monophyletic,internal_23,5,,,,0,0,
CAVSAC01,monophyletic,internal_27,2,,,,0,0,
CAVSBN01,monophyletic,internal_40,2,,,,0,0,
CAVSBT01,monophyletic,internal_32,2,,,,0,0,
CAVSCD01,monophyletic,internal_26,2,,,,0,0,
CAVSDF01,monophyletic,internal_34,2,,,,0,0,
CAVSIS01,monophyletic,internal_22,3,,,,0,0,
CAVSJJ01,monophyletic,internal_47,6,,,,0,0,
CAVSKL01,monophyletic,internal_20,4,,,,0,0,
CAVSMC01,monophyletic,internal_36,2,,,,0,0,
CAVSNH01,monophyletic,internal_30,3,,,,0,0,
CAVSQV01,monophyletic,internal_21,2,,,,0,0,
CAVSRC01,monophyletic,internal_43,15,,,,0,0,
CAVSUB01,monophyletic,internal_29,4,,,,0,0,
CAVSUG01,monophyletic,internal_25,2,,,,0,0,
CAVSUL01,monophyletic,internal_28,2,,,,0,0,
CAVSUR01,monophyletic,internal_36,3,,,,0,0,
CAVSUZ01,monophyletic,internal_42,4,,,,0,0,
CAVSWN01,monophyletic,internal_32,3,,,,0,0,
CAVSWT01,monophyletic,internal_36,7,,,,0,0,
CAVSXO01,monophyletic,internal_24,2,,,,0,0,
CAVSXS01,monophyletic,internal_28,2,,,,0,0,
CAVSZB01,monophyletic,internal_21,3,,,,0,0,
CAVTAE01,monophyletic,internal_18,2,,,,0,0,
CAVTAV01,monophyletic,internal_37,3,,,,0,0,
CAVTBT01,monophyletic,internal_31,2,,,,0,0,
CAVTBX01,monophyletic,internal_27,2,,,,0,0,
CAVTER01,monophyletic,internal_21,2,,,,0,0,
CAVTHK01,monophyletic,internal_21,2,,,,0,0,
CAVTJL01,monophyletic,internal_43,3,,,,0,0,
CAVTKE01,monophyletic,internal_45,2,,,,0,0,
CAVTLG01,monophyletic,internal_30,2,,,,0,0,
CAVTSA01,monophyletic,internal_15,4,,,,0,0,
CAVTTH01,monophyletic,internal_31,2,,,,0,0,
CAVTUU01,monophyletic,internal_29,2,,,,0,0,
CAVTWH01,monophyletic,internal_41,3,,,,0,0,
CAVTWJ01,monophyletic,internal_17,4,,,,0,0,
CAVTWS01,monophyletic,internal_36,3,,,,0,0,
CAVTWY01,monophyletic,internal_42,2,,,,0,0,
CAVTXS01,monophyletic,internal_51,2,,,,0,0,
CAVTYH01,monophyletic,internal_32,2,,,,0,0,
CAVTYZ01,monophyletic,internal_29,3,,,,0,0,
CAVTZN01,monophyletic,internal_43,2,,,,0,0,
CAVTZP01,monophyletic,internal_47,4,,,,0,0,
CAVTZZ01,monophyletic,internal_30,2,,,,0,0,
CAVUAF01,monophyletic,internal_24,2,,,,0,0,
CAVUAT01,monophyletic,internal_33,4,,,,0,0,
CAVUBL01,monophyletic,internal_20,4,,,,0,0,
CAVUCH01,monophyletic,internal_20,3,,,,0,0,
CAVUFA01,monophyletic,internal_22,2,,,,0,0,
CAVUFH01,monophyletic,internal_34,3,,,,0,0,
CAVUKA01,monophyletic,internal_25,2,,,,0,0,
CAVUNY01,monophyletic,internal_54,3,,,,0,0,
CAVUPF01,monophyletic,internal_34,4,,,,0,0,
CAVUPP01,monophyletic,internal_20,2,,,,0,0,
CAVUQH01,monophyletic,internal_34,2,,,,0,0,
CAVURS01,monophyletic,internal_35,5,,,,0,0,
CAVUUN01,monophyletic,internal_19,2,,,,0,0,
CAVUWL01,monophyletic,internal_33,3,,,,0,0,
CAVUXJ01,monophyletic,internal_30,2,,,,0,0,
CAVVAL01,monophyletic,internal_34,3,,,,0,0,
CAVVDT01,monophyletic,internal_37,3,,,,0,0,
CAVVDY01,monophyletic,internal_30,14,,,,0,0,
CAVVEC01,monophyletic,internal_39,2,,,,0,0,
CAVVEQ01,monophyletic,internal_57,5,,,,0,0,
CAVVFX01,monophyletic,internal_29,3,,,,0,0,
CAVVGZ01,monophyletic,internal_51,2,,,,0,0,
CAVVIG01,monophyletic,internal_34,12,,,,0,0,
CAVVJA01,monophyletic,internal_40,4,,,,0,0,
CAVVKW01,monophyletic,internal_28,6,,,,0,0,
CAVVMA01,monophyletic,internal_29,5,,,,0,0,
CAVVNC01,monophyletic,internal_22,3,,,,0,0,
CAVVNJ01,monophyletic,internal_31,2,,,,0,0,
CAVVNN01,monophyletic,internal_33,2,,,,0,0,
CAVVNP01,monophyletic,internal_31,2,,,,0,0,
CAVVSD01,monophyletic,internal_34,3,,,,0,0,
CAVVSQ01,monophyletic,internal_27,2,,,,0,0,
CAVVUF01,monophyletic,internal_49,2,,,,0,0,
CAVVVS01,monophyletic,internal_39,2,,,,0,0,
CAVVWJ01,monophyletic,internal_29,103,,,,0,0,
CAVVXN01,monophyletic,internal_28,2,,,,0,0,
CAVVXX01,monophyletic,internal_29,3,,,,0,0,
CAVVYA01,monophyletic,internal_34,2,,,,0,0,
CAVVYV01,monophyletic,internal_33,4,,,,0,0,
CAVWCW01,monophyletic,internal_38,2,,,,0,0,
CAVWDI01,monophyletic,internal_51,3,,,,0,0,
CAVWDU01,monophyletic,internal_48,2,,,,0,0,
CAVWEW01,monophyletic,internal_31,2,,,,0,0,
CAVWFS01,monophyletic,internal_27,3,,,,0,0,
CAVWQV01,monophyletic,internal_41,2,,,,0,0,
CAVWSM01,monophyletic,internal_36,3,,,,0,0,
CAVWTN01,monophyletic,internal_20,2,,,,0,0,
CAVWXT01,monophyletic,internal_37,2,,,,0,0,
CAVWZH01,monophyletic,internal_34,2,,,,0,0,
CAVXAE01,monophyletic,internal_42,2,,,,0,0,
CAVXDY01,monophyletic,internal_27,3,,,,0,0,
CAVXEF01,monophyletic,internal_38,3,,,,0,0,
CAVXEH01,monophyletic,internal_22,8,,,,0,0,
CAVXFB01,monophyletic,internal_37,2,,,,0,0,
CAVXFS01,monophyletic,internal_41,3,,,,0,0,
CAVXGS01,monophyletic,internal_25,2,,,,0,0,
CAVXHQ01,monophyletic,internal_66,2,,,,0,0,
CAVXHV01,monophyletic,internal_36,2,,,,0,0,
CAVXJH01,monophyletic,internal_20,2,,,,0,0,
CAVXJN01,monophyletic,internal_31,3,,,,0,0,
CAVXKA01,monophyletic,internal_20,2,,,,0,0,
CAVXSP01,monophyletic,internal_26,3,,,,0,0,
CAVXTF01,monophyletic,internal_31,3,,,,0,0,
CAVXWV01,monophyletic,internal_49,2,,,,0,0,
CAVXXB01,monophyletic,internal_27,2,,,,0,0,
CAVXXD01,monophyletic,internal_18,3,,,,0,0,
CAVXYC01,monophyletic,internal_24,2,,,,0,0,
CAVXYG01,monophyletic,internal_36,3,,,,0,0,
CAVXZE01,monophyletic,internal_27,4,,,,0,0,
CAVYEM01,monophyletic,internal_26,2,,,,0,0,
CAVYGB01,monophyletic,internal_33,2,,,,0,0,
CAVYGN01,monophyletic,internal_11,5,,,,0,0,
CAVYIK01,monophyletic,internal_53,6,,,,0,0,
CAVYOD01,monophyletic,internal_23,2,,,,0,0,
CAVYPR01,monophyletic,internal_38,2,,,,0,0,
CAVYTF01,monophyletic,internal_53,2,,,,0,0,
CAVYUC01,monophyletic,internal_64,3,,,,0,0,
CAVYVZ01,monophyletic,internal_20,2,,,,0,0,
CAVYXA01,monophyletic,internal_34,2,,,,0,0,
CAVYXK01,monophyletic,internal_44,2,,,,0,0,
CAVYXZ01,monophyletic,internal_47,2,,,,0,0,
CAVZBT01,monophyletic,internal_24,2,,,,0,0,
CAVZBW01,monophyletic,internal_32,2,,,,0,0,
CAVZCK01,monophyletic,internal_39,2,,,,0,0,
CAVZLD01,monophyletic,internal_37,2,,,,0,0,
CAVZMI01,monophyletic,internal_30,2,,,,0,0,
CAVZMO01,monophyletic,internal_38,2,,,,0,0,
CAVZQN01,monophyletic,internal_15,2,,,,0,0,
CAVZRC01,monophyletic,internal_33,4,,,,0,0,
CAVZSQ01,monophyletic,internal_26,2,,,,0,0,
CAVZVA01,monophyletic,internal_34,2,,,,0,0,
CAVZXD01,monophyletic,internal_27,2,,,,0,0,
CAWABB01,monophyletic,internal_40,2,,,,0,0,
CAWACA01,monophyletic,internal_29,2,,,,0,0,
CAWACB01,monophyletic,internal_24,2,,,,0,0,
CAWACC01,monophyletic,internal_28,2,,,,0,0,
CAWACP01,monophyletic,internal_31,6,,,,0,0,
CAWAJD01,monophyletic,internal_26,2,,,,0,0,
CAWAND01,monophyletic,internal_46,4,,,,0,0,
CAWANP01,monophyletic,internal_34,2,,,,0,0,
CAWARU01,monophyletic,internal_42,3,,,,0,0,
CAWAVN01,monophyletic,internal_32,4,,,,0,0,
CAWAWP01,monophyletic,internal_26,3,,,,0,0,
CAWAYR01,monophyletic,internal_20,6,,,,0,0,
CAWAZT01,monophyletic,internal_25,2,,,,0,0,
CAWBAT01,monophyletic,internal_21,3,,,,0,0,
CAWBBA01,monophyletic,internal_23,7,,,,0,0,
CAWBJP01,monophyletic,internal_23,5,,,,0,0,
CAWBKL01,monophyletic,internal_29,2,,,,0,0,
CAWBLP01,monophyletic,internal_41,2,,,,0,0,
CAWBNS01,monophyletic,internal_22,2,,,,0,0,
CAWBRT01,monophyletic,internal_28,11,,,,0,0,
CAWBUW01,monophyletic,internal_49,2,,,,0,0,
CAWBXL01,monophyletic,internal_38,3,,,,0,0,
CAWCAG01,monophyletic,internal_27,2,,,,0,0,
CAWCAL01,monophyletic,internal_29,3,,,,0,0,
CAWCAW01,monophyletic,internal_35,2,,,,0,0,
CAWCAX01,monophyletic,internal_31,4,,,,0,0,
CAWCBG01,monophyletic,internal_29,2,,,,0,0,
CAWCCP01,monophyletic,internal_50,2,,,,0,0,
CAWCDJ01,monophyletic,internal_37,5,,,,0,0,
CAWCGU01,monophyletic,internal_29,2,,,,0,0,
CAWCJJ01,monophyletic,internal_29,2,,,,0,0,
CAWCJL01,monophyletic,internal_32,2,,,,0,0,
CAWCKJ01,monophyletic,internal_18,2,,,,0,0,
CAWCKS01,monophyletic,internal_42,2,,,,0,0,
CAWCLK01,monophyletic,internal_29,2,,,,0,0,
CAWCQC01,monophyletic,internal_27,2,,,,0,0,
CAWCVR01,monophyletic,internal_35,2,,,,0,0,
CAWCWK01,monophyletic,internal_32,2,,,,0,0,
CAWDAQ01,monophyletic,internal_44,2,,,,0,0,
CAWDCV01,monophyletic,internal_27,2,,,,0,0,
CAWDDA01,monophyletic,internal_21,2,,,,0,0,
CAWDJT01,monophyletic,internal_25,2,,,,0,0,
CAWDLX01,monophyletic,internal_44,3,,,,0,0,
CAWDNM01,monophyletic,internal_33,2,,,,0,0,
CAWDPQ01,monophyletic,internal_26,2,,,,0,0,
CAWDVB01,monophyletic,internal_42,2,,,,0,0,
CAWDVR01,monophyletic,internal_23,2,,,,0,0,
CAWDXG01,monophyletic,internal_38,3,,,,0,0,
CAWDZK01,monophyletic,internal_40,2,,,,0,0,
CAWEAK01,monophyletic,internal_11,2,,,,0,0,
CAWEBF01,monophyletic,internal_27,2,,,,0,0,
CAWEEP01,monophyletic,internal_22,2,,,,0,0,
CAWEFA01,monophyletic,internal_59,2,,,,0,0,
CAWEHQ01,monophyletic,internal_32,3,,,,0,0,
CAWELS01,monophyletic,internal_30,3,,,,0,0,
CAWEPK01,monophyletic,internal_23,4,,,,0,0,
CAWEYG01,monophyletic,internal_18,3,,,,0,0,
CAWEZN01,monophyletic,internal_26,2,,,,0,0,
CAWFGW01,monophyletic,internal_37,2,,,,0,0,
CAWFKW01,monophyletic,internal_30,2,,,,0,0,
CAWFPN01,monophyletic,internal_23,2,,,,0,0,
CAWFQB01,monophyletic,internal_28,3,,,,0,0,
CAWFRS01,monophyletic,internal_34,3,,,,0,0,
CAWFSE01,monophyletic,internal_31,2,,,,0,0,
CAWGCE01,monophyletic,internal_36,2,,,,0,0,
CAWGGS01,monophyletic,internal_24,4,,,,0,0,
CAWGHZ01,monophyletic,internal_33,4,,,,0,0,
CAWGIE01,monophyletic,internal_19,2,,,,0,0,
CAWGJC01,monophyletic,internal_38,2,,,,0,0,
CAWGJF01,monophyletic,internal_39,2,,,,0,0,
CAWGUU01,monophyletic,internal_30,2,,,,0,0,
CAWGYQ01,monophyletic,internal_21,2,,,,0,0,
CAWHJB01,monophyletic,internal_50,2,,,,0,0,
CAWHLE01,monophyletic,internal_26,2,,,,0,0,
CAWHMN01,monophyletic,internal_31,2,,,,0,0,
CAWHOW01,monophyletic,internal_54,2,,,,0,0,
CAWHQZ01,monophyletic,internal_40,2,,,,0,0,
CAWICD01,monophyletic,internal_23,2,,,,0,0,
CAWIJJ01,monophyletic,internal_37,2,,,,0,0,
CAWIMX01,monophyletic,internal_23,2,,,,0,0,
CAWINX01,monophyletic,internal_32,2,,,,0,0,
CAWIUB01,monophyletic,internal_40,2,,,,0,0,
CAWIXB01,monophyletic,internal_39,2,,,,0,0,
CAWJAP01,monophyletic,internal_21,2,,,,0,0,
CAWJEL01,monophyletic,internal_37,2,,,,0,0,
CAWJFJ01,monophyletic,internal_38,2,,,,0,0,
CAWJHE01,monophyletic,internal_51,2,,,,0,0,
CAWJKT01,monophyletic,internal_20,2,,,,0,0,
CAWJMD01,monophyletic,internal_41,3,,,,0,0,
CAWJMF01,monophyletic,internal_23,2,,,,0,0,
CAWJNF01,monophyletic,internal_29,2,,,,0,0,
CAWJPQ01,monophyletic,internal_33,2,,,,0,0,
CAWJTV01,monophyletic,internal_33,2,,,,0,0,
CAWKDC01,monophyletic,internal_39,3,,,,0,0,
CAWKEH01,monophyletic,internal_38,3,,,,0,0,
CAWKEY01,monophyletic,internal_44,2,,,,0,0,
CAWKKW01,monophyletic,internal_32,2,,,,0,0,
CAWKPF01,monophyletic,internal_21,2,,,,0,0,
CAWKZT01,monophyletic,internal_37,2,,,,0,0,
CAWUEX02,monophyletic,internal_34,2,,,,0,0,
CAWUJC01,monophyletic,internal_24,2,,,,0,0,
CAWUJK01,monophyletic,internal_28,3,,,,0,0,
CAWUKT01,monophyletic,internal_34,3,,,,0,0,
CAWUKV01,monophyletic,internal_30,3,,,,0,0,
CAWUMD01,monophyletic,internal_24,2,,,,0,0,
CAWVSB01,monophyletic,internal_40,4,,,,0,0,
CAWVTP01,monophyletic,internal_28,2,,,,0,0,
CAWVVV01,monophyletic,internal_29,3,,,,0,0,
CAWVWD01,monophyletic,internal_42,4,,,,0,0,
CAXBBB01,monophyletic,internal_33,4,,,,0,0,
CAXBCP01,monophyletic,internal_38,7,,,,0,0,
CAXBDP01,monophyletic,internal_38,3,,,,0,0,
CAXBES01,monophyletic,internal_57,2,,,,0,0,
CAXBID01,monophyletic,internal_73,4,,,,0,0,
CAXBMB01,monophyletic,internal_38,2,,,,0,0,
CAXBNB01,monophyletic,internal_44,5,,,,0,0,
CAXBRX01,monophyletic,internal_29,2,,,,0,0,
CAXBYZ01,monophyletic,internal_28,3,,,,0,0,
CAXFCD01,monophyletic,internal_34,2,,,,0,0,
CAXGXL01,monophyletic,internal_24,2,,,,0,0,
CAXMMR01,monophyletic,internal_37,4,,,,0,0,
CAXMNX01,monophyletic,internal_64,2,,,,0,0,
CAXMPE01,monophyletic,internal_26,2,,,,0,0,
CAXMPK01,monophyletic,internal_34,3,,,,0,0,
CAXMQS01,monophyletic,internal_26,2,,,,0,0,
CAXMQZ01,monophyletic,internal_27,3,,,,0,0,
CAXMRP01,monophyletic,internal_37,2,,,,0,0,
CAXMSH01,monophyletic,internal_29,2,,,,0,0,
CAXMST01,monophyletic,internal_28,14,,,,0,0,
CAXMWX01,monophyletic,internal_34,2,,,,0,0,
CAXNGS01,monophyletic,internal_25,2,,,,0,0,
CAXNKG01,monophyletic,internal_26,2,,,,0,0,
CAXNKH01,monophyletic,internal_48,2,,,,0,0,
CAXPZW01,monophyletic,internal_44,2,,,,0,0,
CAXQUZ01,monophyletic,internal_31,2,,,,0,0,
CAXQZM01,monophyletic,internal_24,3,,,,0,0,
CAXQZU01,monophyletic,internal_26,3,,,,0,0,
CAXRAF01,monophyletic,internal_36,3,,,,0,0,
CAXRBC01,monophyletic,internal_40,2,,,,0,0,
CAXRDE01,monophyletic,internal_18,3,,,,0,0,
CAXRGH01,monophyletic,internal_42,2,,,,0,0,
CAXSBA01,monophyletic,internal_10,2,,,,0,0,
CAXSBR01,monophyletic,internal_36,2,,,,0,0,
CAXSEA01,monophyletic,internal_23,2,,,,0,0,
CAXSEF01,monophyletic,internal_37,7,,,,0,0,
CAXTIY01,monophyletic,internal_26,2,,,,0,0,
CAXTPV01,monophyletic,internal_38,12,,,,0,0,
CAXTSE01,monophyletic,internal_59,2,,,,0,0,
CAXUFU01,monophyletic,internal_30,2,,,,0,0,
CAXWPM01,monophyletic,internal_19,2,,,,0,0,
CAXXIC01,monophyletic,internal_63,8,,,,0,0,
CAXXOK01,monophyletic,internal_39,25,,,,0,0,
CAXYVX01,monophyletic,internal_40,2,,,,0,0,
CAYFHV01,monophyletic,internal_27,2,,,,0,0,
CAYFIW01,monophyletic,internal_44,2,,,,0,0,
CAYFJB01,monophyletic,internal_38,2,,,,0,0,
CAYFKJ01,monophyletic,internal_37,3,,,,0,0,
CAYFMH01,monophyletic,internal_25,2,,,,0,0,
CAYFMS01,monophyletic,internal_43,6,,,,0,0,
CAYFPX01,monophyletic,internal_27,4,,,,0,0,
CAYFQH01,monophyletic,internal_38,2,,,,0,0,
CAYFQV01,monophyletic,internal_23,4,,,,0,0,
CAYFRC01,monophyletic,internal_34,2,,,,0,0,
CAYFSA01,monophyletic,internal_28,2,,,,0,0,
CAYFUF01,monophyletic,internal_37,2,,,,0,0,
CAYFVL01,monophyletic,internal_25,2,,,,0,0,
CAYFVR01,monophyletic,internal_34,2,,,,0,0,
CAYFVU01,monophyletic,internal_26,3,,,,0,0,
CAYFXE01,monophyletic,internal_25,2,,,,0,0,
CAYFYS01,monophyletic,internal_39,3,,,,0,0,
CAYFZO01,monophyletic,internal_32,5,,,,0,0,
CAYGAJ01,monophyletic,internal_20,2,,,,0,0,
CAYGAW01,monophyletic,internal_27,3,,,,0,0,
CAYGFH01,monophyletic,internal_34,3,,,,0,0,
CAYGGE01,monophyletic,internal_25,2,,,,0,0,
CAYGJE01,monophyletic,internal_38,2,,,,0,0,
CAYGLV01,monophyletic,internal_29,2,,,,0,0,
CAYGOC01,monophyletic,internal_21,2,,,,0,0,
CAYGPX01,monophyletic,internal_25,2,,,,0,0,
CAYGQA01,monophyletic,internal_26,2,,,,0,0,
CAYGQU01,monophyletic,internal_42,2,,,,0,0,
CAYGXH01,monophyletic,internal_35,2,,,,0,0,
CAYHBS01,monophyletic,internal_36,2,,,,0,0,
CAYHDM01,monophyletic,internal_27,2,,,,0,0,
CAYHDV01,monophyletic,internal_49,3,,,,0,0,
CAYHIN01,monophyletic,internal_32,2,,,,0,0,
CAYHLH01,monophyletic,internal_45,2,,,,0,0,
CAYHRV01,monophyletic,internal_34,2,,,,0,0,
CAYHSR01,monophyletic,internal_46,3,,,,0,0,
CAYHSW01,monophyletic,internal_29,2,,,,0,0,
CAYHSY01,monophyletic,internal_47,2,,,,0,0,
CAYHVK01,monophyletic,internal_27,2,,,,0,0,
CAYHVY01,monophyletic,internal_34,2,,,,0,0,
CAYHXN01,monophyletic,internal_46,2,,,,0,0,
CAYHZD01,monophyletic,internal_34,2,,,,0,0,
CAYICB01,monophyletic,internal_47,2,,,,0,0,
CAYJAD01,monophyletic,internal_31,33,,,,0,0,
CAYJAP01,monophyletic,internal_35,2,,,,0,0,
CAYJAY01,monophyletic,internal_49,4,,,,0,0,
CAYJAZ01,monophyletic,internal_29,11,,,,0,0,
CAYJBH01,monophyletic,internal_47,9,,,,0,0,
CAYJBP01,monophyletic,internal_31,2,,,,0,0,
CAYJCL01,monophyletic,internal_21,2,,,,0,0,
CAYJDP01,monophyletic,internal_30,2,,,,0,0,
CAYJDR01,monophyletic,internal_19,2,,,,0,0,
CAYJDY01,monophyletic,internal_37,2,,,,0,0,
CAYJEO01,monophyletic,internal_24,2,,,,0,0,
CAYJEQ01,monophyletic,internal_44,3,,,,0,0,
CAYJFG01,monophyletic,internal_45,3,,,,0,0,
CAYJFX01,monophyletic,internal_27,12,,,,0,0,
CAYJGJ01,monophyletic,internal_42,2,,,,0,0,
CAYJGN01,monophyletic,internal_36,3,,,,0,0,
CAYJHC01,monophyletic,internal_40,5,,,,0,0,
CAYJKM01,monophyletic,internal_27,2,,,,0,0,
CAYJLC01,monophyletic,internal_34,3,,,,0,0,
CAYJMJ01,monophyletic,internal_36,3,,,,0,0,
CAYJMQ01,monophyletic,internal_22,2,,,,0,0,
CAYJNO01,monophyletic,internal_24,2,,,,0,0,
CAYJPV01,monophyletic,internal_26,3,,,,0,0,
CAYJRT01,monophyletic,internal_37,2,,,,0,0,
CAYJUL01,monophyletic,internal_38,2,,,,0,0,
CAYJUM01,monophyletic,internal_29,2,,,,0,0,
CAYLGT01,monophyletic,internal_38,2,,,,0,0,
CAYLGV01,monophyletic,internal_38,2,,,,0,0,
CAYLGY01,monophyletic,internal_44,2,,,,0,0,
CAYLHB01,monophyletic,internal_55,2,,,,0,0,
CAYLHJ01,monophyletic,internal_59,3,,,,0,0,
CAYLHQ01,monophyletic,internal_19,2,,,,0,0,
CAYLHS01,monophyletic,internal_24,5,,,,0,0,
CAYLHT01,monophyletic,internal_32,2,,,,0,0,
CAYLIB01,monophyletic,internal_28,2,,,,0,0,
CAYLKF01,monophyletic,internal_23,2,,,,0,0,
CAYLKK01,monophyletic,internal_23,2,,,,0,0,
CAYLLD01,monophyletic,internal_43,3,,,,0,0,
CAYLLE01,monophyletic,internal_22,2,,,,0,0,
CAYLLN01,monophyletic,internal_41,8,,,,0,0,
CAYLLT01,monophyletic,internal_32,3,,,,0,0,
CAYLMG01,monophyletic,internal_30,5,,,,0,0,
CAYLMM01,monophyletic,internal_22,2,,,,0,0,
CAYLNC01,monophyletic,internal_53,3,,,,0,0,
CAYLNG01,monophyletic,internal_28,2,,,,0,0,
CAYLPP01,monophyletic,internal_32,4,,,,0,0,
CAYLQD01,monophyletic,internal_26,2,,,,0,0,
CAYLQQ01,monophyletic,internal_30,2,,,,0,0,
CAYLQR01,monophyletic,internal_31,3,,,,0,0,
CAYLRU01,monophyletic,internal_35,2,,,,0,0,
CAYLTX01,monophyletic,internal_31,2,,,,0,0,
CAYLVJ01,monophyletic,internal_41,4,,,,0,0,
CAYLWY01,monophyletic,internal_25,2,,,,0,0,
CAYLWZ01,monophyletic,internal_41,4,,,,0,0,
CAYLXN01,monophyletic,internal_38,2,,,,0,0,
CAYLXP01,monophyletic,internal_32,2,,,,0,0,
CAYLXX01,monophyletic,internal_34,2,,,,0,0,
CAYLYU01,monophyletic,internal_20,4,,,,0,0,
CAYMAZ01,monophyletic,internal_53,3,,,,0,0,
CAYMBL01,monophyletic,internal_32,2,,,,0,0,
CAYMDD01,monophyletic,internal_29,3,,,,0,0,
CAYMDS01,monophyletic,internal_37,5,,,,0,0,
CAYMEV01,monophyletic,internal_20,2,,,,0,0,
CAYMGQ01,monophyletic,internal_31,2,,,,0,0,
CAYMJK01,monophyletic,internal_31,2,,,,0,0,
CAYMJV01,monophyletic,internal_29,2,,,,0,0,
CAYMKE01,monophyletic,internal_52,4,,,,0,0,
CAYMKG01,monophyletic,internal_33,2,,,,0,0,
CAYMKL01,monophyletic,internal_34,2,,,,0,0,
CAYMLL01,monophyletic,internal_28,2,,,,0,0,
CAYMND01,monophyletic,internal_18,2,,,,0,0,
CAYMOE01,monophyletic,internal_29,3,,,,0,0,
CAYMPH01,monophyletic,internal_9,2,,,,0,0,
CAYMRL01,monophyletic,internal_23,3,,,,0,0,
CAYMRZ01,monophyletic,internal_26,2,,,,0,0,
CAYMSF01,monophyletic,internal_30,2,,,,0,0,
CAYMTR01,monophyletic,internal_60,6,,,,0,0,
CAYMUC01,monophyletic,internal_35,2,,,,0,0,
CAYMUN01,monophyletic,internal_54,4,,,,0,0,
CAYMXN01,monophyletic,internal_47,2,,,,0,0,
CAYMZZ01,monophyletic,internal_59,7,,,,0,0,
CAYNAP01,monophyletic,internal_39,2,,,,0,0,
CAYNBC01,monophyletic,internal_35,2,,,,0,0,
CAYNCC01,monophyletic,internal_24,2,,,,0,0,
CAYNCE01,monophyletic,internal_30,3,,,,0,0,
CAYNFP01,monophyletic,internal_22,2,,,,0,0,
CAYNFR01,monophyletic,internal_57,2,,,,0,0,
CAYNGG01,monophyletic,internal_33,2,,,,0,0,
CAYNJF01,monophyletic,internal_42,2,,,,0,0,
CAYNJG01,monophyletic,internal_35,4,,,,0,0,
CAYNKW01,monophyletic,internal_28,2,,,,0,0,
CAYNLK01,monophyletic,internal_37,2,,,,0,0,
CAYNLS01,monophyletic,internal_35,2,,,,0,0,
CAYNLX01,monophyletic,internal_24,2,,,,0,0,
CAYNND01,monophyletic,internal_54,3,,,,0,0,
CAYNNF01,monophyletic,internal_30,2,,,,0,0,
CAYNNQ01,monophyletic,internal_21,4,,,,0,0,
CAYNQK01,monophyletic,internal_17,3,,,,0,0,
CAYNQN01,monophyletic,internal_37,2,,,,0,0,
CAYNRA01,monophyletic,internal_43,4,,,,0,0,
CAYNRG01,monophyletic,internal_25,3,,,,0,0,
CAYNST01,monophyletic,internal_49,4,,,,0,0,
CAYNTC01,monophyletic,internal_38,2,,,,0,0,
CAYNTS01,monophyletic,internal_29,2,,,,0,0,
CAYNTZ01,monophyletic,internal_35,2,,,,0,0,
CAYNUJ01,monophyletic,internal_40,3,,,,0,0,
CAYNWT01,monophyletic,internal_28,4,,,,0,0,
CAYNYM01,monophyletic,internal_32,3,,,,0,0,
CAYNZV01,monophyletic,internal_27,3,,,,0,0,
CAYOCI01,monophyletic,internal_20,2,,,,0,0,
CAYOHG01,monophyletic,internal_32,2,,,,0,0,
CAYOHR01,monophyletic,internal_42,2,,,,0,0,
CAYOID01,monophyletic,internal_26,2,,,,0,0,
CAYOOR01,monophyletic,internal_23,8,,,,0,0,
CAYORB01,monophyletic,internal_37,2,,,,0,0,
CAYOSU01,monophyletic,internal_36,2,,,,0,0,
CAYOUV01,monophyletic,internal_48,2,,,,0,0,
CAYOYH01,monophyletic,internal_26,2,,,,0,0,
CAYPBQ01,monophyletic,internal_55,2,,,,0,0,
CAYPDD01,monophyletic,internal_28,2,,,,0,0,
CAYPEL01,monophyletic,internal_36,2,,,,0,0,
CAYPEZ01,monophyletic,internal_49,2,,,,0,0,
CAYPGJ01,monophyletic,internal_30,3,,,,0,0,
CAYPGT01,monophyletic,internal_22,3,,,,0,0,
CAYPKG01,monophyletic,internal_38,2,,,,0,0,
CAYPKR01,monophyletic,internal_53,2,,,,0,0,
CAYPLZ01,monophyletic,internal_31,2,,,,0,0,
CAYPPK01,monophyletic,internal_40,2,,,,0,0,
CAYPPS01,monophyletic,internal_30,2,,,,0,0,
CAYPQN01,monophyletic,internal_43,2,,,,0,0,
CAYPRN01,monophyletic,internal_34,2,,,,0,0,
CAYPRR01,monophyletic,internal_38,2,,,,0,0,
CAYPSN01,monophyletic,internal_25,7,,,,0,0,
CAYPTY01,monophyletic,internal_30,2,,,,0,0,
CAYPUG01,monophyletic,internal_32,2,,,,0,0,
CAYPUT01,monophyletic,internal_22,4,,,,0,0,
CAYPXN01,monophyletic,internal_22,3,,,,0,0,
CAYPYS01,monophyletic,internal_27,2,,,,0,0,
CAYQCH01,monophyletic,internal_29,2,,,,0,0,
CAYQEC01,monophyletic,internal_28,5,,,,0,0,
CAYQEU01,monophyletic,internal_30,3,,,,0,0,
CAYQFQ01,monophyletic,internal_57,2,,,,0,0,
CAYQJL01,monophyletic,internal_25,4,,,,0,0,
CAYQLK01,monophyletic,internal_22,5,,,,0,0,
CAYQQJ01,monophyletic,internal_45,2,,,,0,0,
CAYQSL01,monophyletic,internal_20,2,,,,0,0,
CAYQTK01,monophyletic,internal_20,2,,,,0,0,
CAYQUC01,monophyletic,internal_35,5,,,,0,0,
CAYQUL01,monophyletic,internal_37,2,,,,0,0,
CAYQXB01,monophyletic,internal_35,2,,,,0,0,
CAYRAR01,monophyletic,internal_23,2,,,,0,0,
CAYRBH01,monophyletic,internal_29,2,,,,0,0,
CAYRDK01,monophyletic,internal_31,2,,,,0,0,
CAYREW01,monophyletic,internal_22,2,,,,0,0,
CAYRFE01,monophyletic,internal_7,2,,,,0,0,
CAYRFF01,monophyletic,internal_52,2,,,,0,0,
CAYRFQ01,monophyletic,internal_22,2,,,,0,0,
CAYRFU01,monophyletic,internal_22,2,,,,0,0,
CAYRFY01,monophyletic,internal_26,2,,,,0,0,
CAYRGC01,monophyletic,internal_32,3,,,,0,0,
CAYRGG01,monophyletic,internal_32,2,,,,0,0,
CAYRGQ01,monophyletic,internal_58,3,,,,0,0,
CAYRGR01,monophyletic,internal_25,3,,,,0,0,
CAYRGS01,monophyletic,internal_24,2,,,,0,0,
CAYRJD01,monophyletic,internal_37,4,,,,0,0,
CAYRKQ01,monophyletic,internal_29,2,,,,0,0,
CAYRML01,monophyletic,internal_31,2,,,,0,0,
CAYRMM01,monophyletic,internal_31,2,,,,0,0,
CAYRNC01,monophyletic,internal_37,2,,,,0,0,
CAYRNR01,monophyletic,internal_25,2,,,,0,0,
CAYRNY01,monophyletic,internal_48,3,,,,0,0,
CAYRQF01,monophyletic,internal_51,7,,,,0,0,
CAYRRR01,monophyletic,internal_33,2,,,,0,0,
CAYRSA01,monophyletic,internal_34,4,,,,0,0,
CAYRTD01,monophyletic,internal_61,3,,,,0,0,
CAYRTV01,monophyletic,internal_28,3,,,,0,0,
CAYRUP01,monophyletic,internal_48,3,,,,0,0,
CAYRVX01,monophyletic,internal_31,2,,,,0,0,
CAYRWR01,monophyletic,internal_9,2,,,,0,0,
CAYRXE01,monophyletic,internal_29,2,,,,0,0,
CAYRXM01,monophyletic,internal_30,3,,,,0,0,
CAYSBE01,monophyletic,internal_53,3,,,,0,0,
CAYSCW01,monophyletic,internal_25,2,,,,0,0,
CAYSCZ01,monophyletic,internal_42,2,,,,0,0,
CAYSDW01,monophyletic,internal_43,2,,,,0,0,
CAYSEK01,monophyletic,internal_51,2,,,,0,0,
CAYSFW01,monophyletic,internal_29,3,,,,0,0,
CAYSGL01,monophyletic,internal_39,2,,,,0,0,
CAYSGX01,monophyletic,internal_39,3,,,,0,0,
CAYSHJ01,monophyletic,internal_28,2,,,,0,0,
CAYSLZ01,monophyletic,internal_33,6,,,,0,0,
CAYSND01,monophyletic,internal_66,2,,,,0,0,
CAYSNP01,monophyletic,internal_37,2,,,,0,0,
CAYSRC01,monophyletic,internal_49,2,,,,0,0,
CAYSRJ01,monophyletic,internal_14,3,,,,0,0,
CAYSRM01,monophyletic,internal_24,4,,,,0,0,
CAYSWF01,monophyletic,internal_29,3,,,,0,0,
CAYSWS01,monophyletic,internal_32,4,,,,0,0,
CAYSWV01,monophyletic,internal_20,2,,,,0,0,
CAYSXS01,monophyletic,internal_28,2,,,,0,0,
CAYSYN01,monophyletic,internal_41,2,,,,0,0,
CAYSYY01,monophyletic,internal_18,2,,,,0,0,
CAYSZX01,monophyletic,internal_42,3,,,,0,0,
CAYTAU01,monophyletic,internal_51,2,,,,0,0,
CAYTBN01,monophyletic,internal_25,3,,,,0,0,
CAYTED01,monophyletic,internal_32,4,,,,0,0,
CAYTEH01,monophyletic,internal_33,2,,,,0,0,
CAYTGQ01,monophyletic,internal_37,2,,,,0,0,
CAYTIB01,monophyletic,internal_24,2,,,,0,0,
CAYTKU01,monophyletic,internal_45,5,,,,0,0,
CAYTMN01,monophyletic,internal_25,2,,,,0,0,
CAYTMY01,monophyletic,internal_29,2,,,,0,0,
CAYTQA01,monophyletic,internal_24,2,,,,0,0,
CAYTQK01,monophyletic,internal_26,3,,,,0,0,
CAYTRL01,monophyletic,internal_23,2,,,,0,0,
CAYTRP01,monophyletic,internal_16,2,,,,0,0,
CAYTSZ01,monophyletic,internal_9,2,,,,0,0,
CAYTWV01,monophyletic,internal_30,2,,,,0,0,
CAYTXH01,monophyletic,internal_25,2,,,,0,0,
CAYTXJ01,monophyletic,internal_23,2,,,,0,0,
CAYTXK01,monophyletic,internal_25,2,,,,0,0,
CAYTYZ01,monophyletic,internal_30,3,,,,0,0,
CAYTZA01,monophyletic,internal_55,2,,,,0,0,
CAYTZB01,monophyletic,internal_28,2,,,,0,0,
CAYUAG01,monophyletic,internal_22,4,,,,0,0,
CAYUBG01,monophyletic,internal_35,2,,,,0,0,
CAYUCJ01,monophyletic,internal_27,3,,,,0,0,
CAYUDZ01,monophyletic,internal_24,2,,,,0,0,
CAYUFH01,monophyletic,internal_18,3,,,,0,0,
CAYUHC01,monophyletic,internal_50,2,,,,0,0,
CAYUHJ01,monophyletic,internal_32,2,,,,0,0,
CAYUHK01,monophyletic,internal_26,2,,,,0,0,
CAYUJH01,monophyletic,internal_40,3,,,,0,0,
CAYUKU01,monophyletic,internal_34,2,,,,0,0,
CAYUNA01,monophyletic,internal_51,2,,,,0,0,
CAYUNL01,monophyletic,internal_35,2,,,,0,0,
CAYUNN01,monophyletic,internal_38,2,,,,0,0,
CAYUQA01,monophyletic,internal_38,2,,,,0,0,
CAYUQT01,monophyletic,internal_28,2,,,,0,0,
CAYURP01,monophyletic,internal_22,2,,,,0,0,
CAYURR01,monophyletic,internal_41,2,,,,0,0,
CAYUST01,monophyletic,internal_26,3,,,,0,0,
CAYUUR01,monophyletic,internal_31,3,,,,0,0,
CAYUUT01,monophyletic,internal_37,2,,,,0,0,
CAYUVV01,monophyletic,internal_49,2,,,,0,0,
CAYUWK01,monophyletic,internal_37,2,,,,0,0,
CAYUWM01,monophyletic,internal_35,2,,,,0,0,
CAYUXU01,monophyletic,internal_24,2,,,,0,0,
CAYUYB01,monophyletic,internal_31,2,,,,0,0,
CAYUYV01,monophyletic,internal_32,5,,,,0,0,
CAYUZG01,monophyletic,internal_16,2,,,,0,0,
CAYVAP01,monophyletic,internal_39,3,,,,0,0,
CAYVBE01,monophyletic,internal_26,2,,,,0,0,
CAYVBJ01,monophyletic,internal_32,4,,,,0,0,
CAYVBN01,monophyletic,internal_49,2,,,,0,0,
CAYVBW01,monophyletic,internal_41,4,,,,0,0,
CAYVDB01,monophyletic,internal_60,2,,,,0,0,
CAYVFM01,monophyletic,internal_20,5,,,,0,0,
CAYVKM01,monophyletic,internal_28,2,,,,0,0,
CAYVKY01,monophyletic,internal_32,3,,,,0,0,
CAYVMN01,monophyletic,internal_30,2,,,,0,0,
CAYVNU01,monophyletic,internal_31,2,,,,0,0,
CAYVOV01,monophyletic,internal_44,3,,,,0,0,
CAYVPT01,monophyletic,internal_50,2,,,,0,0,
CAYVQA01,monophyletic,internal_20,2,,,,0,0,
CAYVQE01,monophyletic,internal_23,2,,,,0,0,
CAYVSF01,monophyletic,internal_55,2,,,,0,0,
CAYVSP01,monophyletic,internal_34,2,,,,0,0,
CAYVTD01,monophyletic,internal_34,2,,,,0,0,
CAYVTV01,monophyletic,internal_59,3,,,,0,0,
CAYVUM01,monophyletic,internal_39,2,,,,0,0,
CAYVXB01,monophyletic,internal_42,2,,,,0,0,
CAYWBU01,monophyletic,internal_20,2,,,,0,0,
CAYWCV01,monophyletic,internal_30,4,,,,0,0,
CAYWDP01,monophyletic,internal_33,2,,,,0,0,
CAYWEP01,monophyletic,internal_39,3,,,,0,0,
CAYWGM01,monophyletic,internal_36,2,,,,0,0,
CAYWGR01,monophyletic,internal_38,2,,,,0,0,
CAYWJZ01,monophyletic,internal_20,2,,,,0,0,
CAYWKS01,monophyletic,internal_28,2,,,,0,0,
CAYWLI01,monophyletic,internal_27,2,,,,0,0,
CAYWLQ01,monophyletic,internal_28,2,,,,0,0,
CAYWMQ01,monophyletic,internal_56,2,,,,0,0,
CAYWMY01,monophyletic,internal_33,2,,,,0,0,
CAYWNK01,monophyletic,internal_39,2,,,,0,0,
CAYWVK01,monophyletic,internal_35,3,,,,0,0,
CAYWWM01,monophyletic,internal_24,2,,,,0,0,
CAYWWY01,monophyletic,internal_17,2,,,,0,0,
CAYWXK01,monophyletic,internal_33,2,,,,0,0,
CAYWXR01,monophyletic,internal_28,2,,,,0,0,
CAYXDR01,monophyletic,internal_30,2,,,,0,0,
CAYXGR01,monophyletic,internal_31,2,,,,0,0,
CAYXHB01,monophyletic,internal_25,3,,,,0,0,
CAYXHD01,monophyletic,internal_27,3,,,,0,0,
CAYXHK01,monophyletic,internal_31,2,,,,0,0,
CAYXKF01,monophyletic,internal_53,2,,,,0,0,
CAYXNZ01,monophyletic,internal_44,2,,,,0,0,
CAYXPG01,monophyletic,internal_35,3,,,,0,0,
CAYXPR01,monophyletic,internal_26,2,,,,0,0,
CAYXQY01,monophyletic,internal_18,3,,,,0,0,
CAYXRS01,monophyletic,internal_31,2,,,,0,0,
CAYXST01,monophyletic,internal_32,3,,,,0,0,
CAYXSX01,monophyletic,internal_42,2,,,,0,0,
CAYXTC01,monophyletic,internal_42,3,,,,0,0,
CAYXTW01,monophyletic,internal_27,2,,,,0,0,
CAYXUF01,monophyletic,internal_29,2,,,,0,0,
CAYXVJ01,monophyletic,internal_36,3,,,,0,0,
CAYXWM01,monophyletic,internal_39,2,,,,0,0,
CAYXXZ01,monophyletic,internal_49,3,,,,0,0,
CAYXZA01,monophyletic,internal_55,2,,,,0,0,
CAYXZK01,monophyletic,internal_41,2,,,,0,0,
CAYXZP01,monophyletic,internal_25,2,,,,0,0,
CAYYBA01,monophyletic,internal_23,2,,,,0,0,
CAYYFT01,monophyletic,internal_38,2,,,,0,0,
CAYYFV01,monophyletic,internal_28,3,,,,0,0,
CAYYFX01,monophyletic,internal_20,3,,,,0,0,
CAYYHT01,monophyletic,internal_29,2,,,,0,0,
CAYYJV01,monophyletic,internal_40,2,,,,0,0,
CAYYKD01,monophyletic,internal_12,2,,,,0,0,
CAYYKK01,monophyletic,internal_37,3,,,,0,0,
CAYYKL01,monophyletic,internal_29,2,,,,0,0,
CAYYMD01,monophyletic,internal_30,2,,,,0,0,
CAYYPT01,monophyletic,internal_27,2,,,,0,0,
CAYYQY01,monophyletic,internal_43,2,,,,0,0,
CAYYSY01,monophyletic,internal_35,2,,,,0,0,
CAYYUA01,monophyletic,internal_35,2,,,,0,0,
CAYYWP01,monophyletic,internal_28,2,,,,0,0,
CAYYWV01,monophyletic,internal_37,2,,,,0,0,
CAYYYA01,monophyletic,internal_31,3,,,,0,0,
CAYYYG01,monophyletic,internal_33,4,,,,0,0,
CAYZAK01,monophyletic,internal_22,2,,,,0,0,
CAYZBM01,monophyletic,internal_28,2,,,,0,0,
CAYZDC01,monophyletic,internal_33,2,,,,0,0,
CAYZDG01,monophyletic,internal_25,2,,,,0,0,
CAYZDR01,monophyletic,internal_24,3,,,,0,0,
CAYZEC01,monophyletic,internal_32,2,,,,0,0,
CAYZHV01,monophyletic,internal_22,3,,,,0,0,
CAYZHW01,monophyletic,internal_40,2,,,,0,0,
CAYZJB01,monophyletic,internal_26,2,,,,0,0,
CAYZJD01,monophyletic,internal_27,2,,,,0,0,
CAYZJR01,monophyletic,internal_20,2,,,,0,0,
CAYZJV01,monophyletic,internal_32,5,,,,0,0,
CAYZNM01,monophyletic,internal_33,2,,,,0,0,
CAYZOG01,monophyletic,internal_38,2,,,,0,0,
CAYZPB01,monophyletic,internal_28,4,,,,0,0,
CAYZPE01,monophyletic,internal_54,3,,,,0,0,
CAYZPW01,monophyletic,internal_15,2,,,,0,0,
CAYZPX01,monophyletic,internal_47,2,,,,0,0,
CAYZQE01,monophyletic,internal_28,2,,,,0,0,
CAYZQH01,monophyletic,internal_49,3,,,,0,0,
CAYZRY01,monophyletic,internal_25,2,,,,0,0,
CAYZTY01,monophyletic,internal_24,2,,,,0,0,
CAYZYK01,monophyletic,internal_37,2,,,,0,0,
CAZABG01,monophyletic,internal_28,3,,,,0,0,
CAZACZ01,monophyletic,internal_23,3,,,,0,0,
CAZADA01,monophyletic,internal_37,5,,,,0,0,
CAZAFB01,monophyletic,internal_30,2,,,,0,0,
CAZAGA01,monophyletic,internal_49,4,,,,0,0,
CAZAGD01,monophyletic,internal_21,2,,,,0,0,
CAZAKO01,monophyletic,internal_26,2,,,,0,0,
CAZALT01,monophyletic,internal_38,2,,,,0,0,
CAZAMB01,monophyletic,internal_38,3,,,,0,0,
CAZANJ01,monophyletic,internal_36,2,,,,0,0,
CAZAPO01,monophyletic,internal_60,2,,,,0,0,
CAZAQK01,monophyletic,internal_31,4,,,,0,0,
CAZAQS01,monophyletic,internal_46,2,,,,0,0,
CAZATK01,monophyletic,internal_46,3,,,,0,0,
CAZBEA01,monophyletic,internal_32,2,,,,0,0,
CAZBEJ01,monophyletic,internal_36,2,,,,0,0,
CAZBEL01,monophyletic,internal_28,2,,,,0,0,
CAZBEP01,monophyletic,internal_29,2,,,,0,0,
CAZBLP01,monophyletic,internal_16,2,,,,0,0,
CAZBLX01,monophyletic,internal_28,3,,,,0,0,
CAZBME01,monophyletic,internal_30,2,,,,0,0,
CAZBMX01,monophyletic,internal_41,3,,,,0,0,
CAZBOK01,monophyletic,internal_29,2,,,,0,0,
CAZBRC01,monophyletic,internal_33,2,,,,0,0,
CAZBSE01,monophyletic,internal_22,5,,,,0,0,
CAZBUB01,monophyletic,internal_24,4,,,,0,0,
CAZBVF01,monophyletic,internal_33,2,,,,0,0,
CAZBWE01,monophyletic,internal_36,9,,,,0,0,
CAZBWP01,monophyletic,internal_39,2,,,,0,0,
CAZBXD01,monophyletic,internal_31,2,,,,0,0,
CAZBYL01,monophyletic,internal_27,2,,,,0,0,
CAZCAQ01,monophyletic,internal_31,3,,,,0,0,
CAZCBS01,monophyletic,internal_35,2,,,,0,0,
CAZCCC01,monophyletic,internal_35,2,,,,0,0,
CAZCCM01,monophyletic,internal_36,4,,,,0,0,
CAZCFB01,monophyletic,internal_26,2,,,,0,0,
CAZCJU01,monophyletic,internal_38,2,,,,0,0,
CAZCKP01,monophyletic,internal_22,2,,,,0,0,
CAZCKW01,monophyletic,internal_44,2,,,,0,0,
CAZCPB01,monophyletic,internal_40,4,,,,0,0,
CAZCSY01,monophyletic,internal_27,3,,,,0,0,
CAZCWM01,monophyletic,internal_30,2,,,,0,0,
CAZDAQ01,monophyletic,internal_23,2,,,,0,0,
CAZDBA01,monophyletic,internal_40,2,,,,0,0,
CAZDBS01,monophyletic,internal_27,2,,,,0,0,
CAZDDA01,monophyletic,internal_22,3,,,,0,0,
CAZDDB01,monophyletic,internal_16,2,,,,0,0,
CAZDDW01,monophyletic,internal_40,3,,,,0,0,
CAZDEK01,monophyletic,internal_26,2,,,,0,0,
CAZDGB01,monophyletic,internal_30,3,,,,0,0,
CAZDJQ01,monophyletic,internal_33,2,,,,0,0,
CAZDKK01,monophyletic,internal_26,3,,,,0,0,
CAZDNN01,monophyletic,internal_22,2,,,,0,0,
CAZDRD01,monophyletic,internal_54,2,,,,0,0,
CAZDUS01,monophyletic,internal_28,4,,,,0,0,
CAZDVK01,monophyletic,internal_31,2,,,,0,0,
CAZDXJ01,monophyletic,internal_36,2,,,,0,0,
CAZDXV01,monophyletic,internal_42,4,,,,0,0,
CAZEBT01,monophyletic,internal_37,2,,,,0,0,
CAZECR01,monophyletic,internal_42,3,,,,0,0,
CAZEDL01,monophyletic,internal_41,3,,,,0,0,
CAZEDP01,monophyletic,internal_19,2,,,,0,0,
CAZEER01,monophyletic,internal_37,2,,,,0,0,
CAZEHS01,monophyletic,internal_29,3,,,,0,0,
CAZEJS01,monophyletic,internal_23,2,,,,0,0,
CAZEKB01,monophyletic,internal_23,2,,,,0,0,
CAZENU01,monophyletic,internal_48,5,,,,0,0,
CAZEPT01,monophyletic,internal_56,3,,,,0,0,
CAZEQH01,monophyletic,internal_42,2,,,,0,0,
CAZERT01,monophyletic,internal_32,3,,,,0,0,
CAZEVX01,monophyletic,internal_27,2,,,,0,0,
CAZEWS01,monophyletic,internal_58,3,,,,0,0,
CAZEYI01,monophyletic,internal_29,2,,,,0,0,
CAZFAI01,monophyletic,internal_36,3,,,,0,0,
CAZFBB01,monophyletic,internal_17,2,,,,0,0,
CAZFCK01,monophyletic,internal_25,2,,,,0,0,
CAZFGZ01,monophyletic,internal_30,2,,,,0,0,
CAZFJG01,monophyletic,internal_22,2,,,,0,0,
CAZFLF01,monophyletic,internal_35,2,,,,0,0,
CAZFNQ01,monophyletic,internal_37,2,,,,0,0,
CAZFNU01,monophyletic,internal_38,2,,,,0,0,
CAZFPN01,monophyletic,internal_27,3,,,,0,0,
CAZFPS01,monophyletic,internal_26,2,,,,0,0,
CAZFPT01,monophyletic,internal_34,4,,,,0,0,
CAZFRF01,monophyletic,internal_41,2,,,,0,0,
CAZFWW01,monophyletic,internal_16,2,,,,0,0,
CAZGAK01,monophyletic,internal_30,2,,,,0,0,
CAZGDV01,monophyletic,internal_33,2,,,,0,0,
CAZGDZ01,monophyletic,internal_43,2,,,,0,0,
CAZGHF01,monophyletic,internal_45,4,,,,0,0,
CAZGMJ01,monophyletic,internal_37,2,,,,0,0,
CAZGMN01,monophyletic,internal_26,3,,,,0,0,
CAZGOM01,monophyletic,internal_33,2,,,,0,0,
CAZGOZ01,monophyletic,internal_24,2,,,,0,0,
CAZGRT01,monophyletic,internal_25,3,,,,0,0,
CAZGSN01,monophyletic,internal_28,2,,,,0,0,
CAZGUG01,monophyletic,internal_21,2,,,,0,0,
CAZGUX01,monophyletic,internal_27,3,,,,0,0,
CAZGUZ01,monophyletic,internal_60,2,,,,0,0,
CAZGXS01,monophyletic,internal_18,2,,,,0,0,
CAZGZD01,monophyletic,internal_31,2,,,,0,0,
CAZHAC01,monophyletic,internal_20,3,,,,0,0,
CAZHAH01,monophyletic,internal_31,2,,,,0,0,
CAZHBD01,monophyletic,internal_36,2,,,,0,0,
CAZHCG01,monophyletic,internal_28,2,,,,0,0,
CAZHFA01,monophyletic,internal_23,2,,,,0,0,
CAZHHH01,monophyletic,internal_63,3,,,,0,0,
CAZHHK01,monophyletic,internal_13,2,,,,0,0,
CAZHJF01,monophyletic,internal_58,2,,,,0,0,
CAZHNW01,monophyletic,internal_13,3,,,,0,0,
CAZHON01,monophyletic,internal_30,2,,,,0,0,
CAZHPE01,monophyletic,internal_22,2,,,,0,0,
CAZHPY01,monophyletic,internal_29,2,,,,0,0,
CAZHSN01,monophyletic,internal_21,2,,,,0,0,
CAZHTA01,monophyletic,internal_42,2,,,,0,0,
CAZHTF01,monophyletic,internal_29,2,,,,0,0,
CAZHVS01,monophyletic,internal_35,2,,,,0,0,
CAZHWX01,monophyletic,internal_47,2,,,,0,0,
CAZIAK01,monophyletic,internal_33,2,,,,0,0,
CAZIBG01,monophyletic,internal_38,2,,,,0,0,
CAZIDL01,monophyletic,internal_39,2,,,,0,0,
CAZILM01,monophyletic,internal_35,2,,,,0,0,
CAZIOI01,monophyletic,internal_26,2,,,,0,0,
CAZIXN01,monophyletic,internal_37,5,,,,0,0,
CAZJFY01,monophyletic,internal_22,2,,,,0,0,
CAZJJY01,monophyletic,internal_31,2,,,,0,0,
CAZJKE01,monophyletic,internal_33,3,,,,0,0,
CAZJLN01,monophyletic,internal_51,2,,,,0,0,
CAZJNH01,monophyletic,internal_23,2,,,,0,0,
CAZJQC01,monophyletic,internal_8,2,,,,0,0,
CAZJQT01,monophyletic,internal_38,2,,,,0,0,
CAZJTL01,monophyletic,internal_30,2,,,,0,0,
CAZJUM01,monophyletic,internal_27,2,,,,0,0,
CAZJVU01,monophyletic,internal_32,2,,,,0,0,
CAZJYT01,monophyletic,internal_40,2,,,,0,0,
CAZKAP01,monophyletic,internal_56,2,,,,0,0,
CAZKCI01,monophyletic,internal_16,2,,,,0,0,
CAZKCK01,monophyletic,internal_60,2,,,,0,0,
CAZKCU01,monophyletic,internal_42,3,,,,0,0,
CAZKDQ01,monophyletic,internal_36,2,,,,0,0,
CAZKEG01,monophyletic,internal_22,2,,,,0,0,
CAZKEW01,monophyletic,internal_24,3,,,,0,0,
CAZKFH01,monophyletic,internal_27,2,,,,0,0,
CAZKGE01,monophyletic,internal_40,3,,,,0,0,
CAZKJL01,monophyletic,internal_32,3,,,,0,0,
CAZKMM01,monophyletic,internal_21,2,,,,0,0,
CAZKMQ01,monophyletic,internal_38,2,,,,0,0,
CAZKMY01,monophyletic,internal_31,3,,,,0,0,
CAZKNJ01,monophyletic,internal_19,2,,,,0,0,
CAZKNW01,monophyletic,internal_24,2,,,,0,0,
CAZKRS01,monophyletic,internal_9,2,,,,0,0,
CAZKSN01,monophyletic,internal_21,2,,,,0,0,
CAZKWG01,monophyletic,internal_24,2,,,,0,0,
CAZKZZ01,monophyletic,internal_23,2,,,,0,0,
CAZLAJ01,monophyletic,internal_35,2,,,,0,0,
CAZLCC01,monophyletic,internal_33,2,,,,0,0,
CAZLDC01,monophyletic,internal_34,4,,,,0,0,
CAZLEY01,monophyletic,internal_42,2,,,,0,0,
CAZLFQ01,monophyletic,internal_26,3,,,,0,0,
CAZLGM01,monophyletic,internal_26,3,,,,0,0,
CAZLPW01,monophyletic,internal_32,2,,,,0,0,
CAZLPZ01,monophyletic,internal_34,3,,,,0,0,
CAZLQR01,monophyletic,internal_35,6,,,,0,0,
CAZLTH01,monophyletic,internal_23,2,,,,0,0,
CAZLWF01,monophyletic,internal_55,5,,,,0,0,
CAZLYF01,monophyletic,internal_37,2,,,,0,0,
CAZMFZ01,monophyletic,internal_44,2,,,,0,0,
CAZMGV01,monophyletic,internal_16,3,,,,0,0,
CAZMHJ01,monophyletic,internal_36,2,,,,0,0,
CAZMHL01,monophyletic,internal_31,2,,,,0,0,
CAZMJG01,monophyletic,internal_38,3,,,,0,0,
CAZMMV01,monophyletic,internal_34,2,,,,0,0,
CAZMNF01,monophyletic,internal_19,2,,,,0,0,
CAZMNY01,monophyletic,internal_39,2,,,,0,0,
CAZMOK01,monophyletic,internal_59,2,,,,0,0,
CAZMVY01,monophyletic,internal_29,4,,,,0,0,
CAZMYM01,monophyletic,internal_21,3,,,,0,0,
CAZMZF01,monophyletic,internal_23,3,,,,0,0,
CAZMZW01,monophyletic,internal_47,2,,,,0,0,
CAZNAQ01,monophyletic,internal_38,3,,,,0,0,
CAZNEL01,monophyletic,internal_40,2,,,,0,0,
CAZNGD01,monophyletic,internal_25,3,,,,0,0,
CAZNJA01,monophyletic,internal_17,4,,,,0,0,
CAZNKU01,monophyletic,internal_36,6,,,,0,0,
CAZNLS01,monophyletic,internal_22,2,,,,0,0,
CAZNMD01,monophyletic,internal_58,2,,,,0,0,
CAZNMF01,monophyletic,internal_28,2,,,,0,0,
CAZNQW01,monophyletic,internal_34,2,,,,0,0,
CAZNUM01,monophyletic,internal_31,3,,,,0,0,
CAZNUP01,monophyletic,internal_30,2,,,,0,0,
CAZNVB01,monophyletic,internal_25,2,,,,0,0,
CAZNWW01,monophyletic,internal_30,3,,,,0,0,
CAZNXE01,monophyletic,internal_30,2,,,,0,0,
CAZNYN01,monophyletic,internal_27,2,,,,0,0,
CAZOFZ01,monophyletic,internal_30,2,,,,0,0,
CAZONU01,monophyletic,internal_16,2,,,,0,0,
CAZOOM01,monophyletic,internal_29,2,,,,0,0,
CAZOVB01,monophyletic,internal_32,2,,,,0,0,
CAZOWT01,monophyletic,internal_22,4,,,,0,0,
CAZOZZ01,monophyletic,internal_20,5,,,,0,0,
CAZPAN01,monophyletic,internal_26,3,,,,0,0,
CAZPHU01,monophyletic,internal_25,2,,,,0,0,
CAZPKH01,monophyletic,internal_80,2,,,,0,0,
CAZPNX01,monophyletic,internal_16,2,,,,0,0,
CAZPPF01,monophyletic,internal_34,2,,,,0,0,
CAZPQT01,monophyletic,internal_33,2,,,,0,0,
CAZPRQ01,monophyletic,internal_28,2,,,,0,0,
CAZPRW01,monophyletic,internal_22,2,,,,0,0,
CAZPTC01,monophyletic,internal_30,2,,,,0,0,
CAZPUI01,monophyletic,internal_18,2,,,,0,0,
CAZPVO01,monophyletic,internal_34,2,,,,0,0,
CAZPWF01,monophyletic,internal_36,2,,,,0,0,
CAZPXZ01,monophyletic,internal_28,6,,,,0,0,
CAZPZJ01,monophyletic,internal_13,2,,,,0,0,
CAZQFS01,monophyletic,internal_25,2,,,,0,0,
CAZQFV01,monophyletic,internal_22,2,,,,0,0,
CAZQGJ01,monophyletic,internal_24,2,,,,0,0,
CAZQMT01,monophyletic,internal_24,2,,,,0,0,
CAZQMX01,monophyletic,internal_35,2,,,,0,0,
CAZQNF01,monophyletic,internal_42,2,,,,0,0,
CAZQQN01,monophyletic,internal_35,2,,,,0,0,
CAZQUL01,monophyletic,internal_42,2,,,,0,0,
CAZQXB01,monophyletic,internal_46,2,,,,0,0,
CAZQYB01,monophyletic,internal_35,2,,,,0,0,
CAZQYC01,monophyletic,internal_32,2,,,,0,0,
CAZQYE01,monophyletic,internal_26,3,,,,0,0,
CAZRCG01,monophyletic,internal_27,2,,,,0,0,
CAZRGC01,monophyletic,internal_37,2,,,,0,0,
CAZRHR01,monophyletic,internal_50,2,,,,0,0,
CAZRIZ01,monophyletic,internal_38,3,,,,0,0,
CAZRMQ01,monophyletic,internal_43,2,,,,0,0,
CAZROT01,monophyletic,internal_44,2,,,,0,0,
CAZRRV01,monophyletic,internal_44,3,,,,0,0,
CAZRTY01,monophyletic,internal_36,2,,,,0,0,
CAZRVH01,monophyletic,internal_33,3,,,,0,0,
CAZSBG01,monophyletic,internal_27,2,,,,0,0,
CAZSBQ01,monophyletic,internal_23,2,,,,0,0,
CAZSCF01,monophyletic,internal_30,3,,,,0,0,
CAZSDA01,monophyletic,internal_29,2,,,,0,0,
CAZSDU01,monophyletic,internal_60,3,,,,0,0,
CAZSGZ01,monophyletic,internal_24,2,,,,0,0,
CAZSHG01,monophyletic,internal_22,2,,,,0,0,
CAZSHK01,monophyletic,internal_35,2,,,,0,0,
CAZSIA01,monophyletic,internal_21,2,,,,0,0,
CAZSNH01,monophyletic,internal_46,2,,,,0,0,
CAZSRQ01,monophyletic,internal_20,2,,,,0,0,
CAZSVP01,monophyletic,internal_27,2,,,,0,0,
CAZTAR01,monophyletic,internal_31,2,,,,0,0,
CAZTDU01,monophyletic,internal_33,3,,,,0,0,
CAZTER01,monophyletic,internal_31,2,,,,0,0,
CAZTEU01,monophyletic,internal_45,2,,,,0,0,
CAZTGZ01,monophyletic,internal_37,2,,,,0,0,
CAZTHM01,monophyletic,internal_25,2,,,,0,0,
CAZTKW01,monophyletic,internal_34,2,,,,0,0,
CAZTPH01,monophyletic,internal_44,2,,,,0,0,
CAZTUH01,monophyletic,internal_24,3,,,,0,0,
CAZTYI01,monophyletic,internal_21,2,,,,0,0,
CAZTZL01,monophyletic,internal_26,2,,,,0,0,
CAZTZY01,monophyletic,internal_41,2,,,,0,0,
CAZU01,monophyletic,internal_26,56,,,,0,0,
CAZUBS01,monophyletic,internal_20,2,,,,0,0,
CAZUCM01,monophyletic,internal_29,2,,,,0,0,
CAZUCU01,monophyletic,internal_52,2,,,,0,0,
CAZUEG01,monophyletic,internal_37,2,,,,0,0,
CAZUFB01,monophyletic,internal_28,2,,,,0,0,
CAZUGA01,monophyletic,internal_35,2,,,,0,0,
CAZUHB01,monophyletic,internal_30,2,,,,0,0,
CAZUHN01,monophyletic,internal_29,2,,,,0,0,
CAZUJM01,monophyletic,internal_38,2,,,,0,0,
CAZUNB01,monophyletic,internal_26,2,,,,0,0,
CAZUNK01,monophyletic,internal_21,2,,,,0,0,
CAZUQP01,monophyletic,internal_48,2,,,,0,0,
CAZUTW01,monophyletic,internal_68,3,,,,0,0,
CAZUUR01,monophyletic,internal_41,2,,,,0,0,
CAZUWM01,monophyletic,internal_26,2,,,,0,0,
CAZUYC01,monophyletic,internal_32,2,,,,0,0,
CAZVBV01,monophyletic,internal_25,4,,,,0,0,
CAZVCG01,monophyletic,internal_36,2,,,,0,0,
CAZVCJ01,monophyletic,internal_33,2,,,,0,0,
CAZVFE01,monophyletic,internal_42,3,,,,0,0,
CAZVHL01,monophyletic,internal_33,2,,,,0,0,
CAZVJA01,monophyletic,internal_32,2,,,,0,0,
CAZVLQ01,monophyletic,internal_22,2,,,,0,0,
CAZVUE01,monophyletic,internal_19,2,,,,0,0,
CAZVXA01,monophyletic,internal_32,2,,,,0,0,
CAZVXJ01,monophyletic,internal_27,2,,,,0,0,
CAZWBR01,monophyletic,internal_62,2,,,,0,0,
CAZWCD01,monophyletic,internal_24,4,,,,0,0,
CAZWEJ01,monophyletic,internal_29,2,,,,0,0,
CAZWIT01,monophyletic,internal_30,2,,,,0,0,
CAZWKX01,monophyletic,internal_27,2,,,,0,0,
CAZWON01,monophyletic,internal_30,3,,,,0,0,
CAZWQR01,monophyletic,internal_36,2,,,,0,0,
CAZWQW01,monophyletic,internal_23,2,,,,0,0,
CAZWRN01,monophyletic,internal_28,3,,,,0,0,
CAZWUL01,monophyletic,internal_22,2,,,,0,0,
CAZXCG01,monophyletic,internal_45,2,,,,0,0,
CAZXDL01,monophyletic,internal_57,2,,,,0,0,
CAZXEQ01,monophyletic,internal_17,2,,,,0,0,
CAZXEU01,monophyletic,internal_43,2,,,,0,0,
CAZXGD01,monophyletic,internal_32,2,,,,0,0,
CAZXNF01,monophyletic,internal_45,2,,,,0,0,
CAZXVY01,monophyletic,internal_24,3,,,,0,0,
CAZXXZ01,monophyletic,internal_22,3,,,,0,0,
CAZXYF01,monophyletic,internal_25,2,,,,0,0,
CAZYAK01,monophyletic,internal_33,2,,,,0,0,
CAZYDA01,monophyletic,internal_30,3,,,,0,0,
CAZYFH01,monophyletic,internal_30,3,,,,0,0,
CAZYFS01,monophyletic,internal_30,2,,,,0,0,
CAZYHU01,monophyletic,internal_53,2,,,,0,0,
CAZYJR01,monophyletic,internal_25,2,,,,0,0,
CAZYME01,monophyletic,internal_53,2,,,,0,0,
CAZYPU01,monophyletic,internal_30,3,,,,0,0,
CAZYUF01,monophyletic,internal_30,2,,,,0,0,
CAZZBK01,monophyletic,internal_34,2,,,,0,0,
CAZZCS01,monophyletic,internal_25,2,,,,0,0,
CAZZDX01,monophyletic,internal_50,2,,,,0,0,
CAZZHG01,monophyletic,internal_23,2,,,,0,0,
CAZZKE01,monophyletic,internal_38,2,,,,0,0,
CAZZPM01,monophyletic,internal_15,3,,,,0,0,
CAZZVX01,monophyletic,internal_24,2,,,,0,0,
CAZZYZ01,monophyletic,internal_25,2,,,,0,0,
CBDAKK01,monophyletic,internal_20,3,,,,0,0,
CBDANC01,monophyletic,internal_25,2,,,,0,0,
CBDANW01,monophyletic,internal_20,2,,,,0,0,
CBDAPI01,monophyletic,internal_24,9,,,,0,0,
CBDAQA01,monophyletic,internal_30,3,,,,0,0,
CBDAQD01,monophyletic,internal_30,2,,,,0,0,
CBDAQV01,monophyletic,internal_30,2,,,,0,0,
CBDATA01,monophyletic,internal_17,4,,,,0,0,
CBDATW01,monophyletic,internal_16,2,,,,0,0,
CBDAUN01,monophyletic,internal_28,3,,,,0,0,
CBDBBY01,monophyletic,internal_49,3,,,,0,0,
CBDBCU01,monophyletic,internal_44,3,,,,0,0,
CBDBGD01,monophyletic,internal_39,2,,,,0,0,
CBDBHR01,monophyletic,internal_25,2,,,,0,0,
CBDBKE01,monophyletic,internal_22,4,,,,0,0,
CBDBKL01,monophyletic,internal_25,2,,,,0,0,
CBDBLK01,monophyletic,internal_39,3,,,,0,0,
CBDBMS01,monophyletic,internal_20,2,,,,0,0,
CBDBND01,monophyletic,internal_36,2,,,,0,0,
CBDBON01,monophyletic,internal_44,2,,,,0,0,
CBDBUR01,monophyletic,internal_27,3,,,,0,0,
CBDBZL01,monophyletic,internal_70,2,,,,0,0,
CBDBZX01,monophyletic,internal_21,3,,,,0,0,
CBDCBL01,monophyletic,internal_16,2,,,,0,0,
CBDCCT01,monophyletic,internal_20,2,,,,0,0,
CBDCDJ01,monophyletic,internal_19,2,,,,0,0,
CBDCDW01,monophyletic,internal_23,2,,,,0,0,
CBDCFL01,monophyletic,internal_55,2,,,,0,0,
CBDCFT01,monophyletic,internal_25,2,,,,0,0,
CBDCFV01,monophyletic,internal_46,4,,,,0,0,
CBDCGJ01,monophyletic,internal_37,2,,,,0,0,
CBDCGW01,monophyletic,internal_19,3,,,,0,0,
CBDCHC01,monophyletic,internal_30,2,,,,0,0,
CBDCKN01,monophyletic,internal_34,3,,,,0,0,
CBDCKR01,monophyletic,internal_35,2,,,,0,0,
CBDCMJ01,monophyletic,internal_47,2,,,,0,0,
CBDCNP01,monophyletic,internal_19,3,,,,0,0,
CBDCUI01,monophyletic,internal_33,2,,,,0,0,
CBDCUQ01,monophyletic,internal_45,2,,,,0,0,
CBDCUW01,monophyletic,internal_44,3,,,,0,0,
CBDCVD01,monophyletic,internal_30,2,,,,0,0,
CBDCVN01,monophyletic,internal_19,3,,,,0,0,
CBDCVY01,monophyletic,internal_27,2,,,,0,0,
CBDCWA01,monophyletic,internal_39,2,,,,0,0,
CBDCWG01,monophyletic,internal_28,2,,,,0,0,
CBDCXF01,monophyletic,internal_23,2,,,,0,0,
CBDCXV01,monophyletic,internal_26,3,,,,0,0,
CBDCYS01,monophyletic,internal_25,3,,,,0,0,
CBDDCA01,monophyletic,internal_20,2,,,,0,0,
CBDDCX01,monophyletic,internal_35,3,,,,0,0,
CBDDEC01,monophyletic,internal_33,2,,,,0,0,
CBDDEI01,monophyletic,internal_28,2,,,,0,0,
CBDDGJ01,monophyletic,internal_28,2,,,,0,0,
CBDDHT01,monophyletic,internal_37,2,,,,0,0,
CBDDIP01,monophyletic,internal_38,2,,,,0,0,
CBDDKU01,monophyletic,internal_47,2,,,,0,0,
CBDDLD01,monophyletic,internal_68,2,,,,0,0,
CBDDRG01,monophyletic,internal_49,2,,,,0,0,
CBDEFO01,monophyletic,internal_21,2,,,,0,0,
CBDESM01,monophyletic,internal_33,2,,,,0,0,
CBDEUK01,monophyletic,internal_34,2,,,,0,0,
CBDFHB01,monophyletic,internal_20,2,,,,0,0,
CBDFJH01,monophyletic,internal_26,2,,,,0,0,
CBDFKK01,monophyletic,internal_33,2,,,,0,0,
CBDFMG01,monophyletic,internal_25,3,,,,0,0,
CBDHCC01,monophyletic,internal_53,2,,,,0,0,
CBDHHC01,monophyletic,internal_35,2,,,,0,0,
CBDUCD01,monophyletic,internal_33,2,,,,0,0,
CBDUEF01,monophyletic,internal_68,2,,,,0,0,
CBDUEV01,monophyletic,internal_27,2,,,,0,0,
CBDUJZ01,monophyletic,internal_31,2,,,,0,0,
CBDULX01,monophyletic,internal_34,2,,,,0,0,
CBDUSG01,monophyletic,internal_13,2,,,,0,0,
CBDUWU01,monophyletic,internal_22,2,,,,0,0,
CBDVBE01,monophyletic,internal_26,2,,,,0,0,
CBDVBL01,monophyletic,internal_22,3,,,,0,0,
CBFDBF01,monophyletic,internal_37,7,,,,0,0,
CBFDTW01,monophyletic,internal_20,3,,,,0,0,
CBFFRJ01,monophyletic,internal_61,4,,,,0,0,
CBFGJX01,monophyletic,internal_23,3,,,,0,0,
CBFHSF01,monophyletic,internal_46,2,,,,0,0,
CBFHTA01,monophyletic,internal_20,2,,,,0,0,
CBHWET01,monophyletic,internal_27,3,,,,0,0,
CBJLQC01,monophyletic,internal_25,3,,,,0,0,
CBW1002,monophyletic,internal_31,4,,,,0,0,
CCMP332,monophyletic,internal_37,4,,,,0,0,
CCY15215,monophyletic,internal_30,5,,,,0,0,
CETP13,monophyletic,internal_26,2,,,,0,0,
CF-107,monophyletic,internal_15,2,,,,0,0,
CF-113,monophyletic,internal_27,7,,,,0,0,
CF-118,monophyletic,internal_23,5,,,,0,0,
CF-120,monophyletic,internal_16,2,,,,0,0,
CF-121,monophyletic,internal_15,3,,,,0,0,
CF-13,monophyletic,internal_18,30,,,,0,0,
CF-16,monophyletic,internal_23,3,,,,0,0,
CF-161,monophyletic,internal_18,5,,,,0,0,
CF-162,monophyletic,internal_34,8,,,,0,0,
CF-163,monophyletic,internal_33,4,,,,0,0,
CF-167,monophyletic,internal_19,29,,,,0,0,
CF-28,monophyletic,internal_19,3,,,,0,0,
CF-39,monophyletic,internal_18,26,,,,0,0,
CF-46,monophyletic,internal_25,43,,,,0,0,
CF-72,monophyletic,internal_27,9,,,,0,0,
CF-82,monophyletic,internal_22,4,,,,0,0,
CF-96,monophyletic,internal_21,8,,,,0,0,
CFX10,monophyletic,internal_43,6,,,,0,0,
CFX2,monophyletic,internal_45,31,,,,0,0,
CFX5,monophyletic,internal_37,3,,,,0,0,
CG03,monophyletic,internal_24,5,,,,0,0,
CG1-02-35-72,monophyletic,internal_46,7,,,,0,0,
CG1-02-40-82,monophyletic,internal_32,3,,,,0,0,
CG1-02-41-12,monophyletic,internal_30,2,,,,0,0,
CG1-02-41-21,monophyletic,internal_39,6,,,,0,0,
CG1-02-41-26,monophyletic,internal_39,4,,,,0,0,
CG1-02-43-31,monophyletic,internal_42,5,,,,0,0,
CG1-02-47-37,monophyletic,internal_29,2,,,,0,0,
CG10-46-32,monophyletic,internal_29,5,,,,0,0,
CG2-30-32-10,monophyletic,internal_50,2,,,,0,0,
CG2-30-36-11,monophyletic,internal_20,2,,,,0,0,
CG2-30-36-16,monophyletic,internal_35,3,,,,0,0,
CG2-30-36-38,monophyletic,internal_33,2,,,,0,0,
CG2-30-36-39,monophyletic,internal_37,5,,,,0,0,
CG2-30-40-12,monophyletic,internal_20,2,,,,0,0,
CG2-30-40-21,monophyletic,internal_15,6,,,,0,0,
CG2-30-44-17,monophyletic,internal_29,2,,,,0,0,
CG2-30-46-19,monophyletic,internal_42,8,,,,0,0,
CG2-30-46-9,monophyletic,internal_43,2,,,,0,0,
CG2-30-49-12,monophyletic,internal_34,2,,,,0,0,
CG2-30-51-40,monophyletic,internal_26,3,,,,0,0,
CG2-30-53-67,monophyletic,internal_17,2,,,,0,0,
CG2-30-54-11,monophyletic,internal_16,2,,,,0,0,
CG2-30-58-95,monophyletic,internal_50,7,,,,0,0,
CG2-30-60-27,monophyletic,internal_26,2,,,,0,0,
CG2-30-64-16,monophyletic,internal_32,2,,,,0,0,
CG2-30-68-42,monophyletic,internal_40,2,,,,0,0,
CG2-30-70-394,monophyletic,internal_17,3,,,,0,0,
CGIF01,monophyletic,internal_20,5,,,,0,0,
CHH4-2,monophyletic,internal_49,3,,,,0,0,
CHPMRC01,monophyletic,internal_41,13,,,,0,0,
COE1,monophyletic,internal_49,66,,,,0,0,
COTS27,monophyletic,internal_10,2,,,,0,0,
CP2-2F,monophyletic,internal_43,9,,,,0,0,
CPC320,monophyletic,internal_61,2,,,,0,0,
CR02bin9,monophyletic,internal_24,10,,,,0,0,
CS2-K091,monophyletic,internal_38,8,,,,0,0,
CS4-C045,monophyletic,internal_31,3,,,,0,0,
CSBR16-104,monophyletic,internal_22,2,,,,0,0,
CSBR16-113R1,monophyletic,internal_24,2,,,,0,0,
CSBR16-119,monophyletic,internal_50,2,,,,0,0,
CSBR16-224,monophyletic,internal_33,3,,,,0,0,
CSBR16-87,monophyletic,internal_22,2,,,,0,0,
CSBr16-161,monophyletic,internal_48,2,,,,0,0,
CSBr16-57R1,monophyletic,internal_34,5,,,,0,0,
CSBr16-58,monophyletic,internal_42,6,,,,0,0,
CSP1-2,monophyletic,internal_25,3,,,,0,0,
CSP1-4,monophyletic,internal_21,8,,,,0,0,
CSP1-5,monophyletic,internal_23,14,,,,0,0,
CSP1-6,monophyletic,internal_25,4,,,,0,0,
CSP1-8,monophyletic,internal_22,13,,,,0,0,
CSSED10-109M,monophyletic,internal_27,4,,,,0,0,
CSSED11-154,monophyletic,internal_24,5,,,,0,0,
CSSed10-48,monophyletic,internal_23,7,,,,0,0,
CSSed11-175R1,monophyletic,internal_35,7,,,,0,0,
CSSed11-197,monophyletic,internal_37,7,,,,0,0,
CTSOIL-112,monophyletic,internal_26,10,,,,0,0,
CTSoil-043,monophyletic,internal_21,42,,,,0,0,
CTSoil-045,monophyletic,internal_47,3,,,,0,0,
CTSoil-072,monophyletic,internal_28,2,,,,0,0,
CTSoil-075,monophyletic,internal_28,4,,,,0,0,
CTSoil-081,monophyletic,internal_27,2,,,,0,0,
CW01,monophyletic,internal_54,4,,,,0,0,
Caballeronia,monophyletic,internal_32,69,,,,0,0,
Caccenecus,monophyletic,internal_23,44,,,,0,0,
Caccocola,monophyletic,internal_27,6,,,,0,0,
Caccomorpha,monophyletic,internal_46,3,,,,0,0,
Cacconaster,monophyletic,internal_68,50,,,,0,0,
Caccoplasma,monophyletic,internal_67,11,,,,0,0,
Caccoplasma_A,monophyletic,internal_68,12,,,,0,0,
Caccopulliclostridium,monophyletic,internal_37,7,,,,0,0,
Caccosoma,monophyletic,internal_16,6,,,,0,0,
Caccousia,monophyletic,internal_50,8,,,,0,0,
Caccovicinus,monophyletic,internal_46,18,,,,0,0,
Caccovivens,monophyletic,internal_35,154,,,,0,0,
Caedibacter,monophyletic,internal_38,9,,,,0,0,
Caedimonas,monophyletic,internal_31,2,,,,0,0,
Caenibius,monophyletic,internal_63,5,,,,0,0,
Caenicola,monophyletic,internal_27,13,,,,0,0,
Caenispirillum,monophyletic,internal_33,5,,,,0,0,
Caldalkalibacillus,monophyletic,internal_29,2,,,,0,0,
Caldanaerobius,monophyletic,internal_20,2,,,,0,0,
Caldatribacterium,monophyletic,internal_19,9,,,,0,0,
Caldicellulosiruptor,monophyletic,internal_19,12,,,,0,0,
Caldicoprobacter,monophyletic,internal_24,5,,,,0,0,
Caldifermentibacillus,monophyletic,internal_42,2,,,,0,0,
Caldilinea,monophyletic,internal_38,17,,,,0,0,
Caldimicrobium,monophyletic,internal_23,14,,,,0,0,
Caldimonas,monophyletic,internal_28,15,,,,0,0,
Caldipriscus,monophyletic,internal_21,5,,,,0,0,
Caldisaccharidevorator,monophyletic,internal_20,2,,,,0,0,
Caldisericum,monophyletic,internal_21,5,,,,0,0,
Calditerricola,monophyletic,internal_24,2,,,,0,0,
Calditerrivibrio,monophyletic,internal_19,6,,,,0,0,
Caldithrix,monophyletic,internal_27,9,,,,0,0,
Caldora,monophyletic,internal_28,5,,,,0,0,
Caldovatus,monophyletic,internal_33,3,,,,0,0,
Calescibacterium,monophyletic,internal_20,4,,,,0,0,
Calidifonticultor,monophyletic,internal_24,2,,,,0,0,
Calidifontimicrobium,monophyletic,internal_38,6,,,,0,0,
Calidihabitans,monophyletic,internal_17,2,,,,0,0,
Calidithermus,monophyletic,internal_19,3,,,,0,0,
Caloramator,monophyletic,internal_29,4,,,,0,0,
Caloramator_B,monophyletic,internal_29,3,,,,0,0,
Caloranaerobacter,monophyletic,internal_29,4,,,,0,0,
Calothrix_A,monophyletic,internal_33,4,,,,0,0,
Camelimonas,monophyletic,internal_42,4,,,,0,0,
Caminibacter,monophyletic,internal_18,9,,,,0,0,
Campylobacter,monophyletic,internal_24,19,,,,0,0,
Campylobacter_A,monophyletic,internal_23,142,,,,0,0,
Campylobacter_B,monophyletic,internal_25,78,,,,0,0,
Campylobacter_D,monophyletic,internal_23,58,,,,0,0,
Campylobacter_E,monophyletic,internal_23,5,,,,0,0,
Campylobacter_F,monophyletic,internal_25,2,,,,0,0,
Candidimonas,monophyletic,internal_36,2,,,,0,0,
Canibacter,monophyletic,internal_55,6,,,,0,0,
Capillibacterium,monophyletic,internal_25,9,,,,0,0,
Capillimicrobium,monophyletic,internal_31,9,,,,0,0,
Capilliphycus,monophyletic,internal_28,8,,,,0,0,
Capnocytophaga,monophyletic,internal_48,32,,,,0,0,
Caproicibacter,monophyletic,internal_48,9,,,,0,0,
Caproicibacterium,monophyletic,internal_48,12,,,,0,0,
Caproiciproducens,monophyletic,internal_47,20,,,,0,0,
Capsulimonas,monophyletic,internal_23,3,,,,0,0,
Carbonatibacter,monophyletic,internal_37,2,,,,0,0,
Carbonibacillus,monophyletic,internal_29,2,,,,0,0,
Carbonicoccus,monophyletic,internal_39,2,,,,0,0,
Carboxydothermus,monophyletic,internal_24,3,,,,0,0,
Carboxylicivirga,monophyletic,internal_63,18,,,,0,0,
Cardinium,monophyletic,internal_35,17,,,,0,0,
Cardiobacterium,monophyletic,internal_28,9,,,,0,0,
Caribbeanibacter,monophyletic,internal_20,3,,,,0,0,
Carnimonas,monophyletic,internal_44,2,,,,0,0,
Carnobacterium,monophyletic,internal_37,4,,,,0,0,
Carnobacterium_A,monophyletic,internal_37,9,,,,0,0,
Carnobacterium_B,monophyletic,internal_38,8,,,,0,0,
Carthagonibacter,monophyletic,internal_25,11,,,,0,0,
Caryophanon,monophyletic,internal_39,4,,,,0,0,
Casimicrobium,monophyletic,internal_33,34,,,,0,0,
Casp-Chloro-G3,monophyletic,internal_46,2,,,,0,0,
Casp-Chloro-G4,monophyletic,internal_46,3,,,,0,0,
Casp-actino5,monophyletic,internal_39,23,,,,0,0,
Casp-actino8,monophyletic,internal_34,53,,,,0,0,
Casp-alpha2,monophyletic,internal_36,15,,,,0,0,
Castellaniella,monophyletic,internal_30,34,,,,0,0,
Catalinimonas,monophyletic,internal_42,8,,,,0,0,
Catellatospora,monophyletic,internal_37,13,,,,0,0,
Catenibacillus,monophyletic,internal_39,8,,,,0,0,
Catenibacterium,monophyletic,internal_23,6,,,,0,0,
Catenovulum,monophyletic,internal_39,9,,,,0,0,
Catenulispora,monophyletic,internal_33,13,,,,0,0,
Catenuloplanes,monophyletic,internal_44,6,,,,0,0,
Catonella,monophyletic,internal_40,13,,,,0,0,
Cauispirillum,monophyletic,internal_35,4,,,,0,0,
Caulifigura,monophyletic,internal_25,2,,,,0,0,
Caulobacter,monophyletic,internal_40,127,,,,0,0,
Caviibacter,monophyletic,internal_17,2,,,,0,0,
Cecembia,monophyletic,internal_48,2,,,,0,0,
Cecembia_A,monophyletic,internal_50,2,,,,0,0,
Cedecea,monophyletic,internal_51,10,,,,0,0,
Celaenobacter,monophyletic,internal_18,11,,,,0,0,
Celeribacter,monophyletic,internal_65,33,,,,0,0,
Celerinatantimonas,monophyletic,internal_34,5,,,,0,0,
Cellulomonas,monophyletic,internal_44,110,,,,0,0,
Cellulomonas_A,monophyletic,internal_49,12,,,,0,0,
Cellulophaga,monophyletic,internal_58,21,,,,0,0,
Cellulosilyticum,monophyletic,internal_35,14,,,,0,0,
Cellulosimicrobium,monophyletic,internal_48,22,,,,0,0,
Cellvibrio,monophyletic,internal_48,64,,,,0,0,
Centipeda,monophyletic,internal_43,26,,,,0,0,
Cephaloticoccus,monophyletic,internal_34,12,,,,0,0,
Cerasibacillus,monophyletic,internal_48,3,,,,0,0,
Cerasicoccus,monophyletic,internal_24,6,,,,0,0,
Cereibacter_A,monophyletic,internal_64,6,,,,0,0,
Cerina,monophyletic,internal_59,2,,,,0,0,
Cesiribacter,monophyletic,internal_40,5,,,,0,0,
Cetobacterium,monophyletic,internal_21,3,,,,0,0,
Cetobacterium_A,monophyletic,internal_21,23,,,,0,0,
Cfx3-03,monophyletic,internal_56,4,,,,0,0,
Ch104c,monophyletic,internal_29,3,,,,0,0,
Ch128b,monophyletic,internal_29,7,,,,0,0,
Ch130,monophyletic,internal_29,3,,,,0,0,
Ch132,monophyletic,internal_50,2,,,,0,0,
Ch27,monophyletic,internal_45,2,,,,0,0,
Ch48,monophyletic,internal_40,2,,,,0,0,
Ch61,monophyletic,internal_49,8,,,,0,0,
Ch67,monophyletic,internal_38,6,,,,0,0,
Ch71,monophyletic,internal_29,4,,,,0,0,
Chachezhania,monophyletic,internal_67,2,,,,0,0,
Chaera,monophyletic,internal_31,2,,,,0,0,
Chakrabartyella,monophyletic,internal_42,15,,,,0,0,
Chamaesiphon,monophyletic,internal_28,27,,,,0,0,
Changpingibacter,monophyletic,internal_56,4,,,,0,0,
Changshengia,monophyletic,internal_23,16,,,,0,0,
Chania,monophyletic,internal_49,16,,,,0,0,
Chelativorans,monophyletic,internal_46,19,,,,0,0,
Chelatococcus,monophyletic,internal_42,5,,,,0,0,
Chelatococcus_A,monophyletic,internal_43,4,,,,0,0,
Chelonobacter,monophyletic,internal_40,6,,,,0,0,
Chengkuizengella,monophyletic,internal_32,4,,,,0,0,
Chersky-265,monophyletic,internal_28,15,,,,0,0,
Chersky-267,monophyletic,internal_23,19,,,,0,0,
Chersky-299,monophyletic,internal_25,3,,,,0,0,
Chersky-534,monophyletic,internal_25,2,,,,0,0,
Chersky-806,monophyletic,internal_33,11,,,,0,0,
Chersky-822,monophyletic,internal_36,39,,,,0,0,
Chersky-840,monophyletic,internal_37,17,,,,0,0,
Chimaeribacter,monophyletic,internal_47,4,,,,0,0,
Chitinibacter,monophyletic,internal_41,7,,,,0,0,
Chitinilyticum,monophyletic,internal_40,3,,,,0,0,
Chitinimonas,monophyletic,internal_39,10,,,,0,0,
Chitiniphilus,monophyletic,internal_42,3,,,,0,0,
Chitinispirillum,monophyletic,internal_27,2,,,,0,0,
Chitinivibrio,monophyletic,internal_26,3,,,,0,0,
Chitinivorax,monophyletic,internal_36,2,,,,0,0,
Chitinolyticbacter,monophyletic,internal_42,2,,,,0,0,
Chitinophaga,monophyletic,internal_40,103,,,,0,0,
Chlamydia,monophyletic,internal_21,25,,,,0,0,
Chlamydiifrater,monophyletic,internal_21,2,,,,0,0,
Chloracidobacterium,monophyletic,internal_20,7,,,,0,0,
Chlorobaculum,monophyletic,internal_29,26,,,,0,0,
Chlorobium,monophyletic,internal_29,78,,,,0,0,
Chloroflexus,monophyletic,internal_29,16,,,,0,0,
Chlorogloeopsis,monophyletic,internal_32,4,,,,0,0,
Chlorohelix,monophyletic,internal_21,3,,,,0,0,
Chloroploca,monophyletic,internal_30,3,,,,0,0,
ChocPot-Mid,monophyletic,internal_36,3,,,,0,0,
Choladousia,monophyletic,internal_48,63,,,,0,0,
Chondrinema,monophyletic,internal_43,4,,,,0,0,
Chondromyces,monophyletic,internal_34,2,,,,0,0,
Chordibacter,monophyletic,internal_26,20,,,,0,0,
Chordicoccus,monophyletic,internal_41,53,,,,0,0,
Christensenella,monophyletic,internal_35,14,,,,0,0,
Christiangramia,monophyletic,internal_52,38,,,,0,0,
Chromatium,monophyletic,internal_46,8,,,,0,0,
Chromatocurvus,monophyletic,internal_47,6,,,,0,0,
Chromobacterium,monophyletic,internal_45,20,,,,0,0,
Chromohalobacter,monophyletic,internal_42,11,,,,0,0,
Chromulinivorax,monophyletic,internal_18,3,,,,0,0,
Chroococcidiopsis,monophyletic,internal_29,7,,,,0,0,
Chroococcopsis,monophyletic,internal_35,2,,,,0,0,
Chroococcus,monophyletic,internal_33,2,,,,0,0,
Chroogloeocystis,monophyletic,internal_29,3,,,,0,0,
Chryseobacterium,monophyletic,internal_53,240,,,,0,0,
Chryseobacterium_A,monophyletic,internal_60,3,,,,0,0,
Chryseolinea,monophyletic,internal_52,40,,,,0,0,
Chryseomicrobium,monophyletic,internal_36,5,,,,0,0,
Chryseomonas,monophyletic,internal_42,17,,,,0,0,
Chryseosolibacter,monophyletic,internal_52,27,,,,0,0,
Chryseotalea,monophyletic,internal_50,5,,,,0,0,
Chth-196,monophyletic,internal_33,22,,,,0,0,
Chthoniobacter,monophyletic,internal_35,29,,,,0,0,
Chthonobacter,monophyletic,internal_41,3,,,,0,0,
Chthonomonas,monophyletic,internal_23,3,,,,0,0,
Citreicoccus,monophyletic,internal_34,2,,,,0,0,
Citreimonas,monophyletic,internal_71,2,,,,0,0,
Citricoccus,monophyletic,internal_50,17,,,,0,0,
Citrobacter,monophyletic,internal_59,18,,,,0,0,
Citrobacter_A,monophyletic,internal_59,11,,,,0,0,
Citrobacter_D,monophyletic,internal_59,3,,,,0,0,
Claveliimonas,monophyletic,internal_46,21,,,,0,0,
Clavibacter,monophyletic,internal_52,19,,,,0,0,
Cloacibacillus,monophyletic,internal_27,5,,,,0,0,
Cloacibacterium,monophyletic,internal_53,13,,,,0,0,
Cloacimonas,monophyletic,internal_26,21,,,,0,0,
Clostridioides,monophyletic,internal_35,8,,,,0,0,
Clostridium,monophyletic,internal_36,130,,,,0,0,
Clostridium_A,monophyletic,internal_41,3,,,,0,0,
Clostridium_AA,monophyletic,internal_32,2,,,,0,0,
Clostridium_AB,monophyletic,internal_28,3,,,,0,0,
Clostridium_AD,monophyletic,internal_33,30,,,,0,0,
Clostridium_AF,monophyletic,internal_31,3,,,,0,0,
Clostridium_AI,monophyletic,internal_38,4,,,,0,0,
Clostridium_AK,monophyletic,internal_32,3,,,,0,0,
Clostridium_AM,monophyletic,internal_32,12,,,,0,0,
Clostridium_AN,monophyletic,internal_31,2,,,,0,0,
Clostridium_AO,monophyletic,internal_34,3,,,,0,0,
Clostridium_AP,monophyletic,internal_50,2,,,,0,0,
Clostridium_AQ,monophyletic,internal_30,4,,,,0,0,
Clostridium_AR,monophyletic,internal_34,6,,,,0,0,
Clostridium_AT,monophyletic,internal_33,8,,,,0,0,
Clostridium_AU,monophyletic,internal_29,4,,,,0,0,
Clostridium_AV,monophyletic,internal_33,2,,,,0,0,
Clostridium_AW,monophyletic,internal_34,4,,,,0,0,
Clostridium_B,monophyletic,internal_33,20,,,,0,0,
Clostridium_D,monophyletic,internal_35,2,,,,0,0,
Clostridium_F,monophyletic,internal_32,9,,,,0,0,
Clostridium_G,monophyletic,internal_31,2,,,,0,0,
Clostridium_H,monophyletic,internal_31,17,,,,0,0,
Clostridium_I,monophyletic,internal_33,8,,,,0,0,
Clostridium_J,monophyletic,internal_33,22,,,,0,0,
Clostridium_L,monophyletic,internal_32,4,,,,0,0,
Clostridium_R,monophyletic,internal_43,6,,,,0,0,
Clostridium_S,monophyletic,internal_32,6,,,,0,0,
Clostridium_T,monophyletic,internal_36,4,,,,0,0,
Clostridium_X,monophyletic,internal_30,3,,,,0,0,
Clostridium_Z,monophyletic,internal_30,3,,,,0,0,
CmP2,monophyletic,internal_51,2,,,,0,0,
Cnuibacter,monophyletic,internal_54,2,,,,0,0,
Cobetia,monophyletic,internal_40,6,,,,0,0,
Cocleimonas,monophyletic,internal_34,25,,,,0,0,
Cognataquiflexum,monophyletic,internal_50,6,,,,0,0,
Cognatazoarcus,monophyletic,internal_37,10,,,,0,0,
Cognaticolwellia,monophyletic,internal_46,22,,,,0,0,
Cognatiluteimonas,monophyletic,internal_43,29,,,,0,0,
Cognatilysobacter,monophyletic,internal_43,11,,,,0,0,
Cognatishimia,monophyletic,internal_67,14,,,,0,0,
Cognatitamlana,monophyletic,internal_78,2,,,,0,0,
Cognatiyoonia,monophyletic,internal_67,6,,,,0,0,
Cohaesibacter,monophyletic,internal_34,20,,,,0,0,
Cohnella,monophyletic,internal_34,54,,,,0,0,
Colenecus,monophyletic,internal_67,60,,,,0,0,
Coleofasciculus,monophyletic,internal_30,9,,,,0,0,
Colicola,monophyletic,internal_69,267,,,,0,0,
Colimorpha,monophyletic,internal_57,143,,,,0,0,
Colimorpha_A,monophyletic,internal_41,19,,,,0,0,
Colinaster,monophyletic,internal_56,26,,,,0,0,
Coliplasma,monophyletic,internal_38,61,,,,0,0,
Colivicinus,monophyletic,internal_28,58,,,,0,0,
Colivivens,monophyletic,internal_73,27,,,,0,0,
Collimonas,monophyletic,internal_37,20,,,,0,0,
Collinsella,monophyletic,internal_26,1181,,,,0,0,
Colwellia,monophyletic,internal_45,55,,,,0,0,
Colwellia_A,monophyletic,internal_46,8,,,,0,0,
Comamonas,monophyletic,internal_51,77,,,,0,0,
Comamonas_C,monophyletic,internal_54,10,,,,0,0,
Comamonas_F,monophyletic,internal_47,3,,,,0,0,
Comchoanobacter,monophyletic,internal_45,2,,,,0,0,
Commensalibacter,monophyletic,internal_41,9,,,,0,0,
Companilactobacillus,monophyletic,internal_43,41,,,,0,0,
Competibacter,monophyletic,internal_33,9,,,,0,0,
Competibacter_A,monophyletic,internal_33,12,,,,0,0,
Conchiformibius,monophyletic,internal_48,3,,,,0,0,
Coneutiohabitans,monophyletic,internal_28,5,,,,0,0,
Conexibacter,monophyletic,internal_28,27,,,,0,0,
Confluentibacter,monophyletic,internal_68,5,,,,0,0,
Congregibacter,monophyletic,internal_46,22,,,,0,0,
Congregicoccus,monophyletic,internal_27,2,,,,0,0,
Congzhengia,monophyletic,internal_35,21,,,,0,0,
Consotaella,monophyletic,internal_37,2,,,,0,0,
Constrictibacter,monophyletic,internal_32,2,,,,0,0,
Contendibacter,monophyletic,internal_34,17,,,,0,0,
Contubernalis,monophyletic,internal_21,3,,,,0,0,
Convivina,monophyletic,internal_49,2,,,,0,0,
Conyzicola,monophyletic,internal_56,10,,,,0,0,
Coprenecus,monophyletic,internal_69,27,,,,0,0,
Coprobacter,monophyletic,internal_66,6,,,,0,0,
Coprococcus,monophyletic,internal_44,25,,,,0,0,
Coprococcus_A,monophyletic,internal_38,7,,,,0,0,
Coprococcus_C,monophyletic,internal_45,59,,,,0,0,
Coprocola,monophyletic,internal_39,10,,,,0,0,
Copromonas,monophyletic,internal_46,2,,,,0,0,
Coproplasma,monophyletic,internal_40,156,,,,0,0,
Coprosoma,monophyletic,internal_27,65,,,,0,0,
Coprothermobacter,monophyletic,internal_16,5,,,,0,0,
Coprousia,monophyletic,internal_29,12,,,,0,0,
Coprovivens,monophyletic,internal_23,27,,,,0,0,
Coraliomargarita,monophyletic,internal_31,5,,,,0,0,
Coraliomargarita_A,monophyletic,internal_29,2,,,,0,0,
Coraliomargarita_B,monophyletic,internal_32,9,,,,0,0,
Corallincola,monophyletic,internal_38,2,,,,0,0,
Corallococcus,monophyletic,internal_34,21,,,,0,0,
Coralloluteibacterium,monophyletic,internal_36,2,,,,0,0,
Corticimicrobacter,monophyletic,internal_27,2,,,,0,0,
Corynebacterium,monophyletic,internal_38,321,,,,0,0,
Coxiella,monophyletic,internal_46,13,,,,0,0,
Crassaminicella,monophyletic,internal_32,4,,,,0,0,
Crateriforma,monophyletic,internal_43,3,,,,0,0,
Craterilacuibacter,monophyletic,internal_41,5,,,,0,0,
Craurococcus,monophyletic,internal_37,3,,,,0,0,
Crenobacter,monophyletic,internal_40,2,,,,0,0,
Crenobacter_A,monophyletic,internal_40,2,,,,0,0,
Crenothrix,monophyletic,internal_51,4,,,,0,0,
Cribrihabitans_A,monophyletic,internal_77,2,,,,0,0,
Crickella,monophyletic,internal_44,67,,,,0,0,
Crinalium,monophyletic,internal_27,4,,,,0,0,
Croceibacterium,monophyletic,internal_68,6,,,,0,0,
Croceibacterium_A,monophyletic,internal_67,21,,,,0,0,
Croceibacterium_B,monophyletic,internal_66,9,,,,0,0,
Croceibacterium_C,monophyletic,internal_69,5,,,,0,0,
Croceicoccus,monophyletic,internal_58,18,,,,0,0,
Croceimicrobium,monophyletic,internal_43,16,,,,0,0,
Croceitalea,monophyletic,internal_56,16,,,,0,0,
Croceivirga,monophyletic,internal_57,19,,,,0,0,
Crocinitomix,monophyletic,internal_48,14,,,,0,0,
Crocosphaera,monophyletic,internal_36,14,,,,0,0,
Cronobacter,monophyletic,internal_55,7,,,,0,0,
Crossiella,monophyletic,internal_35,4,,,,0,0,
Cryobacterium,monophyletic,internal_54,70,,,,0,0,
Cryomorpha,monophyletic,internal_45,4,,,,0,0,
Cryosericum,monophyletic,internal_17,23,,,,0,0,
Cryptobacteroides,monophyletic,internal_66,643,,,,0,0,
Cryptoclostridium,monophyletic,internal_26,5,,,,0,0,
Cryptosporangium,monophyletic,internal_34,7,,,,0,0,
Crystallibacter,monophyletic,internal_48,17,,,,0,0,
Culturomica,monophyletic,internal_64,8,,,,0,0,
Cumulibacter,monophyletic,internal_31,4,,,,0,0,
Cupidesulfovibrio,monophyletic,internal_26,9,,,,0,0,
Cupriavidus,monophyletic,internal_28,78,,,,0,0,
Curtanaerobium,monophyletic,internal_31,2,,,,0,0,
Curtobacterium,monophyletic,internal_53,70,,,,0,0,
Curvibacter,monophyletic,internal_42,9,,,,0,0,
Curvivirga,monophyletic,internal_36,3,,,,0,0,
Cuspidothrix,monophyletic,internal_38,3,,,,0,0,
Cutibacterium,monophyletic,internal_46,10,,,,0,0,
Cyanobacterium,monophyletic,internal_33,5,,,,0,0,
Cyanobium,monophyletic,internal_28,125,,,,0,0,
Cyanobium_A,monophyletic,internal_32,28,,,,0,0,
Cyanocohniella,monophyletic,internal_38,2,,,,0,0,
Cybelea,monophyletic,internal_27,91,,,,0,0,
Cyclobacterium,monophyletic,internal_46,18,,,,0,0,
Cycloclasticus,monophyletic,internal_30,22,,,,0,0,
Cyclonatronum,monophyletic,internal_33,7,,,,0,0,
Cylindrospermum,monophyletic,internal_35,3,,,,0,0,
Cypionkella,monophyletic,internal_66,35,,,,0,0,
Cyrtobacter,monophyletic,internal_26,2,,,,0,0,
Cystobacter,monophyletic,internal_33,8,,,,0,0,
Cytobacillus,monophyletic,internal_42,43,,,,0,0,
Cytomitobacter,monophyletic,internal_26,4,,,,0,0,
Cytophaga,monophyletic,internal_42,6,,,,0,0,
D16-63,monophyletic,internal_33,3,,,,0,0,
D2-FULL-39-29,monophyletic,internal_14,4,,,,0,0,
D2472,monophyletic,internal_33,32,,,,0,0,
D37C17,monophyletic,internal_30,8,,,,0,0,
DAHUXD01,monophyletic,internal_23,44,,,,0,0,
DAHUXN01,monophyletic,internal_27,31,,,,0,0,
DAHUXT01,monophyletic,internal_25,8,,,,0,0,
DAHUXY01,monophyletic,internal_24,2,,,,0,0,
DAHUYE01,monophyletic,internal_30,2,,,,0,0,
DAHUYF01,monophyletic,internal_35,16,,,,0,0,
DAHUYW01,monophyletic,internal_22,2,,,,0,0,
DAHUZG01,monophyletic,internal_33,2,,,,0,0,
DAHUZJ01,monophyletic,internal_38,3,,,,0,0,
DAHUZL01,monophyletic,internal_18,4,,,,0,0,
DAHVFK01,monophyletic,internal_38,17,,,,0,0,
DAHVFY01,monophyletic,internal_23,2,,,,0,0,
DAHWFZ01,monophyletic,internal_44,2,,,,0,0,
DAHWUP01,monophyletic,internal_38,3,,,,0,0,
DAIDBC01,monophyletic,internal_50,2,,,,0,0,
DAIDHG01,monophyletic,internal_18,2,,,,0,0,
DAIDHK01,monophyletic,internal_37,4,,,,0,0,
DAIDHV01,monophyletic,internal_31,2,,,,0,0,
DAIDHZ01,monophyletic,internal_25,8,,,,0,0,
DAIDIO01,monophyletic,internal_56,2,,,,0,0,
DAIDJD01,monophyletic,internal_16,2,,,,0,0,
DAIDJG01,monophyletic,internal_29,2,,,,0,0,
DAIDJM01,monophyletic,internal_40,2,,,,0,0,
DAIDJW01,monophyletic,internal_40,3,,,,0,0,
DAIDKA01,monophyletic,internal_41,14,,,,0,0,
DAIDTM01,monophyletic,internal_27,2,,,,0,0,
DAIEKJ01,monophyletic,internal_47,2,,,,0,0,
DAIESS01,monophyletic,internal_42,2,,,,0,0,
DAIMEA01,monophyletic,internal_61,3,,,,0,0,
DAIMFL01,monophyletic,internal_31,2,,,,0,0,
DAIMZG01,monophyletic,internal_39,2,,,,0,0,
DAINOF01,monophyletic,internal_57,3,,,,0,0,
DAINPP01,monophyletic,internal_22,2,,,,0,0,
DAINRZ01,monophyletic,internal_33,2,,,,0,0,
DAIODI01,monophyletic,internal_38,2,,,,0,0,
DAIOEK01,monophyletic,internal_55,8,,,,0,0,
DAIOXA01,monophyletic,internal_24,2,,,,0,0,
DAIPKP01,monophyletic,internal_20,4,,,,0,0,
DAIQNO01,monophyletic,internal_25,2,,,,0,0,
DAIQNV01,monophyletic,internal_39,3,,,,0,0,
DAIQRJ01,monophyletic,internal_37,2,,,,0,0,
DAIRDK01,monophyletic,internal_58,2,,,,0,0,
DAIRFP01,monophyletic,internal_31,3,,,,0,0,
DAIRGB01,monophyletic,internal_17,2,,,,0,0,
DAIRUQ01,monophyletic,internal_29,6,,,,0,0,
DAISIK01,monophyletic,internal_24,2,,,,0,0,
DAISIL01,monophyletic,internal_38,2,,,,0,0,
DAISJI01,monophyletic,internal_27,3,,,,0,0,
DAISKN01,monophyletic,internal_21,4,,,,0,0,
DAISLF01,monophyletic,internal_32,3,,,,0,0,
DAISWO01,monophyletic,internal_34,3,,,,0,0,
DAISWP01,monophyletic,internal_35,2,,,,0,0,
DAITMV01,monophyletic,internal_24,2,,,,0,0,
DAITPV01,monophyletic,internal_26,2,,,,0,0,
DAITQM01,monophyletic,internal_31,2,,,,0,0,
DAIUCA01,monophyletic,internal_30,2,,,,0,0,
DAIUDS01,monophyletic,internal_42,2,,,,0,0,
DALYCO01,monophyletic,internal_58,5,,,,0,0,
DALYDD01,monophyletic,internal_61,5,,,,0,0,
DALYDK01,monophyletic,internal_35,5,,,,0,0,
DALYDP01,monophyletic,internal_33,8,,,,0,0,
DALYDW01,monophyletic,internal_24,2,,,,0,0,
DALYEE01,monophyletic,internal_42,2,,,,0,0,
DALYFE01,monophyletic,internal_26,2,,,,0,0,
DALYJJ01,monophyletic,internal_31,2,,,,0,0,
DALYLB01,monophyletic,internal_24,4,,,,0,0,
DAMCAP01,monophyletic,internal_44,3,,,,0,0,
DAOLCO01,monophyletic,internal_26,2,,,,0,0,
DAOLDI01,monophyletic,internal_45,2,,,,0,0,
DAOLOF01,monophyletic,internal_41,4,,,,0,0,
DAOMFB01,monophyletic,internal_19,8,,,,0,0,
DAOMNN01,monophyletic,internal_45,3,,,,0,0,
DAOMOD01,monophyletic,internal_28,2,,,,0,0,
DAONBD01,monophyletic,internal_31,3,,,,0,0,
DAONDQ01,monophyletic,internal_20,2,,,,0,0,
DAONDV01,monophyletic,internal_38,3,,,,0,0,
DAONDZ01,monophyletic,internal_40,2,,,,0,0,
DAONEO01,monophyletic,internal_37,2,,,,0,0,
DAOOKJ01,monophyletic,internal_38,3,,,,0,0,
DAOOOU01,monophyletic,internal_21,2,,,,0,0,
DAOOPL01,monophyletic,internal_21,2,,,,0,0,
DAOOPX01,monophyletic,internal_40,2,,,,0,0,
DAOPJM01,monophyletic,internal_39,2,,,,0,0,
DAOPMC01,monophyletic,internal_23,3,,,,0,0,
DAOPTN01,monophyletic,internal_31,2,,,,0,0,
DAOPXV01,monophyletic,internal_9,2,,,,0,0,
DAOPYU01,monophyletic,internal_15,2,,,,0,0,
DAOPZC01,monophyletic,internal_30,3,,,,0,0,
DAOPZJ01,monophyletic,internal_35,4,,,,0,0,
DAOQAK01,monophyletic,internal_52,2,,,,0,0,
DAOQAU01,monophyletic,internal_28,2,,,,0,0,
DAOQVB01,monophyletic,internal_40,3,,,,0,0,
DAOQVR01,monophyletic,internal_30,2,,,,0,0,
DAORDI01,monophyletic,internal_14,2,,,,0,0,
DAORHV01,monophyletic,internal_27,5,,,,0,0,
DAORIO01,monophyletic,internal_49,2,,,,0,0,
DAOSCP01,monophyletic,internal_28,2,,,,0,0,
DAOSVX01,monophyletic,internal_23,5,,,,0,0,
DAOSWM01,monophyletic,internal_59,2,,,,0,0,
DAOSXA01,monophyletic,internal_30,4,,,,0,0,
DAOTMI01,monophyletic,internal_34,2,,,,0,0,
DAOTTY01,monophyletic,internal_46,7,,,,0,0,
DAOTVC01,monophyletic,internal_39,2,,,,0,0,
DAOTVX01,monophyletic,internal_52,2,,,,0,0,
DAOTVY01,monophyletic,internal_21,3,,,,0,0,
DAOTWA01,monophyletic,internal_55,2,,,,0,0,
DAOTWC01,monophyletic,internal_44,3,,,,0,0,
DAOTXK01,monophyletic,internal_42,2,,,,0,0,
DAOTXL01,monophyletic,internal_30,2,,,,0,0,
DAOTXO01,monophyletic,internal_37,2,,,,0,0,
DAOTXS01,monophyletic,internal_31,4,,,,0,0,
DAOTYM01,monophyletic,internal_27,2,,,,0,0,
DAOTZR01,monophyletic,internal_34,2,,,,0,0,
DAOUAG01,monophyletic,internal_29,2,,,,0,0,
DAOUAN01,monophyletic,internal_53,2,,,,0,0,
DAOUAT01,monophyletic,internal_36,2,,,,0,0,
DAOUBP01,monophyletic,internal_35,3,,,,0,0,
DAOUEG01,monophyletic,internal_48,4,,,,0,0,
DAOUEH01,monophyletic,internal_48,3,,,,0,0,
DAOUEO01,monophyletic,internal_33,2,,,,0,0,
DAOUJH01,monophyletic,internal_39,10,,,,0,0,
DAOUJI01,monophyletic,internal_43,5,,,,0,0,
DAOUJW01,monophyletic,internal_38,7,,,,0,0,
DAOUKH01,monophyletic,internal_32,7,,,,0,0,
DAOULT01,monophyletic,internal_26,2,,,,0,0,
DAOUMF01,monophyletic,internal_30,3,,,,0,0,
DAOUPS01,monophyletic,internal_28,2,,,,0,0,
DAOURC01,monophyletic,internal_32,3,,,,0,0,
DAOUTW01,monophyletic,internal_26,2,,,,0,0,
DAOUTY01,monophyletic,internal_36,2,,,,0,0,
DAOUUR01,monophyletic,internal_29,4,,,,0,0,
DAOUVR01,monophyletic,internal_35,5,,,,0,0,
DAOUYN01,monophyletic,internal_19,3,,,,0,0,
DAOVCL01,monophyletic,internal_15,3,,,,0,0,
DAOVDI01,monophyletic,internal_26,2,,,,0,0,
DAOVGU01,monophyletic,internal_18,2,,,,0,0,
DAOVGZ01,monophyletic,internal_22,3,,,,0,0,
DAOVIY01,monophyletic,internal_41,7,,,,0,0,
DAOVJZ01,monophyletic,internal_29,2,,,,0,0,
DAOVKU01,monophyletic,internal_18,2,,,,0,0,
DAOVOC01,monophyletic,internal_15,2,,,,0,0,
DAOVRD01,monophyletic,internal_27,4,,,,0,0,
DAOVRJ01,monophyletic,internal_17,2,,,,0,0,
DAOVRL01,monophyletic,internal_39,2,,,,0,0,
DAOVUZ01,monophyletic,internal_44,3,,,,0,0,
DAOVVL01,monophyletic,internal_33,6,,,,0,0,
DAOVXM01,monophyletic,internal_52,2,,,,0,0,
DAOVYS01,monophyletic,internal_25,4,,,,0,0,
DAOVZS01,monophyletic,internal_37,2,,,,0,0,
DAOWES01,monophyletic,internal_23,3,,,,0,0,
DAOWGG01,monophyletic,internal_28,2,,,,0,0,
DAOWGJ01,monophyletic,internal_27,7,,,,0,0,
DAOWHK01,monophyletic,internal_22,2,,,,0,0,
DAOWLE01,monophyletic,internal_26,2,,,,0,0,
DAOWLH01,monophyletic,internal_38,2,,,,0,0,
DAOWMW01,monophyletic,internal_26,2,,,,0,0,
DAOWMZ01,monophyletic,internal_33,3,,,,0,0,
DAOWNP01,monophyletic,internal_24,2,,,,0,0,
DASCML01,monophyletic,internal_33,2,,,,0,0,
DASCOT01,monophyletic,internal_18,5,,,,0,0,
DASPGQ01,monophyletic,internal_20,2,,,,0,0,
DASPGW01,monophyletic,internal_26,2,,,,0,0,
DASPHG01,monophyletic,internal_27,5,,,,0,0,
DASPJI01,monophyletic,internal_26,2,,,,0,0,
DASPJQ01,monophyletic,internal_40,3,,,,0,0,
DASPKH01,monophyletic,internal_31,2,,,,0,0,
DASPKM01,monophyletic,internal_46,4,,,,0,0,
DASPKT01,monophyletic,internal_29,2,,,,0,0,
DASPKW01,monophyletic,internal_30,3,,,,0,0,
DASPMP01,monophyletic,internal_27,11,,,,0,0,
DASPNG01,monophyletic,internal_28,2,,,,0,0,
DASPNH01,monophyletic,internal_25,2,,,,0,0,
DASPOJ01,monophyletic,internal_28,6,,,,0,0,
DASPPM01,monophyletic,internal_35,6,,,,0,0,
DASPRG01,monophyletic,internal_32,7,,,,0,0,
DASPRL01,monophyletic,internal_22,2,,,,0,0,
DASPRM01,monophyletic,internal_26,2,,,,0,0,
DASPSM01,monophyletic,internal_32,12,,,,0,0,
DASPSR01,monophyletic,internal_23,4,,,,0,0,
DASPTB01,monophyletic,internal_30,3,,,,0,0,
DASPTH01,monophyletic,internal_34,4,,,,0,0,
DASPUA01,monophyletic,internal_29,2,,,,0,0,
DASPUH01,monophyletic,internal_22,7,,,,0,0,
DASPUI01,monophyletic,internal_38,2,,,,0,0,
DASPWV01,monophyletic,internal_22,5,,,,0,0,
DASPWW01,monophyletic,internal_28,10,,,,0,0,
DASPXY01,monophyletic,internal_26,2,,,,0,0,
DASQBT01,monophyletic,internal_43,6,,,,0,0,
DASQCG01,monophyletic,internal_31,3,,,,0,0,
DASQDN01,monophyletic,internal_32,5,,,,0,0,
DASQDT01,monophyletic,internal_29,4,,,,0,0,
DASQEH01,monophyletic,internal_47,6,,,,0,0,
DASQFI01,monophyletic,internal_27,3,,,,0,0,
DASQFQ01,monophyletic,internal_30,11,,,,0,0,
DASQFY01,monophyletic,internal_23,3,,,,0,0,
DASQGA01,monophyletic,internal_27,8,,,,0,0,
DASQHL01,monophyletic,internal_36,2,,,,0,0,
DASQHM01,monophyletic,internal_37,2,,,,0,0,
DASQHW01,monophyletic,internal_31,6,,,,0,0,
DASQHY01,monophyletic,internal_28,3,,,,0,0,
DASQJJ01,monophyletic,internal_36,6,,,,0,0,
DASQJL01,monophyletic,internal_22,10,,,,0,0,
DASQMN01,monophyletic,internal_43,2,,,,0,0,
DASQMT01,monophyletic,internal_28,12,,,,0,0,
DASQPA01,monophyletic,internal_25,4,,,,0,0,
DASQPE01,monophyletic,internal_29,18,,,,0,0,
DASQPJ01,monophyletic,internal_32,4,,,,0,0,
DASQPR01,monophyletic,internal_39,12,,,,0,0,
DASQPV01,monophyletic,internal_47,2,,,,0,0,
DASQQQ01,monophyletic,internal_33,3,,,,0,0,
DASQQR01,monophyletic,internal_48,2,,,,0,0,
DASQUK01,monophyletic,internal_34,11,,,,0,0,
DASQUW01,monophyletic,internal_23,2,,,,0,0,
DASQWP01,monophyletic,internal_29,5,,,,0,0,
DASQYE01,monophyletic,internal_25,8,,,,0,0,
DASQZJ01,monophyletic,internal_27,2,,,,0,0,
DASQZK01,monophyletic,internal_60,6,,,,0,0,
DASQZP01,monophyletic,internal_55,2,,,,0,0,
DASQZT01,monophyletic,internal_37,3,,,,0,0,
DASRAA01,monophyletic,internal_29,19,,,,0,0,
DASRAJ01,monophyletic,internal_40,2,,,,0,0,
DASRAP01,monophyletic,internal_21,5,,,,0,0,
DASRAT01,monophyletic,internal_25,2,,,,0,0,
DASRAU01,monophyletic,internal_20,2,,,,0,0,
DASRBA01,monophyletic,internal_29,2,,,,0,0,
DASRBN01,monophyletic,internal_27,2,,,,0,0,
DASRCF01,monophyletic,internal_21,2,,,,0,0,
DASRDE01,monophyletic,internal_23,3,,,,0,0,
DASRDR01,monophyletic,internal_23,15,,,,0,0,
DASRDS01,monophyletic,internal_24,6,,,,0,0,
DASRDU01,monophyletic,internal_21,6,,,,0,0,
DASRDZ01,monophyletic,internal_19,4,,,,0,0,
DASREM01,monophyletic,internal_35,2,,,,0,0,
DASRFS01,monophyletic,internal_33,2,,,,0,0,
DASRFY01,monophyletic,internal_45,2,,,,0,0,
DASRGL01,monophyletic,internal_25,2,,,,0,0,
DASRHD01,monophyletic,internal_28,7,,,,0,0,
DASRHG01,monophyletic,internal_27,2,,,,0,0,
DASRHK01,monophyletic,internal_33,2,,,,0,0,
DASRHT01,monophyletic,internal_27,3,,,,0,0,
DASRHY01,monophyletic,internal_38,3,,,,0,0,
DASRIA01,monophyletic,internal_24,7,,,,0,0,
DASRJF01,monophyletic,internal_24,4,,,,0,0,
DASRJG01,monophyletic,internal_18,10,,,,0,0,
DASRJJ01,monophyletic,internal_40,2,,,,0,0,
DASRJW01,monophyletic,internal_20,3,,,,0,0,
DASRLE01,monophyletic,internal_31,6,,,,0,0,
DASRLG01,monophyletic,internal_57,2,,,,0,0,
DASROP01,monophyletic,internal_38,2,,,,0,0,
DASRQK01,monophyletic,internal_58,5,,,,0,0,
DASRQZ01,monophyletic,internal_31,5,,,,0,0,
DASRRB01,monophyletic,internal_31,2,,,,0,0,
DASRSE01,monophyletic,internal_29,2,,,,0,0,
DASRSS01,monophyletic,internal_43,3,,,,0,0,
DASRTE01,monophyletic,internal_40,5,,,,0,0,
DASRUP01,monophyletic,internal_36,2,,,,0,0,
DASRVA01,monophyletic,internal_19,6,,,,0,0,
DASRWD01,monophyletic,internal_23,12,,,,0,0,
DASRWT01,monophyletic,internal_26,8,,,,0,0,
DASSAT01,monophyletic,internal_32,2,,,,0,0,
DASSAV01,monophyletic,internal_35,2,,,,0,0,
DASSBG01,monophyletic,internal_33,6,,,,0,0,
DASSBQ01,monophyletic,internal_33,6,,,,0,0,
DASSBR01,monophyletic,internal_32,6,,,,0,0,
DASSCW01,monophyletic,internal_24,14,,,,0,0,
DASSEU01,monophyletic,internal_30,2,,,,0,0,
DASSFG01,monophyletic,internal_34,5,,,,0,0,
DASSFZ01,monophyletic,internal_35,5,,,,0,0,
DASSHA01,monophyletic,internal_23,3,,,,0,0,
DASSJF01,monophyletic,internal_18,6,,,,0,0,
DASSJM01,monophyletic,internal_35,24,,,,0,0,
DASSJT01,monophyletic,internal_41,2,,,,0,0,
DASSKA01,monophyletic,internal_44,3,,,,0,0,
DASSKP01,monophyletic,internal_25,2,,,,0,0,
DASSKW01,monophyletic,internal_33,5,,,,0,0,
DASSNR01,monophyletic,internal_30,3,,,,0,0,
DASSNU01,monophyletic,internal_30,2,,,,0,0,
DASSOY01,monophyletic,internal_39,3,,,,0,0,
DASSQJ01,monophyletic,internal_51,5,,,,0,0,
DASSRQ01,monophyletic,internal_24,4,,,,0,0,
DASSSH01,monophyletic,internal_27,3,,,,0,0,
DASSSQ01,monophyletic,internal_30,2,,,,0,0,
DASSTY01,monophyletic,internal_26,2,,,,0,0,
DASSUC01,monophyletic,internal_41,3,,,,0,0,
DASSUW01,monophyletic,internal_32,26,,,,0,0,
DASSWG01,monophyletic,internal_50,4,,,,0,0,
DASSYK01,monophyletic,internal_33,3,,,,0,0,
DASSZN01,monophyletic,internal_30,2,,,,0,0,
DASTBJ01,monophyletic,internal_20,2,,,,0,0,
DASTBR01,monophyletic,internal_25,2,,,,0,0,
DASTCF01,monophyletic,internal_25,2,,,,0,0,
DASTCZ01,monophyletic,internal_28,19,,,,0,0,
DASTDH01,monophyletic,internal_27,5,,,,0,0,
DASTDY01,monophyletic,internal_34,4,,,,0,0,
DASTEQ01,monophyletic,internal_18,18,,,,0,0,
DASTFP01,monophyletic,internal_30,19,,,,0,0,
DASTFY01,monophyletic,internal_30,6,,,,0,0,
DASTHG01,monophyletic,internal_25,24,,,,0,0,
DASTLJ01,monophyletic,internal_31,3,,,,0,0,
DASTPH01,monophyletic,internal_23,2,,,,0,0,
DASTQG01,monophyletic,internal_35,2,,,,0,0,
DASTQL01,monophyletic,internal_37,3,,,,0,0,
DASTSN01,monophyletic,internal_53,2,,,,0,0,
DASTWM01,monophyletic,internal_24,2,,,,0,0,
DASTYK01,monophyletic,internal_28,3,,,,0,0,
DASTYU01,monophyletic,internal_26,6,,,,0,0,
DASUAL01,monophyletic,internal_31,3,,,,0,0,
DASUAO01,monophyletic,internal_37,4,,,,0,0,
DASUAS01,monophyletic,internal_35,16,,,,0,0,
DASUBN01,monophyletic,internal_32,15,,,,0,0,
DASUBV01,monophyletic,internal_38,11,,,,0,0,
DASUCS01,monophyletic,internal_32,6,,,,0,0,
DASUEB01,monophyletic,internal_40,3,,,,0,0,
DASUFF01,monophyletic,internal_24,2,,,,0,0,
DASUFZ01,monophyletic,internal_35,2,,,,0,0,
DASUGC01,monophyletic,internal_27,4,,,,0,0,
DASUGG01,monophyletic,internal_37,3,,,,0,0,
DASUHT01,monophyletic,internal_25,4,,,,0,0,
DASULA01,monophyletic,internal_28,3,,,,0,0,
DASULK01,monophyletic,internal_42,2,,,,0,0,
DASUME01,monophyletic,internal_28,10,,,,0,0,
DASUMF01,monophyletic,internal_34,4,,,,0,0,
DASUNP01,monophyletic,internal_25,3,,,,0,0,
DASUNQ01,monophyletic,internal_21,5,,,,0,0,
DASUOD01,monophyletic,internal_57,2,,,,0,0,
DASUPK01,monophyletic,internal_33,53,,,,0,0,
DASUSH01,monophyletic,internal_29,5,,,,0,0,
DASUTW01,monophyletic,internal_23,3,,,,0,0,
DASUUI01,monophyletic,internal_25,2,,,,0,0,
DASUUR01,monophyletic,internal_33,2,,,,0,0,
DASUVM01,monophyletic,internal_30,2,,,,0,0,
DASUWA01,monophyletic,internal_31,2,,,,0,0,
DASUXU01,monophyletic,internal_29,3,,,,0,0,
DASUXY01,monophyletic,internal_47,2,,,,0,0,
DASUZB01,monophyletic,internal_24,2,,,,0,0,
DASVAL01,monophyletic,internal_42,5,,,,0,0,
DASVBE01,monophyletic,internal_33,2,,,,0,0,
DASVCN01,monophyletic,internal_20,3,,,,0,0,
DASVDE01,monophyletic,internal_33,3,,,,0,0,
DASVDK01,monophyletic,internal_17,2,,,,0,0,
DASVEE01,monophyletic,internal_31,2,,,,0,0,
DASVEG01,monophyletic,internal_31,2,,,,0,0,
DASVFB01,monophyletic,internal_30,5,,,,0,0,
DASVHS01,monophyletic,internal_31,6,,,,0,0,
DASVHX01,monophyletic,internal_58,3,,,,0,0,
DASVLX01,monophyletic,internal_39,2,,,,0,0,
DASVNK01,monophyletic,internal_30,6,,,,0,0,
DASVRZ01,monophyletic,internal_26,6,,,,0,0,
DASVSE01,monophyletic,internal_35,7,,,,0,0,
DASVTR01,monophyletic,internal_25,4,,,,0,0,
DASVUC01,monophyletic,internal_28,3,,,,0,0,
DASVUS01,monophyletic,internal_25,6,,,,0,0,
DASVWZ01,monophyletic,internal_34,5,,,,0,0,
DASVXQ01,monophyletic,internal_24,3,,,,0,0,
DASVZT01,monophyletic,internal_23,2,,,,0,0,
DASWAC01,monophyletic,internal_24,3,,,,0,0,
DASWDH01,monophyletic,internal_33,5,,,,0,0,
DASWHD01,monophyletic,internal_17,2,,,,0,0,
DASWHH01,monophyletic,internal_31,2,,,,0,0,
DASWHR01,monophyletic,internal_22,2,,,,0,0,
DASWID01,monophyletic,internal_22,3,,,,0,0,
DASWIG01,monophyletic,internal_22,2,,,,0,0,
DASWIR01,monophyletic,internal_66,2,,,,0,0,
DASWJQ01,monophyletic,internal_46,3,,,,0,0,
DASWJZ01,monophyletic,internal_38,19,,,,0,0,
DASWLF01,monophyletic,internal_29,4,,,,0,0,
DASWNL01,monophyletic,internal_24,4,,,,0,0,
DASWNP01,monophyletic,internal_29,2,,,,0,0,
DASWOB01,monophyletic,internal_34,2,,,,0,0,
DASWOJ01,monophyletic,internal_42,7,,,,0,0,
DASWTL01,monophyletic,internal_57,4,,,,0,0,
DASWUZ01,monophyletic,internal_32,2,,,,0,0,
DASWYC01,monophyletic,internal_54,2,,,,0,0,
DASWYT01,monophyletic,internal_32,2,,,,0,0,
DASWZN01,monophyletic,internal_29,8,,,,0,0,
DASXAI01,monophyletic,internal_29,4,,,,0,0,
DASXBA01,monophyletic,internal_30,4,,,,0,0,
DASXBJ01,monophyletic,internal_27,2,,,,0,0,
DASXHD01,monophyletic,internal_38,7,,,,0,0,
DASXHY01,monophyletic,internal_34,12,,,,0,0,
DASXHZ01,monophyletic,internal_29,3,,,,0,0,
DASXJE01,monophyletic,internal_32,4,,,,0,0,
DASXKD01,monophyletic,internal_36,12,,,,0,0,
DASXMT01,monophyletic,internal_34,9,,,,0,0,
DASXMX01,monophyletic,internal_30,3,,,,0,0,
DASXPC01,monophyletic,internal_29,2,,,,0,0,
DASXPG01,monophyletic,internal_20,7,,,,0,0,
DASXQK01,monophyletic,internal_31,10,,,,0,0,
DASXQN01,monophyletic,internal_52,2,,,,0,0,
DASXRA01,monophyletic,internal_39,13,,,,0,0,
DASXRC01,monophyletic,internal_39,2,,,,0,0,
DASXRU01,monophyletic,internal_23,5,,,,0,0,
DASXTB01,monophyletic,internal_19,2,,,,0,0,
DASXTK01,monophyletic,internal_31,4,,,,0,0,
DASXTS01,monophyletic,internal_36,2,,,,0,0,
DASXTW01,monophyletic,internal_29,2,,,,0,0,
DASXUC01,monophyletic,internal_18,4,,,,0,0,
DASXUG01,monophyletic,internal_44,2,,,,0,0,
DASXUL01,monophyletic,internal_18,2,,,,0,0,
DASXVX01,monophyletic,internal_25,2,,,,0,0,
DASXYU01,monophyletic,internal_45,2,,,,0,0,
DASXZH01,monophyletic,internal_31,2,,,,0,0,
DASYAN01,monophyletic,internal_28,4,,,,0,0,
DASYCK01,monophyletic,internal_29,2,,,,0,0,
DASYDU01,monophyletic,internal_36,7,,,,0,0,
DASYGP01,monophyletic,internal_28,3,,,,0,0,
DASYHQ01,monophyletic,internal_27,2,,,,0,0,
DASYIS01,monophyletic,internal_36,3,,,,0,0,
DASYKS01,monophyletic,internal_22,8,,,,0,0,
DASYKT01,monophyletic,internal_22,5,,,,0,0,
DASYLJ01,monophyletic,internal_28,3,,,,0,0,
DASYML01,monophyletic,internal_24,3,,,,0,0,
DASYPP01,monophyletic,internal_24,5,,,,0,0,
DASYPQ01,monophyletic,internal_34,3,,,,0,0,
DASYQD01,monophyletic,internal_18,6,,,,0,0,
DASYRM01,monophyletic,internal_26,4,,,,0,0,
DASYRX01,monophyletic,internal_20,7,,,,0,0,
DASYSA01,monophyletic,internal_27,2,,,,0,0,
DASYSL01,monophyletic,internal_22,2,,,,0,0,
DASYTH01,monophyletic,internal_42,5,,,,0,0,
DASYTP01,monophyletic,internal_39,2,,,,0,0,
DASYTV01,monophyletic,internal_31,3,,,,0,0,
DASYVD01,monophyletic,internal_23,3,,,,0,0,
DASYVL01,monophyletic,internal_24,2,,,,0,0,
DASYWJ01,monophyletic,internal_27,3,,,,0,0,
DASYXZ01,monophyletic,internal_24,5,,,,0,0,
DASZBR01,monophyletic,internal_39,3,,,,0,0,
DASZCR01,monophyletic,internal_27,2,,,,0,0,
DASZFV01,monophyletic,internal_30,8,,,,0,0,
DASZHA01,monophyletic,internal_19,2,,,,0,0,
DASZHC01,monophyletic,internal_28,2,,,,0,0,
DASZHJ01,monophyletic,internal_34,12,,,,0,0,
DASZIT01,monophyletic,internal_33,14,,,,0,0,
DASZJY01,monophyletic,internal_29,3,,,,0,0,
DASZPJ01,monophyletic,internal_53,2,,,,0,0,
DASZPK01,monophyletic,internal_30,2,,,,0,0,
DASZQL01,monophyletic,internal_29,2,,,,0,0,
DASZQY01,monophyletic,internal_43,9,,,,0,0,
DASZRZ01,monophyletic,internal_27,3,,,,0,0,
DASZTU01,monophyletic,internal_45,3,,,,0,0,
DASZTV01,monophyletic,internal_27,12,,,,0,0,
DASZUK01,monophyletic,internal_37,5,,,,0,0,
DASZVB01,monophyletic,internal_33,7,,,,0,0,
DASZWJ01,monophyletic,internal_46,2,,,,0,0,
DASZYS01,monophyletic,internal_53,2,,,,0,0,
DATAAP01,monophyletic,internal_33,2,,,,0,0,
DATACN01,monophyletic,internal_28,3,,,,0,0,
DATACQ01,monophyletic,internal_31,5,,,,0,0,
DATADD01,monophyletic,internal_27,2,,,,0,0,
DATADF01,monophyletic,internal_26,2,,,,0,0,
DATADW01,monophyletic,internal_24,6,,,,0,0,
DATAEE01,monophyletic,internal_22,5,,,,0,0,
DATAEG01,monophyletic,internal_34,3,,,,0,0,
DATAES01,monophyletic,internal_32,5,,,,0,0,
DATAEU01,monophyletic,internal_34,3,,,,0,0,
DATAEY01,monophyletic,internal_32,4,,,,0,0,
DATAFF01,monophyletic,internal_38,6,,,,0,0,
DATAFN01,monophyletic,internal_31,2,,,,0,0,
DATAFO01,monophyletic,internal_33,3,,,,0,0,
DATAFT01,monophyletic,internal_20,2,,,,0,0,
DATAGF01,monophyletic,internal_27,7,,,,0,0,
DATAJX01,monophyletic,internal_22,2,,,,0,0,
DATAKE01,monophyletic,internal_37,2,,,,0,0,
DATAMF01,monophyletic,internal_44,2,,,,0,0,
DATAML01,monophyletic,internal_48,4,,,,0,0,
DATAOG01,monophyletic,internal_38,12,,,,0,0,
DATAPE01,monophyletic,internal_25,3,,,,0,0,
DATAQC01,monophyletic,internal_30,9,,,,0,0,
DATARH01,monophyletic,internal_32,54,,,,0,0,
DATARN01,monophyletic,internal_28,2,,,,0,0,
DATARR01,monophyletic,internal_27,41,,,,0,0,
DATASD01,monophyletic,internal_37,4,,,,0,0,
DATATB01,monophyletic,internal_32,2,,,,0,0,
DATATJ01,monophyletic,internal_29,3,,,,0,0,
DATATV01,monophyletic,internal_41,2,,,,0,0,
DATAUD01,monophyletic,internal_34,4,,,,0,0,
DATAUK01,monophyletic,internal_26,5,,,,0,0,
DATAUW01,monophyletic,internal_29,2,,,,0,0,
DATAVB01,monophyletic,internal_32,2,,,,0,0,
DATAVK01,monophyletic,internal_28,2,,,,0,0,
DATAWG01,monophyletic,internal_31,2,,,,0,0,
DATAXI01,monophyletic,internal_29,3,,,,0,0,
DATAXP01,monophyletic,internal_33,3,,,,0,0,
DATAYA01,monophyletic,internal_39,3,,,,0,0,
DATAZK01,monophyletic,internal_29,13,,,,0,0,
DATBAK01,monophyletic,internal_27,3,,,,0,0,
DATBAT01,monophyletic,internal_38,3,,,,0,0,
DATBAX01,monophyletic,internal_39,5,,,,0,0,
DATBDE01,monophyletic,internal_31,2,,,,0,0,
DATBDM01,monophyletic,internal_32,2,,,,0,0,
DATBDN01,monophyletic,internal_27,2,,,,0,0,
DATBDO01,monophyletic,internal_30,2,,,,0,0,
DATBDW01,monophyletic,internal_40,2,,,,0,0,
DATBED01,monophyletic,internal_54,2,,,,0,0,
DATBFU01,monophyletic,internal_23,12,,,,0,0,
DATBFX01,monophyletic,internal_30,2,,,,0,0,
DATBGE01,monophyletic,internal_27,5,,,,0,0,
DATBGO01,monophyletic,internal_34,8,,,,0,0,
DATBGZ01,monophyletic,internal_44,5,,,,0,0,
DATBHM01,monophyletic,internal_28,4,,,,0,0,
DATBHW01,monophyletic,internal_20,4,,,,0,0,
DATBJG01,monophyletic,internal_21,2,,,,0,0,
DATBJJ01,monophyletic,internal_27,13,,,,0,0,
DATBLE01,monophyletic,internal_29,26,,,,0,0,
DATBLQ01,monophyletic,internal_41,4,,,,0,0,
DATBLY01,monophyletic,internal_33,3,,,,0,0,
DATBLZ01,monophyletic,internal_39,2,,,,0,0,
DATBMY01,monophyletic,internal_28,2,,,,0,0,
DATBQN01,monophyletic,internal_25,3,,,,0,0,
DATBRV01,monophyletic,internal_31,3,,,,0,0,
DATBSK01,monophyletic,internal_35,5,,,,0,0,
DATBSL01,monophyletic,internal_26,17,,,,0,0,
DATBVX01,monophyletic,internal_35,12,,,,0,0,
DATCBF01,monophyletic,internal_31,2,,,,0,0,
DATCDE01,monophyletic,internal_33,2,,,,0,0,
DATCHW01,monophyletic,internal_29,2,,,,0,0,
DATCJA01,monophyletic,internal_26,5,,,,0,0,
DATCLA01,monophyletic,internal_24,2,,,,0,0,
DATCLS01,monophyletic,internal_32,4,,,,0,0,
DATCMB01,monophyletic,internal_26,2,,,,0,0,
DATCRE01,monophyletic,internal_50,3,,,,0,0,
DATCSE01,monophyletic,internal_45,2,,,,0,0,
DATCSZ01,monophyletic,internal_41,2,,,,0,0,
DATCTV01,monophyletic,internal_20,4,,,,0,0,
DATCYX01,monophyletic,internal_54,3,,,,0,0,
DATCZB01,monophyletic,internal_39,3,,,,0,0,
DATDAH01,monophyletic,internal_27,10,,,,0,0,
DATDAW01,monophyletic,internal_26,2,,,,0,0,
DATDCY01,monophyletic,internal_16,4,,,,0,0,
DATDDB01,monophyletic,internal_39,3,,,,0,0,
DATDEW01,monophyletic,internal_29,3,,,,0,0,
DATDFB01,monophyletic,internal_27,3,,,,0,0,
DATDGX01,monophyletic,internal_32,2,,,,0,0,
DATDHA01,monophyletic,internal_36,2,,,,0,0,
DATDIC01,monophyletic,internal_44,5,,,,0,0,
DATDJP01,monophyletic,internal_35,2,,,,0,0,
DATDOR01,monophyletic,internal_50,3,,,,0,0,
DATDPM01,monophyletic,internal_33,4,,,,0,0,
DATDPY01,monophyletic,internal_42,3,,,,0,0,
DATDQA01,monophyletic,internal_55,3,,,,0,0,
DATDRS01,monophyletic,internal_40,3,,,,0,0,
DATDSR01,monophyletic,internal_43,4,,,,0,0,
DATDVC01,monophyletic,internal_59,2,,,,0,0,
DATDVH01,monophyletic,internal_29,2,,,,0,0,
DATDVM01,monophyletic,internal_20,2,,,,0,0,
DATDWC01,monophyletic,internal_25,2,,,,0,0,
DATDXD01,monophyletic,internal_37,2,,,,0,0,
DATDYA01,monophyletic,internal_40,3,,,,0,0,
DATDYW01,monophyletic,internal_49,3,,,,0,0,
DATEAV01,monophyletic,internal_43,4,,,,0,0,
DATEBX01,monophyletic,internal_23,2,,,,0,0,
DATEDA01,monophyletic,internal_36,9,,,,0,0,
DATEDP01,monophyletic,internal_23,2,,,,0,0,
DATEEG01,monophyletic,internal_29,6,,,,0,0,
DATEEW01,monophyletic,internal_34,2,,,,0,0,
DATEFF01,monophyletic,internal_32,2,,,,0,0,
DATEGZ01,monophyletic,internal_26,6,,,,0,0,
DATEHG01,monophyletic,internal_26,4,,,,0,0,
DATEJJ01,monophyletic,internal_41,4,,,,0,0,
DATEKX01,monophyletic,internal_29,3,,,,0,0,
DATELY01,monophyletic,internal_34,3,,,,0,0,
DATEMK01,monophyletic,internal_55,2,,,,0,0,
DATEMU01,monophyletic,internal_30,3,,,,0,0,
DATENM01,monophyletic,internal_28,5,,,,0,0,
DATEOR01,monophyletic,internal_29,13,,,,0,0,
DATEPR01,monophyletic,internal_40,12,,,,0,0,
DATESG01,monophyletic,internal_24,4,,,,0,0,
DATEVL01,monophyletic,internal_45,5,,,,0,0,
DATEXQ01,monophyletic,internal_30,2,,,,0,0,
DATFBY01,monophyletic,internal_27,2,,,,0,0,
DATFCK01,monophyletic,internal_31,5,,,,0,0,
DATFDN01,monophyletic,internal_42,11,,,,0,0,
DATFEN01,monophyletic,internal_24,2,,,,0,0,
DATFES01,monophyletic,internal_34,2,,,,0,0,
DATFFO01,monophyletic,internal_30,3,,,,0,0,
DATFGK01,monophyletic,internal_23,3,,,,0,0,
DATFIM01,monophyletic,internal_19,3,,,,0,0,
DATFJC01,monophyletic,internal_37,3,,,,0,0,
DATFJT01,monophyletic,internal_48,2,,,,0,0,
DATFJZ01,monophyletic,internal_27,5,,,,0,0,
DATFKA01,monophyletic,internal_53,3,,,,0,0,
DATFLS01,monophyletic,internal_21,2,,,,0,0,
DATFMH01,monophyletic,internal_31,2,,,,0,0,
DATFML01,monophyletic,internal_32,3,,,,0,0,
DATFMP01,monophyletic,internal_28,2,,,,0,0,
DATFNI01,monophyletic,internal_30,4,,,,0,0,
DATFNV01,monophyletic,internal_29,3,,,,0,0,
DATFPK01,monophyletic,internal_27,2,,,,0,0,
DATFQE01,monophyletic,internal_33,5,,,,0,0,
DATFQI01,monophyletic,internal_30,7,,,,0,0,
DATFRX01,monophyletic,internal_45,4,,,,0,0,
DATFRY01,monophyletic,internal_31,4,,,,0,0,
DATFTE01,monophyletic,internal_35,6,,,,0,0,
DATFTF01,monophyletic,internal_23,3,,,,0,0,
DATFUL01,monophyletic,internal_38,3,,,,0,0,
DATFVA01,monophyletic,internal_36,16,,,,0,0,
DATFVB01,monophyletic,internal_18,4,,,,0,0,
DATFVJ01,monophyletic,internal_30,7,,,,0,0,
DATFWC01,monophyletic,internal_51,3,,,,0,0,
DATFZA01,monophyletic,internal_32,2,,,,0,0,
DATGCT01,monophyletic,internal_50,4,,,,0,0,
DATGFB01,monophyletic,internal_39,2,,,,0,0,
DATGFK01,monophyletic,internal_42,2,,,,0,0,
DATGJU01,monophyletic,internal_28,3,,,,0,0,
DATGJV01,monophyletic,internal_23,2,,,,0,0,
DATGJX01,monophyletic,internal_26,8,,,,0,0,
DATGKG01,monophyletic,internal_32,10,,,,0,0,
DATGMB01,monophyletic,internal_37,3,,,,0,0,
DATGMS01,monophyletic,internal_44,5,,,,0,0,
DATGPD01,monophyletic,internal_34,3,,,,0,0,
DATGQT01,monophyletic,internal_34,2,,,,0,0,
DATGSL01,monophyletic,internal_25,2,,,,0,0,
DATGVV01,monophyletic,internal_19,2,,,,0,0,
DATGXB01,monophyletic,internal_34,2,,,,0,0,
DATHAP01,monophyletic,internal_39,2,,,,0,0,
DATHBR01,monophyletic,internal_33,2,,,,0,0,
DATHGT01,monophyletic,internal_27,2,,,,0,0,
DATHKG01,monophyletic,internal_49,3,,,,0,0,
DATHNF01,monophyletic,internal_56,2,,,,0,0,
DATHRK01,monophyletic,internal_21,3,,,,0,0,
DATHSY01,monophyletic,internal_34,2,,,,0,0,
DATHTC01,monophyletic,internal_30,5,,,,0,0,
DATHTS01,monophyletic,internal_28,4,,,,0,0,
DATHWB01,monophyletic,internal_31,8,,,,0,0,
DATHWI01,monophyletic,internal_27,2,,,,0,0,
DATHXC01,monophyletic,internal_43,3,,,,0,0,
DATHYU01,monophyletic,internal_26,2,,,,0,0,
DATHYZ01,monophyletic,internal_25,2,,,,0,0,
DATHZQ01,monophyletic,internal_28,4,,,,0,0,
DATIBQ01,monophyletic,internal_50,2,,,,0,0,
DATIGJ01,monophyletic,internal_38,3,,,,0,0,
DATIHF01,monophyletic,internal_25,2,,,,0,0,
DATIHT01,monophyletic,internal_28,2,,,,0,0,
DATIJJ01,monophyletic,internal_47,5,,,,0,0,
DATIJP01,monophyletic,internal_21,3,,,,0,0,
DATIKD01,monophyletic,internal_44,3,,,,0,0,
DATIRA01,monophyletic,internal_33,3,,,,0,0,
DATIUV01,monophyletic,internal_43,3,,,,0,0,
DATIVK01,monophyletic,internal_25,3,,,,0,0,
DATIWD01,monophyletic,internal_24,2,,,,0,0,
DATIXJ01,monophyletic,internal_40,2,,,,0,0,
DATIYW01,monophyletic,internal_22,2,,,,0,0,
DATJBF01,monophyletic,internal_21,2,,,,0,0,
DATJCV01,monophyletic,internal_34,5,,,,0,0,
DATJFQ01,monophyletic,internal_26,2,,,,0,0,
DATJGR01,monophyletic,internal_49,13,,,,0,0,
DATJGS01,monophyletic,internal_28,2,,,,0,0,
DATJGY01,monophyletic,internal_36,2,,,,0,0,
DATJHM01,monophyletic,internal_28,2,,,,0,0,
DATJIG01,monophyletic,internal_33,2,,,,0,0,
DATJKD01,monophyletic,internal_31,5,,,,0,0,
DATJLY01,monophyletic,internal_37,10,,,,0,0,
DATJMJ01,monophyletic,internal_30,3,,,,0,0,
DATJNI01,monophyletic,internal_49,2,,,,0,0,
DATJOJ01,monophyletic,internal_37,2,,,,0,0,
DATJOQ01,monophyletic,internal_29,3,,,,0,0,
DATJPD01,monophyletic,internal_34,2,,,,0,0,
DATJPR01,monophyletic,internal_40,4,,,,0,0,
DATJPW01,monophyletic,internal_24,5,,,,0,0,
DATJQA01,monophyletic,internal_51,5,,,,0,0,
DATJTR01,monophyletic,internal_31,2,,,,0,0,
DATJUC01,monophyletic,internal_26,2,,,,0,0,
DATJUF01,monophyletic,internal_34,2,,,,0,0,
DATJYL01,monophyletic,internal_32,3,,,,0,0,
DATJZG01,monophyletic,internal_24,3,,,,0,0,
DATJZH01,monophyletic,internal_36,2,,,,0,0,
DATKAB01,monophyletic,internal_28,2,,,,0,0,
DATKAS01,monophyletic,internal_24,11,,,,0,0,
DATKAT01,monophyletic,internal_23,2,,,,0,0,
DATKBG01,monophyletic,internal_28,2,,,,0,0,
DATKCF01,monophyletic,internal_30,2,,,,0,0,
DATKCT01,monophyletic,internal_26,2,,,,0,0,
DATKCV01,monophyletic,internal_26,2,,,,0,0,
DATKDF01,monophyletic,internal_26,2,,,,0,0,
DATKDU01,monophyletic,internal_42,2,,,,0,0,
DATKEG01,monophyletic,internal_24,2,,,,0,0,
DATKEJ01,monophyletic,internal_32,2,,,,0,0,
DATKEK01,monophyletic,internal_46,2,,,,0,0,
DATKEU01,monophyletic,internal_30,5,,,,0,0,
DATKFM01,monophyletic,internal_34,5,,,,0,0,
DATKGL01,monophyletic,internal_37,2,,,,0,0,
DATKGN01,monophyletic,internal_35,3,,,,0,0,
DATKGQ01,monophyletic,internal_38,3,,,,0,0,
DATKGX01,monophyletic,internal_37,5,,,,0,0,
DATKHE01,monophyletic,internal_58,3,,,,0,0,
DATKHR01,monophyletic,internal_33,5,,,,0,0,
DATKIY01,monophyletic,internal_34,2,,,,0,0,
DATKJG01,monophyletic,internal_33,2,,,,0,0,
DATKJS01,monophyletic,internal_29,8,,,,0,0,
DATKJY01,monophyletic,internal_31,3,,,,0,0,
DATKKM01,monophyletic,internal_34,9,,,,0,0,
DATKKX01,monophyletic,internal_32,2,,,,0,0,
DATKLL01,monophyletic,internal_28,3,,,,0,0,
DATKLQ01,monophyletic,internal_37,4,,,,0,0,
DATKMG01,monophyletic,internal_22,2,,,,0,0,
DATKMP01,monophyletic,internal_38,2,,,,0,0,
DATKMS01,monophyletic,internal_31,2,,,,0,0,
DATKNA01,monophyletic,internal_41,6,,,,0,0,
DATKOH01,monophyletic,internal_30,6,,,,0,0,
DATKPA01,monophyletic,internal_26,2,,,,0,0,
DATKPE01,monophyletic,internal_39,3,,,,0,0,
DATKQD01,monophyletic,internal_18,2,,,,0,0,
DATKQJ01,monophyletic,internal_17,2,,,,0,0,
DATKQY01,monophyletic,internal_32,2,,,,0,0,
DATKRB01,monophyletic,internal_36,3,,,,0,0,
DATKSN01,monophyletic,internal_35,2,,,,0,0,
DATKSS01,monophyletic,internal_27,4,,,,0,0,
DATKUA01,monophyletic,internal_16,2,,,,0,0,
DATKUC01,monophyletic,internal_19,5,,,,0,0,
DATKUK01,monophyletic,internal_26,2,,,,0,0,
DATKVW01,monophyletic,internal_41,2,,,,0,0,
DATKWD01,monophyletic,internal_30,2,,,,0,0,
DATKWS01,monophyletic,internal_23,2,,,,0,0,
DATKWU01,monophyletic,internal_31,2,,,,0,0,
DATKYK01,monophyletic,internal_36,2,,,,0,0,
DATKYL01,monophyletic,internal_23,2,,,,0,0,
DATKYQ01,monophyletic,internal_23,3,,,,0,0,
DATKZH01,monophyletic,internal_33,3,,,,0,0,
DATKZM01,monophyletic,internal_35,3,,,,0,0,
DATLCI01,monophyletic,internal_27,2,,,,0,0,
DATLDE01,monophyletic,internal_40,5,,,,0,0,
DATLED01,monophyletic,internal_31,7,,,,0,0,
DATLEX01,monophyletic,internal_30,3,,,,0,0,
DATLFA01,monophyletic,internal_32,3,,,,0,0,
DATLFF01,monophyletic,internal_18,2,,,,0,0,
DATLFN01,monophyletic,internal_35,3,,,,0,0,
DATLFP01,monophyletic,internal_28,2,,,,0,0,
DATLGB01,monophyletic,internal_27,13,,,,0,0,
DATLGD01,monophyletic,internal_27,4,,,,0,0,
DATLGH01,monophyletic,internal_28,2,,,,0,0,
DATLGQ01,monophyletic,internal_30,2,,,,0,0,
DATLHW01,monophyletic,internal_36,2,,,,0,0,
DATLLJ01,monophyletic,internal_28,4,,,,0,0,
DATLLN01,monophyletic,internal_26,4,,,,0,0,
DATLMR01,monophyletic,internal_26,3,,,,0,0,
DATLNF01,monophyletic,internal_30,4,,,,0,0,
DATLNM01,monophyletic,internal_26,2,,,,0,0,
DATLRC01,monophyletic,internal_46,2,,,,0,0,
DATLSM01,monophyletic,internal_34,3,,,,0,0,
DATLTG01,monophyletic,internal_52,2,,,,0,0,
DATLTV01,monophyletic,internal_53,3,,,,0,0,
DATLWA01,monophyletic,internal_28,2,,,,0,0,
DATLWN01,monophyletic,internal_20,4,,,,0,0,
DATLXT01,monophyletic,internal_23,2,,,,0,0,
DATLYB01,monophyletic,internal_41,2,,,,0,0,
DATLYJ01,monophyletic,internal_29,2,,,,0,0,
DATLYR01,monophyletic,internal_29,2,,,,0,0,
DATLZB01,monophyletic,internal_40,2,,,,0,0,
DATLZC01,monophyletic,internal_29,3,,,,0,0,
DATLZM01,monophyletic,internal_26,3,,,,0,0,
DATLZU01,monophyletic,internal_28,5,,,,0,0,
DATMAB01,monophyletic,internal_25,2,,,,0,0,
DATMAF01,monophyletic,internal_23,2,,,,0,0,
DATMAM01,monophyletic,internal_21,3,,,,0,0,
DATMBL01,monophyletic,internal_26,2,,,,0,0,
DATMER01,monophyletic,internal_28,11,,,,0,0,
DATMFV01,monophyletic,internal_28,6,,,,0,0,
DATMHT01,monophyletic,internal_22,2,,,,0,0,
DATMML01,monophyletic,internal_25,2,,,,0,0,
DATMMS01,monophyletic,internal_17,2,,,,0,0,
DATMNI01,monophyletic,internal_37,2,,,,0,0,
DATMNR01,monophyletic,internal_26,4,,,,0,0,
DATMOV01,monophyletic,internal_44,2,,,,0,0,
DATMXP01,monophyletic,internal_27,3,,,,0,0,
DATMXS01,monophyletic,internal_26,2,,,,0,0,
DATMXT01,monophyletic,internal_34,3,,,,0,0,
DATNBT01,monophyletic,internal_29,2,,,,0,0,
DATNBU01,monophyletic,internal_26,6,,,,0,0,
DATNIB01,monophyletic,internal_33,2,,,,0,0,
DATNNN01,monophyletic,internal_42,2,,,,0,0,
DATNPC01,monophyletic,internal_30,2,,,,0,0,
DATNQJ01,monophyletic,internal_17,2,,,,0,0,
DATNQN01,monophyletic,internal_27,2,,,,0,0,
DB1,monophyletic,internal_29,5,,,,0,0,
DBGGTD01,monophyletic,internal_27,3,,,,0,0,
DC-out156,monophyletic,internal_48,2,,,,0,0,
DC-out160,monophyletic,internal_35,2,,,,0,0,
DCFW01,monophyletic,internal_70,2,,,,0,0,
DCGR01,monophyletic,internal_65,2,,,,0,0,
DCRR01,monophyletic,internal_58,3,,,,0,0,
DDH964,monophyletic,internal_28,3,,,,0,0,
DDPF01,monophyletic,internal_49,10,,,,0,0,
DFVG01,monophyletic,internal_54,2,,,,0,0,
DFXE01,monophyletic,internal_70,22,,,,0,0,
DG-27,monophyletic,internal_19,3,,,,0,0,
DG-74-1,monophyletic,internal_42,2,,,,0,0,
DIGJ01,monophyletic,internal_39,5,,,,0,0,
DLAJ01,monophyletic,internal_51,8,,,,0,0,
DMER64,monophyletic,internal_61,20,,,,0,0,
DMST01,monophyletic,internal_38,2,,,,0,0,
DNVW01,monophyletic,internal_46,2,,,,0,0,
DOZZ01,monophyletic,internal_30,2,,,,0,0,
DP-19,monophyletic,internal_26,6,,,,0,0,
DP-20,monophyletic,internal_31,31,,,,0,0,
DP-23,monophyletic,internal_27,2,,,,0,0,
DP-3,monophyletic,internal_25,3,,,,0,0,
DP-36,monophyletic,internal_26,2,,,,0,0,
DP-6,monophyletic,internal_27,2,,,,0,0,
DP16D-bin41,monophyletic,internal_24,4,,,,0,0,
DPVY01,monophyletic,internal_27,2,,,,0,0,
DQTL01,monophyletic,internal_45,8,,,,0,0,
DQVG01,monophyletic,internal_18,2,,,,0,0,
DQWO01,monophyletic,internal_20,4,,,,0,0,
DRBW01,monophyletic,internal_20,2,,,,0,0,
DRGV01,monophyletic,internal_15,2,,,,0,0,
DRHE01,monophyletic,internal_20,2,,,,0,0,
DRHN01,monophyletic,internal_13,2,,,,0,0,
DRJH01,monophyletic,internal_23,3,,,,0,0,
DRJJ01,monophyletic,internal_32,2,,,,0,0,
DRKF01,monophyletic,internal_36,2,,,,0,0,
DRKI01,monophyletic,internal_27,3,,,,0,0,
DRKV01,monophyletic,internal_46,5,,,,0,0,
DRLX01,monophyletic,internal_27,13,,,,0,0,
DRLZ01,monophyletic,internal_30,4,,,,0,0,
DRMK01,monophyletic,internal_35,9,,,,0,0,
DRMV01,monophyletic,internal_44,9,,,,0,0,
DRNA01,monophyletic,internal_37,2,,,,0,0,
DROE01,monophyletic,internal_34,9,,,,0,0,
DRPG01,monophyletic,internal_31,5,,,,0,0,
DRPN01,monophyletic,internal_59,11,,,,0,0,
DRQE01,monophyletic,internal_27,3,,,,0,0,
DRQF01,monophyletic,internal_25,2,,,,0,0,
DRQN01,monophyletic,internal_37,8,,,,0,0,
DRQV01,monophyletic,internal_36,6,,,,0,0,
DRTC01,monophyletic,internal_27,2,,,,0,0,
DRVG01,monophyletic,internal_12,3,,,,0,0,
DRWP01,monophyletic,internal_41,3,,,,0,0,
DRWZ01,monophyletic,internal_19,2,,,,0,0,
DRYD01,monophyletic,internal_14,7,,,,0,0,
DSAD01,monophyletic,internal_24,5,,,,0,0,
DSAR01,monophyletic,internal_42,2,,,,0,0,
DSBG01,monophyletic,internal_24,2,,,,0,0,
DSBN01,monophyletic,internal_25,10,,,,0,0,
DSBX01,monophyletic,internal_25,5,,,,0,0,
DSCS01,monophyletic,internal_8,3,,,,0,0,
DSDU01,monophyletic,internal_30,3,,,,0,0,
DSFT01,monophyletic,internal_21,5,,,,0,0,
DSGC01,monophyletic,internal_22,3,,,,0,0,
DSM-111022,monophyletic,internal_44,4,,,,0,0,
DSM-29435,monophyletic,internal_47,4,,,,0,0,
DSNY01,monophyletic,internal_31,6,,,,0,0,
DSOI01,monophyletic,internal_33,3,,,,0,0,
DSOS01,monophyletic,internal_49,2,,,,0,0,
DSOT01,monophyletic,internal_46,9,,,,0,0,
DSPM01,monophyletic,internal_30,2,,,,0,0,
DSPP01,monophyletic,internal_20,3,,,,0,0,
DSQQ01,monophyletic,internal_35,6,,,,0,0,
DSRU01,monophyletic,internal_28,2,,,,0,0,
DSSB01,monophyletic,internal_23,5,,,,0,0,
DSSM01,monophyletic,internal_32,3,,,,0,0,
DSUN01,monophyletic,internal_22,3,,,,0,0,
DSVQ01,monophyletic,internal_30,10,,,,0,0,
DSVR01,monophyletic,internal_18,2,,,,0,0,
DSVZ01,monophyletic,internal_29,10,,,,0,0,
DSWT01,monophyletic,internal_41,12,,,,0,0,
DSXF01,monophyletic,internal_47,2,,,,0,0,
DSXH01,monophyletic,internal_38,9,,,,0,0,
DSYF01,monophyletic,internal_32,3,,,,0,0,
DSYL01,monophyletic,internal_16,3,,,,0,0,
DSYU01,monophyletic,internal_51,8,,,,0,0,
DT-110,monophyletic,internal_53,3,,,,0,0,
DT-111,monophyletic,internal_52,6,,,,0,0,
DT-14,monophyletic,internal_20,3,,,,0,0,
DT-38,monophyletic,internal_39,2,,,,0,0,
DT-68,monophyletic,internal_26,3,,,,0,0,
DT-89,monophyletic,internal_32,2,,,,0,0,
DTDR01,monophyletic,internal_21,6,,,,0,0,
DTER01,monophyletic,internal_20,11,,,,0,0,
DTFZ01,monophyletic,internal_36,6,,,,0,0,
DTGQ01,monophyletic,internal_20,3,,,,0,0,
DTHB01,monophyletic,internal_29,2,,,,0,0,
DTHP01,monophyletic,internal_25,2,,,,0,0,
DTHT01,monophyletic,internal_26,5,,,,0,0,
DTIX01,monophyletic,internal_31,3,,,,0,0,
DTJG01,monophyletic,internal_20,12,,,,0,0,
DTKD01,monophyletic,internal_26,7,,,,0,0,
DTKV01,monophyletic,internal_24,2,,,,0,0,
DTKY01,monophyletic,internal_31,2,,,,0,0,
DTKZ01,monophyletic,internal_18,5,,,,0,0,
DTLA01,monophyletic,internal_26,5,,,,0,0,
DTLC01,monophyletic,internal_34,2,,,,0,0,
DTLM01,monophyletic,internal_32,3,,,,0,0,
DTNP01,monophyletic,internal_27,2,,,,0,0,
DTOV01,monophyletic,internal_24,4,,,,0,0,
DTPS01,monophyletic,internal_16,4,,,,0,0,
DTPU01,monophyletic,internal_39,3,,,,0,0,
DTSJ01,monophyletic,internal_17,2,,,,0,0,
DTSX01,monophyletic,internal_36,3,,,,0,0,
DTU010,monophyletic,internal_31,6,,,,0,0,
DTU012,monophyletic,internal_26,5,,,,0,0,
DTU013,monophyletic,internal_42,12,,,,0,0,
DTU015,monophyletic,internal_29,7,,,,0,0,
DTU018,monophyletic,internal_39,5,,,,0,0,
DTU019,monophyletic,internal_39,5,,,,0,0,
DTU024,monophyletic,internal_39,12,,,,0,0,
DTU029,monophyletic,internal_23,3,,,,0,0,
DTU030,monophyletic,internal_21,3,,,,0,0,
DTU032,monophyletic,internal_34,7,,,,0,0,
DTU036,monophyletic,internal_34,5,,,,0,0,
DTU049,monophyletic,internal_54,7,,,,0,0,
DTU052,monophyletic,internal_32,6,,,,0,0,
DTU053,monophyletic,internal_46,2,,,,0,0,
DTU059,monophyletic,internal_38,26,,,,0,0,
DTU063,monophyletic,internal_26,3,,,,0,0,
DTU064,monophyletic,internal_40,19,,,,0,0,
DTU065,monophyletic,internal_21,2,,,,0,0,
DTU067,monophyletic,internal_23,3,,,,0,0,
DTU068,monophyletic,internal_31,5,,,,0,0,
DTU069,monophyletic,internal_37,4,,,,0,0,
DTU072,monophyletic,internal_38,6,,,,0,0,
DTU074,monophyletic,internal_24,3,,,,0,0,
DTU078,monophyletic,internal_42,4,,,,0,0,
DTU080,monophyletic,internal_25,3,,,,0,0,
DTU083,monophyletic,internal_28,2,,,,0,0,
DTU087,monophyletic,internal_23,5,,,,0,0,
DTU089,monophyletic,internal_42,98,,,,0,0,
DTU098,monophyletic,internal_34,5,,,,0,0,
DTWD01,monophyletic,internal_30,5,,,,0,0,
DTYU01,monophyletic,internal_31,3,,,,0,0,
DUAG01,monophyletic,internal_30,3,,,,0,0,
DUAL01,monophyletic,internal_38,9,,,,0,0,
DUBZ01,monophyletic,internal_35,6,,,,0,0,
DUCM01,monophyletic,internal_38,2,,,,0,0,
DUEC01,monophyletic,internal_48,3,,,,0,0,
DUEF01,monophyletic,internal_36,2,,,,0,0,
DUEL01,monophyletic,internal_35,3,,,,0,0,
DUEN01,monophyletic,internal_29,3,,,,0,0,
DUES01,monophyletic,internal_39,3,,,,0,0,
DUEZ01,monophyletic,internal_48,5,,,,0,0,
DULK01,monophyletic,internal_31,3,,,,0,0,
DULO01,monophyletic,internal_31,4,,,,0,0,
DUMC01,monophyletic,internal_39,2,,,,0,0,
DUMJ01,monophyletic,internal_15,6,,,,0,0,
DUML01,monophyletic,internal_31,2,,,,0,0,
DUMP01,monophyletic,internal_21,3,,,,0,0,
DUMU01,monophyletic,internal_24,3,,,,0,0,
DUNF01,monophyletic,internal_22,3,,,,0,0,
DUNI01,monophyletic,internal_21,4,,,,0,0,
DUNJ01,monophyletic,internal_34,3,,,,0,0,
DUNV01,monophyletic,internal_27,5,,,,0,0,
DUNY01,monophyletic,internal_26,3,,,,0,0,
DUOD01,monophyletic,internal_21,2,,,,0,0,
DUOH01,monophyletic,internal_21,2,,,,0,0,
DUOJ01,monophyletic,internal_32,2,,,,0,0,
DUOL01,monophyletic,internal_57,3,,,,0,0,
DUOT01,monophyletic,internal_21,2,,,,0,0,
DUOX01,monophyletic,internal_41,2,,,,0,0,
DUPG01,monophyletic,internal_40,2,,,,0,0,
DUPH01,monophyletic,internal_29,7,,,,0,0,
DUPI01,monophyletic,internal_27,8,,,,0,0,
DUPJ01,monophyletic,internal_32,2,,,,0,0,
DUPK01,monophyletic,internal_39,6,,,,0,0,
DUPL01,monophyletic,internal_31,2,,,,0,0,
DUPM01,monophyletic,internal_35,2,,,,0,0,
DUPQ01,monophyletic,internal_30,8,,,,0,0,
DUPT01,monophyletic,internal_33,2,,,,0,0,
DUPU01,monophyletic,internal_27,2,,,,0,0,
DUPX01,monophyletic,internal_24,2,,,,0,0,
DUQS01,monophyletic,internal_68,2,,,,0,0,
DUQU01,monophyletic,internal_21,6,,,,0,0,
DUQW01,monophyletic,internal_22,6,,,,0,0,
DUQX01,monophyletic,internal_28,4,,,,0,0,
DUSC01,monophyletic,internal_51,4,,,,0,0,
DUSS01,monophyletic,internal_26,3,,,,0,0,
DUTS01,monophyletic,internal_26,3,,,,0,0,
DUUE01,monophyletic,internal_28,3,,,,0,0,
DUUG01,monophyletic,internal_36,2,,,,0,0,
DUUI01,monophyletic,internal_24,6,,,,0,0,
DUUS01,monophyletic,internal_22,14,,,,0,0,
DUUT01,monophyletic,internal_32,2,,,,0,0,
DUVM01,monophyletic,internal_34,3,,,,0,0,
DUVQ01,monophyletic,internal_33,3,,,,0,0,
DUVT01,monophyletic,internal_22,3,,,,0,0,
DUVY01,monophyletic,internal_31,7,,,,0,0,
DUZB01,monophyletic,internal_31,4,,,,0,0,
DUZF01,monophyletic,internal_34,5,,,,0,0,
DUZI01,monophyletic,internal_26,4,,,,0,0,
DUZK01,monophyletic,internal_31,2,,,,0,0,
DVED01,monophyletic,internal_29,2,,,,0,0,
DVEF01,monophyletic,internal_32,2,,,,0,0,
DVEG01,monophyletic,internal_25,2,,,,0,0,
DXYV01,monophyletic,internal_51,2,,,,0,0,
DYCT01,monophyletic,internal_68,2,,,,0,0,
DYEC01,monophyletic,internal_50,2,,,,0,0,
DYEP01,monophyletic,internal_24,2,,,,0,0,
DYFA01,monophyletic,internal_21,2,,,,0,0,
DYFC01,monophyletic,internal_35,6,,,,0,0,
DYFT01,monophyletic,internal_36,2,,,,0,0,
DYFX01,monophyletic,internal_35,13,,,,0,0,
DYGA01,monophyletic,internal_29,3,,,,0,0,
DYGC01,monophyletic,internal_28,2,,,,0,0,
DYGG01,monophyletic,internal_26,2,,,,0,0,
DYGI01,monophyletic,internal_46,3,,,,0,0,
DYGS01,monophyletic,internal_36,2,,,,0,0,
DYGT01,monophyletic,internal_35,2,,,,0,0,
DYGX01,monophyletic,internal_41,6,,,,0,0,
DYHD01,monophyletic,internal_27,8,,,,0,0,
DYIB01,monophyletic,internal_40,2,,,,0,0,
DYIU01,monophyletic,internal_22,2,,,,0,0,
DYJB01,monophyletic,internal_45,5,,,,0,0,
DYJD01,monophyletic,internal_26,3,,,,0,0,
DYJE01,monophyletic,internal_25,3,,,,0,0,
DYJF01,monophyletic,internal_22,2,,,,0,0,
DYJK01,monophyletic,internal_38,4,,,,0,0,
DYJU01,monophyletic,internal_16,2,,,,0,0,
DYKF01,monophyletic,internal_13,2,,,,0,0,
DYKG01,monophyletic,internal_12,6,,,,0,0,
DYKK01,monophyletic,internal_31,2,,,,0,0,
DYLE01,monophyletic,internal_26,2,,,,0,0,
DYLV01,monophyletic,internal_13,4,,,,0,0,
DYLW01,monophyletic,internal_11,2,,,,0,0,
DYMC01,monophyletic,internal_25,4,,,,0,0,
DYMG01,monophyletic,internal_56,2,,,,0,0,
DYOB01,monophyletic,internal_14,2,,,,0,0,
DYOH01,monophyletic,internal_55,2,,,,0,0,
DYOJ01,monophyletic,internal_60,2,,,,0,0,
DYPW01,monophyletic,internal_32,2,,,,0,0,
DYQY01,monophyletic,internal_16,4,,,,0,0,
DYRB01,monophyletic,internal_37,5,,,,0,0,
DYRC01,monophyletic,internal_34,2,,,,0,0,
DYRG01,monophyletic,internal_29,2,,,,0,0,
DYTH01,monophyletic,internal_32,4,,,,0,0,
DZBG01,monophyletic,internal_29,2,,,,0,0,
DZBS01,monophyletic,internal_61,2,,,,0,0,
Dactylosporangium,monophyletic,internal_41,31,,,,0,0,
Daejeonella,monophyletic,internal_56,55,,,,0,0,
Damh-18,monophyletic,internal_57,21,,,,0,0,
Danxiaibacter,monophyletic,internal_52,2,,,,0,0,
Darwinimomas,monophyletic,internal_44,7,,,,0,0,
Dasania,monophyletic,internal_41,3,,,,0,0,
Dasytiphilus,monophyletic,internal_46,16,,,,0,0,
Deefgea,monophyletic,internal_41,10,,,,0,0,
Deferribacter,monophyletic,internal_18,4,,,,0,0,
Deferrimicrobium,monophyletic,internal_22,29,,,,0,0,
Deferrisoma,monophyletic,internal_23,4,,,,0,0,
Deferrivibrio,monophyletic,internal_19,3,,,,0,0,
Defluviibacillus,monophyletic,internal_44,4,,,,0,0,
Defluviicoccus,monophyletic,internal_38,19,,,,0,0,
Defluviilinea,monophyletic,internal_54,82,,,,0,0,
Defluviitalea,monophyletic,internal_31,3,,,,0,0,
Defluviitoga,monophyletic,internal_22,2,,,,0,0,
Dehalobacter,monophyletic,internal_29,5,,,,0,0,
Dehalobacterium,monophyletic,internal_27,2,,,,0,0,
Dehalococcoides,monophyletic,internal_38,3,,,,0,0,
Dehalogenimonas,monophyletic,internal_38,11,,,,0,0,
Deinococcus,monophyletic,internal_21,113,,,,0,0,
Deinococcus_A,monophyletic,internal_19,4,,,,0,0,
Deinococcus_C,monophyletic,internal_20,3,,,,0,0,
Dellaglioa,monophyletic,internal_38,2,,,,0,0,
Delta-02,monophyletic,internal_24,20,,,,0,0,
Demequina,monophyletic,internal_41,64,,,,0,0,
Deminuibacter,monophyletic,internal_50,2,,,,0,0,
Dendronalium,monophyletic,internal_36,2,,,,0,0,
Denitratimonas,monophyletic,internal_34,13,,,,0,0,
Denitratisoma,monophyletic,internal_41,3,,,,0,0,
Denitrificimonas,monophyletic,internal_45,22,,,,0,0,
Denitrobacterium,monophyletic,internal_31,3,,,,0,0,
Denitrobaculum,monophyletic,internal_36,6,,,,0,0,
Denitrolinea,monophyletic,internal_51,14,,,,0,0,
Denitrovibrio,monophyletic,internal_18,4,,,,0,0,
Dermabacter,monophyletic,internal_43,7,,,,0,0,
Dermacoccus,monophyletic,internal_42,2,,,,0,0,
Dermatobacter,monophyletic,internal_38,9,,,,0,0,
Dermatophilus,monophyletic,internal_41,4,,,,0,0,
Derxia,monophyletic,internal_28,2,,,,0,0,
Desemzia,monophyletic,internal_39,3,,,,0,0,
Desertibaculum,monophyletic,internal_36,2,,,,0,0,
Desertifilum,monophyletic,internal_21,2,,,,0,0,
Desertihabitans,monophyletic,internal_42,2,,,,0,0,
Desertimonas,monophyletic,internal_36,9,,,,0,0,
Desertivirga,monophyletic,internal_61,4,,,,0,0,
Desmospora,monophyletic,internal_30,2,,,,0,0,
Desulfacinum,monophyletic,internal_27,3,,,,0,0,
Desulfacyla,monophyletic,internal_32,6,,,,0,0,
Desulfaltia,monophyletic,internal_35,9,,,,0,0,
Desulfamplus,monophyletic,internal_27,14,,,,0,0,
Desulfarculus,monophyletic,internal_28,2,,,,0,0,
Desulfatibacillum,monophyletic,internal_32,3,,,,0,0,
Desulfatibia_A,monophyletic,internal_30,5,,,,0,0,
Desulfatifera,monophyletic,internal_24,2,,,,0,0,
Desulfatiglans,monophyletic,internal_27,2,,,,0,0,
Desulfatirhabdium,monophyletic,internal_31,3,,,,0,0,
Desulfatitalea,monophyletic,internal_36,14,,,,0,0,
Desulfitibacter,monophyletic,internal_27,3,,,,0,0,
Desulfitobacterium,monophyletic,internal_31,7,,,,0,0,
Desulfitobacterium_A,monophyletic,internal_30,4,,,,0,0,
Desulfobacca,monophyletic,internal_26,9,,,,0,0,
Desulfobacca_B,monophyletic,internal_25,4,,,,0,0,
Desulfobacillus,monophyletic,internal_40,28,,,,0,0,
Desulfobacter,monophyletic,internal_30,25,,,,0,0,
Desulfobacula,monophyletic,internal_27,51,,,,0,0,
Desulfobaculum,monophyletic,internal_23,3,,,,0,0,
Desulfobia,monophyletic,internal_28,2,,,,0,0,
Desulfobotulus,monophyletic,internal_24,4,,,,0,0,
Desulfobulbus,monophyletic,internal_29,46,,,,0,0,
Desulfobulbus_C,monophyletic,internal_28,8,,,,0,0,
Desulfocapsa,monophyletic,internal_24,30,,,,0,0,
Desulfocarbo,monophyletic,internal_27,4,,,,0,0,
Desulfocicer,monophyletic,internal_26,6,,,,0,0,
Desulfococcus,monophyletic,internal_33,3,,,,0,0,
Desulfocorpusculum,monophyletic,internal_24,3,,,,0,0,
Desulfocucumis,monophyletic,internal_32,4,,,,0,0,
Desulfocurvibacter,monophyletic,internal_23,3,,,,0,0,
Desulfocurvus,monophyletic,internal_24,3,,,,0,0,
Desulfoferrobacter,monophyletic,internal_30,3,,,,0,0,
Desulfoferula,monophyletic,internal_28,11,,,,0,0,
Desulfofundulus,monophyletic,internal_33,7,,,,0,0,
Desulfofustis,monophyletic,internal_30,6,,,,0,0,
Desulfogranum,monophyletic,internal_29,8,,,,0,0,
Desulfohalobium,monophyletic,internal_21,2,,,,0,0,
Desulfolinea,monophyletic,internal_50,16,,,,0,0,
Desulfoluna,monophyletic,internal_24,7,,,,0,0,
Desulfolutivibrio,monophyletic,internal_22,5,,,,0,0,
Desulfomarina,monophyletic,internal_30,8,,,,0,0,
Desulfomicrobium,monophyletic,internal_23,25,,,,0,0,
Desulfomonile,monophyletic,internal_24,4,,,,0,0,
Desulfonatronospira,monophyletic,internal_22,8,,,,0,0,
Desulfonatronovibrio,monophyletic,internal_23,9,,,,0,0,
Desulfonatronum,monophyletic,internal_18,9,,,,0,0,
Desulfonauticus,monophyletic,internal_21,3,,,,0,0,
Desulfopertinax,monophyletic,internal_32,3,,,,0,0,
Desulfopila,monophyletic,internal_27,8,,,,0,0,
Desulfopila_A,monophyletic,internal_25,10,,,,0,0,
Desulfoplanes,monophyletic,internal_22,3,,,,0,0,
Desulfoprunum,monophyletic,internal_27,9,,,,0,0,
Desulforadius,monophyletic,internal_32,3,,,,0,0,
Desulforapulum,monophyletic,internal_27,8,,,,0,0,
Desulforhabdus,monophyletic,internal_30,3,,,,0,0,
Desulforhopalus,monophyletic,internal_29,3,,,,0,0,
Desulforhopalus_A,monophyletic,internal_30,46,,,,0,0,
Desulforudis,monophyletic,internal_32,3,,,,0,0,
Desulfosalsimonas,monophyletic,internal_25,16,,,,0,0,
Desulfosarcina,monophyletic,internal_35,31,,,,0,0,
Desulfosoma,monophyletic,internal_27,4,,,,0,0,
Desulfospira,monophyletic,internal_30,3,,,,0,0,
Desulfosporosinus,monophyletic,internal_29,42,,,,0,0,
Desulfosudis,monophyletic,internal_24,3,,,,0,0,
Desulfotalea,monophyletic,internal_28,2,,,,0,0,
Desulfothermus,monophyletic,internal_23,5,,,,0,0,
Desulfotignum,monophyletic,internal_30,22,,,,0,0,
Desulfotomaculum,monophyletic,internal_31,11,,,,0,0,
Desulfotruncus,monophyletic,internal_32,2,,,,0,0,
Desulfovermiculus,monophyletic,internal_25,7,,,,0,0,
Desulfovibrio,monophyletic,internal_31,111,,,,0,0,
Desulfovibrio_Q,monophyletic,internal_24,2,,,,0,0,
Desulfovulcanus,monophyletic,internal_21,2,,,,0,0,
Desulfurella,monophyletic,internal_18,6,,,,0,0,
Desulfurivibrio,monophyletic,internal_26,9,,,,0,0,
Desulfurobacterium,monophyletic,internal_23,3,,,,0,0,
Desulfurobacterium_A,monophyletic,internal_22,4,,,,0,0,
Desulfurobacterium_B,monophyletic,internal_22,2,,,,0,0,
Desulfuromonas,monophyletic,internal_28,13,,,,0,0,
Desulfuromusa,monophyletic,internal_34,23,,,,0,0,
Dethiosulfatarculus,monophyletic,internal_28,2,,,,0,0,
Dethiosulfatibacter,monophyletic,internal_27,3,,,,0,0,
Dethiosulfovibrio,monophyletic,internal_20,8,,,,0,0,
Devosia,monophyletic,internal_42,109,,,,0,0,
Devosia_A,monophyletic,internal_44,64,,,,0,0,
Dialister,monophyletic,internal_27,38,,,,0,0,
Diaminobutyricibacter,monophyletic,internal_57,3,,,,0,0,
Diaminobutyricimonas,monophyletic,internal_55,3,,,,0,0,
Diaphorobacter_A,monophyletic,internal_51,8,,,,0,0,
Dichloromethanomonas,monophyletic,internal_32,3,,,,0,0,
Dichotomicrobium,monophyletic,internal_35,11,,,,0,0,
Dickeya,monophyletic,internal_51,11,,,,0,0,
Dictyobacter,monophyletic,internal_29,11,,,,0,0,
Dictyoglomus,monophyletic,internal_16,5,,,,0,0,
Didemnitutus,monophyletic,internal_30,28,,,,0,0,
Dielma,monophyletic,internal_22,2,,,,0,0,
Dietzia,monophyletic,internal_37,31,,,,0,0,
Dinghuibacter,monophyletic,internal_42,4,,,,0,0,
Dinoroseobacter,monophyletic,internal_56,15,,,,0,0,
Diplocloster,monophyletic,internal_43,3,,,,0,0,
Dissulfurispira,monophyletic,internal_35,5,,,,0,0,
Dokdonella,monophyletic,internal_32,37,,,,0,0,
Dokdonella_A,monophyletic,internal_32,56,,,,0,0,
Dokdonia,monophyletic,internal_49,34,,,,0,0,
Dolichospermum,monophyletic,internal_38,20,,,,0,0,
Dolosicoccus,monophyletic,internal_40,2,,,,0,0,
Dolosigranulum,monophyletic,internal_41,2,,,,0,0,
Domibacillus,monophyletic,internal_42,12,,,,0,0,
Donghicola,monophyletic,internal_62,7,,,,0,0,
Dongia,monophyletic,internal_35,24,,,,0,0,
Dongia_A,monophyletic,internal_36,14,,,,0,0,
Dongia_B,monophyletic,internal_36,6,,,,0,0,
Dorea,monophyletic,internal_50,2,,,,0,0,
Dorea_A,monophyletic,internal_50,12,,,,0,0,
Dorea_D,monophyletic,internal_49,8,,,,0,0,
Doriopsillibacter,monophyletic,internal_23,2,,,,0,0,
Dormiibacter,monophyletic,internal_17,3,,,,0,0,
Draconibacterium,monophyletic,internal_63,81,,,,0,0,
Drouetiella,monophyletic,internal_29,6,,,,0,0,
Dryocola,monophyletic,internal_52,14,,,,0,0,
Duberdicusella,monophyletic,internal_28,3,,,,0,0,
Dubosiella,monophyletic,internal_30,4,,,,0,0,
Dulcicalothrix,monophyletic,internal_36,7,,,,0,0,
Duncaniella,monophyletic,internal_81,58,,,,0,0,
Duodenibacillus,monophyletic,internal_32,34,,,,0,0,
Dwaynesavagella,monophyletic,internal_26,5,,,,0,0,
Dyadobacter,monophyletic,internal_43,62,,,,0,0,
Dyella,monophyletic,internal_42,28,,,,0,0,
Dyella_A,monophyletic,internal_41,11,,,,0,0,
Dyella_B,monophyletic,internal_39,26,,,,0,0,
Dyella_C,monophyletic,internal_43,2,,,,0,0,
Dyella_D,monophyletic,internal_41,9,,,,0,0,
Dysgonomonas,monophyletic,internal_68,35,,,,0,0,
Dysgonomonas_A,monophyletic,internal_69,10,,,,0,0,
E26-bin7,monophyletic,internal_25,4,,,,0,0,
E29-bin15,monophyletic,internal_35,3,,,,0,0,
E44-bin26,monophyletic,internal_31,2,,,,0,0,
E44-bin32,monophyletic,internal_46,28,,,,0,0,
E44-bin46,monophyletic,internal_42,5,,,,0,0,
E44-bin88,monophyletic,internal_48,13,,,,0,0,
E44-bin89,monophyletic,internal_43,16,,,,0,0,
EB88,monophyletic,internal_32,37,,,,0,0,
EC70,monophyletic,internal_29,13,,,,0,0,
ECT2AJA-044,monophyletic,internal_38,6,,,,0,0,
ECT2AJA-110-A,monophyletic,internal_29,5,,,,0,0,
EFPC-124,monophyletic,internal_34,3,,,,0,0,
EFPC-2,monophyletic,internal_41,2,,,,0,0,
ELB16-189,monophyletic,internal_46,177,,,,0,0,
ER46,monophyletic,internal_36,61,,,,0,0,
ES-bin-26,monophyletic,internal_38,2,,,,0,0,
ESL0723,monophyletic,internal_48,2,,,,0,0,
ETH-SRB1,monophyletic,internal_34,2,,,,0,0,
EW11,monophyletic,internal_34,3,,,,0,0,
Echinicola,monophyletic,internal_44,11,,,,0,0,
Ecksteinia,monophyletic,internal_43,2,,,,0,0,
Ectobacillus,monophyletic,internal_34,9,,,,0,0,
Ectomicrobium,monophyletic,internal_34,2,,,,0,0,
Ectorhizobium,monophyletic,internal_47,3,,,,0,0,
Ectothiorhodospira,monophyletic,internal_32,11,,,,0,0,
Edaphobacter,monophyletic,internal_35,217,,,,0,0,
Edaphocola,monophyletic,internal_43,9,,,,0,0,
Edwardiiplasma,monophyletic,internal_24,2,,,,0,0,
Edwardsiella,monophyletic,internal_47,5,,,,0,0,
Effusibacillus,monophyletic,internal_24,5,,,,0,0,
Egaibacter,monophyletic,internal_48,5,,,,0,0,
Egbenema,monophyletic,internal_30,2,,,,0,0,
Egerieenecus,monophyletic,internal_37,6,,,,0,0,
Egerieicola,monophyletic,internal_46,5,,,,0,0,
Egerieimonas,monophyletic,internal_51,2,,,,0,0,
Egerieimonas_A,monophyletic,internal_51,3,,,,0,0,
Egerieisoma,monophyletic,internal_33,11,,,,0,0,
Egerieousia,monophyletic,internal_63,72,,,,0,0,
Eggerthella,monophyletic,internal_37,4,,,,0,0,
Egicoccus,monophyletic,internal_35,6,,,,0,0,
Ehrlichia,monophyletic,internal_28,9,,,,0,0,
Eikenella,monophyletic,internal_46,10,,,,0,0,
Eisenbergiella,monophyletic,internal_50,17,,,,0,0,
Ekhidna,monophyletic,internal_47,42,,,,0,0,
Elainella,monophyletic,internal_30,7,,,,0,0,
Electronema,monophyletic,internal_30,10,,,,0,0,
Electrothrix,monophyletic,internal_30,14,,,,0,0,
Elioraea,monophyletic,internal_29,10,,,,0,0,
Elioraea_A,monophyletic,internal_29,3,,,,0,0,
Elizabethkingia,monophyletic,internal_52,11,,,,0,0,
Ellagibacter,monophyletic,internal_28,10,,,,0,0,
Elstera,monophyletic,internal_28,6,,,,0,0,
Elusimicrobium,monophyletic,internal_37,5,,,,0,0,
Embleya,monophyletic,internal_34,11,,,,0,0,
Emcibacter,monophyletic,internal_43,3,,,,0,0,
Empedobacter,monophyletic,internal_48,18,,,,0,0,
Emticicia,monophyletic,internal_43,27,,,,0,0,
Endobugula,monophyletic,internal_47,9,,,,0,0,
Endomicrobiellum,monophyletic,internal_34,44,,,,0,0,
Endomicrobium,monophyletic,internal_35,4,,,,0,0,
Endomicrobium_B,monophyletic,internal_35,6,,,,0,0,
Endonucleibacter,monophyletic,internal_43,7,,,,0,0,
Endoryza,monophyletic,internal_48,13,,,,0,0,
Endozoicomonas,monophyletic,internal_44,21,,,,0,0,
Endozoicomonas_A,monophyletic,internal_44,14,,,,0,0,
Enemella,monophyletic,internal_44,7,,,,0,0,
Enorma,monophyletic,internal_29,9,,,,0,0,
Ensifer,monophyletic,internal_45,23,,,,0,0,
Ensifer_A,monophyletic,internal_42,11,,,,0,0,
Enterenecus,monophyletic,internal_52,78,,,,0,0,
Enterobacter,monophyletic,internal_56,81,,,,0,0,
Enterobacter_B,monophyletic,internal_55,2,,,,0,0,
Enterobacter_D,monophyletic,internal_56,5,,,,0,0,
Enterocloster,monophyletic,internal_47,37,,,,0,0,
Enterococcus,monophyletic,internal_43,2,,,,0,0,
Enterococcus_A,monophyletic,internal_45,25,,,,0,0,
Enterococcus_B,monophyletic,internal_44,19,,,,0,0,
Enterococcus_C,monophyletic,internal_46,12,,,,0,0,
Enterococcus_D,monophyletic,internal_47,8,,,,0,0,
Enterococcus_E,monophyletic,internal_49,8,,,,0,0,
Enterococcus_F,monophyletic,internal_50,3,,,,0,0,
Enterococcus_G,monophyletic,internal_49,4,,,,0,0,
Enterococcus_I,monophyletic,internal_49,5,,,,0,0,
Enterococcus_J,monophyletic,internal_40,3,,,,0,0,
Enterococcus_K,monophyletic,internal_43,3,,,,0,0,
Enterococcus_L,monophyletic,internal_42,26,,,,0,0,
Enterocola,monophyletic,internal_65,30,,,,0,0,
Enterorhabdus,monophyletic,internal_32,4,,,,0,0,
Enteroscipio,monophyletic,internal_36,3,,,,0,0,
Enterosoma,monophyletic,internal_23,45,,,,0,0,
Enterousia,monophyletic,internal_29,257,,,,0,0,
Enterovibrio,monophyletic,internal_39,24,,,,0,0,
Enterovirga,monophyletic,internal_46,15,,,,0,0,
Entomomonas,monophyletic,internal_43,6,,,,0,0,
Entomospira,monophyletic,internal_14,3,,,,0,0,
Entotheonella,monophyletic,internal_25,3,,,,0,0,
Eoetvoesia,monophyletic,internal_36,4,,,,0,0,
Eperythrozoon_A,monophyletic,internal_21,7,,,,0,0,
Eperythrozoon_B,monophyletic,internal_21,4,,,,0,0,
Epibacterium,monophyletic,internal_78,20,,,,0,0,
Epidermidibacterium,monophyletic,internal_31,2,,,,0,0,
Epilinea,monophyletic,internal_29,2,,,,0,0,
Epilithonimonas,monophyletic,internal_54,37,,,,0,0,
Epulonipiscioides,monophyletic,internal_34,4,,,,0,0,
Epulopiscium_A,monophyletic,internal_33,2,,,,0,0,
Equadaptatus,monophyletic,internal_24,5,,,,0,0,
Equibacterium,monophyletic,internal_69,31,,,,0,0,
Equivita,monophyletic,internal_30,2,,,,0,0,
Ereboglobus,monophyletic,internal_34,4,,,,0,0,
Eremococcus,monophyletic,internal_44,2,,,,0,0,
Erginobacter,monophyletic,internal_18,5,,,,0,0,
Erwinia,monophyletic,internal_54,50,,,,0,0,
Erwinia_E,monophyletic,internal_44,9,,,,0,0,
Erysipelothrix,monophyletic,internal_23,28,,,,0,0,
Erythrobacter,monophyletic,internal_69,212,,,,0,0,
EsbW-18,monophyletic,internal_50,15,,,,0,0,
Escherichia,monophyletic,internal_62,13,,,,0,0,
Eshraghiella,monophyletic,internal_43,23,,,,0,0,
Ethanoligenens,monophyletic,internal_34,4,,,,0,0,
Eubacterium,monophyletic,internal_26,7,,,,0,0,
Eubacterium_B,monophyletic,internal_46,19,,,,0,0,
Eubacterium_C,monophyletic,internal_45,5,,,,0,0,
Eubacterium_F,monophyletic,internal_40,72,,,,0,0,
Eubacterium_G,monophyletic,internal_44,34,,,,0,0,
Eubacterium_I,monophyletic,internal_45,31,,,,0,0,
Eubacterium_J,monophyletic,internal_47,22,,,,0,0,
Eubacterium_O,monophyletic,internal_27,2,,,,0,0,
Eubacterium_Q,monophyletic,internal_47,64,,,,0,0,
Eubacterium_R,monophyletic,internal_41,145,,,,0,0,
Eudoraea,monophyletic,internal_58,20,,,,0,0,
Euryhalocaulis,monophyletic,internal_36,3,,,,0,0,
Eutrophobius,monophyletic,internal_37,9,,,,0,0,
Eutrophocola,monophyletic,internal_45,16,,,,0,0,
Eutrophomonas,monophyletic,internal_50,2,,,,0,0,
Eutrophosalina,monophyletic,internal_47,29,,,,0,0,
Eutrophovita,monophyletic,internal_50,11,,,,0,0,
Euzebya,monophyletic,internal_24,7,,,,0,0,
Euzebyella,monophyletic,internal_63,3,,,,0,0,
Evansella,monophyletic,internal_43,10,,,,0,0,
Evtepia,monophyletic,internal_41,40,,,,0,0,
Ewingella,monophyletic,internal_50,8,,,,0,0,
Excrementavichristensenella,monophyletic,internal_40,2,,,,0,0,
Exercitatus,monophyletic,internal_47,7,,,,0,0,
Exiguobacterium,monophyletic,internal_28,22,,,,0,0,
Exiguobacterium_A,monophyletic,internal_28,21,,,,0,0,
Exilibacterium,monophyletic,internal_46,2,,,,0,0,
Exilispira,monophyletic,internal_10,7,,,,0,0,
Extensimonas,monophyletic,internal_45,4,,,,0,0,
Extibacter,monophyletic,internal_46,4,,,,0,0,
Ezakiella,monophyletic,internal_32,10,,,,0,0,
F-183,monophyletic,internal_32,5,,,,0,0,
F0058,monophyletic,internal_69,10,,,,0,0,
F0422,monophyletic,internal_27,26,,,,0,0,
F1-120-MAGs023,monophyletic,internal_29,3,,,,0,0,
F1-120-MAGs118,monophyletic,internal_36,8,,,,0,0,
F1-120-MAGs170,monophyletic,internal_30,2,,,,0,0,
F1-120-MAGs238,monophyletic,internal_38,3,,,,0,0,
F1-140-MAGs142,monophyletic,internal_32,4,,,,0,0,
F1-20-MAGs016,monophyletic,internal_37,5,,,,0,0,
F1-20-MAGs119,monophyletic,internal_36,25,,,,0,0,
F1-60-MAGs027,monophyletic,internal_39,28,,,,0,0,
F1-60-MAGs104,monophyletic,internal_34,23,,,,0,0,
F1-60-MAGs140,monophyletic,internal_38,4,,,,0,0,
F1-60-MAGs149,monophyletic,internal_27,27,,,,0,0,
F1-60-MAGs163,monophyletic,internal_34,45,,,,0,0,
F1-80-MAGS106,monophyletic,internal_23,3,,,,0,0,
F1-80-MAGs062,monophyletic,internal_30,5,,,,0,0,
F22,monophyletic,internal_70,4,,,,0,0,
F23-B02,monophyletic,internal_50,45,,,,0,0,
F23-D06,monophyletic,internal_58,55,,,,0,0,
F2B08,monophyletic,internal_44,6,,,,0,0,
FACHB-1406,monophyletic,internal_29,2,,,,0,0,
FACHB-1407,monophyletic,internal_29,2,,,,0,0,
FACHB-261,monophyletic,internal_16,2,,,,0,0,
FACHB-68,monophyletic,internal_27,3,,,,0,0,
FACHB-886,monophyletic,internal_29,2,,,,0,0,
FACHB-T130,monophyletic,internal_26,3,,,,0,0,
FB2012,monophyletic,internal_48,27,,,,0,0,
FD2005,monophyletic,internal_53,4,,,,0,0,
FEB-10,monophyletic,internal_26,8,,,,0,0,
FEB-12,monophyletic,internal_31,8,,,,0,0,
FEB-22,monophyletic,internal_48,3,,,,0,0,
FEB-25,monophyletic,internal_51,22,,,,0,0,
FEB-35,monophyletic,internal_22,5,,,,0,0,
FEB-7,monophyletic,internal_41,24,,,,0,0,
FEN-1073,monophyletic,internal_41,4,,,,0,0,
FEN-1088,monophyletic,internal_30,4,,,,0,0,
FEN-1099,monophyletic,internal_20,2,,,,0,0,
FEN-1139,monophyletic,internal_39,11,,,,0,0,
FEN-1160,monophyletic,internal_34,3,,,,0,0,
FEN-1185,monophyletic,internal_26,6,,,,0,0,
FEN-1191,monophyletic,internal_35,76,,,,0,0,
FEN-1219,monophyletic,internal_41,23,,,,0,0,
FEN-1250,monophyletic,internal_31,18,,,,0,0,
FEN-1251,monophyletic,internal_25,3,,,,0,0,
FEN-1279,monophyletic,internal_33,5,,,,0,0,
FEN-1297,monophyletic,internal_38,28,,,,0,0,
FEN-1322,monophyletic,internal_35,6,,,,0,0,
FEN-1329,monophyletic,internal_26,3,,,,0,0,
FEN-1343,monophyletic,internal_23,2,,,,0,0,
FEN-1350,monophyletic,internal_31,4,,,,0,0,
FEN-299,monophyletic,internal_26,15,,,,0,0,
FEN-413,monophyletic,internal_26,2,,,,0,0,
FEN-680,monophyletic,internal_23,3,,,,0,0,
FEN-727,monophyletic,internal_22,2,,,,0,0,
FEN-979,monophyletic,internal_58,13,,,,0,0,
FL481,monophyletic,internal_27,2,,,,0,0,
FLUQ01,monophyletic,internal_28,5,,,,0,0,
FMMP01,monophyletic,internal_34,5,,,,0,0,
FREY01,monophyletic,internal_76,2,,,,0,0,
FS08-3,monophyletic,internal_25,6,,,,0,0,
FW021-bin31,monophyletic,internal_44,10,,,,0,0,
FW300-bin19,monophyletic,internal_10,2,,,,0,0,
FW602-bin19,monophyletic,internal_35,3,,,,0,0,
Facklamia,monophyletic,internal_42,7,,,,0,0,
Faecalibacillus,monophyletic,internal_23,9,,,,0,0,
Faecalibacterium,monophyletic,internal_60,91,,,,0,0,
Faecalibaculum,monophyletic,internal_31,2,,,,0,0,
Faecalicatena,monophyletic,internal_52,3,,,,0,0,
Faecalicatena_A,monophyletic,internal_51,3,,,,0,0,
Faecalicoccus,monophyletic,internal_31,6,,,,0,0,
Faecalimicrobium,monophyletic,internal_33,4,,,,0,0,
Faecalimonas,monophyletic,internal_46,47,,,,0,0,
Faecalispora,monophyletic,internal_49,8,,,,0,0,
Faecalitalea,monophyletic,internal_30,2,,,,0,0,
Faecenecus,monophyletic,internal_24,8,,,,0,0,
Faecimonas,monophyletic,internal_35,21,,,,0,0,
Faecimorpha,monophyletic,internal_28,7,,,,0,0,
Faeciplasma,monophyletic,internal_48,41,,,,0,0,
Faecisoma,monophyletic,internal_26,30,,,,0,0,
Faecivicinus,monophyletic,internal_39,11,,,,0,0,
Faecivivens,monophyletic,internal_44,15,,,,0,0,
Faecousia,monophyletic,internal_46,410,,,,0,0,
Falsarthrobacter,monophyletic,internal_45,3,,,,0,0,
Falsibacillus,monophyletic,internal_43,3,,,,0,0,
Falsihalocynthiibacter,monophyletic,internal_63,3,,,,0,0,
Falsirhodobacter,monophyletic,internal_62,8,,,,0,0,
Falsiroseomonas,monophyletic,internal_36,29,,,,0,0,
Falsiruegeria,monophyletic,internal_74,4,,,,0,0,
Fannyhessea,monophyletic,internal_37,6,,,,0,0,
Fastidiosipila,monophyletic,internal_36,4,,,,0,0,
Faucicola,monophyletic,internal_42,20,,,,0,0,
Fen-1038,monophyletic,internal_53,35,,,,0,0,
Fen-1039,monophyletic,internal_19,51,,,,0,0,
Fen-1058,monophyletic,internal_37,5,,,,0,0,
Fen-1064,monophyletic,internal_37,8,,,,0,0,
Fen-1077,monophyletic,internal_49,5,,,,0,0,
Fen-1118,monophyletic,internal_31,13,,,,0,0,
Fen-1135,monophyletic,internal_27,11,,,,0,0,
Fen-1137,monophyletic,internal_31,11,,,,0,0,
Fen-1231,monophyletic,internal_23,30,,,,0,0,
Fen-1245,monophyletic,internal_19,13,,,,0,0,
Fen-1247,monophyletic,internal_23,22,,,,0,0,
Fen-1254,monophyletic,internal_39,3,,,,0,0,
Fen-1255,monophyletic,internal_42,5,,,,0,0,
Fen-1258,monophyletic,internal_37,21,,,,0,0,
Fen-1273,monophyletic,internal_38,9,,,,0,0,
Fen-1298,monophyletic,internal_38,16,,,,0,0,
Fen-1301,monophyletic,internal_36,4,,,,0,0,
Fen-1308,monophyletic,internal_31,8,,,,0,0,
Fen-1326,monophyletic,internal_30,3,,,,0,0,
Fen-1342,monophyletic,internal_33,2,,,,0,0,
Fen-1359,monophyletic,internal_30,3,,,,0,0,
Fen-1362,monophyletic,internal_32,24,,,,0,0,
Fen-1364,monophyletic,internal_21,21,,,,0,0,
Fen-1467,monophyletic,internal_27,20,,,,0,0,
Fen-178,monophyletic,internal_35,7,,,,0,0,
Fen-183,monophyletic,internal_19,29,,,,0,0,
Fen-330,monophyletic,internal_27,8,,,,0,0,
Fen-455,monophyletic,internal_30,21,,,,0,0,
Fen-549,monophyletic,internal_25,13,,,,0,0,
Fen-668,monophyletic,internal_45,15,,,,0,0,
Fen-671,monophyletic,internal_28,21,,,,0,0,
Fen-999,monophyletic,internal_40,17,,,,0,0,
Fen731,monophyletic,internal_23,6,,,,0,0,
Fenollaria,monophyletic,internal_32,7,,,,0,0,
Ferdinandcohnia,monophyletic,internal_41,19,,,,0,0,
Ferirhizobium,monophyletic,internal_43,2,,,,0,0,
Fermentibacter,monophyletic,internal_19,5,,,,0,0,
Ferranicluibacter,monophyletic,internal_47,8,,,,0,0,
Ferrimicrobium,monophyletic,internal_30,8,,,,0,0,
Ferrimonas,monophyletic,internal_37,19,,,,0,0,
Ferriphaselus,monophyletic,internal_37,3,,,,0,0,
Ferrithrix,monophyletic,internal_30,4,,,,0,0,
Ferroacidibacillus,monophyletic,internal_26,2,,,,0,0,
Ferrovibrio,monophyletic,internal_37,24,,,,0,0,
Ferrovum,monophyletic,internal_41,8,,,,0,0,
Ferruginibacter,monophyletic,internal_44,339,,,,0,0,
Fervidibacillus,monophyletic,internal_41,2,,,,0,0,
Fervidibacter,monophyletic,internal_20,19,,,,0,0,
Fervidicola,monophyletic,internal_22,5,,,,0,0,
Fervidifonticultor,monophyletic,internal_17,3,,,,0,0,
Fervidifonticultor_A,monophyletic,internal_21,6,,,,0,0,
Fervidobacterium,monophyletic,internal_20,13,,,,0,0,
Fervidobacterium_A,monophyletic,internal_20,2,,,,0,0,
Fibrella,monophyletic,internal_44,12,,,,0,0,
Fibrimonas,monophyletic,internal_26,14,,,,0,0,
Fibrisoma,monophyletic,internal_45,2,,,,0,0,
Fibro-01,monophyletic,internal_28,3,,,,0,0,
Fibrobacter,monophyletic,internal_28,101,,,,0,0,
Fictibacillus,monophyletic,internal_41,25,,,,0,0,
Fictibacillus_C,monophyletic,internal_42,6,,,,0,0,
Fidelibacter,monophyletic,internal_25,6,,,,0,0,
Filifactor,monophyletic,internal_30,4,,,,0,0,
Filimonas,monophyletic,internal_51,3,,,,0,0,
Filomicrobium,monophyletic,internal_47,17,,,,0,0,
Fimadaptatus,monophyletic,internal_31,6,,,,0,0,
Fimbriiglobus,monophyletic,internal_30,10,,,,0,0,
Fimbriimonas,monophyletic,internal_33,46,,,,0,0,
Fimenecus,monophyletic,internal_41,112,,,,0,0,
Fimicola,monophyletic,internal_37,4,,,,0,0,
Fimihabitans,monophyletic,internal_24,3,,,,0,0,
Fimimonas,monophyletic,internal_37,47,,,,0,0,
Fimimorpha,monophyletic,internal_44,9,,,,0,0,
Fiminaster,monophyletic,internal_27,37,,,,0,0,
Fimisoma,monophyletic,internal_46,18,,,,0,0,
Fimivicinus,monophyletic,internal_42,7,,,,0,0,
Fimousia,monophyletic,internal_40,8,,,,0,0,
Finegoldia,monophyletic,internal_35,11,,,,0,0,
Finniella,monophyletic,internal_33,3,,,,0,0,
Firm-04,monophyletic,internal_48,45,,,,0,0,
Firm-07,monophyletic,internal_45,40,,,,0,0,
Firm-08,monophyletic,internal_36,7,,,,0,0,
Firm-09,monophyletic,internal_39,3,,,,0,0,
Firm-10,monophyletic,internal_37,10,,,,0,0,
Firm-13,monophyletic,internal_34,7,,,,0,0,
Fischerella,monophyletic,internal_34,3,,,,0,0,
Flagellimonas,monophyletic,internal_57,101,,,,0,0,
Flagellimonas_A,monophyletic,internal_57,5,,,,0,0,
Flammeovirga,monophyletic,internal_44,9,,,,0,0,
Flavicella,monophyletic,internal_49,13,,,,0,0,
Flaviflagellibacter,monophyletic,internal_38,8,,,,0,0,
Flaviflexus,monophyletic,internal_51,7,,,,0,0,
Flavihumibacter,monophyletic,internal_51,24,,,,0,0,
Flavilitoribacter,monophyletic,internal_51,2,,,,0,0,
Flavimaribacter,monophyletic,internal_41,4,,,,0,0,
Flavimaricola,monophyletic,internal_65,2,,,,0,0,
Flavimobilis,monophyletic,internal_48,9,,,,0,0,
Flavipsychrobacter,monophyletic,internal_53,14,,,,0,0,
Flavisericum,monophyletic,internal_71,5,,,,0,0,
Flavisolibacter,monophyletic,internal_49,72,,,,0,0,
Flavisphingopyxis,monophyletic,internal_57,4,,,,0,0,
Flavitalea,monophyletic,internal_49,25,,,,0,0,
Flavivirga,monophyletic,internal_72,12,,,,0,0,
Flavobacterium,monophyletic,internal_46,1026,,,,0,0,
Flavonifractor,monophyletic,internal_49,24,,,,0,0,
Flectobacillus,monophyletic,internal_46,6,,,,0,0,
Flemingiibacterium,monophyletic,internal_37,32,,,,0,0,
Flexicrinis,monophyletic,internal_47,7,,,,0,0,
Flexifilum,monophyletic,internal_46,52,,,,0,0,
Flexilinea,monophyletic,internal_45,25,,,,0,0,
Flexistipes,monophyletic,internal_18,4,,,,0,0,
Flexithrix,monophyletic,internal_43,2,,,,0,0,
Flexivirga,monophyletic,internal_47,8,,,,0,0,
Floccifex,monophyletic,internal_29,6,,,,0,0,
Floricoccus,monophyletic,internal_43,4,,,,0,0,
Floridanema,monophyletic,internal_26,8,,,,0,0,
Fluviibacter,monophyletic,internal_32,19,,,,0,0,
Fluviicoccus,monophyletic,internal_40,6,,,,0,0,
Fluviicola,monophyletic,internal_47,36,,,,0,0,
Fodinibacter,monophyletic,internal_50,34,,,,0,0,
Fodinibius,monophyletic,internal_33,27,,,,0,0,
Fodinicola,monophyletic,internal_33,2,,,,0,0,
Fodinicurvata,monophyletic,internal_39,3,,,,0,0,
Fokinia,monophyletic,internal_28,2,,,,0,0,
Foliamicus,monophyletic,internal_35,22,,,,0,0,
Fontibacillus,monophyletic,internal_36,53,,,,0,0,
Fontibacterium,monophyletic,internal_26,21,,,,0,0,
Fontimicrobium_A,monophyletic,internal_34,2,,,,0,0,
Fontisphaera,monophyletic,internal_24,2,,,,0,0,
Fontivivens,monophyletic,internal_32,3,,,,0,0,
Formivibrio,monophyletic,internal_38,3,,,,0,0,
Formosa,monophyletic,internal_63,11,,,,0,0,
Fortiea,monophyletic,internal_35,2,,,,0,0,
Francisella,monophyletic,internal_36,26,,,,0,0,
Franconibacter,monophyletic,internal_55,2,,,,0,0,
Frankia,monophyletic,internal_32,14,,,,0,0,
Franzmannia,monophyletic,internal_46,6,,,,0,0,
Frateuria_A,monophyletic,internal_41,14,,,,0,0,
Fredericiella,monophyletic,internal_37,6,,,,0,0,
Frederiksenia,monophyletic,internal_51,2,,,,0,0,
Fredricksoniimonas,monophyletic,internal_34,9,,,,0,0,
Fretibacter,monophyletic,internal_40,7,,,,0,0,
Fretibacterium,monophyletic,internal_28,2,,,,0,0,
Frigidibacter,monophyletic,internal_57,7,,,,0,0,
Frigididesulfovibrio,monophyletic,internal_27,25,,,,0,0,
Frigoribacterium,monophyletic,internal_54,17,,,,0,0,
Frigoriflavimonas,monophyletic,internal_58,2,,,,0,0,
Frischella,monophyletic,internal_45,2,,,,0,0,
Frisingicoccus,monophyletic,internal_38,15,,,,0,0,
Frondihabitans,monophyletic,internal_54,8,,,,0,0,
Fructilactobacillus,monophyletic,internal_43,13,,,,0,0,
Fructobacillus,monophyletic,internal_50,15,,,,0,0,
Fuerstiella,monophyletic,internal_32,19,,,,0,0,
Fukatsuia,monophyletic,internal_45,2,,,,0,0,
Fulvimarina,monophyletic,internal_45,6,,,,0,0,
Fulvivirga,monophyletic,internal_42,27,,,,0,0,
Fumia,monophyletic,internal_43,6,,,,0,0,
Fundicoccus,monophyletic,internal_43,2,,,,0,0,
Fundicoccus_A,monophyletic,internal_43,2,,,,0,0,
Fundidesulfovibrio,monophyletic,internal_22,11,,,,0,0,
Furfurilactobacillus,monophyletic,internal_42,8,,,,0,0,
Fuscibacter,monophyletic,internal_62,5,,,,0,0,
Fusibacter,monophyletic,internal_39,3,,,,0,0,
Fusibacter_A,monophyletic,internal_36,4,,,,0,0,
Fusibacter_C,monophyletic,internal_37,10,,,,0,0,
Fusibacter_D,monophyletic,internal_38,6,,,,0,0,
Fusicatenibacter,monophyletic,internal_47,12,,,,0,0,
Fusicatenibacter_A,monophyletic,internal_27,10,,,,0,0,
Fusobacterium,monophyletic,internal_23,26,,,,0,0,
Fusobacterium_A,monophyletic,internal_23,21,,,,0,0,
Fusobacterium_B,monophyletic,internal_19,16,,,,0,0,
Fusobacterium_C,monophyletic,internal_23,4,,,,0,0,
Futiania,monophyletic,internal_28,2,,,,0,0,
G001797105,monophyletic,internal_45,2,,,,0,0,
G004843345,monophyletic,internal_49,2,,,,0,0,
G013214665,monophyletic,internal_65,2,,,,0,0,
G016234445,monophyletic,internal_37,3,,,,0,0,
G016756615,monophyletic,internal_51,3,,,,0,0,
G020344215,monophyletic,internal_24,10,,,,0,0,
G020344375,monophyletic,internal_22,3,,,,0,0,
G020344415,monophyletic,internal_24,2,,,,0,0,
G020345765,monophyletic,internal_19,2,,,,0,0,
G020346125,monophyletic,internal_23,8,,,,0,0,
G020346285,monophyletic,internal_30,2,,,,0,0,
G020347665,monophyletic,internal_27,2,,,,0,0,
G020348185,monophyletic,internal_28,2,,,,0,0,
G020348385,monophyletic,internal_27,6,,,,0,0,
G020348885,monophyletic,internal_14,2,,,,0,0,
G020350405,monophyletic,internal_37,3,,,,0,0,
G020350725,monophyletic,internal_17,2,,,,0,0,
G020351185,monophyletic,internal_38,5,,,,0,0,
G020351775,monophyletic,internal_27,8,,,,0,0,
G020351855,monophyletic,internal_20,12,,,,0,0,
G020353115,monophyletic,internal_58,5,,,,0,0,
G020353235,monophyletic,internal_39,3,,,,0,0,
G020353355,monophyletic,internal_35,3,,,,0,0,
G020354025,monophyletic,internal_26,7,,,,0,0,
G020354085,monophyletic,internal_29,3,,,,0,0,
G020354645,monophyletic,internal_36,2,,,,0,0,
G020354785,monophyletic,internal_60,8,,,,0,0,
G020354945,monophyletic,internal_23,2,,,,0,0,
G020356045,monophyletic,internal_21,2,,,,0,0,
G021731965,monophyletic,internal_40,2,,,,0,0,
G021776435,monophyletic,internal_37,2,,,,0,0,
G023898405,monophyletic,internal_26,5,,,,0,0,
G023898725,monophyletic,internal_26,2,,,,0,0,
G023898765,monophyletic,internal_38,2,,,,0,0,
G025836975,monophyletic,internal_36,5,,,,0,0,
G026625185,monophyletic,internal_21,4,,,,0,0,
G030583765,monophyletic,internal_40,3,,,,0,0,
G030849185,monophyletic,internal_39,7,,,,0,0,
G032773895,monophyletic,internal_46,2,,,,0,0,
G039954875,monophyletic,internal_46,2,,,,0,0,
G041228335,monophyletic,internal_31,2,,,,0,0,
G11,monophyletic,internal_54,3,,,,0,0,
G519,monophyletic,internal_46,2,,,,0,0,
G713,monophyletic,internal_39,8,,,,0,0,
G958295645,monophyletic,internal_34,3,,,,0,0,
G958295825,monophyletic,internal_25,6,,,,0,0,
G958295935,monophyletic,internal_40,10,,,,0,0,
G958296095,monophyletic,internal_24,3,,,,0,0,
G958296245,monophyletic,internal_48,3,,,,0,0,
G963422705,monophyletic,internal_21,2,,,,0,0,
G963422745,monophyletic,internal_38,2,,,,0,0,
G963555815,monophyletic,internal_22,2,,,,0,0,
G963556115,monophyletic,internal_20,6,,,,0,0,
G963662265,monophyletic,internal_19,3,,,,0,0,
G963662605,monophyletic,internal_36,2,,,,0,0,
G963662655,monophyletic,internal_23,4,,,,0,0,
G963662675,monophyletic,internal_64,2,,,,0,0,
G963662695,monophyletic,internal_35,2,,,,0,0,
G963662905,monophyletic,internal_58,5,,,,0,0,
G963662985,monophyletic,internal_50,2,,,,0,0,
G963663315,monophyletic,internal_33,8,,,,0,0,
G963663525,monophyletic,internal_22,2,,,,0,0,
G963663735,monophyletic,internal_25,3,,,,0,0,
G963663775,monophyletic,internal_38,2,,,,0,0,
G963664115,monophyletic,internal_20,5,,,,0,0,
G963664225,monophyletic,internal_28,2,,,,0,0,
G963664835,monophyletic,internal_25,3,,,,0,0,
G963664935,monophyletic,internal_33,2,,,,0,0,
G963665185,monophyletic,internal_25,2,,,,0,0,
G963665495,monophyletic,internal_25,3,,,,0,0,
G963665815,monophyletic,internal_23,2,,,,0,0,
G963665925,monophyletic,internal_32,4,,,,0,0,
G963666895,monophyletic,internal_28,2,,,,0,0,
G963667145,monophyletic,internal_15,6,,,,0,0,
G963667675,monophyletic,internal_49,5,,,,0,0,
G963667855,monophyletic,internal_33,2,,,,0,0,
G963667915,monophyletic,internal_26,2,,,,0,0,
G963667975,monophyletic,internal_53,2,,,,0,0,
G963668185,monophyletic,internal_43,4,,,,0,0,
G963668345,monophyletic,internal_24,7,,,,0,0,
G963668435,monophyletic,internal_24,2,,,,0,0,
G963668605,monophyletic,internal_31,2,,,,0,0,
G963669175,monophyletic,internal_25,2,,,,0,0,
G963674505,monophyletic,internal_33,2,,,,0,0,
G963674665,monophyletic,internal_25,2,,,,0,0,
G963674685,monophyletic,internal_20,2,,,,0,0,
G963675755,monophyletic,internal_32,2,,,,0,0,
G963675935,monophyletic,internal_34,6,,,,0,0,
G963676205,monophyletic,internal_20,2,,,,0,0,
G963676655,monophyletic,internal_28,2,,,,0,0,
G963676795,monophyletic,internal_32,2,,,,0,0,
G963677325,monophyletic,internal_62,2,,,,0,0,
G963677445,monophyletic,internal_37,2,,,,0,0,
G963677485,monophyletic,internal_21,3,,,,0,0,
G963677925,monophyletic,internal_25,2,,,,0,0,
G963678095,monophyletic,internal_34,2,,,,0,0,
G963678745,monophyletic,internal_25,3,,,,0,0,
G963681965,monophyletic,internal_23,2,,,,0,0,
G963692885,monophyletic,internal_29,7,,,,0,0,
G963923945,monophyletic,internal_22,2,,,,0,0,
G965195345,monophyletic,internal_30,3,,,,0,0,
G965196725,monophyletic,internal_21,2,,,,0,0,
G965197715,monophyletic,internal_37,2,,,,0,0,
G965200765,monophyletic,internal_27,2,,,,0,0,
G965202665,monophyletic,internal_26,2,,,,0,0,
G965202915,monophyletic,internal_35,2,,,,0,0,
G965203275,monophyletic,internal_25,2,,,,0,0,
G965204755,monophyletic,internal_18,2,,,,0,0,
G965207335,monophyletic,internal_31,2,,,,0,0,
G965208105,monophyletic,internal_27,2,,,,0,0,
G965212025,monophyletic,internal_32,3,,,,0,0,
G965215055,monophyletic,internal_33,2,,,,0,0,
G965218495,monophyletic,internal_44,2,,,,0,0,
G965226525,monophyletic,internal_22,2,,,,0,0,
G965232465,monophyletic,internal_24,2,,,,0,0,
G965240465,monophyletic,internal_27,2,,,,0,0,
G965276765,monophyletic,internal_31,2,,,,0,0,
G965279335,monophyletic,internal_44,2,,,,0,0,
GAS188,monophyletic,internal_40,9,,,,0,0,
GAS368,monophyletic,internal_36,13,,,,0,0,
GAS474,monophyletic,internal_24,3,,,,0,0,
GBS-DC,monophyletic,internal_25,17,,,,0,0,
GCA-001735895,monophyletic,internal_29,61,,,,0,0,
GCA-002050365,monophyletic,internal_28,34,,,,0,0,
GCA-002282575,monophyletic,internal_30,12,,,,0,0,
GCA-002401385,monophyletic,internal_49,5,,,,0,0,
GCA-002402085,monophyletic,internal_34,2,,,,0,0,
GCA-002684695,monophyletic,internal_28,8,,,,0,0,
GCA-002688135,monophyletic,internal_36,3,,,,0,0,
GCA-002690875,monophyletic,internal_28,5,,,,0,0,
GCA-002691585,monophyletic,internal_44,3,,,,0,0,
GCA-002694895,monophyletic,internal_38,8,,,,0,0,
GCA-002697625,monophyletic,internal_39,7,,,,0,0,
GCA-002700125,monophyletic,internal_37,15,,,,0,0,
GCA-002701455,monophyletic,internal_33,7,,,,0,0,
GCA-002701945,monophyletic,internal_29,10,,,,0,0,
GCA-002704045,monophyletic,internal_28,3,,,,0,0,
GCA-002704185,monophyletic,internal_28,4,,,,0,0,
GCA-002707245,monophyletic,internal_40,2,,,,0,0,
GCA-002707645,monophyletic,internal_32,6,,,,0,0,
GCA-002707905,monophyletic,internal_29,2,,,,0,0,
GCA-002708145,monophyletic,internal_41,5,,,,0,0,
GCA-002708315,monophyletic,internal_60,12,,,,0,0,
GCA-002708715,monophyletic,internal_37,5,,,,0,0,
GCA-002712045,monophyletic,internal_44,4,,,,0,0,
GCA-002712965,monophyletic,internal_43,4,,,,0,0,
GCA-002713455,monophyletic,internal_33,5,,,,0,0,
GCA-002715585,monophyletic,internal_18,5,,,,0,0,
GCA-002715885,monophyletic,internal_40,10,,,,0,0,
GCA-002718395,monophyletic,internal_31,4,,,,0,0,
GCA-002718515,monophyletic,internal_33,26,,,,0,0,
GCA-002719695,monophyletic,internal_24,3,,,,0,0,
GCA-002722245,monophyletic,internal_38,8,,,,0,0,
GCA-002723415,monophyletic,internal_38,2,,,,0,0,
GCA-002724395,monophyletic,internal_37,2,,,,0,0,
GCA-002724975,monophyletic,internal_49,2,,,,0,0,
GCA-002726655,monophyletic,internal_48,7,,,,0,0,
GCA-002727615,monophyletic,internal_37,2,,,,0,0,
GCA-002727735,monophyletic,internal_47,8,,,,0,0,
GCA-002728855,monophyletic,internal_50,3,,,,0,0,
GCA-002731945,monophyletic,internal_27,3,,,,0,0,
GCA-002733105,monophyletic,internal_30,40,,,,0,0,
GCA-002733465,monophyletic,internal_37,15,,,,0,0,
GCA-002772825,monophyletic,internal_39,4,,,,0,0,
GCA-002772895,monophyletic,internal_33,2,,,,0,0,
GCA-002779465,monophyletic,internal_32,6,,,,0,0,
GCA-002780795,monophyletic,internal_33,2,,,,0,0,
GCA-002784865,monophyletic,internal_35,3,,,,0,0,
GCA-002787175,monophyletic,internal_59,3,,,,0,0,
GCA-002789015,monophyletic,internal_27,2,,,,0,0,
GCA-002790365,monophyletic,internal_37,7,,,,0,0,
GCA-002790615,monophyletic,internal_31,2,,,,0,0,
GCA-002793235,monophyletic,internal_42,24,,,,0,0,
GCA-002793355,monophyletic,internal_20,5,,,,0,0,
GCA-002795985,monophyletic,internal_28,2,,,,0,0,
GCA-002840015,monophyletic,internal_34,5,,,,0,0,
GCA-002840305,monophyletic,internal_37,21,,,,0,0,
GCA-002840935,monophyletic,internal_48,2,,,,0,0,
GCA-002841655,monophyletic,internal_41,16,,,,0,0,
GCA-002862325,monophyletic,internal_30,6,,,,0,0,
GCA-003244245,monophyletic,internal_36,71,,,,0,0,
GCA-012562765,monophyletic,internal_54,24,,,,0,0,
GCA-013693735,monophyletic,internal_43,3,,,,0,0,
GCA-014931565,monophyletic,internal_23,2,,,,0,0,
GCA-016432345,monophyletic,internal_31,2,,,,0,0,
GCA-016432625,monophyletic,internal_27,3,,,,0,0,
GCA-016699105,monophyletic,internal_33,3,,,,0,0,
GCA-016699145,monophyletic,internal_30,6,,,,0,0,
GCA-016699445,monophyletic,internal_22,2,,,,0,0,
GCA-016699835,monophyletic,internal_40,5,,,,0,0,
GCA-016699895,monophyletic,internal_39,3,,,,0,0,
GCA-016699975,monophyletic,internal_31,8,,,,0,0,
GCA-016700035,monophyletic,internal_26,7,,,,0,0,
GCA-016700155,monophyletic,internal_36,2,,,,0,0,
GCA-020343675,monophyletic,internal_40,3,,,,0,0,
GCA-020344395,monophyletic,internal_31,2,,,,0,0,
GCA-020344555,monophyletic,internal_37,7,,,,0,0,
GCA-020346225,monophyletic,internal_32,5,,,,0,0,
GCA-020348065,monophyletic,internal_22,4,,,,0,0,
GCA-020348265,monophyletic,internal_36,2,,,,0,0,
GCA-020352575,monophyletic,internal_27,4,,,,0,0,
GCA-020356105,monophyletic,internal_36,5,,,,0,0,
GCA-1730015,monophyletic,internal_33,25,,,,0,0,
GCA-2400775,monophyletic,internal_33,9,,,,0,0,
GCA-2400975,monophyletic,internal_47,3,,,,0,0,
GCA-2401155,monophyletic,internal_41,4,,,,0,0,
GCA-2401635,monophyletic,internal_26,12,,,,0,0,
GCA-2401725,monophyletic,internal_41,5,,,,0,0,
GCA-2401735,monophyletic,internal_48,22,,,,0,0,
GCA-2402025,monophyletic,internal_22,2,,,,0,0,
GCA-2402105,monophyletic,internal_12,2,,,,0,0,
GCA-2683135,monophyletic,internal_28,3,,,,0,0,
GCA-2683315,monophyletic,internal_29,2,,,,0,0,
GCA-2683775,monophyletic,internal_44,2,,,,0,0,
GCA-2683825,monophyletic,internal_37,2,,,,0,0,
GCA-2684655,monophyletic,internal_41,15,,,,0,0,
GCA-2686265,monophyletic,internal_35,3,,,,0,0,
GCA-2686595,monophyletic,internal_33,2,,,,0,0,
GCA-2686765,monophyletic,internal_36,3,,,,0,0,
GCA-2686945,monophyletic,internal_40,8,,,,0,0,
GCA-2686955,monophyletic,internal_15,2,,,,0,0,
GCA-2687015,monophyletic,internal_29,6,,,,0,0,
GCA-2687025,monophyletic,internal_16,3,,,,0,0,
GCA-2687515,monophyletic,internal_35,4,,,,0,0,
GCA-2688105,monophyletic,internal_44,4,,,,0,0,
GCA-2688435,monophyletic,internal_41,2,,,,0,0,
GCA-2689995,monophyletic,internal_27,3,,,,0,0,
GCA-2690215,monophyletic,internal_36,2,,,,0,0,
GCA-2690565,monophyletic,internal_28,8,,,,0,0,
GCA-2690645,monophyletic,internal_21,2,,,,0,0,
GCA-2691085,monophyletic,internal_33,2,,,,0,0,
GCA-2691785,monophyletic,internal_36,2,,,,0,0,
GCA-2692065,monophyletic,internal_38,2,,,,0,0,
GCA-2693325,monophyletic,internal_28,8,,,,0,0,
GCA-2696965,monophyletic,internal_42,2,,,,0,0,
GCA-2697345,monophyletic,internal_59,6,,,,0,0,
GCA-2697505,monophyletic,internal_43,2,,,,0,0,
GCA-2698665,monophyletic,internal_31,10,,,,0,0,
GCA-2699365,monophyletic,internal_31,4,,,,0,0,
GCA-2699445,monophyletic,internal_39,4,,,,0,0,
GCA-2700405,monophyletic,internal_46,9,,,,0,0,
GCA-2701705,monophyletic,internal_31,4,,,,0,0,
GCA-2701885,monophyletic,internal_36,3,,,,0,0,
GCA-2702065,monophyletic,internal_47,4,,,,0,0,
GCA-2702655,monophyletic,internal_38,3,,,,0,0,
GCA-2704665,monophyletic,internal_49,3,,,,0,0,
GCA-2705055,monophyletic,internal_36,3,,,,0,0,
GCA-2705445,monophyletic,internal_32,15,,,,0,0,
GCA-2705995,monophyletic,internal_44,3,,,,0,0,
GCA-2706205,monophyletic,internal_32,9,,,,0,0,
GCA-2706465,monophyletic,internal_35,2,,,,0,0,
GCA-2707495,monophyletic,internal_32,3,,,,0,0,
GCA-2708415,monophyletic,internal_38,22,,,,0,0,
GCA-2709075,monophyletic,internal_37,5,,,,0,0,
GCA-2709665,monophyletic,internal_26,2,,,,0,0,
GCA-2710765,monophyletic,internal_26,2,,,,0,0,
GCA-2711125,monophyletic,internal_44,3,,,,0,0,
GCA-2711565,monophyletic,internal_58,13,,,,0,0,
GCA-2712005,monophyletic,internal_39,10,,,,0,0,
GCA-2712585,monophyletic,internal_38,3,,,,0,0,
GCA-2712665,monophyletic,internal_36,2,,,,0,0,
GCA-2712985,monophyletic,internal_38,6,,,,0,0,
GCA-2714055,monophyletic,internal_38,2,,,,0,0,
GCA-2715645,monophyletic,internal_32,4,,,,0,0,
GCA-2715965,monophyletic,internal_23,5,,,,0,0,
GCA-2716065,monophyletic,internal_46,5,,,,0,0,
GCA-2716345,monophyletic,internal_39,6,,,,0,0,
GCA-2716765,monophyletic,internal_49,2,,,,0,0,
GCA-2716945,monophyletic,internal_31,2,,,,0,0,
GCA-2717185,monophyletic,internal_37,8,,,,0,0,
GCA-2717385,monophyletic,internal_40,4,,,,0,0,
GCA-2717465,monophyletic,internal_41,2,,,,0,0,
GCA-2717625,monophyletic,internal_31,5,,,,0,0,
GCA-2718035,monophyletic,internal_39,5,,,,0,0,
GCA-2718595,monophyletic,internal_31,5,,,,0,0,
GCA-2718715,monophyletic,internal_29,2,,,,0,0,
GCA-2718815,monophyletic,internal_34,2,,,,0,0,
GCA-2718845,monophyletic,internal_32,2,,,,0,0,
GCA-2719315,monophyletic,internal_50,4,,,,0,0,
GCA-2719675,monophyletic,internal_38,2,,,,0,0,
GCA-2719775,monophyletic,internal_41,2,,,,0,0,
GCA-2720195,monophyletic,internal_32,6,,,,0,0,
GCA-2720865,monophyletic,internal_38,4,,,,0,0,
GCA-2720975,monophyletic,internal_38,5,,,,0,0,
GCA-2722105,monophyletic,internal_34,9,,,,0,0,
GCA-2722315,monophyletic,internal_31,22,,,,0,0,
GCA-2723085,monophyletic,internal_46,3,,,,0,0,
GCA-2723275,monophyletic,internal_37,2,,,,0,0,
GCA-2724215,monophyletic,internal_28,31,,,,0,0,
GCA-2725625,monophyletic,internal_33,2,,,,0,0,
GCA-2726205,monophyletic,internal_34,2,,,,0,0,
GCA-2726245,monophyletic,internal_37,7,,,,0,0,
GCA-2728135,monophyletic,internal_36,2,,,,0,0,
GCA-2728255,monophyletic,internal_38,2,,,,0,0,
GCA-2729495,monophyletic,internal_37,11,,,,0,0,
GCA-2729515,monophyletic,internal_33,3,,,,0,0,
GCA-2730555,monophyletic,internal_43,14,,,,0,0,
GCA-2730855,monophyletic,internal_36,6,,,,0,0,
GCA-2730975,monophyletic,internal_26,9,,,,0,0,
GCA-2731375,monophyletic,internal_38,21,,,,0,0,
GCA-2732755,monophyletic,internal_36,10,,,,0,0,
GCA-2732805,monophyletic,internal_46,3,,,,0,0,
GCA-2733415,monophyletic,internal_55,14,,,,0,0,
GCA-2733545,monophyletic,internal_26,3,,,,0,0,
GCA-2733885,monophyletic,internal_23,17,,,,0,0,
GCA-2737125,monophyletic,internal_43,12,,,,0,0,
GCA-2737595,monophyletic,internal_34,6,,,,0,0,
GCA-2737665,monophyletic,internal_52,27,,,,0,0,
GCA-2737725,monophyletic,internal_34,8,,,,0,0,
GCA-2746155,monophyletic,internal_36,4,,,,0,0,
GCA-2746235,monophyletic,internal_36,9,,,,0,0,
GCA-2746255,monophyletic,internal_31,6,,,,0,0,
GCA-2746365,monophyletic,internal_33,34,,,,0,0,
GCA-2746425,monophyletic,internal_34,10,,,,0,0,
GCA-2746605,monophyletic,internal_40,11,,,,0,0,
GCA-2746795,monophyletic,internal_44,5,,,,0,0,
GCA-2747515,monophyletic,internal_35,12,,,,0,0,
GCA-2747695,monophyletic,internal_45,4,,,,0,0,
GCA-2747955,monophyletic,internal_49,6,,,,0,0,
GCA-2748055,monophyletic,internal_60,49,,,,0,0,
GCA-2748575,monophyletic,internal_38,4,,,,0,0,
GCA-2753255,monophyletic,internal_24,2,,,,0,0,
GCA-2753565,monophyletic,internal_23,5,,,,0,0,
GCA-2753745,monophyletic,internal_32,5,,,,0,0,
GCA-2770975,monophyletic,internal_15,6,,,,0,0,
GCA-2786165,monophyletic,internal_53,9,,,,0,0,
GCA-2786225,monophyletic,internal_10,5,,,,0,0,
GCA-2794515,monophyletic,internal_48,6,,,,0,0,
GCA-2861595,monophyletic,internal_32,4,,,,0,0,
GCA-2862545,monophyletic,internal_28,2,,,,0,0,
GCA-2862585,monophyletic,internal_39,7,,,,0,0,
GCA-958296115,monophyletic,internal_50,9,,,,0,0,
GCF-000787395,monophyletic,internal_36,2,,,,0,0,
GCF-002002485,monophyletic,internal_47,2,,,,0,0,
GH45,monophyletic,internal_60,5,,,,0,0,
GJ-E10,monophyletic,internal_34,14,,,,0,0,
GLR113,monophyletic,internal_37,2,,,,0,0,
GM7GCV1,monophyletic,internal_44,4,,,,0,0,
GMQP-bins7,monophyletic,internal_31,108,,,,0,0,
GN02-872,monophyletic,internal_29,3,,,,0,0,
GN02-873,monophyletic,internal_29,5,,,,0,0,
GPF-1,monophyletic,internal_27,4,,,,0,0,
GPS1B09,monophyletic,internal_27,4,,,,0,0,
GRL18,monophyletic,internal_33,17,,,,0,0,
GSA-30,monophyletic,internal_43,3,,,,0,0,
GUT77,monophyletic,internal_28,8,,,,0,0,
GW928-bin9,monophyletic,internal_32,2,,,,0,0,
GWA1-39-11,monophyletic,internal_31,12,,,,0,0,
GWA1-40-21,monophyletic,internal_53,4,,,,0,0,
GWA1-44-25,monophyletic,internal_40,2,,,,0,0,
GWA1-44-29,monophyletic,internal_39,3,,,,0,0,
GWA1-54-10,monophyletic,internal_55,80,,,,0,0,
GWA1-54-12,monophyletic,internal_49,3,,,,0,0,
GWA2-31-9,monophyletic,internal_49,2,,,,0,0,
GWA2-32-17,monophyletic,internal_49,8,,,,0,0,
GWA2-35-9,monophyletic,internal_22,2,,,,0,0,
GWA2-36-10,monophyletic,internal_31,2,,,,0,0,
GWA2-37-10,monophyletic,internal_45,2,,,,0,0,
GWA2-37-8,monophyletic,internal_44,2,,,,0,0,
GWA2-38-13b,monophyletic,internal_28,2,,,,0,0,
GWA2-43-14,monophyletic,internal_32,2,,,,0,0,
GWA2-44-9,monophyletic,internal_40,2,,,,0,0,
GWA2-45-9,monophyletic,internal_46,5,,,,0,0,
GWA2-46-10,monophyletic,internal_53,5,,,,0,0,
GWA2-46-15,monophyletic,internal_36,8,,,,0,0,
GWA2-46-9,monophyletic,internal_33,2,,,,0,0,
GWA2-49-15,monophyletic,internal_34,4,,,,0,0,
GWA2-54-12,monophyletic,internal_33,4,,,,0,0,
GWA2-66-18,monophyletic,internal_37,38,,,,0,0,
GWA2-73-35,monophyletic,internal_27,4,,,,0,0,
GWB1-37-8,monophyletic,internal_37,7,,,,0,0,
GWB1-38-13,monophyletic,internal_33,4,,,,0,0,
GWB1-39-10,monophyletic,internal_38,3,,,,0,0,
GWB1-39-12,monophyletic,internal_32,2,,,,0,0,
GWB1-40-14,monophyletic,internal_31,2,,,,0,0,
GWB1-42-6,monophyletic,internal_33,2,,,,0,0,
GWB1-50-10,monophyletic,internal_45,2,,,,0,0,
GWB1-54-5,monophyletic,internal_31,4,,,,0,0,
GWB2-37-7,monophyletic,internal_27,8,,,,0,0,
GWB2-47-37,monophyletic,internal_35,3,,,,0,0,
GWB2-55-19,monophyletic,internal_34,5,,,,0,0,
GWC2-36-17,monophyletic,internal_33,2,,,,0,0,
GWC2-37-13,monophyletic,internal_33,43,,,,0,0,
GWC2-37-8,monophyletic,internal_34,3,,,,0,0,
GWC2-39-10,monophyletic,internal_21,2,,,,0,0,
GWC2-39-14,monophyletic,internal_36,2,,,,0,0,
GWC2-40-17,monophyletic,internal_37,3,,,,0,0,
GWC2-42-12,monophyletic,internal_48,5,,,,0,0,
GWC2-45-19,monophyletic,internal_31,4,,,,0,0,
GWC2-45-44,monophyletic,internal_30,3,,,,0,0,
GWC2-56-14,monophyletic,internal_30,6,,,,0,0,
GWC2-57-13,monophyletic,internal_20,2,,,,0,0,
GWC2-70-10,monophyletic,internal_17,3,,,,0,0,
GWE2-40-63,monophyletic,internal_59,7,,,,0,0,
GWE2-41-16,monophyletic,internal_16,2,,,,0,0,
GWE2-42-24,monophyletic,internal_59,3,,,,0,0,
GWE2-42-39,monophyletic,internal_62,5,,,,0,0,
GWE2-51-13,monophyletic,internal_23,8,,,,0,0,
GWF,monophyletic,internal_32,5,,,,0,0,
GWF1-51-8,monophyletic,internal_9,4,,,,0,0,
GWF2-30-66,monophyletic,internal_21,2,,,,0,0,
GWF2-33-9,monophyletic,internal_36,7,,,,0,0,
GWF2-35-48,monophyletic,internal_50,3,,,,0,0,
GWF2-38-10,monophyletic,internal_21,4,,,,0,0,
GWF2-38-335,monophyletic,internal_50,2,,,,0,0,
GWF2-38-69,monophyletic,internal_24,3,,,,0,0,
GWF2-38-85,monophyletic,internal_35,2,,,,0,0,
GWF2-43-52,monophyletic,internal_31,2,,,,0,0,
GWF2-43-63,monophyletic,internal_54,9,,,,0,0,
GWF2-50-93,monophyletic,internal_24,10,,,,0,0,
GYS-P2D,monophyletic,internal_56,9,,,,0,0,
Ga0074130,monophyletic,internal_40,8,,,,0,0,
Ga0074137,monophyletic,internal_31,11,,,,0,0,
Ga0074139,monophyletic,internal_34,9,,,,0,0,
Ga0074140,monophyletic,internal_24,6,,,,0,0,
Ga0077523,monophyletic,internal_43,25,,,,0,0,
Ga0077527,monophyletic,internal_46,40,,,,0,0,
Ga0077530,monophyletic,internal_40,14,,,,0,0,
Ga0077536,monophyletic,internal_38,13,,,,0,0,
Ga0077539,monophyletic,internal_30,4,,,,0,0,
Ga0077546,monophyletic,internal_20,15,,,,0,0,
Ga0077548,monophyletic,internal_39,15,,,,0,0,
Ga0077553,monophyletic,internal_36,29,,,,0,0,
Ga0077554,monophyletic,internal_33,5,,,,0,0,
Ga0077555,monophyletic,internal_39,24,,,,0,0,
Ga0077560,monophyletic,internal_25,5,,,,0,0,
Ga6A1,monophyletic,internal_67,3,,,,0,0,
Gabonibacter,monophyletic,internal_64,2,,,,0,0,
Gaetbulibacter_A,monophyletic,internal_71,2,,,,0,0,
Gaiella,monophyletic,internal_31,110,,,,0,0,
Gaiellasilicea,monophyletic,internal_32,57,,,,0,0,
Galactobacter,monophyletic,internal_49,6,,,,0,0,
Galbibacter,monophyletic,internal_53,10,,,,0,0,
Galbitalea,monophyletic,internal_58,13,,,,0,0,
Gallacutalibacter,monophyletic,internal_44,2,,,,0,0,
Gallaecimonas,monophyletic,internal_36,6,,,,0,0,
Gallalistipes,monophyletic,internal_67,2,,,,0,0,
Gallibacter,monophyletic,internal_41,8,,,,0,0,
Gallibacterium,monophyletic,internal_39,6,,,,0,0,
Gallibacteroides,monophyletic,internal_65,3,,,,0,0,
Galligastranaerophilus,monophyletic,internal_24,16,,,,0,0,
Galligastranaerophilus_A,monophyletic,internal_23,12,,,,0,0,
Gallimonas,monophyletic,internal_41,130,,,,0,0,
Gallintestinimicrobium,monophyletic,internal_51,20,,,,0,0,
Gallionella,monophyletic,internal_35,156,,,,0,0,
Gallipaludibacter,monophyletic,internal_68,4,,,,0,0,
Galliscardovia,monophyletic,internal_46,10,,,,0,0,
Gallispira,monophyletic,internal_42,13,,,,0,0,
Galloscillospira,monophyletic,internal_34,5,,,,0,0,
Galloscillospira_A,monophyletic,internal_49,2,,,,0,0,
Gaopeijia,monophyletic,internal_31,20,,,,0,0,
Gaoshiqia,monophyletic,internal_65,4,,,,0,0,
Garciella,monophyletic,internal_22,2,,,,0,0,
Gastranaerophilus,monophyletic,internal_25,8,,,,0,0,
Geddesella,monophyletic,internal_37,4,,,,0,0,
Gelidibacter,monophyletic,internal_66,16,,,,0,0,
Gellertiella,monophyletic,internal_42,5,,,,0,0,
Gemella,monophyletic,internal_34,32,,,,0,0,
Gemelliphila,monophyletic,internal_34,8,,,,0,0,
Geminicoccus,monophyletic,internal_38,5,,,,0,0,
Geminisphaera,monophyletic,internal_37,2,,,,0,0,
Geminocystis,monophyletic,internal_34,7,,,,0,0,
Gemmata,monophyletic,internal_30,29,,,,0,0,
Gemmatimonas,monophyletic,internal_22,87,,,,0,0,
Gemmatirosa,monophyletic,internal_22,2,,,,0,0,
Gemmiger,monophyletic,internal_61,63,,,,0,0,
Gemmiger_A,monophyletic,internal_56,4,,,,0,0,
Gemmobacter,monophyletic,internal_60,16,,,,0,0,
Geoalkalibacter,monophyletic,internal_24,4,,,,0,0,
Geoalkalibacter_A,monophyletic,internal_24,2,,,,0,0,
Geoanaerobacter,monophyletic,internal_23,6,,,,0,0,
Geobacillus,monophyletic,internal_44,14,,,,0,0,
Geobacter,monophyletic,internal_24,12,,,,0,0,
Geochorda,monophyletic,internal_26,4,,,,0,0,
Geodermatophilus,monophyletic,internal_37,36,,,,0,0,
Geofilum,monophyletic,internal_63,7,,,,0,0,
Geohydrothermomicrobium,monophyletic,internal_17,2,,,,0,0,
Geojedonia,monophyletic,internal_64,5,,,,0,0,
Geomicrobium_A,monophyletic,internal_43,4,,,,0,0,
Geomobilibacter,monophyletic,internal_23,4,,,,0,0,
Geomobilimonas,monophyletic,internal_27,4,,,,0,0,
Geomonas,monophyletic,internal_30,24,,,,0,0,
Geopseudomonas,monophyletic,internal_49,13,,,,0,0,
Geopsychrobacter,monophyletic,internal_31,10,,,,0,0,
Georgenia,monophyletic,internal_48,12,,,,0,0,
Georgenia_A,monophyletic,internal_46,2,,,,0,0,
Georgfuchsia,monophyletic,internal_40,3,,,,0,0,
Georhizobium,monophyletic,internal_40,4,,,,0,0,
Geosporobacter,monophyletic,internal_31,3,,,,0,0,
Geotalea,monophyletic,internal_27,6,,,,0,0,
Geothermadaptatus,monophyletic,internal_29,2,,,,0,0,
Geothermobacter,monophyletic,internal_26,4,,,,0,0,
Geothermobacter_A,monophyletic,internal_26,2,,,,0,0,
Geothermovivens,monophyletic,internal_26,2,,,,0,0,
Geothrix,monophyletic,internal_13,62,,,,0,0,
Geotoga,monophyletic,internal_23,3,,,,0,0,
Geovibrio,monophyletic,internal_18,4,,,,0,0,
Ghiorsea,monophyletic,internal_26,18,,,,0,0,
Gilliamella,monophyletic,internal_43,38,,,,0,0,
Gillisia,monophyletic,internal_50,33,,,,0,0,
Gilvibacter,monophyletic,internal_47,7,,,,0,0,
Gilvimarinus,monophyletic,internal_50,12,,,,0,0,
Gilvirhabdus,monophyletic,internal_65,3,,,,0,0,
Gimesia,monophyletic,internal_27,22,,,,0,0,
Gimibacter,monophyletic,internal_44,2,,,,0,0,
Ginsengibacter,monophyletic,internal_44,127,,,,0,0,
Glaciecola,monophyletic,internal_47,37,,,,0,0,
Glacieibacterium,monophyletic,internal_50,6,,,,0,0,
Glaciihabitans,monophyletic,internal_56,4,,,,0,0,
Glaciimonas,monophyletic,internal_36,5,,,,0,0,
Glaesserella,monophyletic,internal_47,7,,,,0,0,
Gleimia,monophyletic,internal_55,16,,,,0,0,
Glo-13,monophyletic,internal_34,2,,,,0,0,
Glo-17,monophyletic,internal_26,9,,,,0,0,
Globicatella,monophyletic,internal_43,4,,,,0,0,
Gloeobacter,monophyletic,internal_16,4,,,,0,0,
Gloeocapsa,monophyletic,internal_30,3,,,,0,0,
Gloeocapsopsis,monophyletic,internal_29,3,,,,0,0,
Gloeomargarita,monophyletic,internal_15,9,,,,0,0,
Gloeothece,monophyletic,internal_32,2,,,,0,0,
Gloeotrichia,monophyletic,internal_34,2,,,,0,0,
Glomeribacter,monophyletic,internal_29,2,,,,0,0,
Gluconacetobacter,monophyletic,internal_42,13,,,,0,0,
Gluconobacter,monophyletic,internal_46,30,,,,0,0,
Glutamicibacter,monophyletic,internal_50,27,,,,0,0,
Glycocaulis,monophyletic,internal_41,12,,,,0,0,
Glycomyces,monophyletic,internal_38,33,,,,0,0,
Gordonia,monophyletic,internal_43,92,,,,0,0,
Gordonibacter,monophyletic,internal_33,8,,,,0,0,
Gordoniibacillus,monophyletic,internal_34,2,,,,0,0,
Gorgyraea,monophyletic,internal_31,3,,,,0,0,
Gorillibacterium,monophyletic,internal_38,5,,,,0,0,
Gottfriedia,monophyletic,internal_34,20,,,,0,0,
Govanella,monophyletic,internal_42,2,,,,0,0,
Gp1-AA112,monophyletic,internal_24,14,,,,0,0,
Gp1-AA122,monophyletic,internal_29,9,,,,0,0,
Gp1-AA124,monophyletic,internal_31,2,,,,0,0,
Gp1-AA133,monophyletic,internal_31,19,,,,0,0,
Gp1-AA145,monophyletic,internal_34,31,,,,0,0,
Gp13-AA74,monophyletic,internal_24,2,,,,0,0,
Gp13-AA77,monophyletic,internal_26,8,,,,0,0,
Gp22-AA3,monophyletic,internal_21,10,,,,0,0,
Gp6-AA40,monophyletic,internal_26,36,,,,0,0,
Gp6-AA45,monophyletic,internal_33,4,,,,0,0,
Gp7-AA10,monophyletic,internal_29,8,,,,0,0,
Gp7-AA6,monophyletic,internal_20,15,,,,0,0,
Gracilibacillus,monophyletic,internal_46,22,,,,0,0,
Gracilibacter,monophyletic,internal_31,2,,,,0,0,
Gracilimonas,monophyletic,internal_34,26,,,,0,0,
Gracilinema,monophyletic,internal_21,4,,,,0,0,
Granulibacter,monophyletic,internal_37,3,,,,0,0,
Granulicatella,monophyletic,internal_40,45,,,,0,0,
Granulicella,monophyletic,internal_35,101,,,,0,0,
Granulimonas,monophyletic,internal_32,3,,,,0,0,
Granulosicoccus,monophyletic,internal_35,48,,,,0,0,
Gryllotalpicola,monophyletic,internal_52,9,,,,0,0,
Guanabaribacterium,monophyletic,internal_14,3,,,,0,0,
Gudongella,monophyletic,internal_35,16,,,,0,0,
Gulosibacter,monophyletic,internal_49,13,,,,0,0,
Guptibacillus,monophyletic,internal_41,17,,,,0,0,
Guyparkeria,monophyletic,internal_31,20,,,,0,0,
Gygaella,monophyletic,internal_28,2,,,,0,0,
Gymnodinialimonas,monophyletic,internal_64,19,,,,0,0,
Gynuella,monophyletic,internal_43,2,,,,0,0,
H1,monophyletic,internal_71,3,,,,0,0,
H1-PLA3,monophyletic,internal_30,2,,,,0,0,
H2-BAC3,monophyletic,internal_33,4,,,,0,0,
H3-PLA7,monophyletic,internal_23,3,,,,0,0,
H5-PLA8,monophyletic,internal_21,3,,,,0,0,
HA3dbin3,monophyletic,internal_19,3,,,,0,0,
HB2-32-21,monophyletic,internal_49,10,,,,0,0,
HDS-28,monophyletic,internal_60,3,,,,0,0,
HGM04593,monophyletic,internal_67,90,,,,0,0,
HGM05190,monophyletic,internal_80,5,,,,0,0,
HGM05232,monophyletic,internal_73,4,,,,0,0,
HGM05376,monophyletic,internal_58,8,,,,0,0,
HGM05398,monophyletic,internal_69,4,,,,0,0,
HGM10611,monophyletic,internal_22,3,,,,0,0,
HGM10766,monophyletic,internal_20,10,,,,0,0,
HGM10818,monophyletic,internal_26,3,,,,0,0,
HGM10836,monophyletic,internal_27,4,,,,0,0,
HGM10857,monophyletic,internal_26,4,,,,0,0,
HGM10890,monophyletic,internal_22,2,,,,0,0,
HGM11367,monophyletic,internal_36,11,,,,0,0,
HGM11368,monophyletic,internal_39,7,,,,0,0,
HGM11372,monophyletic,internal_35,3,,,,0,0,
HGM11377,monophyletic,internal_33,3,,,,0,0,
HGM11386,monophyletic,internal_35,3,,,,0,0,
HGM11412,monophyletic,internal_38,38,,,,0,0,
HGM11416,monophyletic,internal_38,17,,,,0,0,
HGM11501,monophyletic,internal_30,12,,,,0,0,
HGM11525,monophyletic,internal_38,10,,,,0,0,
HGM11604,monophyletic,internal_41,2,,,,0,0,
HGM11616,monophyletic,internal_35,3,,,,0,0,
HGM11788,monophyletic,internal_41,3,,,,0,0,
HGM11808,monophyletic,internal_36,3,,,,0,0,
HGM12587,monophyletic,internal_42,10,,,,0,0,
HGM12619,monophyletic,internal_35,16,,,,0,0,
HGM12650,monophyletic,internal_49,4,,,,0,0,
HGM12657,monophyletic,internal_41,2,,,,0,0,
HGM12669,monophyletic,internal_39,2,,,,0,0,
HGM12713,monophyletic,internal_49,72,,,,0,0,
HGM12789,monophyletic,internal_39,4,,,,0,0,
HGM12814,monophyletic,internal_42,2,,,,0,0,
HGM12998,monophyletic,internal_47,2,,,,0,0,
HGM13006,monophyletic,internal_40,21,,,,0,0,
HGM13010,monophyletic,internal_48,7,,,,0,0,
HGM13222,monophyletic,internal_42,5,,,,0,0,
HGM13233,monophyletic,internal_46,2,,,,0,0,
HGM13634,monophyletic,internal_44,11,,,,0,0,
HGM13862,monophyletic,internal_35,6,,,,0,0,
HGM16780,monophyletic,internal_24,15,,,,0,0,
HGM20899,monophyletic,internal_41,3,,,,0,0,
HGW-1,monophyletic,internal_33,2,,,,0,0,
HGW-17,monophyletic,internal_25,8,,,,0,0,
HIGHO2-12-38-15,monophyletic,internal_40,2,,,,0,0,
HIMB11,monophyletic,internal_65,8,,,,0,0,
HIMB114,monophyletic,internal_29,15,,,,0,0,
HIMB30,monophyletic,internal_34,30,,,,0,0,
HIMB59,monophyletic,internal_23,71,,,,0,0,
HK-STAS-PATE-2,monophyletic,internal_42,3,,,,0,0,
HK-STAS-PATE-34,monophyletic,internal_51,2,,,,0,0,
HK-STAS-PATE-36,monophyletic,internal_33,6,,,,0,0,
HK-STAS-PATE-42,monophyletic,internal_28,5,,,,0,0,
HK1,monophyletic,internal_35,12,,,,0,0,
HKB214,monophyletic,internal_23,2,,,,0,0,
HKCCE3408,monophyletic,internal_61,5,,,,0,0,
HKST-UBA178,monophyletic,internal_40,7,,,,0,0,
HKST-UBA85,monophyletic,internal_60,2,,,,0,0,
HLUCCA01,monophyletic,internal_32,3,,,,0,0,
HLUCCA09,monophyletic,internal_59,7,,,,0,0,
HNR,monophyletic,internal_53,2,,,,0,0,
HO2-39-17,monophyletic,internal_35,2,,,,0,0,
HO2-43-120,monophyletic,internal_59,2,,,,0,0,
HO2-45-11b,monophyletic,internal_28,14,,,,0,0,
HO2-45-28,monophyletic,internal_39,5,,,,0,0,
HO2-49-34,monophyletic,internal_59,2,,,,0,0,
HO2-FULL-47-45,monophyletic,internal_25,2,,,,0,0,
HOT-345,monophyletic,internal_31,19,,,,0,0,
HR10,monophyletic,internal_17,7,,,,0,0,
HRBIN11,monophyletic,internal_16,3,,,,0,0,
HRBIN12,monophyletic,internal_32,9,,,,0,0,
HRBIN15,monophyletic,internal_23,4,,,,0,0,
HRBIN16,monophyletic,internal_20,13,,,,0,0,
HRBIN21,monophyletic,internal_27,7,,,,0,0,
HRBIN23,monophyletic,internal_37,3,,,,0,0,
HRBIN24,monophyletic,internal_29,3,,,,0,0,
HRBIN29,monophyletic,internal_29,2,,,,0,0,
HRBIN30,monophyletic,internal_29,5,,,,0,0,
HRBIN35,monophyletic,internal_39,4,,,,0,0,
HRBIN36,monophyletic,internal_22,4,,,,0,0,
HRBIN39,monophyletic,internal_41,5,,,,0,0,
HS-T3,monophyletic,internal_28,3,,,,0,0,
HSG29,monophyletic,internal_32,3,,,,0,0,
HT1-32,monophyletic,internal_28,3,,,,0,0,
HTCC2207,monophyletic,internal_45,79,,,,0,0,
HTCC5015,monophyletic,internal_28,2,,,,0,0,
HUN007,monophyletic,internal_48,17,,,,0,0,
HXMU1420-13,monophyletic,internal_35,11,,,,0,0,
HXMU1420-2,monophyletic,internal_66,4,,,,0,0,
HXMU1428-3,monophyletic,internal_31,14,,,,0,0,
HY038,monophyletic,internal_46,2,,,,0,0,
HY158,monophyletic,internal_47,3,,,,0,0,
HY326,monophyletic,internal_42,2,,,,0,0,
Hadersleviella,monophyletic,internal_36,2,,,,0,0,
Haematobacter,monophyletic,internal_54,3,,,,0,0,
Haematospirillum,monophyletic,internal_37,3,,,,0,0,
Haemophilus,monophyletic,internal_49,20,,,,0,0,
Haemophilus_A,monophyletic,internal_45,10,,,,0,0,
Haemophilus_D,monophyletic,internal_48,57,,,,0,0,
Hafnia,monophyletic,internal_47,4,,,,0,0,
Hahella,monophyletic,internal_38,8,,,,0,0,
Hahnella,monophyletic,internal_22,30,,,,0,0,
Hakubella,monophyletic,internal_17,2,,,,0,0,
Halalkalibacter,monophyletic,internal_44,19,,,,0,0,
Halalkalibacter_A,monophyletic,internal_44,2,,,,0,0,
Halalkalibacterium,monophyletic,internal_42,2,,,,0,0,
Halalkalibaculum,monophyletic,internal_35,2,,,,0,0,
Halanaerobacter,monophyletic,internal_18,4,,,,0,0,
Halanaerobium,monophyletic,internal_19,19,,,,0,0,
Halarcobacter,monophyletic,internal_27,25,,,,0,0,
Halarsenatibacter,monophyletic,internal_21,6,,,,0,0,
Haliangium,monophyletic,internal_35,4,,,,0,0,
Haliea,monophyletic,internal_49,15,,,,0,0,
Halioglobus,monophyletic,internal_51,12,,,,0,0,
Haliotispira,monophyletic,internal_13,4,,,,0,0,
Halioxenophilus,monophyletic,internal_50,3,,,,0,0,
Haliscomenobacter,monophyletic,internal_54,12,,,,0,0,
Hallerella,monophyletic,internal_29,19,,,,0,0,
Haloactinomyces,monophyletic,internal_42,2,,,,0,0,
Haloactinopolyspora,monophyletic,internal_43,2,,,,0,0,
Halobacillus,monophyletic,internal_45,26,,,,0,0,
Halobacillus_A,monophyletic,internal_43,14,,,,0,0,
Halobacillus_B,monophyletic,internal_44,3,,,,0,0,
Halobacteriovorax,monophyletic,internal_38,6,,,,0,0,
Halobacteriovorax_A,monophyletic,internal_39,13,,,,0,0,
Halocynthiibacter,monophyletic,internal_62,4,,,,0,0,
Halodesulfovibrio,monophyletic,internal_24,14,,,,0,0,
Halodurantibacterium,monophyletic,internal_53,3,,,,0,0,
Haloechinothrix,monophyletic,internal_43,3,,,,0,0,
Haloechinothrix_A,monophyletic,internal_43,5,,,,0,0,
Haloferula,monophyletic,internal_29,35,,,,0,0,
Halofilum,monophyletic,internal_28,13,,,,0,0,
Haloimpatiens,monophyletic,internal_31,5,,,,0,0,
Halolactibacillus,monophyletic,internal_51,4,,,,0,0,
Halolacustris,monophyletic,internal_21,5,,,,0,0,
Halomarinibacterium,monophyletic,internal_55,7,,,,0,0,
Halomicronema,monophyletic,internal_29,14,,,,0,0,
Halomonas,monophyletic,internal_45,117,,,,0,0,
Halonatronomonas,monophyletic,internal_20,6,,,,0,0,
Halopseudomonas,monophyletic,internal_39,51,,,,0,0,
Halorhodospira,monophyletic,internal_30,10,,,,0,0,
Halospina,monophyletic,internal_40,9,,,,0,0,
Halosquirtibacter,monophyletic,internal_59,4,,,,0,0,
Halotalea,monophyletic,internal_43,2,,,,0,0,
Halothece,monophyletic,internal_26,13,,,,0,0,
Halothiobacillus,monophyletic,internal_31,14,,,,0,0,
Halotia,monophyletic,internal_37,3,,,,0,0,
Halovulum,monophyletic,internal_43,8,,,,0,0,
Halpernia,monophyletic,internal_56,3,,,,0,0,
Hamadaea,monophyletic,internal_37,4,,,,0,0,
Hamiltonella,monophyletic,internal_44,2,,,,0,0,
Hankyongella,monophyletic,internal_44,2,,,,0,0,
Hanstruepera,monophyletic,internal_67,5,,,,0,0,
Haoranjiania,monophyletic,internal_50,3,,,,0,0,
Haploplasma,monophyletic,internal_23,4,,,,0,0,
Harryflintia,monophyletic,internal_39,4,,,,0,0,
Hasllibacter,monophyletic,internal_52,3,,,,0,0,
Hassallia,monophyletic,internal_31,11,,,,0,0,
Hathewaya,monophyletic,internal_35,4,,,,0,0,
HdN1,monophyletic,internal_36,3,,,,0,0,
Hebobacterum,monophyletic,internal_24,3,,,,0,0,
Hel1-33-131,monophyletic,internal_56,20,,,,0,0,
Helcobacillus,monophyletic,internal_43,2,,,,0,0,
Helcococcus,monophyletic,internal_38,8,,,,0,0,
Helicobacter,monophyletic,internal_29,60,,,,0,0,
Helicobacter_A,monophyletic,internal_27,13,,,,0,0,
Helicobacter_B,monophyletic,internal_27,10,,,,0,0,
Helicobacter_C,monophyletic,internal_26,13,,,,0,0,
Helicobacter_D,monophyletic,internal_23,25,,,,0,0,
Helicobacter_F,monophyletic,internal_26,9,,,,0,0,
Helicobacter_G,monophyletic,internal_24,7,,,,0,0,
Helicobacter_H,monophyletic,internal_29,6,,,,0,0,
Helicobacter_I,monophyletic,internal_27,2,,,,0,0,
Helicobacter_J,monophyletic,internal_29,7,,,,0,0,
Heliobacterium,monophyletic,internal_26,2,,,,0,0,
Heliomarina,monophyletic,internal_67,3,,,,0,0,
Heliomicrobium,monophyletic,internal_26,3,,,,0,0,
Heliorestis,monophyletic,internal_24,2,,,,0,0,
Hellea,monophyletic,internal_41,17,,,,0,0,
Hemerobacter,monophyletic,internal_23,2,,,,0,0,
Hennigella,monophyletic,internal_23,13,,,,0,0,
Henriciella,monophyletic,internal_42,72,,,,0,0,
Hepatobacter,monophyletic,internal_23,2,,,,0,0,
Hepatoplasma,monophyletic,internal_22,4,,,,0,0,
Herbaspirillum,monophyletic,internal_35,44,,,,0,0,
Herbiconiux,monophyletic,internal_54,21,,,,0,0,
Herbidospora,monophyletic,internal_41,7,,,,0,0,
Herbivorax,monophyletic,internal_42,5,,,,0,0,
Heritagella,monophyletic,internal_45,4,,,,0,0,
Heritagella_A,monophyletic,internal_44,9,,,,0,0,
Herpetosiphon,monophyletic,internal_25,8,,,,0,0,
Hespellia,monophyletic,internal_44,4,,,,0,0,
Heteroclostridium,monophyletic,internal_33,5,,,,0,0,
Heteroruminococcus,monophyletic,internal_43,7,,,,0,0,
Heteroscillospira,monophyletic,internal_44,7,,,,0,0,
Heyndrickxia,monophyletic,internal_42,5,,,,0,0,
Hinthialibacter,monophyletic,internal_20,2,,,,0,0,
Hippea,monophyletic,internal_22,11,,,,0,0,
Hirschia,monophyletic,internal_37,7,,,,0,0,
Hoeflea,monophyletic,internal_42,32,,,,0,0,
Hoeflea_A,monophyletic,internal_41,17,,,,0,0,
Hohaiivirga,monophyletic,internal_44,4,,,,0,0,
Holdemanella,monophyletic,internal_27,12,,,,0,0,
Holdemania,monophyletic,internal_22,5,,,,0,0,
Holophaga,monophyletic,internal_17,3,,,,0,0,
Holospora,monophyletic,internal_23,3,,,,0,0,
Holtiella,monophyletic,internal_36,3,,,,0,0,
Holzapfeliella,monophyletic,internal_42,2,,,,0,0,
Hominenteromicrobium,monophyletic,internal_48,14,,,,0,0,
Hominibacterium,monophyletic,internal_41,11,,,,0,0,
Hominicoprocola,monophyletic,internal_46,49,,,,0,0,
Hominilimicola,monophyletic,internal_43,24,,,,0,0,
Hominimerdicola,monophyletic,internal_47,39,,,,0,0,
Hominisplanchenecus,monophyletic,internal_48,4,,,,0,0,
Hominisplanchenecus_A,monophyletic,internal_48,7,,,,0,0,
Hominiventricola,monophyletic,internal_43,34,,,,0,0,
Homoserinibacter,monophyletic,internal_56,17,,,,0,0,
Homoserinimonas,monophyletic,internal_59,6,,,,0,0,
Hongsoonwoonella,monophyletic,internal_41,4,,,,0,0,
Hopanoidiivorans,monophyletic,internal_37,4,,,,0,0,
Hormoscilla,monophyletic,internal_22,5,,,,0,0,
Hoskinsella,monophyletic,internal_29,2,,,,0,0,
Howiella,monophyletic,internal_40,3,,,,0,0,
Hoyosella,monophyletic,internal_35,3,,,,0,0,
Hufsiella_A,monophyletic,internal_58,2,,,,0,0,
Hugonella,monophyletic,internal_31,2,,,,0,0,
Huintestinicola,monophyletic,internal_49,30,,,,0,0,
Hujiaoplasma,monophyletic,internal_21,7,,,,0,0,
Humibacillus,monophyletic,internal_49,4,,,,0,0,
Humibacter,monophyletic,internal_52,10,,,,0,0,
Humicultor,monophyletic,internal_19,4,,,,0,0,
Humidesulfovibrio,monophyletic,internal_26,22,,,,0,0,
Humimicrobium,monophyletic,internal_18,3,,,,0,0,
Humimonas,monophyletic,internal_19,4,,,,0,0,
Humisphaera,monophyletic,internal_30,2,,,,0,0,
Humitalea,monophyletic,internal_37,4,,,,0,0,
Hungateiclostridium,monophyletic,internal_42,8,,,,0,0,
Hungatella,monophyletic,internal_48,3,,,,0,0,
Hungatella_A,monophyletic,internal_49,3,,,,0,0,
Hwangdonia,monophyletic,internal_72,2,,,,0,0,
Hwanghaeella,monophyletic,internal_38,4,,,,0,0,
HyVt-105,monophyletic,internal_57,3,,,,0,0,
HyVt-16,monophyletic,internal_17,2,,,,0,0,
HyVt-337,monophyletic,internal_27,2,,,,0,0,
HyVt-429,monophyletic,internal_23,2,,,,0,0,
HyVt-443,monophyletic,internal_40,2,,,,0,0,
HyVt-448,monophyletic,internal_37,2,,,,0,0,
HyVt-477,monophyletic,internal_32,10,,,,0,0,
HyVt-539,monophyletic,internal_30,2,,,,0,0,
HyVt-560,monophyletic,internal_31,4,,,,0,0,
HyVt-613,monophyletic,internal_49,7,,,,0,0,
Hyalangium,monophyletic,internal_32,11,,,,0,0,
Hydrocarboniphaga,monophyletic,internal_36,6,,,,0,0,
Hydrococcus,monophyletic,internal_32,5,,,,0,0,
Hydrocurvibacter,monophyletic,internal_21,12,,,,0,0,
Hydrogenedens,monophyletic,internal_18,10,,,,0,0,
Hydrogenibacillus,monophyletic,internal_29,2,,,,0,0,
Hydrogenimonas,monophyletic,internal_18,22,,,,0,0,
Hydrogenispora,monophyletic,internal_22,2,,,,0,0,
Hydrogenivirga,monophyletic,internal_24,19,,,,0,0,
Hydrogenoanaerobacterium,monophyletic,internal_41,2,,,,0,0,
Hydrogenobacter,monophyletic,internal_25,7,,,,0,0,
Hydrogenobaculum,monophyletic,internal_20,8,,,,0,0,
Hydrogenophaga,monophyletic,internal_37,131,,,,0,0,
Hydrogenophilus,monophyletic,internal_40,3,,,,0,0,
Hydrogenothermus,monophyletic,internal_21,7,,,,0,0,
Hydrogenovibrio,monophyletic,internal_35,23,,,,0,0,
Hydromicrobium,monophyletic,internal_23,15,,,,0,0,
Hydromonas,monophyletic,internal_26,8,,,,0,0,
Hydrotalea,monophyletic,internal_53,5,,,,0,0,
Hydrothermomicrobium,monophyletic,internal_31,2,,,,0,0,
Hydrothermovivens,monophyletic,internal_27,2,,,,0,0,
Hyella,monophyletic,internal_35,3,,,,0,0,
Hylemonella,monophyletic,internal_46,44,,,,0,0,
Hymenobacter,monophyletic,internal_41,165,,,,0,0,
Hypericibacter,monophyletic,internal_34,5,,,,0,0,
Hyphobacterium,monophyletic,internal_38,18,,,,0,0,
Hyphococcus,monophyletic,internal_37,50,,,,0,0,
Hyphomicrobium_A,monophyletic,internal_43,39,,,,0,0,
Hyphomicrobium_B,monophyletic,internal_43,64,,,,0,0,
Hyphomicrobium_C,monophyletic,internal_46,26,,,,0,0,
Hyphomonas,monophyletic,internal_43,80,,,,0,0,
Hypnocyclicus,monophyletic,internal_16,2,,,,0,0,
IDS-8,monophyletic,internal_43,17,,,,0,0,
IGN2,monophyletic,internal_38,22,,,,0,0,
IGN3,monophyletic,internal_38,34,,,,0,0,
IH12,monophyletic,internal_40,2,,,,0,0,
IIICB1,monophyletic,internal_28,2,,,,0,0,
IMCC2047,monophyletic,internal_38,4,,,,0,0,
IMCC26077,monophyletic,internal_35,14,,,,0,0,
IMCC26134_A,monophyletic,internal_37,27,,,,0,0,
IMCC26207,monophyletic,internal_39,9,,,,0,0,
IMCC26256,monophyletic,internal_30,11,,,,0,0,
IMCC9063,monophyletic,internal_27,12,,,,0,0,
IOR16,monophyletic,internal_33,4,,,,0,0,
ISDg,monophyletic,internal_43,31,,,,0,0,
Iamia,monophyletic,internal_30,16,,,,0,0,
Ichthyocystis,monophyletic,internal_19,2,,,,0,0,
Ideonella,monophyletic,internal_38,33,,,,0,0,
Ideonella_A,monophyletic,internal_40,8,,,,0,0,
Idiomarina,monophyletic,internal_41,28,,,,0,0,
Ignatzschineria,monophyletic,internal_30,12,,,,0,0,
Ignavibacterium,monophyletic,internal_38,13,,,,0,0,
Igneacidithiobacillus,monophyletic,internal_20,10,,,,0,0,
Ilumatobacter,monophyletic,internal_39,40,,,,0,0,
Ilumatobacter_A,monophyletic,internal_38,37,,,,0,0,
Ilyobacter,monophyletic,internal_19,5,,,,0,0,
Ilyobacter_A,monophyletic,internal_16,3,,,,0,0,
Ilyomonas,monophyletic,internal_51,14,,,,0,0,
Imbroritus,monophyletic,internal_28,2,,,,0,0,
Imhoffiella,monophyletic,internal_42,3,,,,0,0,
Immundisolibacter,monophyletic,internal_21,8,,,,0,0,
Imperialibacter,monophyletic,internal_41,7,,,,0,0,
Improbicoccus,monophyletic,internal_48,10,,,,0,0,
Inconstantimicrobium,monophyletic,internal_35,2,,,,0,0,
Indiicoccus,monophyletic,internal_33,2,,,,0,0,
Indioceanicola,monophyletic,internal_31,2,,,,0,0,
Infernicultor,monophyletic,internal_20,2,,,,0,0,
Inhella,monophyletic,internal_35,11,,,,0,0,
Inquilinus,monophyletic,internal_33,13,,,,0,0,
Insulibacter,monophyletic,internal_29,3,,,,0,0,
Intestinibacillus,monophyletic,internal_41,4,,,,0,0,
Intestinibacter,monophyletic,internal_34,9,,,,0,0,
Intestinibaculum,monophyletic,internal_26,2,,,,0,0,
Intestinicryptomonas,monophyletic,internal_23,7,,,,0,0,
Intestinimonas,monophyletic,internal_45,15,,,,0,0,
Intrasporangium,monophyletic,internal_44,10,,,,0,0,
Intrasporangium_A,monophyletic,internal_42,5,,,,0,0,
Io17-Chloro-G2,monophyletic,internal_45,7,,,,0,0,
Iodidimonas,monophyletic,internal_43,3,,,,0,0,
Iodobacter,monophyletic,internal_39,12,,,,0,0,
Isachenkonia,monophyletic,internal_29,7,,,,0,0,
Isoalcanivorax,monophyletic,internal_39,8,,,,0,0,
Isoptericola,monophyletic,internal_50,33,,,,0,0,
Izemoplasma,monophyletic,internal_23,3,,,,0,0,
Izhakiella,monophyletic,internal_49,4,,,,0,0,
J004,monophyletic,internal_28,4,,,,0,0,
J005,monophyletic,internal_23,5,,,,0,0,
J013,monophyletic,internal_36,5,,,,0,0,
J014,monophyletic,internal_24,3,,,,0,0,
J020,monophyletic,internal_27,3,,,,0,0,
J022,monophyletic,internal_37,3,,,,0,0,
J023,monophyletic,internal_24,3,,,,0,0,
J027,monophyletic,internal_43,6,,,,0,0,
J029,monophyletic,internal_33,5,,,,0,0,
J032,monophyletic,internal_23,2,,,,0,0,
J038,monophyletic,internal_49,4,,,,0,0,
J044,monophyletic,internal_28,2,,,,0,0,
J048,monophyletic,internal_36,2,,,,0,0,
J050,monophyletic,internal_18,2,,,,0,0,
J051,monophyletic,internal_25,4,,,,0,0,
J054,monophyletic,internal_38,12,,,,0,0,
J061,monophyletic,internal_18,2,,,,0,0,
J065,monophyletic,internal_17,2,,,,0,0,
J084,monophyletic,internal_44,4,,,,0,0,
J089,monophyletic,internal_30,4,,,,0,0,
J090,monophyletic,internal_40,2,,,,0,0,
J093,monophyletic,internal_29,4,,,,0,0,
J095,monophyletic,internal_34,5,,,,0,0,
J119,monophyletic,internal_55,2,,,,0,0,
J125,monophyletic,internal_30,2,,,,0,0,
J130,monophyletic,internal_52,3,,,,0,0,
J134,monophyletic,internal_44,3,,,,0,0,
JAAAOH01,monophyletic,internal_23,7,,,,0,0,
JAAAOZ01,monophyletic,internal_38,4,,,,0,0,
JAAAPF01,monophyletic,internal_38,6,,,,0,0,
JAAAPH01,monophyletic,internal_40,3,,,,0,0,
JAABPS01,monophyletic,internal_31,2,,,,0,0,
JAABPW01,monophyletic,internal_28,17,,,,0,0,
JAABQG01,monophyletic,internal_49,3,,,,0,0,
JAABQT01,monophyletic,internal_37,25,,,,0,0,
JAABRB01,monophyletic,internal_35,7,,,,0,0,
JAABRD01,monophyletic,internal_32,2,,,,0,0,
JAABRE01,monophyletic,internal_30,2,,,,0,0,
JAABRJ01,monophyletic,internal_32,5,,,,0,0,
JAABRT01,monophyletic,internal_22,15,,,,0,0,
JAABRU01,monophyletic,internal_35,5,,,,0,0,
JAABSP01,monophyletic,internal_34,2,,,,0,0,
JAABSQ01,monophyletic,internal_33,4,,,,0,0,
JAABSX01,monophyletic,internal_43,3,,,,0,0,
JAABTD01,monophyletic,internal_33,4,,,,0,0,
JAABTG01,monophyletic,internal_30,2,,,,0,0,
JAABTH01,monophyletic,internal_32,5,,,,0,0,
JAABTL01,monophyletic,internal_22,10,,,,0,0,
JAABTT01,monophyletic,internal_26,4,,,,0,0,
JAABUE01,monophyletic,internal_49,16,,,,0,0,
JAABVD01,monophyletic,internal_23,7,,,,0,0,
JAABVY01,monophyletic,internal_23,5,,,,0,0,
JAABYT01,monophyletic,internal_35,5,,,,0,0,
JAACCU01,monophyletic,internal_41,4,,,,0,0,
JAACDM01,monophyletic,internal_27,6,,,,0,0,
JAACEG01,monophyletic,internal_32,2,,,,0,0,
JAACET01,monophyletic,internal_21,3,,,,0,0,
JAACEU01,monophyletic,internal_38,4,,,,0,0,
JAACFF01,monophyletic,internal_44,13,,,,0,0,
JAACFI01,monophyletic,internal_51,3,,,,0,0,
JAACJV01,monophyletic,internal_23,2,,,,0,0,
JAACPJ01,monophyletic,internal_26,5,,,,0,0,
JAACPR01,monophyletic,internal_53,2,,,,0,0,
JAACSU01,monophyletic,internal_28,13,,,,0,0,
JAADCO01,monophyletic,internal_22,2,,,,0,0,
JAADCS01,monophyletic,internal_21,7,,,,0,0,
JAADCZ01,monophyletic,internal_28,11,,,,0,0,
JAADDB01,monophyletic,internal_31,3,,,,0,0,
JAADDG01,monophyletic,internal_21,4,,,,0,0,
JAADDV01,monophyletic,internal_23,6,,,,0,0,
JAADDZ01,monophyletic,internal_21,3,,,,0,0,
JAADED01,monophyletic,internal_43,10,,,,0,0,
JAADEI01,monophyletic,internal_28,3,,,,0,0,
JAADEM01,monophyletic,internal_62,5,,,,0,0,
JAADEN01,monophyletic,internal_45,6,,,,0,0,
JAADEO01,monophyletic,internal_18,2,,,,0,0,
JAADEQ01,monophyletic,internal_21,17,,,,0,0,
JAADEW01,monophyletic,internal_19,2,,,,0,0,
JAADFF01,monophyletic,internal_15,3,,,,0,0,
JAADFJ01,monophyletic,internal_17,4,,,,0,0,
JAADFK01,monophyletic,internal_21,2,,,,0,0,
JAADFN01,monophyletic,internal_21,2,,,,0,0,
JAADFP01,monophyletic,internal_18,2,,,,0,0,
JAADFS01,monophyletic,internal_31,3,,,,0,0,
JAADFW01,monophyletic,internal_53,2,,,,0,0,
JAADGC01,monophyletic,internal_36,2,,,,0,0,
JAADGE01,monophyletic,internal_60,15,,,,0,0,
JAADGH01,monophyletic,internal_20,2,,,,0,0,
JAADGM01,monophyletic,internal_28,3,,,,0,0,
JAADGP01,monophyletic,internal_30,2,,,,0,0,
JAADGX01,monophyletic,internal_26,3,,,,0,0,
JAADGZ01,monophyletic,internal_40,7,,,,0,0,
JAADHD01,monophyletic,internal_29,6,,,,0,0,
JAADHG01,monophyletic,internal_62,3,,,,0,0,
JAADHH01,monophyletic,internal_24,3,,,,0,0,
JAADHI01,monophyletic,internal_32,7,,,,0,0,
JAADHO01,monophyletic,internal_38,2,,,,0,0,
JAADHP01,monophyletic,internal_28,3,,,,0,0,
JAADHQ01,monophyletic,internal_31,5,,,,0,0,
JAADHS01,monophyletic,internal_35,2,,,,0,0,
JAADHU01,monophyletic,internal_42,3,,,,0,0,
JAADHX01,monophyletic,internal_38,3,,,,0,0,
JAADHY01,monophyletic,internal_34,2,,,,0,0,
JAADID01,monophyletic,internal_61,9,,,,0,0,
JAADIE01,monophyletic,internal_28,4,,,,0,0,
JAADIM01,monophyletic,internal_35,4,,,,0,0,
JAADIO01,monophyletic,internal_19,3,,,,0,0,
JAADIV01,monophyletic,internal_27,8,,,,0,0,
JAADIZ01,monophyletic,internal_23,14,,,,0,0,
JAADJA01,monophyletic,internal_58,29,,,,0,0,
JAADJD01,monophyletic,internal_25,2,,,,0,0,
JAAEKA01,monophyletic,internal_36,9,,,,0,0,
JAAELT01,monophyletic,internal_25,5,,,,0,0,
JAAELZ01,monophyletic,internal_28,9,,,,0,0,
JAAEMP01,monophyletic,internal_41,3,,,,0,0,
JAAEPA01,monophyletic,internal_29,2,,,,0,0,
JAAEPI01,monophyletic,internal_48,5,,,,0,0,
JAAEQD01,monophyletic,internal_22,3,,,,0,0,
JAAEQG01,monophyletic,internal_30,5,,,,0,0,
JAAERC01,monophyletic,internal_27,4,,,,0,0,
JAAESI01,monophyletic,internal_25,2,,,,0,0,
JAAEST01,monophyletic,internal_39,2,,,,0,0,
JAAESX01,monophyletic,internal_26,3,,,,0,0,
JAAETH01,monophyletic,internal_38,2,,,,0,0,
JAAETI01,monophyletic,internal_28,15,,,,0,0,
JAAEUB01,monophyletic,internal_58,9,,,,0,0,
JAAEUE01,monophyletic,internal_33,6,,,,0,0,
JAAEZH01,monophyletic,internal_50,2,,,,0,0,
JAAFGM01,monophyletic,internal_40,12,,,,0,0,
JAAFGT01,monophyletic,internal_23,2,,,,0,0,
JAAFHB01,monophyletic,internal_62,26,,,,0,0,
JAAFHI01,monophyletic,internal_20,3,,,,0,0,
JAAFHJ01,monophyletic,internal_34,4,,,,0,0,
JAAFHL01,monophyletic,internal_32,4,,,,0,0,
JAAFHN01,monophyletic,internal_30,2,,,,0,0,
JAAFHS01,monophyletic,internal_70,8,,,,0,0,
JAAFHV01,monophyletic,internal_34,8,,,,0,0,
JAAFHZ01,monophyletic,internal_28,12,,,,0,0,
JAAFIG01,monophyletic,internal_20,8,,,,0,0,
JAAFIM01,monophyletic,internal_41,2,,,,0,0,
JAAFIN01,monophyletic,internal_44,2,,,,0,0,
JAAFIP01,monophyletic,internal_36,19,,,,0,0,
JAAFIW01,monophyletic,internal_42,3,,,,0,0,
JAAFJH01,monophyletic,internal_18,2,,,,0,0,
JAAFJM01,monophyletic,internal_52,19,,,,0,0,
JAAFJT01,monophyletic,internal_50,33,,,,0,0,
JAAFJU01,monophyletic,internal_27,10,,,,0,0,
JAAFKA01,monophyletic,internal_39,4,,,,0,0,
JAAGZL01,monophyletic,internal_37,9,,,,0,0,
JAAHGY01,monophyletic,internal_29,4,,,,0,0,
JAAKFF01,monophyletic,internal_24,2,,,,0,0,
JAAKFL01,monophyletic,internal_27,2,,,,0,0,
JAAKFX01,monophyletic,internal_27,5,,,,0,0,
JAALKG01,monophyletic,internal_35,2,,,,0,0,
JAALKW01,monophyletic,internal_49,12,,,,0,0,
JAALLB01,monophyletic,internal_41,26,,,,0,0,
JAANXG01,monophyletic,internal_25,5,,,,0,0,
JAANXI01,monophyletic,internal_21,2,,,,0,0,
JAAOIF01,monophyletic,internal_37,4,,,,0,0,
JAAOIH01,monophyletic,internal_26,2,,,,0,0,
JAAOII01,monophyletic,internal_33,3,,,,0,0,
JAATET01,monophyletic,internal_28,8,,,,0,0,
JAATFR01,monophyletic,internal_41,2,,,,0,0,
JAATFS01,monophyletic,internal_47,2,,,,0,0,
JAATFY01,monophyletic,internal_39,4,,,,0,0,
JAATGA01,monophyletic,internal_60,2,,,,0,0,
JAATGI01,monophyletic,internal_37,9,,,,0,0,
JAAUOP01,monophyletic,internal_24,2,,,,0,0,
JAAUQL01,monophyletic,internal_44,12,,,,0,0,
JAAUQQ01,monophyletic,internal_23,5,,,,0,0,
JAAURB01,monophyletic,internal_28,4,,,,0,0,
JAAURS01,monophyletic,internal_21,10,,,,0,0,
JAAUSE01,monophyletic,internal_22,2,,,,0,0,
JAAUSY01,monophyletic,internal_26,9,,,,0,0,
JAAUTE01,monophyletic,internal_29,2,,,,0,0,
JAAUTG01,monophyletic,internal_47,11,,,,0,0,
JAAUTJ01,monophyletic,internal_27,2,,,,0,0,
JAAUTN01,monophyletic,internal_26,3,,,,0,0,
JAAUTS01,monophyletic,internal_25,3,,,,0,0,
JAAUTT01,monophyletic,internal_57,13,,,,0,0,
JAAUTY01,monophyletic,internal_28,2,,,,0,0,
JAAUTZ01,monophyletic,internal_27,2,,,,0,0,
JAAUUE01,monophyletic,internal_24,5,,,,0,0,
JAAUUJ01,monophyletic,internal_20,2,,,,0,0,
JAAUUM01,monophyletic,internal_18,3,,,,0,0,
JAAVFS01,monophyletic,internal_81,11,,,,0,0,
JAAVLZ01,monophyletic,internal_35,2,,,,0,0,
JAAVYR01,monophyletic,internal_26,3,,,,0,0,
JAAVZI01,monophyletic,internal_42,2,,,,0,0,
JAAWPK01,monophyletic,internal_49,26,,,,0,0,
JAAWTG01,monophyletic,internal_34,5,,,,0,0,
JAAXGI01,monophyletic,internal_30,9,,,,0,0,
JAAXGV01,monophyletic,internal_43,2,,,,0,0,
JAAXGX01,monophyletic,internal_30,14,,,,0,0,
JAAXHB01,monophyletic,internal_38,4,,,,0,0,
JAAXHE01,monophyletic,internal_26,15,,,,0,0,
JAAXHF01,monophyletic,internal_27,8,,,,0,0,
JAAXHH01,monophyletic,internal_17,28,,,,0,0,
JAAXHV01,monophyletic,internal_35,23,,,,0,0,
JAAXHW01,monophyletic,internal_27,2,,,,0,0,
JAAXIE01,monophyletic,internal_38,5,,,,0,0,
JAAXKN01,monophyletic,internal_34,6,,,,0,0,
JAAXPZ01,monophyletic,internal_22,9,,,,0,0,
JAAXQD01,monophyletic,internal_32,7,,,,0,0,
JAAXQM01,monophyletic,internal_36,3,,,,0,0,
JAAXTT01,monophyletic,internal_34,3,,,,0,0,
JAAXTX01,monophyletic,internal_33,9,,,,0,0,
JAAXUA01,monophyletic,internal_49,3,,,,0,0,
JAAXVQ01,monophyletic,internal_15,3,,,,0,0,
JAAXVU01,monophyletic,internal_35,2,,,,0,0,
JAAXXJ01,monophyletic,internal_24,6,,,,0,0,
JAAXZI01,monophyletic,internal_32,3,,,,0,0,
JAAYAE01,monophyletic,internal_26,3,,,,0,0,
JAAYAN01,monophyletic,internal_34,2,,,,0,0,
JAAYAO01,monophyletic,internal_41,2,,,,0,0,
JAAYAR01,monophyletic,internal_36,2,,,,0,0,
JAAYAY01,monophyletic,internal_33,4,,,,0,0,
JAAYBF01,monophyletic,internal_25,45,,,,0,0,
JAAYBG01,monophyletic,internal_22,6,,,,0,0,
JAAYBJ01,monophyletic,internal_21,4,,,,0,0,
JAAYBQ01,monophyletic,internal_13,3,,,,0,0,
JAAYBR01,monophyletic,internal_23,3,,,,0,0,
JAAYBS01,monophyletic,internal_39,3,,,,0,0,
JAAYBT01,monophyletic,internal_44,3,,,,0,0,
JAAYBY01,monophyletic,internal_39,8,,,,0,0,
JAAYBZ01,monophyletic,internal_38,2,,,,0,0,
JAAYCB01,monophyletic,internal_33,2,,,,0,0,
JAAYCI01,monophyletic,internal_48,24,,,,0,0,
JAAYCO01,monophyletic,internal_27,2,,,,0,0,
JAAYCT01,monophyletic,internal_36,6,,,,0,0,
JAAYCU01,monophyletic,internal_32,4,,,,0,0,
JAAYDA01,monophyletic,internal_32,2,,,,0,0,
JAAYDE01,monophyletic,internal_22,3,,,,0,0,
JAAYDF01,monophyletic,internal_34,2,,,,0,0,
JAAYDH01,monophyletic,internal_33,8,,,,0,0,
JAAYDI01,monophyletic,internal_41,5,,,,0,0,
JAAYDK01,monophyletic,internal_29,3,,,,0,0,
JAAYDS01,monophyletic,internal_33,3,,,,0,0,
JAAYDY01,monophyletic,internal_20,2,,,,0,0,
JAAYEB01,monophyletic,internal_28,2,,,,0,0,
JAAYED01,monophyletic,internal_33,5,,,,0,0,
JAAYEL01,monophyletic,internal_37,3,,,,0,0,
JAAYEV01,monophyletic,internal_22,6,,,,0,0,
JAAYFE01,monophyletic,internal_36,2,,,,0,0,
JAAYFJ01,monophyletic,internal_31,2,,,,0,0,
JAAYFL01,monophyletic,internal_27,2,,,,0,0,
JAAYFO01,monophyletic,internal_33,5,,,,0,0,
JAAYFT01,monophyletic,internal_33,6,,,,0,0,
JAAYFZ01,monophyletic,internal_37,4,,,,0,0,
JAAYGD01,monophyletic,internal_23,7,,,,0,0,
JAAYGG01,monophyletic,internal_23,3,,,,0,0,
JAAYGP01,monophyletic,internal_40,2,,,,0,0,
JAAYGT01,monophyletic,internal_32,2,,,,0,0,
JAAYGU01,monophyletic,internal_25,2,,,,0,0,
JAAYGY01,monophyletic,internal_25,3,,,,0,0,
JAAYHC01,monophyletic,internal_21,2,,,,0,0,
JAAYHF01,monophyletic,internal_30,3,,,,0,0,
JAAYHS01,monophyletic,internal_20,6,,,,0,0,
JAAYHT01,monophyletic,internal_35,2,,,,0,0,
JAAYHV01,monophyletic,internal_41,4,,,,0,0,
JAAYHX01,monophyletic,internal_35,2,,,,0,0,
JAAYHZ01,monophyletic,internal_34,2,,,,0,0,
JAAYIG01,monophyletic,internal_27,4,,,,0,0,
JAAYIK01,monophyletic,internal_28,4,,,,0,0,
JAAYJG01,monophyletic,internal_39,5,,,,0,0,
JAAYJK01,monophyletic,internal_40,10,,,,0,0,
JAAYJM01,monophyletic,internal_34,4,,,,0,0,
JAAYJR01,monophyletic,internal_65,6,,,,0,0,
JAAYJS01,monophyletic,internal_26,2,,,,0,0,
JAAYJT01,monophyletic,internal_54,9,,,,0,0,
JAAYJV01,monophyletic,internal_21,2,,,,0,0,
JAAYKM01,monophyletic,internal_29,8,,,,0,0,
JAAYKS01,monophyletic,internal_34,5,,,,0,0,
JAAYKT01,monophyletic,internal_26,8,,,,0,0,
JAAYLC01,monophyletic,internal_50,3,,,,0,0,
JAAYLN01,monophyletic,internal_26,7,,,,0,0,
JAAYLR01,monophyletic,internal_22,3,,,,0,0,
JAAYLU01,monophyletic,internal_25,9,,,,0,0,
JAAYML01,monophyletic,internal_31,2,,,,0,0,
JAAYMS01,monophyletic,internal_26,2,,,,0,0,
JAAYMU01,monophyletic,internal_30,3,,,,0,0,
JAAYNR01,monophyletic,internal_27,2,,,,0,0,
JAAYNV01,monophyletic,internal_50,2,,,,0,0,
JAAYNZ01,monophyletic,internal_28,2,,,,0,0,
JAAYOP01,monophyletic,internal_42,2,,,,0,0,
JAAYOS01,monophyletic,internal_39,3,,,,0,0,
JAAYPC01,monophyletic,internal_28,6,,,,0,0,
JAAYPI01,monophyletic,internal_65,4,,,,0,0,
JAAYPV01,monophyletic,internal_46,4,,,,0,0,
JAAYQA01,monophyletic,internal_31,4,,,,0,0,
JAAYQU01,monophyletic,internal_57,7,,,,0,0,
JAAYRG01,monophyletic,internal_34,6,,,,0,0,
JAAYRQ01,monophyletic,internal_35,6,,,,0,0,
JAAYSA01,monophyletic,internal_23,3,,,,0,0,
JAAYSD01,monophyletic,internal_42,2,,,,0,0,
JAAYSO01,monophyletic,internal_29,2,,,,0,0,
JAAYSV01,monophyletic,internal_26,2,,,,0,0,
JAAYSX01,monophyletic,internal_30,4,,,,0,0,
JAAYTD01,monophyletic,internal_38,3,,,,0,0,
JAAYTH01,monophyletic,internal_21,2,,,,0,0,
JAAYTL01,monophyletic,internal_35,7,,,,0,0,
JAAYTW01,monophyletic,internal_21,2,,,,0,0,
JAAYTY01,monophyletic,internal_19,2,,,,0,0,
JAAYUB01,monophyletic,internal_18,4,,,,0,0,
JAAYUD01,monophyletic,internal_68,4,,,,0,0,
JAAYUG01,monophyletic,internal_56,3,,,,0,0,
JAAYUH01,monophyletic,internal_16,6,,,,0,0,
JAAYUI01,monophyletic,internal_19,4,,,,0,0,
JAAYUJ01,monophyletic,internal_30,4,,,,0,0,
JAAYUK01,monophyletic,internal_31,6,,,,0,0,
JAAYUR01,monophyletic,internal_19,6,,,,0,0,
JAAYVC01,monophyletic,internal_19,2,,,,0,0,
JAAYVG01,monophyletic,internal_34,3,,,,0,0,
JAAYVH01,monophyletic,internal_25,3,,,,0,0,
JAAYVI01,monophyletic,internal_34,3,,,,0,0,
JAAYVR01,monophyletic,internal_30,3,,,,0,0,
JAAYVZ01,monophyletic,internal_21,4,,,,0,0,
JAAYWY01,monophyletic,internal_21,2,,,,0,0,
JAAYXE01,monophyletic,internal_50,2,,,,0,0,
JAAYXS01,monophyletic,internal_31,7,,,,0,0,
JAAYXU01,monophyletic,internal_30,2,,,,0,0,
JAAYXZ01,monophyletic,internal_23,6,,,,0,0,
JAAYYF01,monophyletic,internal_23,18,,,,0,0,
JAAYYM01,monophyletic,internal_45,8,,,,0,0,
JAAYYY01,monophyletic,internal_40,11,,,,0,0,
JAAYZB01,monophyletic,internal_22,10,,,,0,0,
JAAYZH01,monophyletic,internal_37,5,,,,0,0,
JAAYZK01,monophyletic,internal_25,2,,,,0,0,
JAAYZM01,monophyletic,internal_44,3,,,,0,0,
JAAYZQ01,monophyletic,internal_36,2,,,,0,0,
JAAYZX01,monophyletic,internal_23,2,,,,0,0,
JAAYZZ01,monophyletic,internal_31,2,,,,0,0,
JAAZAI01,monophyletic,internal_26,3,,,,0,0,
JAAZBA01,monophyletic,internal_37,2,,,,0,0,
JAAZBG01,monophyletic,internal_27,4,,,,0,0,
JAAZBI01,monophyletic,internal_23,2,,,,0,0,
JAAZBV01,monophyletic,internal_30,11,,,,0,0,
JAAZBW01,monophyletic,internal_50,4,,,,0,0,
JAAZCI01,monophyletic,internal_29,2,,,,0,0,
JAAZCR01,monophyletic,internal_18,2,,,,0,0,
JAAZDD01,monophyletic,internal_30,2,,,,0,0,
JAAZDI01,monophyletic,internal_32,2,,,,0,0,
JAAZDN01,monophyletic,internal_24,5,,,,0,0,
JAAZEC01,monophyletic,internal_24,2,,,,0,0,
JAAZFB01,monophyletic,internal_40,2,,,,0,0,
JAAZFE01,monophyletic,internal_26,6,,,,0,0,
JAAZFF01,monophyletic,internal_25,3,,,,0,0,
JAAZFZ01,monophyletic,internal_43,5,,,,0,0,
JAAZGC01,monophyletic,internal_43,4,,,,0,0,
JAAZGD01,monophyletic,internal_35,6,,,,0,0,
JAAZHK01,monophyletic,internal_22,2,,,,0,0,
JAAZHN01,monophyletic,internal_24,6,,,,0,0,
JAAZIN01,monophyletic,internal_27,9,,,,0,0,
JAAZIQ01,monophyletic,internal_29,2,,,,0,0,
JAAZIX01,monophyletic,internal_34,2,,,,0,0,
JAAZIY01,monophyletic,internal_28,2,,,,0,0,
JAAZIZ01,monophyletic,internal_27,3,,,,0,0,
JAAZJD01,monophyletic,internal_39,2,,,,0,0,
JAAZJW01,monophyletic,internal_31,10,,,,0,0,
JAAZKA01,monophyletic,internal_36,4,,,,0,0,
JAAZKI01,monophyletic,internal_27,4,,,,0,0,
JAAZKO01,monophyletic,internal_38,8,,,,0,0,
JAAZLA01,monophyletic,internal_26,4,,,,0,0,
JAAZLM01,monophyletic,internal_39,2,,,,0,0,
JAAZLS01,monophyletic,internal_27,3,,,,0,0,
JAAZLZ01,monophyletic,internal_21,3,,,,0,0,
JAAZMA01,monophyletic,internal_33,3,,,,0,0,
JAAZMF01,monophyletic,internal_25,3,,,,0,0,
JAAZMI01,monophyletic,internal_28,5,,,,0,0,
JAAZMU01,monophyletic,internal_33,9,,,,0,0,
JAAZMX01,monophyletic,internal_29,4,,,,0,0,
JAAZNF01,monophyletic,internal_20,2,,,,0,0,
JAAZNM01,monophyletic,internal_33,2,,,,0,0,
JAAZNO01,monophyletic,internal_38,6,,,,0,0,
JAAZNS01,monophyletic,internal_52,3,,,,0,0,
JAAZNV01,monophyletic,internal_34,14,,,,0,0,
JAAZOE01,monophyletic,internal_24,2,,,,0,0,
JAAZOP01,monophyletic,internal_26,5,,,,0,0,
JAAZPG01,monophyletic,internal_28,7,,,,0,0,
JAAZPQ01,monophyletic,internal_27,5,,,,0,0,
JAAZPT01,monophyletic,internal_37,5,,,,0,0,
JAAZVD01,monophyletic,internal_43,7,,,,0,0,
JAAZVM01,monophyletic,internal_30,4,,,,0,0,
JAAZVO01,monophyletic,internal_42,3,,,,0,0,
JAAZXH01,monophyletic,internal_29,2,,,,0,0,
JAAZXR01,monophyletic,internal_28,3,,,,0,0,
JAAZYX01,monophyletic,internal_29,3,,,,0,0,
JAAZZIT01,monophyletic,internal_43,6,,,,0,0,
JAAZZY01,monophyletic,internal_22,3,,,,0,0,
JABAAC01,monophyletic,internal_35,3,,,,0,0,
JABAAE01,monophyletic,internal_35,4,,,,0,0,
JABAAI01,monophyletic,internal_14,4,,,,0,0,
JABAAK01,monophyletic,internal_54,3,,,,0,0,
JABAAW01,monophyletic,internal_24,7,,,,0,0,
JABAAY01,monophyletic,internal_20,2,,,,0,0,
JABABD01,monophyletic,internal_61,4,,,,0,0,
JABABF01,monophyletic,internal_30,2,,,,0,0,
JABABV01,monophyletic,internal_20,4,,,,0,0,
JABACD01,monophyletic,internal_38,6,,,,0,0,
JABAQJ01,monophyletic,internal_20,3,,,,0,0,
JABAYQ01,monophyletic,internal_38,3,,,,0,0,
JABBGTR01,monophyletic,internal_38,6,,,,0,0,
JABCPE02,monophyletic,internal_54,21,,,,0,0,
JABCPH02,monophyletic,internal_18,2,,,,0,0,
JABCPO02,monophyletic,internal_37,6,,,,0,0,
JABCYQ01,monophyletic,internal_17,4,,,,0,0,
JABCYV01,monophyletic,internal_35,5,,,,0,0,
JABCZH01,monophyletic,internal_39,9,,,,0,0,
JABCZS01,monophyletic,internal_37,6,,,,0,0,
JABCZZ01,monophyletic,internal_29,4,,,,0,0,
JABDAD01,monophyletic,internal_29,3,,,,0,0,
JABDAW01,monophyletic,internal_47,3,,,,0,0,
JABDBE01,monophyletic,internal_35,32,,,,0,0,
JABDBK01,monophyletic,internal_45,3,,,,0,0,
JABDBL01,monophyletic,internal_17,3,,,,0,0,
JABDBO01,monophyletic,internal_23,2,,,,0,0,
JABDCD01,monophyletic,internal_33,4,,,,0,0,
JABDCI01,monophyletic,internal_22,2,,,,0,0,
JABDDJ01,monophyletic,internal_25,2,,,,0,0,
JABDDM01,monophyletic,internal_28,2,,,,0,0,
JABDEZ01,monophyletic,internal_53,3,,,,0,0,
JABDFI01,monophyletic,internal_26,2,,,,0,0,
JABDFU01,monophyletic,internal_51,6,,,,0,0,
JABDFW01,monophyletic,internal_53,6,,,,0,0,
JABDGC01,monophyletic,internal_39,4,,,,0,0,
JABDGH01,monophyletic,internal_25,15,,,,0,0,
JABDGM01,monophyletic,internal_37,24,,,,0,0,
JABDGR01,monophyletic,internal_24,7,,,,0,0,
JABDGU01,monophyletic,internal_52,2,,,,0,0,
JABDGV01,monophyletic,internal_21,2,,,,0,0,
JABDGZ01,monophyletic,internal_34,17,,,,0,0,
JABDHB01,monophyletic,internal_25,2,,,,0,0,
JABDII01,monophyletic,internal_22,5,,,,0,0,
JABDIP01,monophyletic,internal_33,5,,,,0,0,
JABDIW01,monophyletic,internal_23,2,,,,0,0,
JABDIY01,monophyletic,internal_40,11,,,,0,0,
JABDJB01,monophyletic,internal_33,4,,,,0,0,
JABDJG01,monophyletic,internal_37,2,,,,0,0,
JABDJL01,monophyletic,internal_33,3,,,,0,0,
JABDJM01,monophyletic,internal_50,3,,,,0,0,
JABDJQ01,monophyletic,internal_19,2,,,,0,0,
JABDJT01,monophyletic,internal_31,3,,,,0,0,
JABDJX01,monophyletic,internal_66,2,,,,0,0,
JABDJY01,monophyletic,internal_42,3,,,,0,0,
JABDJZ01,monophyletic,internal_41,5,,,,0,0,
JABDKH01,monophyletic,internal_38,3,,,,0,0,
JABDKJ01,monophyletic,internal_41,2,,,,0,0,
JABDKO01,monophyletic,internal_39,2,,,,0,0,
JABDLF01,monophyletic,internal_31,4,,,,0,0,
JABDLO01,monophyletic,internal_56,5,,,,0,0,
JABDLZ01,monophyletic,internal_43,3,,,,0,0,
JABDMD01,monophyletic,internal_34,15,,,,0,0,
JABDMH01,monophyletic,internal_52,15,,,,0,0,
JABDMI01,monophyletic,internal_27,3,,,,0,0,
JABDNZ01,monophyletic,internal_26,8,,,,0,0,
JABDOU01,monophyletic,internal_21,4,,,,0,0,
JABDPF01,monophyletic,internal_37,5,,,,0,0,
JABDQA01,monophyletic,internal_29,13,,,,0,0,
JABDQW01,monophyletic,internal_30,11,,,,0,0,
JABDQX01,monophyletic,internal_32,2,,,,0,0,
JABDQZ01,monophyletic,internal_36,5,,,,0,0,
JABDRL01,monophyletic,internal_41,2,,,,0,0,
JABEUL01,monophyletic,internal_32,2,,,,0,0,
JABEUN01,monophyletic,internal_29,5,,,,0,0,
JABEUT01,monophyletic,internal_49,18,,,,0,0,
JABEUX01,monophyletic,internal_25,12,,,,0,0,
JABEVA01,monophyletic,internal_23,5,,,,0,0,
JABEVB01,monophyletic,internal_23,3,,,,0,0,
JABEVD01,monophyletic,internal_37,9,,,,0,0,
JABEVH01,monophyletic,internal_39,2,,,,0,0,
JABEVJ01,monophyletic,internal_40,2,,,,0,0,
JABEVK01,monophyletic,internal_16,4,,,,0,0,
JABEVM01,monophyletic,internal_23,3,,,,0,0,
JABFGF01,monophyletic,internal_29,2,,,,0,0,
JABFRC01,monophyletic,internal_46,4,,,,0,0,
JABFRG01,monophyletic,internal_33,4,,,,0,0,
JABFRJ01,monophyletic,internal_41,16,,,,0,0,
JABFRY01,monophyletic,internal_20,2,,,,0,0,
JABFRZ01,monophyletic,internal_33,5,,,,0,0,
JABFSA01,monophyletic,internal_26,2,,,,0,0,
JABFSC01,monophyletic,internal_29,4,,,,0,0,
JABFSM01,monophyletic,internal_23,26,,,,0,0,
JABFSS01,monophyletic,internal_33,10,,,,0,0,
JABFSX01,monophyletic,internal_29,18,,,,0,0,
JABFWF01,monophyletic,internal_43,4,,,,0,0,
JABFXC01,monophyletic,internal_23,12,,,,0,0,
JABFXX01,monophyletic,internal_40,91,,,,0,0,
JABGOS01,monophyletic,internal_25,2,,,,0,0,
JABGOW01,monophyletic,internal_32,2,,,,0,0,
JABGPL01,monophyletic,internal_24,2,,,,0,0,
JABGQH01,monophyletic,internal_32,2,,,,0,0,
JABGQS01,monophyletic,internal_37,3,,,,0,0,
JABGQW01,monophyletic,internal_24,2,,,,0,0,
JABGRK01,monophyletic,internal_27,2,,,,0,0,
JABHCC01,monophyletic,internal_55,4,,,,0,0,
JABHGY01,monophyletic,internal_29,4,,,,0,0,
JABHHG01,monophyletic,internal_29,3,,,,0,0,
JABHIE01,monophyletic,internal_33,2,,,,0,0,
JABHOV01,monophyletic,internal_22,3,,,,0,0,
JABHVE01,monophyletic,internal_35,2,,,,0,0,
JABIAL01,monophyletic,internal_30,2,,,,0,0,
JABIBH01,monophyletic,internal_22,3,,,,0,0,
JABIBU01,monophyletic,internal_45,3,,,,0,0,
JABIEQ01,monophyletic,internal_47,2,,,,0,0,
JABIFK01,monophyletic,internal_28,3,,,,0,0,
JABILA01,monophyletic,internal_37,2,,,,0,0,
JABILX01,monophyletic,internal_32,3,,,,0,0,
JABINC01,monophyletic,internal_23,2,,,,0,0,
JABINZ01,monophyletic,internal_36,2,,,,0,0,
JABIPA01,monophyletic,internal_20,2,,,,0,0,
JABIQA01,monophyletic,internal_37,5,,,,0,0,
JABIRQ01,monophyletic,internal_34,3,,,,0,0,
JABIRX01,monophyletic,internal_28,2,,,,0,0,
JABISG01,monophyletic,internal_30,2,,,,0,0,
JABJAG01,monophyletic,internal_39,11,,,,0,0,
JABJBS01,monophyletic,internal_26,2,,,,0,0,
JABJCN01,monophyletic,internal_24,3,,,,0,0,
JABJES01,monophyletic,internal_32,2,,,,0,0,
JABJGH01,monophyletic,internal_54,2,,,,0,0,
JABJGI01,monophyletic,internal_44,4,,,,0,0,
JABJGO01,monophyletic,internal_36,3,,,,0,0,
JABJJH01,monophyletic,internal_36,4,,,,0,0,
JABJMC01,monophyletic,internal_31,4,,,,0,0,
JABJOE01,monophyletic,internal_42,2,,,,0,0,
JABJOR01,monophyletic,internal_36,4,,,,0,0,
JABJPE01,monophyletic,internal_43,2,,,,0,0,
JABLXL01,monophyletic,internal_18,2,,,,0,0,
JABLXU01,monophyletic,internal_18,2,,,,0,0,
JABMMZ01,monophyletic,internal_38,33,,,,0,0,
JABMNT01,monophyletic,internal_38,6,,,,0,0,
JABMNX01,monophyletic,internal_54,7,,,,0,0,
JABMNZ01,monophyletic,internal_48,2,,,,0,0,
JABMOV01,monophyletic,internal_30,3,,,,0,0,
JABMOW01,monophyletic,internal_28,2,,,,0,0,
JABMPE01,monophyletic,internal_31,8,,,,0,0,
JABMPJ01,monophyletic,internal_27,6,,,,0,0,
JABMPK01,monophyletic,internal_38,2,,,,0,0,
JABMPO01,monophyletic,internal_31,2,,,,0,0,
JABMPQ01,monophyletic,internal_26,3,,,,0,0,
JABMPR01,monophyletic,internal_27,23,,,,0,0,
JABMPU01,monophyletic,internal_26,4,,,,0,0,
JABMPX01,monophyletic,internal_34,3,,,,0,0,
JABMQB01,monophyletic,internal_62,9,,,,0,0,
JABMQJ01,monophyletic,internal_30,2,,,,0,0,
JABMQN01,monophyletic,internal_35,3,,,,0,0,
JABMQR01,monophyletic,internal_27,3,,,,0,0,
JABMQV01,monophyletic,internal_31,3,,,,0,0,
JABMQW01,monophyletic,internal_30,2,,,,0,0,
JABMRF01,monophyletic,internal_37,5,,,,0,0,
JABMRP01,monophyletic,internal_25,2,,,,0,0,
JABMRW01,monophyletic,internal_46,4,,,,0,0,
JABRVX01,monophyletic,internal_23,2,,,,0,0,
JABRWC01,monophyletic,internal_32,2,,,,0,0,
JABSOG01,monophyletic,internal_42,6,,,,0,0,
JABSOH01,monophyletic,internal_23,2,,,,0,0,
JABSOI01,monophyletic,internal_47,2,,,,0,0,
JABSOQ01,monophyletic,internal_27,3,,,,0,0,
JABSQH01,monophyletic,internal_39,5,,,,0,0,
JABSQV01,monophyletic,internal_24,2,,,,0,0,
JABSRF01,monophyletic,internal_30,2,,,,0,0,
JABSSA01,monophyletic,internal_64,3,,,,0,0,
JABUFB01,monophyletic,internal_28,2,,,,0,0,
JABURQ01,monophyletic,internal_29,3,,,,0,0,
JABURT01,monophyletic,internal_34,3,,,,0,0,
JABWAJ01,monophyletic,internal_55,5,,,,0,0,
JABWAM01,monophyletic,internal_19,3,,,,0,0,
JABWAN01,monophyletic,internal_29,4,,,,0,0,
JABWBA01,monophyletic,internal_25,2,,,,0,0,
JABWBC01,monophyletic,internal_40,5,,,,0,0,
JABWBD01,monophyletic,internal_32,3,,,,0,0,
JABWBH01,monophyletic,internal_30,5,,,,0,0,
JABWBJ01,monophyletic,internal_23,10,,,,0,0,
JABWBP01,monophyletic,internal_26,3,,,,0,0,
JABWBR01,monophyletic,internal_54,4,,,,0,0,
JABWBV01,monophyletic,internal_49,2,,,,0,0,
JABWBZ01,monophyletic,internal_26,2,,,,0,0,
JABWCA01,monophyletic,internal_35,2,,,,0,0,
JABWCC01,monophyletic,internal_10,2,,,,0,0,
JABWCD01,monophyletic,internal_23,5,,,,0,0,
JABWCE01,monophyletic,internal_34,11,,,,0,0,
JABWCG01,monophyletic,internal_37,2,,,,0,0,
JABWCH01,monophyletic,internal_25,2,,,,0,0,
JABWCI01,monophyletic,internal_30,7,,,,0,0,
JABWCL01,monophyletic,internal_34,2,,,,0,0,
JABWCQ01,monophyletic,internal_26,9,,,,0,0,
JABXJZ01,monophyletic,internal_24,7,,,,0,0,
JABXKX01,monophyletic,internal_33,3,,,,0,0,
JABZFP01,monophyletic,internal_33,13,,,,0,0,
JABZIP01,monophyletic,internal_36,2,,,,0,0,
JACABE01,monophyletic,internal_55,13,,,,0,0,
JACADU01,monophyletic,internal_33,3,,,,0,0,
JACADV01,monophyletic,internal_18,2,,,,0,0,
JACADW01,monophyletic,internal_22,3,,,,0,0,
JACADY01,monophyletic,internal_29,2,,,,0,0,
JACAEB01,monophyletic,internal_29,2,,,,0,0,
JACAEO01,monophyletic,internal_30,9,,,,0,0,
JACAER01,monophyletic,internal_45,3,,,,0,0,
JACAEX01,monophyletic,internal_30,2,,,,0,0,
JACAEY01,monophyletic,internal_30,3,,,,0,0,
JACCQS01,monophyletic,internal_31,9,,,,0,0,
JACCRA01,monophyletic,internal_26,3,,,,0,0,
JACCRE01,monophyletic,internal_29,4,,,,0,0,
JACCRK01,monophyletic,internal_25,2,,,,0,0,
JACCRY01,monophyletic,internal_31,3,,,,0,0,
JACCSI01,monophyletic,internal_22,12,,,,0,0,
JACCTH01,monophyletic,internal_30,11,,,,0,0,
JACCTI01,monophyletic,internal_34,34,,,,0,0,
JACCTL01,monophyletic,internal_30,3,,,,0,0,
JACCTU01,monophyletic,internal_30,14,,,,0,0,
JACCTY01,monophyletic,internal_32,4,,,,0,0,
JACCUC01,monophyletic,internal_29,7,,,,0,0,
JACCUZ01,monophyletic,internal_39,2,,,,0,0,
JACCVC01,monophyletic,internal_28,6,,,,0,0,
JACCVE01,monophyletic,internal_30,2,,,,0,0,
JACCVG01,monophyletic,internal_30,3,,,,0,0,
JACCVL01,monophyletic,internal_46,7,,,,0,0,
JACCWD01,monophyletic,internal_21,3,,,,0,0,
JACCWM01,monophyletic,internal_29,3,,,,0,0,
JACCWP01,monophyletic,internal_46,5,,,,0,0,
JACCXE01,monophyletic,internal_31,10,,,,0,0,
JACCXF01,monophyletic,internal_26,4,,,,0,0,
JACCXG01,monophyletic,internal_26,7,,,,0,0,
JACCXJ01,monophyletic,internal_33,5,,,,0,0,
JACCXL01,monophyletic,internal_35,4,,,,0,0,
JACCXM01,monophyletic,internal_32,16,,,,0,0,
JACCXN01,monophyletic,internal_48,2,,,,0,0,
JACCXZ01,monophyletic,internal_45,2,,,,0,0,
JACCYG01,monophyletic,internal_27,2,,,,0,0,
JACCYI01,monophyletic,internal_27,4,,,,0,0,
JACCYJ01,monophyletic,internal_44,3,,,,0,0,
JACCYK01,monophyletic,internal_32,2,,,,0,0,
JACCYN01,monophyletic,internal_22,2,,,,0,0,
JACCYQ01,monophyletic,internal_49,2,,,,0,0,
JACCYU01,monophyletic,internal_30,3,,,,0,0,
JACCYX01,monophyletic,internal_31,10,,,,0,0,
JACCZE01,monophyletic,internal_21,3,,,,0,0,
JACCZH01,monophyletic,internal_28,2,,,,0,0,
JACCZJ01,monophyletic,internal_49,3,,,,0,0,
JACCZP01,monophyletic,internal_29,4,,,,0,0,
JACCZR01,monophyletic,internal_27,6,,,,0,0,
JACCZX01,monophyletic,internal_31,22,,,,0,0,
JACCZZ01,monophyletic,internal_39,8,,,,0,0,
JACDAE01,monophyletic,internal_25,6,,,,0,0,
JACDAF01,monophyletic,internal_21,4,,,,0,0,
JACDAL01,monophyletic,internal_28,5,,,,0,0,
JACDAN01,monophyletic,internal_32,39,,,,0,0,
JACDAS01,monophyletic,internal_32,2,,,,0,0,
JACDAU01,monophyletic,internal_24,3,,,,0,0,
JACDAV01,monophyletic,internal_25,11,,,,0,0,
JACDBD01,monophyletic,internal_33,2,,,,0,0,
JACDBE01,monophyletic,internal_28,5,,,,0,0,
JACDBR01,monophyletic,internal_29,2,,,,0,0,
JACDBZ01,monophyletic,internal_26,63,,,,0,0,
JACDCA01,monophyletic,internal_27,13,,,,0,0,
JACDCH01,monophyletic,internal_30,2,,,,0,0,
JACDCJ01,monophyletic,internal_26,2,,,,0,0,
JACDCP01,monophyletic,internal_33,3,,,,0,0,
JACDCY01,monophyletic,internal_25,10,,,,0,0,
JACDDK01,monophyletic,internal_24,6,,,,0,0,
JACDDL01,monophyletic,internal_25,5,,,,0,0,
JACDEA01,monophyletic,internal_28,3,,,,0,0,
JACDEG01,monophyletic,internal_26,2,,,,0,0,
JACDEQ01,monophyletic,internal_25,6,,,,0,0,
JACDER01,monophyletic,internal_31,6,,,,0,0,
JACDET01,monophyletic,internal_39,13,,,,0,0,
JACDFO01,monophyletic,internal_38,2,,,,0,0,
JACDGB01,monophyletic,internal_22,4,,,,0,0,
JACDGC01,monophyletic,internal_23,2,,,,0,0,
JACDGP01,monophyletic,internal_23,3,,,,0,0,
JACDHG01,monophyletic,internal_45,6,,,,0,0,
JACDHN01,monophyletic,internal_36,3,,,,0,0,
JACDHQ01,monophyletic,internal_25,3,,,,0,0,
JACDHS01,monophyletic,internal_27,2,,,,0,0,
JACDQM01,monophyletic,internal_39,3,,,,0,0,
JACESI01,monophyletic,internal_36,6,,,,0,0,
JACESU01,monophyletic,internal_28,4,,,,0,0,
JACEUU01,monophyletic,internal_20,2,,,,0,0,
JACFMZ01,monophyletic,internal_36,2,,,,0,0,
JACIWI01,monophyletic,internal_19,2,,,,0,0,
JACIWP01,monophyletic,internal_27,3,,,,0,0,
JACIWR01,monophyletic,internal_29,3,,,,0,0,
JACIWX01,monophyletic,internal_28,3,,,,0,0,
JACIXC01,monophyletic,internal_19,2,,,,0,0,
JACIXR01,monophyletic,internal_19,4,,,,0,0,
JACIYH01,monophyletic,internal_22,3,,,,0,0,
JACJWR01,monophyletic,internal_37,11,,,,0,0,
JACJXF01,monophyletic,internal_60,6,,,,0,0,
JACJXW01,monophyletic,internal_56,10,,,,0,0,
JACJYC01,monophyletic,internal_54,3,,,,0,0,
JACJYE01,monophyletic,internal_54,4,,,,0,0,
JACJYM01,monophyletic,internal_59,2,,,,0,0,
JACJYZ01,monophyletic,internal_41,2,,,,0,0,
JACKAF01,monophyletic,internal_22,3,,,,0,0,
JACKAL01,monophyletic,internal_29,2,,,,0,0,
JACKAN01,monophyletic,internal_27,3,,,,0,0,
JACKAP01,monophyletic,internal_29,2,,,,0,0,
JACKAQ01,monophyletic,internal_29,3,,,,0,0,
JACKBC01,monophyletic,internal_35,2,,,,0,0,
JACKBJ01,monophyletic,internal_29,2,,,,0,0,
JACKBK01,monophyletic,internal_35,4,,,,0,0,
JACKCB01,monophyletic,internal_40,3,,,,0,0,
JACKCC01,monophyletic,internal_44,5,,,,0,0,
JACKCD01,monophyletic,internal_45,2,,,,0,0,
JACKCG01,monophyletic,internal_45,3,,,,0,0,
JACKCP01,monophyletic,internal_24,5,,,,0,0,
JACKCR01,monophyletic,internal_23,3,,,,0,0,
JACKDL01,monophyletic,internal_25,2,,,,0,0,
JACKDM01,monophyletic,internal_29,2,,,,0,0,
JACKDN01,monophyletic,internal_29,3,,,,0,0,
JACKDP01,monophyletic,internal_30,2,,,,0,0,
JACKDW01,monophyletic,internal_26,5,,,,0,0,
JACKDX01,monophyletic,internal_30,2,,,,0,0,
JACKEA01,monophyletic,internal_37,6,,,,0,0,
JACKEC01,monophyletic,internal_35,3,,,,0,0,
JACKEH01,monophyletic,internal_42,4,,,,0,0,
JACKEO01,monophyletic,internal_27,3,,,,0,0,
JACKEQ01,monophyletic,internal_30,4,,,,0,0,
JACKER01,monophyletic,internal_31,5,,,,0,0,
JACKFB01,monophyletic,internal_27,3,,,,0,0,
JACKFC01,monophyletic,internal_31,2,,,,0,0,
JACKFE01,monophyletic,internal_28,4,,,,0,0,
JACKFH01,monophyletic,internal_14,2,,,,0,0,
JACKGS01,monophyletic,internal_30,3,,,,0,0,
JACKGW01,monophyletic,internal_29,3,,,,0,0,
JACKGY01,monophyletic,internal_27,2,,,,0,0,
JACKHA01,monophyletic,internal_32,3,,,,0,0,
JACKHC01,monophyletic,internal_28,3,,,,0,0,
JACKHE01,monophyletic,internal_27,3,,,,0,0,
JACKHG01,monophyletic,internal_33,2,,,,0,0,
JACKHO01,monophyletic,internal_27,4,,,,0,0,
JACKHV01,monophyletic,internal_36,2,,,,0,0,
JACKHW01,monophyletic,internal_32,3,,,,0,0,
JACKIC01,monophyletic,internal_40,4,,,,0,0,
JACKID01,monophyletic,internal_24,8,,,,0,0,
JACKIG01,monophyletic,internal_34,3,,,,0,0,
JACKIH01,monophyletic,internal_33,2,,,,0,0,
JACKII01,monophyletic,internal_32,10,,,,0,0,
JACKIP01,monophyletic,internal_38,4,,,,0,0,
JACKJA01,monophyletic,internal_38,3,,,,0,0,
JACKJF01,monophyletic,internal_35,2,,,,0,0,
JACKJK01,monophyletic,internal_36,4,,,,0,0,
JACKJP01,monophyletic,internal_33,3,,,,0,0,
JACKKV01,monophyletic,internal_63,2,,,,0,0,
JACKLD01,monophyletic,internal_22,2,,,,0,0,
JACKNG01,monophyletic,internal_40,6,,,,0,0,
JACKNK01,monophyletic,internal_29,2,,,,0,0,
JACKOD01,monophyletic,internal_37,2,,,,0,0,
JACKOF01,monophyletic,internal_46,2,,,,0,0,
JACKOX01,monophyletic,internal_31,3,,,,0,0,
JACKPB01,monophyletic,internal_13,4,,,,0,0,
JACKPD01,monophyletic,internal_20,3,,,,0,0,
JACKPJ01,monophyletic,internal_22,2,,,,0,0,
JACKPM01,monophyletic,internal_23,3,,,,0,0,
JACKPP01,monophyletic,internal_21,2,,,,0,0,
JACKPQ01,monophyletic,internal_21,2,,,,0,0,
JACKQE01,monophyletic,internal_29,2,,,,0,0,
JACKQF01,monophyletic,internal_28,2,,,,0,0,
JACMIU01,monophyletic,internal_26,4,,,,0,0,
JACMJB01,monophyletic,internal_24,2,,,,0,0,
JACMJL01,monophyletic,internal_34,2,,,,0,0,
JACMJP01,monophyletic,internal_38,2,,,,0,0,
JACMKV01,monophyletic,internal_38,3,,,,0,0,
JACMLC01,monophyletic,internal_25,8,,,,0,0,
JACMLD01,monophyletic,internal_50,19,,,,0,0,
JACMLX01,monophyletic,internal_21,20,,,,0,0,
JACMME01,monophyletic,internal_28,4,,,,0,0,
JACMMS01,monophyletic,internal_44,4,,,,0,0,
JACMNW01,monophyletic,internal_64,6,,,,0,0,
JACMOA01,monophyletic,internal_20,3,,,,0,0,
JACMOY01,monophyletic,internal_40,3,,,,0,0,
JACMOZ01,monophyletic,internal_49,3,,,,0,0,
JACMPA01,monophyletic,internal_44,4,,,,0,0,
JACMPS01,monophyletic,internal_26,2,,,,0,0,
JACMQM01,monophyletic,internal_41,6,,,,0,0,
JACMQW01,monophyletic,internal_35,9,,,,0,0,
JACMQX01,monophyletic,internal_40,4,,,,0,0,
JACMRA01,monophyletic,internal_22,2,,,,0,0,
JACMRI01,monophyletic,internal_51,3,,,,0,0,
JACMRP01,monophyletic,internal_33,7,,,,0,0,
JACNFS01,monophyletic,internal_42,2,,,,0,0,
JACNGX01,monophyletic,internal_45,3,,,,0,0,
JACNIV01,monophyletic,internal_27,9,,,,0,0,
JACNIZ01,monophyletic,internal_36,3,,,,0,0,
JACNJF01,monophyletic,internal_30,14,,,,0,0,
JACNJL01,monophyletic,internal_26,9,,,,0,0,
JACNJU01,monophyletic,internal_38,8,,,,0,0,
JACNKJ01,monophyletic,internal_20,4,,,,0,0,
JACNKV01,monophyletic,internal_30,4,,,,0,0,
JACNLC01,monophyletic,internal_26,2,,,,0,0,
JACNLN01,monophyletic,internal_25,2,,,,0,0,
JACOMS01,monophyletic,internal_37,16,,,,0,0,
JACOMT01,monophyletic,internal_68,2,,,,0,0,
JACOMY01,monophyletic,internal_36,10,,,,0,0,
JACOND01,monophyletic,internal_27,10,,,,0,0,
JACORV01,monophyletic,internal_19,4,,,,0,0,
JACOST01,monophyletic,internal_28,2,,,,0,0,
JACOSU01,monophyletic,internal_28,2,,,,0,0,
JACOTD01,monophyletic,internal_30,2,,,,0,0,
JACOTK01,monophyletic,internal_26,4,,,,0,0,
JACOTV01,monophyletic,internal_34,3,,,,0,0,
JACOUN01,monophyletic,internal_45,2,,,,0,0,
JACOUT01,monophyletic,internal_26,3,,,,0,0,
JACOVC01,monophyletic,internal_36,2,,,,0,0,
JACOVG01,monophyletic,internal_28,2,,,,0,0,
JACOVV01,monophyletic,internal_19,3,,,,0,0,
JACOVZ01,monophyletic,internal_36,2,,,,0,0,
JACOXB01,monophyletic,internal_51,3,,,,0,0,
JACOXT01,monophyletic,internal_37,3,,,,0,0,
JACOYH01,monophyletic,internal_42,3,,,,0,0,
JACOYI01,monophyletic,internal_39,2,,,,0,0,
JACOZA01,monophyletic,internal_35,2,,,,0,0,
JACOZG01,monophyletic,internal_50,6,,,,0,0,
JACPAB01,monophyletic,internal_39,4,,,,0,0,
JACPAP01,monophyletic,internal_23,3,,,,0,0,
JACPAU01,monophyletic,internal_22,6,,,,0,0,
JACPAX01,monophyletic,internal_26,2,,,,0,0,
JACPAY01,monophyletic,internal_33,2,,,,0,0,
JACPBB01,monophyletic,internal_46,2,,,,0,0,
JACPCG01,monophyletic,internal_33,2,,,,0,0,
JACPCL1,monophyletic,internal_36,4,,,,0,0,
JACPDD01,monophyletic,internal_34,4,,,,0,0,
JACPDH01,monophyletic,internal_21,4,,,,0,0,
JACPDI01,monophyletic,internal_22,2,,,,0,0,
JACPES01,monophyletic,internal_27,2,,,,0,0,
JACPFE01,monophyletic,internal_30,2,,,,0,0,
JACPFJ01,monophyletic,internal_24,9,,,,0,0,
JACPFN01,monophyletic,internal_19,10,,,,0,0,
JACPFV01,monophyletic,internal_33,12,,,,0,0,
JACPGF01,monophyletic,internal_37,2,,,,0,0,
JACPGQ01,monophyletic,internal_40,3,,,,0,0,
JACPGX01,monophyletic,internal_42,4,,,,0,0,
JACPHB01,monophyletic,internal_33,4,,,,0,0,
JACPHD01,monophyletic,internal_47,11,,,,0,0,
JACPIA01,monophyletic,internal_47,3,,,,0,0,
JACPJY01,monophyletic,internal_36,2,,,,0,0,
JACPKE01,monophyletic,internal_38,2,,,,0,0,
JACPKK01,monophyletic,internal_27,2,,,,0,0,
JACPKO01,monophyletic,internal_28,6,,,,0,0,
JACPKP01,monophyletic,internal_24,2,,,,0,0,
JACPLA01,monophyletic,internal_36,3,,,,0,0,
JACPLO01,monophyletic,internal_36,2,,,,0,0,
JACPNK01,monophyletic,internal_37,4,,,,0,0,
JACPNO01,monophyletic,internal_28,2,,,,0,0,
JACPNR01,monophyletic,internal_24,3,,,,0,0,
JACPNS01,monophyletic,internal_22,15,,,,0,0,
JACPNV01,monophyletic,internal_33,2,,,,0,0,
JACPOT01,monophyletic,internal_17,7,,,,0,0,
JACPOV01,monophyletic,internal_21,5,,,,0,0,
JACPPC01,monophyletic,internal_21,6,,,,0,0,
JACPPG01,monophyletic,internal_31,6,,,,0,0,
JACPPO01,monophyletic,internal_25,2,,,,0,0,
JACPRA01,monophyletic,internal_26,2,,,,0,0,
JACPRB01,monophyletic,internal_22,2,,,,0,0,
JACPRC01,monophyletic,internal_23,2,,,,0,0,
JACPRK01,monophyletic,internal_14,3,,,,0,0,
JACPRL01,monophyletic,internal_24,3,,,,0,0,
JACPRU01,monophyletic,internal_26,2,,,,0,0,
JACPRY01,monophyletic,internal_17,2,,,,0,0,
JACPSQ01,monophyletic,internal_32,2,,,,0,0,
JACPST01,monophyletic,internal_23,3,,,,0,0,
JACPSX01,monophyletic,internal_19,2,,,,0,0,
JACPUW01,monophyletic,internal_35,4,,,,0,0,
JACPUX01,monophyletic,internal_30,3,,,,0,0,
JACPVF01,monophyletic,internal_53,11,,,,0,0,
JACPVK01,monophyletic,internal_30,3,,,,0,0,
JACPVY01,monophyletic,internal_35,2,,,,0,0,
JACPWY01,monophyletic,internal_27,2,,,,0,0,
JACPXH01,monophyletic,internal_30,2,,,,0,0,
JACPXN01,monophyletic,internal_34,2,,,,0,0,
JACPYF01,monophyletic,internal_33,9,,,,0,0,
JACPYG01,monophyletic,internal_40,5,,,,0,0,
JACPYM01,monophyletic,internal_21,8,,,,0,0,
JACPZD01,monophyletic,internal_31,4,,,,0,0,
JACPZF01,monophyletic,internal_28,2,,,,0,0,
JACPZJ01,monophyletic,internal_19,2,,,,0,0,
JACPZM01,monophyletic,internal_29,4,,,,0,0,
JACQAB01,monophyletic,internal_30,2,,,,0,0,
JACQAI01,monophyletic,internal_26,2,,,,0,0,
JACQAP01,monophyletic,internal_44,37,,,,0,0,
JACQAX01,monophyletic,internal_30,3,,,,0,0,
JACQBC01,monophyletic,internal_38,4,,,,0,0,
JACQBY01,monophyletic,internal_28,2,,,,0,0,
JACQBZ01,monophyletic,internal_25,3,,,,0,0,
JACQCE01,monophyletic,internal_28,4,,,,0,0,
JACQCF01,monophyletic,internal_32,8,,,,0,0,
JACQCV01,monophyletic,internal_45,5,,,,0,0,
JACQDB01,monophyletic,internal_21,2,,,,0,0,
JACQDE01,monophyletic,internal_25,5,,,,0,0,
JACQDT01,monophyletic,internal_37,2,,,,0,0,
JACQEL01,monophyletic,internal_26,2,,,,0,0,
JACQEW01,monophyletic,internal_22,2,,,,0,0,
JACQEX01,monophyletic,internal_15,2,,,,0,0,
JACQFA01,monophyletic,internal_26,3,,,,0,0,
JACQFD01,monophyletic,internal_30,2,,,,0,0,
JACQFH01,monophyletic,internal_32,6,,,,0,0,
JACQFI01,monophyletic,internal_21,2,,,,0,0,
JACQFK01,monophyletic,internal_24,7,,,,0,0,
JACQFT01,monophyletic,internal_29,2,,,,0,0,
JACQFV01,monophyletic,internal_23,6,,,,0,0,
JACQFZ01,monophyletic,internal_26,8,,,,0,0,
JACQGD01,monophyletic,internal_43,2,,,,0,0,
JACQGT01,monophyletic,internal_36,7,,,,0,0,
JACQGZ01,monophyletic,internal_19,3,,,,0,0,
JACQHC01,monophyletic,internal_23,4,,,,0,0,
JACQHJ01,monophyletic,internal_41,5,,,,0,0,
JACQHM01,monophyletic,internal_22,2,,,,0,0,
JACQIJ01,monophyletic,internal_38,3,,,,0,0,
JACQJI01,monophyletic,internal_27,2,,,,0,0,
JACQKA01,monophyletic,internal_57,3,,,,0,0,
JACQKD01,monophyletic,internal_54,5,,,,0,0,
JACQKT01,monophyletic,internal_51,5,,,,0,0,
JACQKU01,monophyletic,internal_51,2,,,,0,0,
JACQLN01,monophyletic,internal_35,8,,,,0,0,
JACQLQ01,monophyletic,internal_46,2,,,,0,0,
JACQLT01,monophyletic,internal_34,3,,,,0,0,
JACQMJ01,monophyletic,internal_39,4,,,,0,0,
JACQNR01,monophyletic,internal_26,3,,,,0,0,
JACQPC01,monophyletic,internal_26,2,,,,0,0,
JACQPT01,monophyletic,internal_34,3,,,,0,0,
JACQPU01,monophyletic,internal_38,3,,,,0,0,
JACQPY01,monophyletic,internal_30,2,,,,0,0,
JACQQW01,monophyletic,internal_35,6,,,,0,0,
JACQRW01,monophyletic,internal_40,4,,,,0,0,
JACQSA01,monophyletic,internal_33,2,,,,0,0,
JACQSB01,monophyletic,internal_33,2,,,,0,0,
JACQSX01,monophyletic,internal_19,2,,,,0,0,
JACQTH01,monophyletic,internal_23,2,,,,0,0,
JACQTO01,monophyletic,internal_36,4,,,,0,0,
JACQUA01,monophyletic,internal_34,2,,,,0,0,
JACQVT01,monophyletic,internal_34,3,,,,0,0,
JACQWB01,monophyletic,internal_25,2,,,,0,0,
JACQWH01,monophyletic,internal_34,2,,,,0,0,
JACQWR01,monophyletic,internal_33,2,,,,0,0,
JACQWT01,monophyletic,internal_33,2,,,,0,0,
JACQWX01,monophyletic,internal_35,4,,,,0,0,
JACQXM01,monophyletic,internal_34,3,,,,0,0,
JACQXU01,monophyletic,internal_45,3,,,,0,0,
JACQXX01,monophyletic,internal_20,3,,,,0,0,
JACQYA01,monophyletic,internal_41,2,,,,0,0,
JACQYG01,monophyletic,internal_19,3,,,,0,0,
JACQYX01,monophyletic,internal_38,2,,,,0,0,
JACQZG01,monophyletic,internal_28,3,,,,0,0,
JACQZI01,monophyletic,internal_21,2,,,,0,0,
JACQZJ01,monophyletic,internal_31,2,,,,0,0,
JACQZO01,monophyletic,internal_19,2,,,,0,0,
JACQZT01,monophyletic,internal_32,3,,,,0,0,
JACQZU01,monophyletic,internal_14,2,,,,0,0,
JACRAO01,monophyletic,internal_41,3,,,,0,0,
JACRAR01,monophyletic,internal_39,8,,,,0,0,
JACRAV01,monophyletic,internal_31,5,,,,0,0,
JACRBE01,monophyletic,internal_22,2,,,,0,0,
JACRBK01,monophyletic,internal_47,2,,,,0,0,
JACRBM01,monophyletic,internal_29,2,,,,0,0,
JACRBR01,monophyletic,internal_35,4,,,,0,0,
JACRBT01,monophyletic,internal_40,2,,,,0,0,
JACRCE01,monophyletic,internal_30,2,,,,0,0,
JACRCG01,monophyletic,internal_26,58,,,,0,0,
JACRCH01,monophyletic,internal_33,2,,,,0,0,
JACRCK01,monophyletic,internal_23,2,,,,0,0,
JACRCL01,monophyletic,internal_33,2,,,,0,0,
JACRCQ01,monophyletic,internal_34,3,,,,0,0,
JACRCT01,monophyletic,internal_27,3,,,,0,0,
JACRCV01,monophyletic,internal_24,2,,,,0,0,
JACRDA01,monophyletic,internal_32,2,,,,0,0,
JACRDC01,monophyletic,internal_26,12,,,,0,0,
JACRDG01,monophyletic,internal_24,2,,,,0,0,
JACRDR01,monophyletic,internal_35,2,,,,0,0,
JACRDX01,monophyletic,internal_31,2,,,,0,0,
JACREM01,monophyletic,internal_33,2,,,,0,0,
JACREN01,monophyletic,internal_31,2,,,,0,0,
JACREP01,monophyletic,internal_31,2,,,,0,0,
JACRFM01,monophyletic,internal_29,2,,,,0,0,
JACRFQ01,monophyletic,internal_40,2,,,,0,0,
JACRFW01,monophyletic,internal_44,2,,,,0,0,
JACRGO01,monophyletic,internal_21,2,,,,0,0,
JACRGP01,monophyletic,internal_23,2,,,,0,0,
JACRGQ01,monophyletic,internal_14,4,,,,0,0,
JACRGU01,monophyletic,internal_27,2,,,,0,0,
JACRGV01,monophyletic,internal_20,2,,,,0,0,
JACRGW01,monophyletic,internal_21,2,,,,0,0,
JACRGX01,monophyletic,internal_26,2,,,,0,0,
JACRHA01,monophyletic,internal_24,3,,,,0,0,
JACRHF01,monophyletic,internal_23,2,,,,0,0,
JACRHW01,monophyletic,internal_37,3,,,,0,0,
JACRHY01,monophyletic,internal_40,2,,,,0,0,
JACRIB01,monophyletic,internal_38,6,,,,0,0,
JACRIK01,monophyletic,internal_24,3,,,,0,0,
JACRIM01,monophyletic,internal_30,3,,,,0,0,
JACRIN01,monophyletic,internal_34,4,,,,0,0,
JACRIR01,monophyletic,internal_15,2,,,,0,0,
JACRJW01,monophyletic,internal_49,5,,,,0,0,
JACRJZ01,monophyletic,internal_30,2,,,,0,0,
JACRKA01,monophyletic,internal_19,2,,,,0,0,
JACRLF01,monophyletic,internal_30,2,,,,0,0,
JACRLG01,monophyletic,internal_35,2,,,,0,0,
JACRLI01,monophyletic,internal_20,2,,,,0,0,
JACRLV01,monophyletic,internal_33,2,,,,0,0,
JACRLW01,monophyletic,internal_36,4,,,,0,0,
JACRMA01,monophyletic,internal_23,4,,,,0,0,
JACRMB01,monophyletic,internal_23,7,,,,0,0,
JACRMN01,monophyletic,internal_26,4,,,,0,0,
JACRNA01,monophyletic,internal_30,4,,,,0,0,
JACRNE01,monophyletic,internal_33,2,,,,0,0,
JACRNJ01,monophyletic,internal_22,7,,,,0,0,
JACRNO01,monophyletic,internal_30,2,,,,0,0,
JACROF01,monophyletic,internal_41,9,,,,0,0,
JACROH01,monophyletic,internal_49,2,,,,0,0,
JACROR01,monophyletic,internal_36,2,,,,0,0,
JACROS01,monophyletic,internal_44,2,,,,0,0,
JACRPT01,monophyletic,internal_29,2,,,,0,0,
JACRPZ01,monophyletic,internal_29,2,,,,0,0,
JACRUB01,monophyletic,internal_21,4,,,,0,0,
JACSRF01,monophyletic,internal_42,6,,,,0,0,
JACTMI01,monophyletic,internal_24,14,,,,0,0,
JACTMJ01,monophyletic,internal_29,10,,,,0,0,
JACTMZ01,monophyletic,internal_22,31,,,,0,0,
JACVCJ01,monophyletic,internal_50,4,,,,0,0,
JACVCK01,monophyletic,internal_29,3,,,,0,0,
JACVCS01,monophyletic,internal_41,4,,,,0,0,
JACVJK01,monophyletic,internal_17,3,,,,0,0,
JACVQG01,monophyletic,internal_33,2,,,,0,0,
JACVRM01,monophyletic,internal_33,12,,,,0,0,
JACVRN01,monophyletic,internal_22,6,,,,0,0,
JACVRU01,monophyletic,internal_31,3,,,,0,0,
JACVRW01,monophyletic,internal_28,81,,,,0,0,
JACVRX01,monophyletic,internal_39,6,,,,0,0,
JACVSF01,monophyletic,internal_29,4,,,,0,0,
JACVXV01,monophyletic,internal_26,3,,,,0,0,
JACWAD01,monophyletic,internal_23,6,,,,0,0,
JACWAE01,monophyletic,internal_31,6,,,,0,0,
JACWAO01,monophyletic,internal_50,5,,,,0,0,
JACXVD01,monophyletic,internal_65,4,,,,0,0,
JACZKN01,monophyletic,internal_27,5,,,,0,0,
JACZKQ01,monophyletic,internal_32,3,,,,0,0,
JACZQV01,monophyletic,internal_32,2,,,,0,0,
JACZQZ01,monophyletic,internal_37,4,,,,0,0,
JACZSB01,monophyletic,internal_28,3,,,,0,0,
JACZSH01,monophyletic,internal_41,3,,,,0,0,
JACZST01,monophyletic,internal_29,7,,,,0,0,
JACZTG01,monophyletic,internal_21,2,,,,0,0,
JACZUI01,monophyletic,internal_31,4,,,,0,0,
JACZVL01,monophyletic,internal_42,2,,,,0,0,
JACZVU01,monophyletic,internal_34,7,,,,0,0,
JACZWL01,monophyletic,internal_41,5,,,,0,0,
JACZWU01,monophyletic,internal_24,4,,,,0,0,
JACZWZ01,monophyletic,internal_27,6,,,,0,0,
JACZXC01,monophyletic,internal_31,3,,,,0,0,
JACZXQ01,monophyletic,internal_31,4,,,,0,0,
JACZXR01,monophyletic,internal_22,2,,,,0,0,
JACZYA01,monophyletic,internal_22,2,,,,0,0,
JADCCX01,monophyletic,internal_41,11,,,,0,0,
JADCGM01,monophyletic,internal_48,4,,,,0,0,
JADCGN01,monophyletic,internal_23,4,,,,0,0,
JADCJN01,monophyletic,internal_28,2,,,,0,0,
JADCRZ01,monophyletic,internal_49,13,,,,0,0,
JADDHL01,monophyletic,internal_31,2,,,,0,0,
JADDRA01,monophyletic,internal_29,11,,,,0,0,
JADFAK01,monophyletic,internal_44,3,,,,0,0,
JADFCW01,monophyletic,internal_11,2,,,,0,0,
JADFDG01,monophyletic,internal_36,8,,,,0,0,
JADFDR01,monophyletic,internal_22,2,,,,0,0,
JADFFQ01,monophyletic,internal_31,4,,,,0,0,
JADFGI01,monophyletic,internal_29,6,,,,0,0,
JADFGU01,monophyletic,internal_29,2,,,,0,0,
JADFGZ01,monophyletic,internal_20,3,,,,0,0,
JADFJB01,monophyletic,internal_26,2,,,,0,0,
JADFKB01,monophyletic,internal_37,2,,,,0,0,
JADFMN01,monophyletic,internal_30,6,,,,0,0,
JADFNB01,monophyletic,internal_23,3,,,,0,0,
JADFNF01,monophyletic,internal_27,2,,,,0,0,
JADFNO01,monophyletic,internal_31,5,,,,0,0,
JADFNQ01,monophyletic,internal_29,6,,,,0,0,
JADFOB01,monophyletic,internal_36,4,,,,0,0,
JADFOI01,monophyletic,internal_24,7,,,,0,0,
JADFOJ01,monophyletic,internal_32,2,,,,0,0,
JADFOM01,monophyletic,internal_36,2,,,,0,0,
JADFOP01,monophyletic,internal_21,2,,,,0,0,
JADFQT01,monophyletic,internal_44,3,,,,0,0,
JADFRC01,monophyletic,internal_43,3,,,,0,0,
JADFRD01,monophyletic,internal_31,6,,,,0,0,
JADFRG01,monophyletic,internal_45,14,,,,0,0,
JADFSH01,monophyletic,internal_31,2,,,,0,0,
JADFUO01,monophyletic,internal_59,5,,,,0,0,
JADFUQ01,monophyletic,internal_56,7,,,,0,0,
JADFUS01,monophyletic,internal_61,7,,,,0,0,
JADFUX01,monophyletic,internal_39,4,,,,0,0,
JADFUZ01,monophyletic,internal_44,3,,,,0,0,
JADFVG01,monophyletic,internal_30,2,,,,0,0,
JADFVP01,monophyletic,internal_26,3,,,,0,0,
JADFVY01,monophyletic,internal_35,7,,,,0,0,
JADFWA01,monophyletic,internal_26,2,,,,0,0,
JADFWK01,monophyletic,internal_24,7,,,,0,0,
JADFXI01,monophyletic,internal_34,10,,,,0,0,
JADFXK01,monophyletic,internal_22,4,,,,0,0,
JADFXL01,monophyletic,internal_32,2,,,,0,0,
JADFXM01,monophyletic,internal_15,2,,,,0,0,
JADFXT01,monophyletic,internal_34,2,,,,0,0,
JADFYE01,monophyletic,internal_35,2,,,,0,0,
JADFYS01,monophyletic,internal_38,2,,,,0,0,
JADFZM01,monophyletic,internal_38,2,,,,0,0,
JADFZP01,monophyletic,internal_32,2,,,,0,0,
JADFZW01,monophyletic,internal_30,2,,,,0,0,
JADGAN01,monophyletic,internal_30,2,,,,0,0,
JADGAU01,monophyletic,internal_30,3,,,,0,0,
JADGCD01,monophyletic,internal_13,2,,,,0,0,
JADGCH01,monophyletic,internal_18,2,,,,0,0,
JADGDT01,monophyletic,internal_41,5,,,,0,0,
JADGGD01,monophyletic,internal_27,2,,,,0,0,
JADGGM01,monophyletic,internal_29,26,,,,0,0,
JADGGV01,monophyletic,internal_26,2,,,,0,0,
JADGHE01,monophyletic,internal_53,2,,,,0,0,
JADGHJ01,monophyletic,internal_23,2,,,,0,0,
JADGHK01,monophyletic,internal_31,2,,,,0,0,
JADGHQ01,monophyletic,internal_30,3,,,,0,0,
JADGHX01,monophyletic,internal_42,7,,,,0,0,
JADGNR01,monophyletic,internal_37,2,,,,0,0,
JADGNZ01,monophyletic,internal_28,19,,,,0,0,
JADGOV01,monophyletic,internal_25,3,,,,0,0,
JADGQA01,monophyletic,internal_34,3,,,,0,0,
JADGQF01,monophyletic,internal_31,2,,,,0,0,
JADGQM01,monophyletic,internal_30,8,,,,0,0,
JADGQN01,monophyletic,internal_20,6,,,,0,0,
JADGQW01,monophyletic,internal_19,2,,,,0,0,
JADGRA01,monophyletic,internal_31,8,,,,0,0,
JADGRB01,monophyletic,internal_30,26,,,,0,0,
JADGRF01,monophyletic,internal_31,6,,,,0,0,
JADGRH01,monophyletic,internal_57,3,,,,0,0,
JADGRQ01,monophyletic,internal_32,3,,,,0,0,
JADHLI01,monophyletic,internal_33,15,,,,0,0,
JADHLJ01,monophyletic,internal_32,6,,,,0,0,
JADHLK01,monophyletic,internal_34,2,,,,0,0,
JADHLN01,monophyletic,internal_28,2,,,,0,0,
JADHMP01,monophyletic,internal_52,4,,,,0,0,
JADHOX01,monophyletic,internal_25,4,,,,0,0,
JADHTT01,monophyletic,internal_19,3,,,,0,0,
JADHUC01,monophyletic,internal_37,3,,,,0,0,
JADHZC01,monophyletic,internal_32,4,,,,0,0,
JADIYM01,monophyletic,internal_20,4,,,,0,0,
JADIYW01,monophyletic,internal_40,2,,,,0,0,
JADJAH01,monophyletic,internal_30,5,,,,0,0,
JADJCA01,monophyletic,internal_31,2,,,,0,0,
JADJCP01,monophyletic,internal_44,2,,,,0,0,
JADJDM01,monophyletic,internal_54,7,,,,0,0,
JADJEF01,monophyletic,internal_41,3,,,,0,0,
JADJEI01,monophyletic,internal_36,2,,,,0,0,
JADJEK01,monophyletic,internal_28,3,,,,0,0,
JADJGA01,monophyletic,internal_54,8,,,,0,0,
JADJGC01,monophyletic,internal_24,13,,,,0,0,
JADJGJ01,monophyletic,internal_46,4,,,,0,0,
JADJJE01,monophyletic,internal_38,4,,,,0,0,
JADJKB01,monophyletic,internal_37,7,,,,0,0,
JADJLQ01,monophyletic,internal_55,11,,,,0,0,
JADJLZ01,monophyletic,internal_36,3,,,,0,0,
JADJMO01,monophyletic,internal_28,3,,,,0,0,
JADJNW01,monophyletic,internal_54,11,,,,0,0,
JADJNY01,monophyletic,internal_35,4,,,,0,0,
JADJOM01,monophyletic,internal_27,39,,,,0,0,
JADJOY01,monophyletic,internal_18,5,,,,0,0,
JADJPF01,monophyletic,internal_21,6,,,,0,0,
JADJPG01,monophyletic,internal_32,4,,,,0,0,
JADJPL01,monophyletic,internal_54,7,,,,0,0,
JADJPO01,monophyletic,internal_42,10,,,,0,0,
JADJQU01,monophyletic,internal_34,6,,,,0,0,
JADJQY01,monophyletic,internal_23,3,,,,0,0,
JADJRG01,monophyletic,internal_27,7,,,,0,0,
JADJRH01,monophyletic,internal_35,3,,,,0,0,
JADJRI01,monophyletic,internal_29,5,,,,0,0,
JADJRK01,monophyletic,internal_24,6,,,,0,0,
JADJSS01,monophyletic,internal_42,33,,,,0,0,
JADJTI01,monophyletic,internal_40,2,,,,0,0,
JADJTL01,monophyletic,internal_29,2,,,,0,0,
JADJTR01,monophyletic,internal_43,2,,,,0,0,
JADJTT01,monophyletic,internal_51,4,,,,0,0,
JADJVA01,monophyletic,internal_26,2,,,,0,0,
JADJVJ01,monophyletic,internal_48,2,,,,0,0,
JADJVL01,monophyletic,internal_15,5,,,,0,0,
JADJWF01,monophyletic,internal_29,3,,,,0,0,
JADJWH01,monophyletic,internal_36,4,,,,0,0,
JADJWR01,monophyletic,internal_32,11,,,,0,0,
JADJWY01,monophyletic,internal_39,2,,,,0,0,
JADJXM01,monophyletic,internal_25,5,,,,0,0,
JADJXQ01,monophyletic,internal_38,2,,,,0,0,
JADJXV01,monophyletic,internal_30,7,,,,0,0,
JADJYF01,monophyletic,internal_38,11,,,,0,0,
JADKAC01,monophyletic,internal_38,2,,,,0,0,
JADKAF01,monophyletic,internal_28,2,,,,0,0,
JADKAV01,monophyletic,internal_37,14,,,,0,0,
JADKBO01,monophyletic,internal_59,13,,,,0,0,
JADKCL01,monophyletic,internal_33,6,,,,0,0,
JADKCZ01,monophyletic,internal_25,13,,,,0,0,
JADKFD01,monophyletic,internal_31,9,,,,0,0,
JADKFE01,monophyletic,internal_25,4,,,,0,0,
JADKFV01,monophyletic,internal_50,2,,,,0,0,
JADKHC01,monophyletic,internal_34,5,,,,0,0,
JADKHK01,monophyletic,internal_33,10,,,,0,0,
JADKHR01,monophyletic,internal_33,5,,,,0,0,
JADKHX01,monophyletic,internal_41,4,,,,0,0,
JADKIH01,monophyletic,internal_53,20,,,,0,0,
JADKIY01,monophyletic,internal_32,2,,,,0,0,
JADKJB01,monophyletic,internal_56,8,,,,0,0,
JADKJP01,monophyletic,internal_55,5,,,,0,0,
JADKKF01,monophyletic,internal_50,2,,,,0,0,
JADLAT01,monophyletic,internal_42,2,,,,0,0,
JADLBH01,monophyletic,internal_33,2,,,,0,0,
JADLBR01,monophyletic,internal_21,3,,,,0,0,
JADLCB01,monophyletic,internal_31,2,,,,0,0,
JADLCI01,monophyletic,internal_47,3,,,,0,0,
JADLCM01,monophyletic,internal_33,2,,,,0,0,
JADLCX01,monophyletic,internal_40,3,,,,0,0,
JADLDB01,monophyletic,internal_32,3,,,,0,0,
JADLDI01,monophyletic,internal_32,2,,,,0,0,
JADLDV01,monophyletic,internal_54,2,,,,0,0,
JADLEL01,monophyletic,internal_34,2,,,,0,0,
JADLEQ01,monophyletic,internal_38,2,,,,0,0,
JADLEX01,monophyletic,internal_21,2,,,,0,0,
JADLFH01,monophyletic,internal_34,2,,,,0,0,
JADLFU01,monophyletic,internal_32,2,,,,0,0,
JADLFV01,monophyletic,internal_31,2,,,,0,0,
JADLFY01,monophyletic,internal_34,2,,,,0,0,
JADLGF01,monophyletic,internal_31,2,,,,0,0,
JADLGH01,monophyletic,internal_25,7,,,,0,0,
JADLGJ01,monophyletic,internal_35,9,,,,0,0,
JADLGL01,monophyletic,internal_41,10,,,,0,0,
JADLHS01,monophyletic,internal_36,24,,,,0,0,
JADLHZ01,monophyletic,internal_21,2,,,,0,0,
JADMIH01,monophyletic,internal_22,26,,,,0,0,
JADMII01,monophyletic,internal_32,4,,,,0,0,
JADMIL01,monophyletic,internal_33,13,,,,0,0,
JADMJV01,monophyletic,internal_21,6,,,,0,0,
JADNYK01,monophyletic,internal_64,2,,,,0,0,
JADQCB01,monophyletic,internal_57,3,,,,0,0,
JADYXR01,monophyletic,internal_21,8,,,,0,0,
JADYXS01,monophyletic,internal_21,2,,,,0,0,
JADYYB01,monophyletic,internal_41,2,,,,0,0,
JADYYK01,monophyletic,internal_28,2,,,,0,0,
JADYYQ01,monophyletic,internal_28,2,,,,0,0,
JADYZN01,monophyletic,internal_30,2,,,,0,0,
JADYZS01,monophyletic,internal_27,2,,,,0,0,
JADYZU01,monophyletic,internal_68,4,,,,0,0,
JADZAA01,monophyletic,internal_31,2,,,,0,0,
JADZAI01,monophyletic,internal_30,9,,,,0,0,
JADZBD01,monophyletic,internal_52,2,,,,0,0,
JADZDJ01,monophyletic,internal_30,2,,,,0,0,
JADZDZ01,monophyletic,internal_18,2,,,,0,0,
JADZEE01,monophyletic,internal_35,2,,,,0,0,
JADZEH01,monophyletic,internal_30,2,,,,0,0,
JADZEJ01,monophyletic,internal_43,3,,,,0,0,
JADZEK01,monophyletic,internal_43,3,,,,0,0,
JADZEM01,monophyletic,internal_28,3,,,,0,0,
JADZEO01,monophyletic,internal_26,2,,,,0,0,
JADZFF01,monophyletic,internal_30,2,,,,0,0,
JADZFO01,monophyletic,internal_17,2,,,,0,0,
JADZGC01,monophyletic,internal_26,3,,,,0,0,
JAEDES01,monophyletic,internal_35,8,,,,0,0,
JAEDHM01,monophyletic,internal_37,2,,,,0,0,
JAEDJI01,monophyletic,internal_25,7,,,,0,0,
JAEDLN01,monophyletic,internal_27,3,,,,0,0,
JAEDMO01,monophyletic,internal_22,3,,,,0,0,
JAEEHZ01,monophyletic,internal_41,4,,,,0,0,
JAEEJA01,monophyletic,internal_41,5,,,,0,0,
JAEEKZ01,monophyletic,internal_26,2,,,,0,0,
JAEELB01,monophyletic,internal_56,2,,,,0,0,
JAEELC01,monophyletic,internal_25,9,,,,0,0,
JAEELK01,monophyletic,internal_33,2,,,,0,0,
JAEHCY01,monophyletic,internal_32,2,,,,0,0,
JAEHDI01,monophyletic,internal_27,3,,,,0,0,
JAEINX01,monophyletic,internal_60,3,,,,0,0,
JAEINY01,monophyletic,internal_63,2,,,,0,0,
JAEKLB01,monophyletic,internal_29,3,,,,0,0,
JAEKNW01,monophyletic,internal_21,7,,,,0,0,
JAEMPZ01,monophyletic,internal_14,5,,,,0,0,
JAEMQF01,monophyletic,internal_40,10,,,,0,0,
JAENIX01,monophyletic,internal_23,4,,,,0,0,
JAENIZ01,monophyletic,internal_36,2,,,,0,0,
JAENJB01,monophyletic,internal_33,2,,,,0,0,
JAENJC01,monophyletic,internal_18,3,,,,0,0,
JAENVT01,monophyletic,internal_39,27,,,,0,0,
JAENVU01,monophyletic,internal_34,19,,,,0,0,
JAENVV01,monophyletic,internal_27,8,,,,0,0,
JAENWD01,monophyletic,internal_19,14,,,,0,0,
JAENWH01,monophyletic,internal_34,2,,,,0,0,
JAENYC01,monophyletic,internal_21,2,,,,0,0,
JAENYO01,monophyletic,internal_21,2,,,,0,0,
JAENZQ01,monophyletic,internal_31,2,,,,0,0,
JAENZW01,monophyletic,internal_27,2,,,,0,0,
JAEPMR01,monophyletic,internal_70,2,,,,0,0,
JAETTH01,monophyletic,internal_47,2,,,,0,0,
JAEUHH01,monophyletic,internal_30,6,,,,0,0,
JAEUHM01,monophyletic,internal_26,2,,,,0,0,
JAEUHN01,monophyletic,internal_27,3,,,,0,0,
JAEUHO01,monophyletic,internal_26,3,,,,0,0,
JAEUHQ01,monophyletic,internal_39,2,,,,0,0,
JAEUHS01,monophyletic,internal_40,4,,,,0,0,
JAEUHZ01,monophyletic,internal_36,8,,,,0,0,
JAEUIA01,monophyletic,internal_35,4,,,,0,0,
JAEUIE01,monophyletic,internal_21,5,,,,0,0,
JAEUIG01,monophyletic,internal_29,2,,,,0,0,
JAEUIT01,monophyletic,internal_32,9,,,,0,0,
JAEUIV01,monophyletic,internal_30,6,,,,0,0,
JAEUIX01,monophyletic,internal_37,7,,,,0,0,
JAEUIZ01,monophyletic,internal_38,2,,,,0,0,
JAEUJB01,monophyletic,internal_39,6,,,,0,0,
JAEUJG01,monophyletic,internal_21,3,,,,0,0,
JAEUJM01,monophyletic,internal_27,8,,,,0,0,
JAEUJT01,monophyletic,internal_30,2,,,,0,0,
JAEUJZ01,monophyletic,internal_32,7,,,,0,0,
JAEUKA01,monophyletic,internal_34,8,,,,0,0,
JAEUKH01,monophyletic,internal_30,2,,,,0,0,
JAEUKK01,monophyletic,internal_30,3,,,,0,0,
JAEUKQ01,monophyletic,internal_30,4,,,,0,0,
JAEULC01,monophyletic,internal_30,7,,,,0,0,
JAEULH01,monophyletic,internal_38,6,,,,0,0,
JAEUMD01,monophyletic,internal_42,16,,,,0,0,
JAEUMG01,monophyletic,internal_40,3,,,,0,0,
JAEUMW01,monophyletic,internal_41,6,,,,0,0,
JAEUMY01,monophyletic,internal_40,3,,,,0,0,
JAEUNJ01,monophyletic,internal_38,3,,,,0,0,
JAEUNM01,monophyletic,internal_36,2,,,,0,0,
JAEUNX01,monophyletic,internal_35,3,,,,0,0,
JAEUOS01,monophyletic,internal_30,11,,,,0,0,
JAEUPI01,monophyletic,internal_41,19,,,,0,0,
JAEUQQ01,monophyletic,internal_21,2,,,,0,0,
JAEUQS01,monophyletic,internal_19,2,,,,0,0,
JAEURO01,monophyletic,internal_34,5,,,,0,0,
JAEURQ01,monophyletic,internal_30,2,,,,0,0,
JAEUSB01,monophyletic,internal_11,4,,,,0,0,
JAEUSE01,monophyletic,internal_27,9,,,,0,0,
JAEUSF01,monophyletic,internal_31,4,,,,0,0,
JAEUSG01,monophyletic,internal_23,2,,,,0,0,
JAEUSI01,monophyletic,internal_34,4,,,,0,0,
JAEUSM01,monophyletic,internal_31,2,,,,0,0,
JAEUTH01,monophyletic,internal_50,3,,,,0,0,
JAEUUM01,monophyletic,internal_49,3,,,,0,0,
JAEUUX01,monophyletic,internal_43,2,,,,0,0,
JAEUWI01,monophyletic,internal_20,9,,,,0,0,
JAEVLT01,monophyletic,internal_47,5,,,,0,0,
JAEVZK01,monophyletic,internal_34,5,,,,0,0,
JAEWAH01,monophyletic,internal_39,13,,,,0,0,
JAEWCC01,monophyletic,internal_33,5,,,,0,0,
JAEWER01,monophyletic,internal_33,2,,,,0,0,
JAEWLZ01,monophyletic,internal_20,3,,,,0,0,
JAEWOS01,monophyletic,internal_59,2,,,,0,0,
JAEWQO01,monophyletic,internal_32,2,,,,0,0,
JAEWQP01,monophyletic,internal_27,2,,,,0,0,
JAEWRL01,monophyletic,internal_39,2,,,,0,0,
JAEWRY01,monophyletic,internal_42,3,,,,0,0,
JAEWSN01,monophyletic,internal_38,7,,,,0,0,
JAEWUC01,monophyletic,internal_36,2,,,,0,0,
JAEWWD01,monophyletic,internal_40,2,,,,0,0,
JAEXBA01,monophyletic,internal_60,2,,,,0,0,
JAEXMB01,monophyletic,internal_32,3,,,,0,0,
JAEXNA01,monophyletic,internal_22,8,,,,0,0,
JAEXOD01,monophyletic,internal_34,7,,,,0,0,
JAEXTK01,monophyletic,internal_21,2,,,,0,0,
JAEXUB01,monophyletic,internal_33,2,,,,0,0,
JAEXZL01,monophyletic,internal_32,3,,,,0,0,
JAEYFP01,monophyletic,internal_46,5,,,,0,0,
JAEYKI01,monophyletic,internal_33,3,,,,0,0,
JAEYLA01,monophyletic,internal_41,9,,,,0,0,
JAEYOM01,monophyletic,internal_41,4,,,,0,0,
JAEYPR01,monophyletic,internal_23,2,,,,0,0,
JAEYQM01,monophyletic,internal_22,2,,,,0,0,
JAEYRA01,monophyletic,internal_29,7,,,,0,0,
JAEYRF01,monophyletic,internal_42,3,,,,0,0,
JAEYTB01,monophyletic,internal_43,4,,,,0,0,
JAEYVS01,monophyletic,internal_29,4,,,,0,0,
JAEYXS01,monophyletic,internal_32,8,,,,0,0,
JAEYZM01,monophyletic,internal_54,3,,,,0,0,
JAEYZO01,monophyletic,internal_31,2,,,,0,0,
JAEYZS01,monophyletic,internal_27,5,,,,0,0,
JAEZAA01,monophyletic,internal_36,4,,,,0,0,
JAEZAF01,monophyletic,internal_48,2,,,,0,0,
JAEZBP01,monophyletic,internal_33,2,,,,0,0,
JAEZDC01,monophyletic,internal_48,7,,,,0,0,
JAEZDP01,monophyletic,internal_22,4,,,,0,0,
JAEZDR01,monophyletic,internal_48,2,,,,0,0,
JAEZDX01,monophyletic,internal_30,2,,,,0,0,
JAEZED01,monophyletic,internal_25,2,,,,0,0,
JAEZEZ01,monophyletic,internal_38,5,,,,0,0,
JAEZFI01,monophyletic,internal_37,2,,,,0,0,
JAEZGD01,monophyletic,internal_36,3,,,,0,0,
JAEZHK01,monophyletic,internal_36,8,,,,0,0,
JAEZJQ01,monophyletic,internal_24,3,,,,0,0,
JAEZJZ01,monophyletic,internal_23,3,,,,0,0,
JAEZKC01,monophyletic,internal_27,3,,,,0,0,
JAEZLB01,monophyletic,internal_35,2,,,,0,0,
JAEZOG01,monophyletic,internal_27,3,,,,0,0,
JAEZOU01,monophyletic,internal_55,2,,,,0,0,
JAEZPW01,monophyletic,internal_26,4,,,,0,0,
JAEZRQ01,monophyletic,internal_40,11,,,,0,0,
JAEZTC01,monophyletic,internal_40,2,,,,0,0,
JAEZVV01,monophyletic,internal_29,2,,,,0,0,
JAEZWQ01,monophyletic,internal_38,2,,,,0,0,
JAEZYR01,monophyletic,internal_36,3,,,,0,0,
JAEZYS01,monophyletic,internal_44,2,,,,0,0,
JAFAAL01,monophyletic,internal_34,3,,,,0,0,
JAFAFC01,monophyletic,internal_57,2,,,,0,0,
JAFAFE01,monophyletic,internal_57,3,,,,0,0,
JAFAFL01,monophyletic,internal_29,3,,,,0,0,
JAFAFN01,monophyletic,internal_38,4,,,,0,0,
JAFAGO01,monophyletic,internal_58,2,,,,0,0,
JAFAGX01,monophyletic,internal_36,9,,,,0,0,
JAFAHD01,monophyletic,internal_16,7,,,,0,0,
JAFAHS01,monophyletic,internal_36,6,,,,0,0,
JAFAHZ01,monophyletic,internal_27,5,,,,0,0,
JAFAIN01,monophyletic,internal_23,2,,,,0,0,
JAFALK01,monophyletic,internal_40,3,,,,0,0,
JAFALX01,monophyletic,internal_26,4,,,,0,0,
JAFAMB01,monophyletic,internal_28,19,,,,0,0,
JAFAMS01,monophyletic,internal_18,7,,,,0,0,
JAFANK01,monophyletic,internal_16,7,,,,0,0,
JAFANO01,monophyletic,internal_31,2,,,,0,0,
JAFAQI01,monophyletic,internal_26,3,,,,0,0,
JAFARE01,monophyletic,internal_25,3,,,,0,0,
JAFARW01,monophyletic,internal_20,2,,,,0,0,
JAFARZ01,monophyletic,internal_34,3,,,,0,0,
JAFASC01,monophyletic,internal_46,5,,,,0,0,
JAFATZ01,monophyletic,internal_23,2,,,,0,0,
JAFAVN01,monophyletic,internal_27,6,,,,0,0,
JAFAVZ01,monophyletic,internal_27,3,,,,0,0,
JAFAXA01,monophyletic,internal_41,2,,,,0,0,
JAFAXD01,monophyletic,internal_51,6,,,,0,0,
JAFAXH01,monophyletic,internal_28,3,,,,0,0,
JAFAYA01,monophyletic,internal_37,2,,,,0,0,
JAFAYN01,monophyletic,internal_24,9,,,,0,0,
JAFAZD01,monophyletic,internal_24,2,,,,0,0,
JAFAZI01,monophyletic,internal_26,2,,,,0,0,
JAFAZJ01,monophyletic,internal_30,7,,,,0,0,
JAFBAD01,monophyletic,internal_32,2,,,,0,0,
JAFBAP01,monophyletic,internal_28,2,,,,0,0,
JAFBIO01,monophyletic,internal_58,2,,,,0,0,
JAFCUW01,monophyletic,internal_43,12,,,,0,0,
JAFDBW01,monophyletic,internal_30,5,,,,0,0,
JAFDCJ01,monophyletic,internal_35,23,,,,0,0,
JAFDDA01,monophyletic,internal_24,2,,,,0,0,
JAFDED01,monophyletic,internal_21,2,,,,0,0,
JAFDEI01,monophyletic,internal_32,3,,,,0,0,
JAFDER01,monophyletic,internal_27,2,,,,0,0,
JAFDET01,monophyletic,internal_26,4,,,,0,0,
JAFDHD01,monophyletic,internal_24,3,,,,0,0,
JAFDHL01,monophyletic,internal_33,4,,,,0,0,
JAFDHS01,monophyletic,internal_24,2,,,,0,0,
JAFDJC01,monophyletic,internal_28,2,,,,0,0,
JAFDJI01,monophyletic,internal_28,2,,,,0,0,
JAFDMD01,monophyletic,internal_25,3,,,,0,0,
JAFDVJ01,monophyletic,internal_28,18,,,,0,0,
JAFDVL01,monophyletic,internal_21,14,,,,0,0,
JAFDVN01,monophyletic,internal_13,13,,,,0,0,
JAFDWI01,monophyletic,internal_31,10,,,,0,0,
JAFDWR01,monophyletic,internal_33,3,,,,0,0,
JAFDXJ01,monophyletic,internal_58,7,,,,0,0,
JAFDYH01,monophyletic,internal_53,4,,,,0,0,
JAFDZO01,monophyletic,internal_30,6,,,,0,0,
JAFDZV01,monophyletic,internal_31,8,,,,0,0,
JAFDZW01,monophyletic,internal_27,6,,,,0,0,
JAFEAY01,monophyletic,internal_20,2,,,,0,0,
JAFEAZ01,monophyletic,internal_21,2,,,,0,0,
JAFEBO01,monophyletic,internal_40,12,,,,0,0,
JAFECT01,monophyletic,internal_38,5,,,,0,0,
JAFEDN01,monophyletic,internal_46,9,,,,0,0,
JAFEFJ01,monophyletic,internal_40,2,,,,0,0,
JAFEGE01,monophyletic,internal_23,2,,,,0,0,
JAFGAL01,monophyletic,internal_27,3,,,,0,0,
JAFGAQ01,monophyletic,internal_24,3,,,,0,0,
JAFGAS01,monophyletic,internal_18,4,,,,0,0,
JAFGAV01,monophyletic,internal_23,5,,,,0,0,
JAFGAX01,monophyletic,internal_24,4,,,,0,0,
JAFGBA01,monophyletic,internal_27,2,,,,0,0,
JAFGBB01,monophyletic,internal_49,2,,,,0,0,
JAFGBC01,monophyletic,internal_24,3,,,,0,0,
JAFGBH01,monophyletic,internal_30,2,,,,0,0,
JAFGBI01,monophyletic,internal_39,6,,,,0,0,
JAFGBM01,monophyletic,internal_42,11,,,,0,0,
JAFGBN01,monophyletic,internal_44,4,,,,0,0,
JAFGCD01,monophyletic,internal_40,5,,,,0,0,
JAFGCL01,monophyletic,internal_35,8,,,,0,0,
JAFGCR01,monophyletic,internal_27,3,,,,0,0,
JAFGCT01,monophyletic,internal_28,2,,,,0,0,
JAFGCY01,monophyletic,internal_19,2,,,,0,0,
JAFGDI01,monophyletic,internal_28,4,,,,0,0,
JAFGDJ01,monophyletic,internal_21,2,,,,0,0,
JAFGDM01,monophyletic,internal_32,3,,,,0,0,
JAFGED01,monophyletic,internal_39,4,,,,0,0,
JAFGEJ01,monophyletic,internal_36,2,,,,0,0,
JAFGFR01,monophyletic,internal_23,2,,,,0,0,
JAFGFX01,monophyletic,internal_29,2,,,,0,0,
JAFGFY01,monophyletic,internal_27,3,,,,0,0,
JAFGGE01,monophyletic,internal_32,2,,,,0,0,
JAFGGG01,monophyletic,internal_19,4,,,,0,0,
JAFGGI01,monophyletic,internal_31,2,,,,0,0,
JAFGHD01,monophyletic,internal_58,2,,,,0,0,
JAFGHG01,monophyletic,internal_31,3,,,,0,0,
JAFGHJ01,monophyletic,internal_21,15,,,,0,0,
JAFGHN01,monophyletic,internal_22,2,,,,0,0,
JAFGHS01,monophyletic,internal_31,2,,,,0,0,
JAFGIC01,monophyletic,internal_30,2,,,,0,0,
JAFGIG01,monophyletic,internal_16,4,,,,0,0,
JAFGIN01,monophyletic,internal_28,2,,,,0,0,
JAFGJK01,monophyletic,internal_9,2,,,,0,0,
JAFGJQ01,monophyletic,internal_30,6,,,,0,0,
JAFGJU01,monophyletic,internal_20,2,,,,0,0,
JAFGJZ01,monophyletic,internal_6,2,,,,0,0,
JAFGKK01,monophyletic,internal_41,8,,,,0,0,
JAFGKL01,monophyletic,internal_33,2,,,,0,0,
JAFGKM01,monophyletic,internal_23,9,,,,0,0,
JAFGKV01,monophyletic,internal_14,2,,,,0,0,
JAFGKZ01,monophyletic,internal_26,2,,,,0,0,
JAFGLP01,monophyletic,internal_46,3,,,,0,0,
JAFGLR01,monophyletic,internal_38,2,,,,0,0,
JAFGLV01,monophyletic,internal_40,3,,,,0,0,
JAFGLY01,monophyletic,internal_23,2,,,,0,0,
JAFGLZ01,monophyletic,internal_28,5,,,,0,0,
JAFGMC01,monophyletic,internal_31,5,,,,0,0,
JAFGMM01,monophyletic,internal_38,2,,,,0,0,
JAFGMP01,monophyletic,internal_21,2,,,,0,0,
JAFGMQ01,monophyletic,internal_31,2,,,,0,0,
JAFGMS01,monophyletic,internal_41,2,,,,0,0,
JAFGMW01,monophyletic,internal_25,2,,,,0,0,
JAFGNB01,monophyletic,internal_28,5,,,,0,0,
JAFGNH01,monophyletic,internal_44,2,,,,0,0,
JAFGNJ01,monophyletic,internal_27,2,,,,0,0,
JAFGNN01,monophyletic,internal_19,3,,,,0,0,
JAFGNV01,monophyletic,internal_34,3,,,,0,0,
JAFGNW01,monophyletic,internal_28,4,,,,0,0,
JAFGOG01,monophyletic,internal_28,2,,,,0,0,
JAFGOY01,monophyletic,internal_40,2,,,,0,0,
JAFGPF01,monophyletic,internal_47,11,,,,0,0,
JAFGPJ01,monophyletic,internal_40,9,,,,0,0,
JAFGPL01,monophyletic,internal_62,4,,,,0,0,
JAFGPR01,monophyletic,internal_34,2,,,,0,0,
JAFGPS01,monophyletic,internal_38,14,,,,0,0,
JAFGPZ01,monophyletic,internal_30,2,,,,0,0,
JAFGQA01,monophyletic,internal_30,2,,,,0,0,
JAFGQE01,monophyletic,internal_32,8,,,,0,0,
JAFGQJ01,monophyletic,internal_25,10,,,,0,0,
JAFGQR01,monophyletic,internal_28,2,,,,0,0,
JAFGQU01,monophyletic,internal_30,2,,,,0,0,
JAFGRA01,monophyletic,internal_50,2,,,,0,0,
JAFGRR01,monophyletic,internal_30,4,,,,0,0,
JAFGRU01,monophyletic,internal_21,2,,,,0,0,
JAFGRV01,monophyletic,internal_23,2,,,,0,0,
JAFGRW01,monophyletic,internal_9,3,,,,0,0,
JAFGSG01,monophyletic,internal_9,3,,,,0,0,
JAFGSI01,monophyletic,internal_52,4,,,,0,0,
JAFGSR01,monophyletic,internal_29,2,,,,0,0,
JAFGSW01,monophyletic,internal_20,3,,,,0,0,
JAFGSZ01,monophyletic,internal_60,2,,,,0,0,
JAFGTE01,monophyletic,internal_29,5,,,,0,0,
JAFGTF01,monophyletic,internal_13,2,,,,0,0,
JAFGTG01,monophyletic,internal_41,4,,,,0,0,
JAFGTN01,monophyletic,internal_31,2,,,,0,0,
JAFGTO01,monophyletic,internal_17,2,,,,0,0,
JAFGTP01,monophyletic,internal_27,4,,,,0,0,
JAFGTX01,monophyletic,internal_31,2,,,,0,0,
JAFGUB01,monophyletic,internal_24,5,,,,0,0,
JAFGUD01,monophyletic,internal_58,3,,,,0,0,
JAFGUF01,monophyletic,internal_31,3,,,,0,0,
JAFGUQ01,monophyletic,internal_32,4,,,,0,0,
JAFGUR01,monophyletic,internal_17,2,,,,0,0,
JAFGVL01,monophyletic,internal_66,8,,,,0,0,
JAFGWO01,monophyletic,internal_18,2,,,,0,0,
JAFGXF01,monophyletic,internal_54,3,,,,0,0,
JAFGXH01,monophyletic,internal_13,2,,,,0,0,
JAFGXI01,monophyletic,internal_55,3,,,,0,0,
JAFGXL01,monophyletic,internal_30,3,,,,0,0,
JAFGXQ01,monophyletic,internal_31,4,,,,0,0,
JAFGXT01,monophyletic,internal_28,2,,,,0,0,
JAFGXW01,monophyletic,internal_21,13,,,,0,0,
JAFIEN01,monophyletic,internal_67,2,,,,0,0,
JAFIEV01,monophyletic,internal_41,2,,,,0,0,
JAFIFT01,monophyletic,internal_42,2,,,,0,0,
JAFIGG01,monophyletic,internal_29,2,,,,0,0,
JAFIGV01,monophyletic,internal_46,15,,,,0,0,
JAFIHG01,monophyletic,internal_37,3,,,,0,0,
JAFIHK01,monophyletic,internal_62,3,,,,0,0,
JAFIHQ01,monophyletic,internal_23,3,,,,0,0,
JAFKFH01,monophyletic,internal_38,2,,,,0,0,
JAFKFI01,monophyletic,internal_40,4,,,,0,0,
JAFKFJ01,monophyletic,internal_41,7,,,,0,0,
JAFKKF01,monophyletic,internal_42,3,,,,0,0,
JAFKKS01,monophyletic,internal_53,3,,,,0,0,
JAFLBB01,monophyletic,internal_30,7,,,,0,0,
JAFLBD01,monophyletic,internal_30,8,,,,0,0,
JAFLBE01,monophyletic,internal_27,3,,,,0,0,
JAFLBI01,monophyletic,internal_50,5,,,,0,0,
JAFLCA01,monophyletic,internal_31,2,,,,0,0,
JAFLCL01,monophyletic,internal_34,7,,,,0,0,
JAFLCM01,monophyletic,internal_30,5,,,,0,0,
JAFLCP01,monophyletic,internal_36,5,,,,0,0,
JAFLDD01,monophyletic,internal_31,4,,,,0,0,
JAFLJP01,monophyletic,internal_36,4,,,,0,0,
JAFLTL01,monophyletic,internal_80,7,,,,0,0,
JAFLUQ01,monophyletic,internal_35,11,,,,0,0,
JAFLUR01,monophyletic,internal_38,2,,,,0,0,
JAFMDF01,monophyletic,internal_46,16,,,,0,0,
JAFMIT01,monophyletic,internal_37,13,,,,0,0,
JAFMIX01,monophyletic,internal_32,5,,,,0,0,
JAFMJV01,monophyletic,internal_25,49,,,,0,0,
JAFMKE01,monophyletic,internal_40,7,,,,0,0,
JAFMMO01,monophyletic,internal_26,2,,,,0,0,
JAFMPQ01,monophyletic,internal_72,2,,,,0,0,
JAFMPW01,monophyletic,internal_59,4,,,,0,0,
JAFNAG01,monophyletic,internal_22,9,,,,0,0,
JAFNGF01,monophyletic,internal_39,4,,,,0,0,
JAFRPC01,monophyletic,internal_47,28,,,,0,0,
JAFRXK01,monophyletic,internal_44,2,,,,0,0,
JAFSEX01,monophyletic,internal_18,3,,,,0,0,
JAFSXO01,monophyletic,internal_21,2,,,,0,0,
JAFTYO01,monophyletic,internal_27,7,,,,0,0,
JAFTYR01,monophyletic,internal_30,3,,,,0,0,
JAFUXM01,monophyletic,internal_29,48,,,,0,0,
JAFUYI01,monophyletic,internal_22,29,,,,0,0,
JAFUYV01,monophyletic,internal_29,4,,,,0,0,
JAFZMK01,monophyletic,internal_39,2,,,,0,0,
JAGAJR01,monophyletic,internal_24,3,,,,0,0,
JAGBWK01,monophyletic,internal_79,14,,,,0,0,
JAGCJX01,monophyletic,internal_63,4,,,,0,0,
JAGDMJ01,monophyletic,internal_39,2,,,,0,0,
JAGDMK01,monophyletic,internal_43,6,,,,0,0,
JAGDMS01,monophyletic,internal_31,5,,,,0,0,
JAGDVO01,monophyletic,internal_18,2,,,,0,0,
JAGDVT01,monophyletic,internal_41,2,,,,0,0,
JAGFIY01,monophyletic,internal_37,2,,,,0,0,
JAGGAG01,monophyletic,internal_25,12,,,,0,0,
JAGGAJ01,monophyletic,internal_20,2,,,,0,0,
JAGGSE01,monophyletic,internal_41,2,,,,0,0,
JAGGSF01,monophyletic,internal_18,3,,,,0,0,
JAGGSN01,monophyletic,internal_22,2,,,,0,0,
JAGGTI01,monophyletic,internal_33,3,,,,0,0,
JAGGTJ01,monophyletic,internal_26,2,,,,0,0,
JAGGTK01,monophyletic,internal_20,3,,,,0,0,
JAGGTU01,monophyletic,internal_35,5,,,,0,0,
JAGGUH01,monophyletic,internal_37,2,,,,0,0,
JAGGVC01,monophyletic,internal_17,2,,,,0,0,
JAGGVQ01,monophyletic,internal_41,2,,,,0,0,
JAGGVT01,monophyletic,internal_14,2,,,,0,0,
JAGGVW01,monophyletic,internal_23,2,,,,0,0,
JAGGXC01,monophyletic,internal_39,3,,,,0,0,
JAGGXI01,monophyletic,internal_16,2,,,,0,0,
JAGGXZ01,monophyletic,internal_13,2,,,,0,0,
JAGGYK01,monophyletic,internal_19,3,,,,0,0,
JAGGZE01,monophyletic,internal_26,2,,,,0,0,
JAGHAC01,monophyletic,internal_35,3,,,,0,0,
JAGHAI01,monophyletic,internal_23,2,,,,0,0,
JAGHAJ01,monophyletic,internal_13,2,,,,0,0,
JAGHBG01,monophyletic,internal_22,2,,,,0,0,
JAGHBT01,monophyletic,internal_20,5,,,,0,0,
JAGHCC01,monophyletic,internal_26,3,,,,0,0,
JAGHCL01,monophyletic,internal_21,2,,,,0,0,
JAGHDB01,monophyletic,internal_55,2,,,,0,0,
JAGHEK01,monophyletic,internal_31,3,,,,0,0,
JAGHKQ01,monophyletic,internal_34,2,,,,0,0,
JAGIBJ01,monophyletic,internal_35,10,,,,0,0,
JAGIBK01,monophyletic,internal_17,2,,,,0,0,
JAGKXB01,monophyletic,internal_35,3,,,,0,0,
JAGKXC01,monophyletic,internal_39,5,,,,0,0,
JAGLBW01,monophyletic,internal_34,11,,,,0,0,
JAGLCH01,monophyletic,internal_30,2,,,,0,0,
JAGLCW01,monophyletic,internal_20,8,,,,0,0,
JAGLCY01,monophyletic,internal_29,8,,,,0,0,
JAGLHV01,monophyletic,internal_17,4,,,,0,0,
JAGLIN01,monophyletic,internal_29,3,,,,0,0,
JAGLLA01,monophyletic,internal_33,4,,,,0,0,
JAGLLT01,monophyletic,internal_19,2,,,,0,0,
JAGLNE01,monophyletic,internal_44,3,,,,0,0,
JAGLOK01,monophyletic,internal_31,4,,,,0,0,
JAGLON01,monophyletic,internal_27,2,,,,0,0,
JAGLOS01,monophyletic,internal_48,3,,,,0,0,
JAGLPS01,monophyletic,internal_54,2,,,,0,0,
JAGLPU01,monophyletic,internal_33,2,,,,0,0,
JAGLQA01,monophyletic,internal_24,2,,,,0,0,
JAGLQQ01,monophyletic,internal_31,5,,,,0,0,
JAGLRQ01,monophyletic,internal_16,2,,,,0,0,
JAGLSB01,monophyletic,internal_61,3,,,,0,0,
JAGLSE01,monophyletic,internal_32,2,,,,0,0,
JAGLSF01,monophyletic,internal_16,3,,,,0,0,
JAGLSG01,monophyletic,internal_37,2,,,,0,0,
JAGLTA01,monophyletic,internal_32,3,,,,0,0,
JAGLTN01,monophyletic,internal_27,3,,,,0,0,
JAGLTQ01,monophyletic,internal_38,11,,,,0,0,
JAGLTZ01,monophyletic,internal_17,3,,,,0,0,
JAGLWB01,monophyletic,internal_56,2,,,,0,0,
JAGLWT01,monophyletic,internal_6,3,,,,0,0,
JAGLWU01,monophyletic,internal_35,2,,,,0,0,
JAGLWV01,monophyletic,internal_27,2,,,,0,0,
JAGLYP01,monophyletic,internal_44,4,,,,0,0,
JAGLYS01,monophyletic,internal_20,2,,,,0,0,
JAGLYV01,monophyletic,internal_28,2,,,,0,0,
JAGLYZ01,monophyletic,internal_35,4,,,,0,0,
JAGMAB01,monophyletic,internal_43,2,,,,0,0,
JAGMAN01,monophyletic,internal_17,3,,,,0,0,
JAGMCF01,monophyletic,internal_18,5,,,,0,0,
JAGMCL01,monophyletic,internal_20,3,,,,0,0,
JAGMCN01,monophyletic,internal_23,3,,,,0,0,
JAGMDB01,monophyletic,internal_45,4,,,,0,0,
JAGMXM01,monophyletic,internal_28,2,,,,0,0,
JAGMZX01,monophyletic,internal_17,2,,,,0,0,
JAGNDO01,monophyletic,internal_33,3,,,,0,0,
JAGNEJ01,monophyletic,internal_24,4,,,,0,0,
JAGNEX01,monophyletic,internal_19,2,,,,0,0,
JAGNEZ01,monophyletic,internal_35,2,,,,0,0,
JAGNGI01,monophyletic,internal_28,5,,,,0,0,
JAGNHB01,monophyletic,internal_17,2,,,,0,0,
JAGNHN01,monophyletic,internal_55,3,,,,0,0,
JAGNHS01,monophyletic,internal_28,2,,,,0,0,
JAGNIJ01,monophyletic,internal_25,3,,,,0,0,
JAGNKE01,monophyletic,internal_41,7,,,,0,0,
JAGNLA01,monophyletic,internal_19,3,,,,0,0,
JAGNLM01,monophyletic,internal_30,3,,,,0,0,
JAGNLV01,monophyletic,internal_31,4,,,,0,0,
JAGNNV01,monophyletic,internal_16,18,,,,0,0,
JAGNPU01,monophyletic,internal_40,3,,,,0,0,
JAGNRR01,monophyletic,internal_42,8,,,,0,0,
JAGNTT01,monophyletic,internal_31,3,,,,0,0,
JAGNXB01,monophyletic,internal_49,10,,,,0,0,
JAGNZB01,monophyletic,internal_19,4,,,,0,0,
JAGNZR01,monophyletic,internal_21,11,,,,0,0,
JAGOAJ01,monophyletic,internal_34,2,,,,0,0,
JAGOAT01,monophyletic,internal_21,2,,,,0,0,
JAGOBP01,monophyletic,internal_37,4,,,,0,0,
JAGOBX01,monophyletic,internal_8,2,,,,0,0,
JAGOCT01,monophyletic,internal_21,4,,,,0,0,
JAGOCV01,monophyletic,internal_42,2,,,,0,0,
JAGODF01,monophyletic,internal_13,2,,,,0,0,
JAGOEF01,monophyletic,internal_53,3,,,,0,0,
JAGOEX01,monophyletic,internal_21,2,,,,0,0,
JAGOEY01,monophyletic,internal_45,2,,,,0,0,
JAGOEZ01,monophyletic,internal_35,2,,,,0,0,
JAGOFO01,monophyletic,internal_32,5,,,,0,0,
JAGOFZ01,monophyletic,internal_56,2,,,,0,0,
JAGOHT01,monophyletic,internal_34,4,,,,0,0,
JAGOJE01,monophyletic,internal_30,3,,,,0,0,
JAGOJP01,monophyletic,internal_37,4,,,,0,0,
JAGOKF01,monophyletic,internal_34,2,,,,0,0,
JAGOLU01,monophyletic,internal_35,11,,,,0,0,
JAGOME01,monophyletic,internal_48,2,,,,0,0,
JAGOMW01,monophyletic,internal_29,12,,,,0,0,
JAGOMX01,monophyletic,internal_27,3,,,,0,0,
JAGONC01,monophyletic,internal_57,4,,,,0,0,
JAGOOP01,monophyletic,internal_43,3,,,,0,0,
JAGOOR01,monophyletic,internal_21,19,,,,0,0,
JAGOPB01,monophyletic,internal_52,2,,,,0,0,
JAGOPC01,monophyletic,internal_28,3,,,,0,0,
JAGOPM01,monophyletic,internal_34,2,,,,0,0,
JAGOPO01,monophyletic,internal_40,12,,,,0,0,
JAGOPY01,monophyletic,internal_59,10,,,,0,0,
JAGOQQ01,monophyletic,internal_55,3,,,,0,0,
JAGOQX01,monophyletic,internal_43,2,,,,0,0,
JAGORB01,monophyletic,internal_48,3,,,,0,0,
JAGORL01,monophyletic,internal_39,19,,,,0,0,
JAGORM01,monophyletic,internal_31,9,,,,0,0,
JAGORY01,monophyletic,internal_33,7,,,,0,0,
JAGOSA01,monophyletic,internal_55,8,,,,0,0,
JAGOSC01,monophyletic,internal_37,5,,,,0,0,
JAGOSP01,monophyletic,internal_33,10,,,,0,0,
JAGOTD01,monophyletic,internal_26,2,,,,0,0,
JAGOTH01,monophyletic,internal_51,3,,,,0,0,
JAGOTN01,monophyletic,internal_52,5,,,,0,0,
JAGOTP01,monophyletic,internal_41,10,,,,0,0,
JAGOTT01,monophyletic,internal_33,5,,,,0,0,
JAGOUA01,monophyletic,internal_41,9,,,,0,0,
JAGOUB01,monophyletic,internal_30,5,,,,0,0,
JAGOUG01,monophyletic,internal_32,2,,,,0,0,
JAGOUK01,monophyletic,internal_21,4,,,,0,0,
JAGOUN01,monophyletic,internal_38,5,,,,0,0,
JAGOUU01,monophyletic,internal_37,3,,,,0,0,
JAGOUY01,monophyletic,internal_41,8,,,,0,0,
JAGOVB01,monophyletic,internal_61,3,,,,0,0,
JAGOVW01,monophyletic,internal_58,2,,,,0,0,
JAGOWQ01,monophyletic,internal_19,2,,,,0,0,
JAGOZV01,monophyletic,internal_39,3,,,,0,0,
JAGPCH01,monophyletic,internal_32,15,,,,0,0,
JAGPCK01,monophyletic,internal_48,6,,,,0,0,
JAGPDB01,monophyletic,internal_27,7,,,,0,0,
JAGPDF01,monophyletic,internal_24,17,,,,0,0,
JAGPFE01,monophyletic,internal_20,2,,,,0,0,
JAGPFW01,monophyletic,internal_31,3,,,,0,0,
JAGPHI01,monophyletic,internal_51,3,,,,0,0,
JAGPHP01,monophyletic,internal_61,2,,,,0,0,
JAGPIS01,monophyletic,internal_62,4,,,,0,0,
JAGPKI01,monophyletic,internal_18,2,,,,0,0,
JAGPKW01,monophyletic,internal_30,2,,,,0,0,
JAGPLX01,monophyletic,internal_27,2,,,,0,0,
JAGPNC01,monophyletic,internal_28,2,,,,0,0,
JAGPUQ01,monophyletic,internal_47,15,,,,0,0,
JAGQGZ01,monophyletic,internal_31,3,,,,0,0,
JAGQHB01,monophyletic,internal_44,3,,,,0,0,
JAGQIB01,monophyletic,internal_20,2,,,,0,0,
JAGQIF01,monophyletic,internal_28,3,,,,0,0,
JAGQKC01,monophyletic,internal_28,7,,,,0,0,
JAGQLF01,monophyletic,internal_26,4,,,,0,0,
JAGQLQ01,monophyletic,internal_33,2,,,,0,0,
JAGQMS01,monophyletic,internal_32,2,,,,0,0,
JAGQMT01,monophyletic,internal_36,3,,,,0,0,
JAGQMX01,monophyletic,internal_34,2,,,,0,0,
JAGQMY01,monophyletic,internal_34,5,,,,0,0,
JAGQNK01,monophyletic,internal_39,4,,,,0,0,
JAGQNO01,monophyletic,internal_43,4,,,,0,0,
JAGQNP01,monophyletic,internal_36,4,,,,0,0,
JAGQNT01,monophyletic,internal_43,2,,,,0,0,
JAGQOH01,monophyletic,internal_32,2,,,,0,0,
JAGQOZ01,monophyletic,internal_36,2,,,,0,0,
JAGQRA01,monophyletic,internal_41,3,,,,0,0,
JAGQRJ01,monophyletic,internal_28,2,,,,0,0,
JAGQSC01,monophyletic,internal_13,2,,,,0,0,
JAGQSE01,monophyletic,internal_23,2,,,,0,0,
JAGQSZ01,monophyletic,internal_38,4,,,,0,0,
JAGQTE01,monophyletic,internal_34,2,,,,0,0,
JAGQUL01,monophyletic,internal_22,6,,,,0,0,
JAGQUM01,monophyletic,internal_25,2,,,,0,0,
JAGQVA01,monophyletic,internal_36,4,,,,0,0,
JAGQWL01,monophyletic,internal_39,2,,,,0,0,
JAGQWW01,monophyletic,internal_51,7,,,,0,0,
JAGQXC01,monophyletic,internal_56,3,,,,0,0,
JAGQYH01,monophyletic,internal_40,2,,,,0,0,
JAGQYP01,monophyletic,internal_43,3,,,,0,0,
JAGQZY01,monophyletic,internal_27,13,,,,0,0,
JAGRAL01,monophyletic,internal_26,2,,,,0,0,
JAGRAN01,monophyletic,internal_28,2,,,,0,0,
JAGRAX01,monophyletic,internal_23,2,,,,0,0,
JAGRBY01,monophyletic,internal_35,4,,,,0,0,
JAGRCP01,monophyletic,internal_37,5,,,,0,0,
JAGREO01,monophyletic,internal_40,3,,,,0,0,
JAGRGG01,monophyletic,internal_39,2,,,,0,0,
JAGRKE01,monophyletic,internal_42,2,,,,0,0,
JAGRMG01,monophyletic,internal_69,2,,,,0,0,
JAGRMV01,monophyletic,internal_25,2,,,,0,0,
JAGRNP01,monophyletic,internal_28,6,,,,0,0,
JAGROY01,monophyletic,internal_26,3,,,,0,0,
JAGRPD01,monophyletic,internal_28,7,,,,0,0,
JAGSHC01,monophyletic,internal_23,3,,,,0,0,
JAGSOU01,monophyletic,internal_55,2,,,,0,0,
JAGSPQ01,monophyletic,internal_30,5,,,,0,0,
JAGTJU01,monophyletic,internal_29,3,,,,0,0,
JAGTRP01,monophyletic,internal_38,4,,,,0,0,
JAGTTR01,monophyletic,internal_42,4,,,,0,0,
JAGTVB01,monophyletic,internal_31,3,,,,0,0,
JAGTVG01,monophyletic,internal_42,10,,,,0,0,
JAGUWE01,monophyletic,internal_30,2,,,,0,0,
JAGUXE01,monophyletic,internal_32,2,,,,0,0,
JAGUXG01,monophyletic,internal_15,3,,,,0,0,
JAGUXU01,monophyletic,internal_24,2,,,,0,0,
JAGUYA01,monophyletic,internal_37,3,,,,0,0,
JAGUYG01,monophyletic,internal_33,2,,,,0,0,
JAGUYX01,monophyletic,internal_46,2,,,,0,0,
JAGVAW01,monophyletic,internal_33,2,,,,0,0,
JAGVDM01,monophyletic,internal_32,2,,,,0,0,
JAGVEP01,monophyletic,internal_33,2,,,,0,0,
JAGVFE01,monophyletic,internal_31,2,,,,0,0,
JAGVGK01,monophyletic,internal_50,6,,,,0,0,
JAGVGT01,monophyletic,internal_26,2,,,,0,0,
JAGVHQ01,monophyletic,internal_23,2,,,,0,0,
JAGVIE01,monophyletic,internal_37,2,,,,0,0,
JAGVJT01,monophyletic,internal_51,7,,,,0,0,
JAGVKB01,monophyletic,internal_22,2,,,,0,0,
JAGVKI01,monophyletic,internal_33,2,,,,0,0,
JAGVKY01,monophyletic,internal_24,3,,,,0,0,
JAGVLG01,monophyletic,internal_39,5,,,,0,0,
JAGVLI01,monophyletic,internal_26,2,,,,0,0,
JAGVLN01,monophyletic,internal_25,4,,,,0,0,
JAGVLQ01,monophyletic,internal_22,2,,,,0,0,
JAGVMG01,monophyletic,internal_26,3,,,,0,0,
JAGVPT01,monophyletic,internal_35,13,,,,0,0,
JAGVSR01,monophyletic,internal_45,21,,,,0,0,
JAGVSV01,monophyletic,internal_39,3,,,,0,0,
JAGVSZ01,monophyletic,internal_36,6,,,,0,0,
JAGVTM01,monophyletic,internal_38,5,,,,0,0,
JAGVUD01,monophyletic,internal_21,2,,,,0,0,
JAGVUW01,monophyletic,internal_26,2,,,,0,0,
JAGVVH01,monophyletic,internal_57,7,,,,0,0,
JAGWAJ01,monophyletic,internal_30,5,,,,0,0,
JAGWAQ01,monophyletic,internal_30,6,,,,0,0,
JAGWAZ01,monophyletic,internal_27,4,,,,0,0,
JAGWBD01,monophyletic,internal_46,12,,,,0,0,
JAGWBE01,monophyletic,internal_41,3,,,,0,0,
JAGWBF01,monophyletic,internal_41,6,,,,0,0,
JAGWBG01,monophyletic,internal_43,3,,,,0,0,
JAGWBJ01,monophyletic,internal_43,4,,,,0,0,
JAGWBS01,monophyletic,internal_28,2,,,,0,0,
JAGWJU01,monophyletic,internal_35,4,,,,0,0,
JAGWKO01,monophyletic,internal_26,2,,,,0,0,
JAGWNR01,monophyletic,internal_61,3,,,,0,0,
JAGWQR01,monophyletic,internal_55,2,,,,0,0,
JAGWRA01,monophyletic,internal_21,4,,,,0,0,
JAGWRI01,monophyletic,internal_27,17,,,,0,0,
JAGWUP01,monophyletic,internal_39,2,,,,0,0,
JAGXFP01,monophyletic,internal_25,8,,,,0,0,
JAGXFR01,monophyletic,internal_35,4,,,,0,0,
JAGXGJ01,monophyletic,internal_51,4,,,,0,0,
JAGXIT01,monophyletic,internal_41,28,,,,0,0,
JAGXKT01,monophyletic,internal_30,3,,,,0,0,
JAGXLC01,monophyletic,internal_53,16,,,,0,0,
JAGXLP01,monophyletic,internal_16,15,,,,0,0,
JAGXOF01,monophyletic,internal_32,2,,,,0,0,
JAGXOG01,monophyletic,internal_22,2,,,,0,0,
JAGXOH01,monophyletic,internal_37,2,,,,0,0,
JAGXQV01,monophyletic,internal_41,6,,,,0,0,
JAGXRH01,monophyletic,internal_34,2,,,,0,0,
JAGXRK01,monophyletic,internal_37,8,,,,0,0,
JAGXRL01,monophyletic,internal_24,2,,,,0,0,
JAGXRT01,monophyletic,internal_44,5,,,,0,0,
JAGXSE01,monophyletic,internal_28,2,,,,0,0,
JAGXTF01,monophyletic,internal_38,5,,,,0,0,
JAGXTH01,monophyletic,internal_23,3,,,,0,0,
JAGYII01,monophyletic,internal_22,6,,,,0,0,
JAGYKE01,monophyletic,internal_64,3,,,,0,0,
JAGYLJ01,monophyletic,internal_50,4,,,,0,0,
JAGZEG01,monophyletic,internal_26,2,,,,0,0,
JAGZHZ01,monophyletic,internal_43,6,,,,0,0,
JAHBK01,monophyletic,internal_40,3,,,,0,0,
JAHBTB01,monophyletic,internal_32,3,,,,0,0,
JAHBTC01,monophyletic,internal_31,6,,,,0,0,
JAHBUS01,monophyletic,internal_32,2,,,,0,0,
JAHBUV01,monophyletic,internal_36,2,,,,0,0,
JAHBUY01,monophyletic,internal_30,2,,,,0,0,
JAHBVH01,monophyletic,internal_38,5,,,,0,0,
JAHBVK01,monophyletic,internal_42,2,,,,0,0,
JAHBVL01,monophyletic,internal_32,5,,,,0,0,
JAHBVY01,monophyletic,internal_35,8,,,,0,0,
JAHBWI01,monophyletic,internal_34,2,,,,0,0,
JAHBWV01,monophyletic,internal_33,5,,,,0,0,
JAHBXC01,monophyletic,internal_27,4,,,,0,0,
JAHBXE01,monophyletic,internal_40,3,,,,0,0,
JAHBXL01,monophyletic,internal_40,7,,,,0,0,
JAHBXU01,monophyletic,internal_28,6,,,,0,0,
JAHBZM01,monophyletic,internal_44,2,,,,0,0,
JAHCAW01,monophyletic,internal_16,2,,,,0,0,
JAHCHG01,monophyletic,internal_29,7,,,,0,0,
JAHCHL01,monophyletic,internal_27,3,,,,0,0,
JAHCIE01,monophyletic,internal_26,6,,,,0,0,
JAHCJI01,monophyletic,internal_31,12,,,,0,0,
JAHCJQ01,monophyletic,internal_36,2,,,,0,0,
JAHCRD01,monophyletic,internal_40,3,,,,0,0,
JAHCRF01,monophyletic,internal_39,2,,,,0,0,
JAHDBF01,monophyletic,internal_57,6,,,,0,0,
JAHDBG01,monophyletic,internal_42,4,,,,0,0,
JAHDBH01,monophyletic,internal_51,2,,,,0,0,
JAHDBJ01,monophyletic,internal_43,2,,,,0,0,
JAHDBV01,monophyletic,internal_37,2,,,,0,0,
JAHDBX01,monophyletic,internal_28,2,,,,0,0,
JAHDCC01,monophyletic,internal_38,2,,,,0,0,
JAHDCE01,monophyletic,internal_43,10,,,,0,0,
JAHDCG01,monophyletic,internal_50,3,,,,0,0,
JAHDCJ01,monophyletic,internal_42,2,,,,0,0,
JAHDCT01,monophyletic,internal_29,5,,,,0,0,
JAHDCW01,monophyletic,internal_35,4,,,,0,0,
JAHDCZ01,monophyletic,internal_57,3,,,,0,0,
JAHDDA01,monophyletic,internal_41,2,,,,0,0,
JAHDDH01,monophyletic,internal_35,2,,,,0,0,
JAHDDI01,monophyletic,internal_49,2,,,,0,0,
JAHDDO01,monophyletic,internal_58,4,,,,0,0,
JAHDDV01,monophyletic,internal_39,2,,,,0,0,
JAHDDW01,monophyletic,internal_38,4,,,,0,0,
JAHDDY01,monophyletic,internal_30,16,,,,0,0,
JAHDEI01,monophyletic,internal_49,3,,,,0,0,
JAHDEO01,monophyletic,internal_41,6,,,,0,0,
JAHDES01,monophyletic,internal_47,3,,,,0,0,
JAHDFB01,monophyletic,internal_54,8,,,,0,0,
JAHDFW01,monophyletic,internal_36,2,,,,0,0,
JAHDGB01,monophyletic,internal_68,3,,,,0,0,
JAHDGP01,monophyletic,internal_43,3,,,,0,0,
JAHDGW01,monophyletic,internal_57,3,,,,0,0,
JAHDHB01,monophyletic,internal_42,3,,,,0,0,
JAHDHG01,monophyletic,internal_31,4,,,,0,0,
JAHDHH01,monophyletic,internal_58,4,,,,0,0,
JAHDHI01,monophyletic,internal_68,3,,,,0,0,
JAHDHP01,monophyletic,internal_44,2,,,,0,0,
JAHDHU01,monophyletic,internal_57,5,,,,0,0,
JAHDHW01,monophyletic,internal_48,11,,,,0,0,
JAHDHZ01,monophyletic,internal_43,2,,,,0,0,
JAHDIM01,monophyletic,internal_37,3,,,,0,0,
JAHDIR01,monophyletic,internal_28,4,,,,0,0,
JAHDNZ01,monophyletic,internal_21,2,,,,0,0,
JAHDQI01,monophyletic,internal_33,7,,,,0,0,
JAHDSF01,monophyletic,internal_36,2,,,,0,0,
JAHDVS01,monophyletic,internal_28,2,,,,0,0,
JAHDWY01,monophyletic,internal_23,6,,,,0,0,
JAHDXH01,monophyletic,internal_37,2,,,,0,0,
JAHDXW01,monophyletic,internal_55,3,,,,0,0,
JAHDYP01,monophyletic,internal_26,2,,,,0,0,
JAHEAO01,monophyletic,internal_56,7,,,,0,0,
JAHEBB01,monophyletic,internal_20,4,,,,0,0,
JAHECE01,monophyletic,internal_43,4,,,,0,0,
JAHECH01,monophyletic,internal_31,2,,,,0,0,
JAHECK01,monophyletic,internal_41,2,,,,0,0,
JAHECP01,monophyletic,internal_21,2,,,,0,0,
JAHECQ01,monophyletic,internal_42,6,,,,0,0,
JAHECW01,monophyletic,internal_26,12,,,,0,0,
JAHEDB01,monophyletic,internal_39,3,,,,0,0,
JAHEDH01,monophyletic,internal_32,6,,,,0,0,
JAHEDJ01,monophyletic,internal_24,7,,,,0,0,
JAHEDQ01,monophyletic,internal_27,2,,,,0,0,
JAHEDT01,monophyletic,internal_31,3,,,,0,0,
JAHEEI01,monophyletic,internal_27,2,,,,0,0,
JAHEEL01,monophyletic,internal_29,21,,,,0,0,
JAHEEM01,monophyletic,internal_39,5,,,,0,0,
JAHEEO01,monophyletic,internal_39,2,,,,0,0,
JAHEEY01,monophyletic,internal_43,2,,,,0,0,
JAHEFE01,monophyletic,internal_35,2,,,,0,0,
JAHEFR01,monophyletic,internal_33,4,,,,0,0,
JAHEFT01,monophyletic,internal_34,9,,,,0,0,
JAHEFU01,monophyletic,internal_18,5,,,,0,0,
JAHEFX01,monophyletic,internal_27,3,,,,0,0,
JAHEGN01,monophyletic,internal_31,4,,,,0,0,
JAHEGP01,monophyletic,internal_40,7,,,,0,0,
JAHEHQ01,monophyletic,internal_38,3,,,,0,0,
JAHEIH01,monophyletic,internal_39,5,,,,0,0,
JAHEIJ01,monophyletic,internal_41,3,,,,0,0,
JAHEIK01,monophyletic,internal_30,6,,,,0,0,
JAHEIW01,monophyletic,internal_35,22,,,,0,0,
JAHEJA01,monophyletic,internal_64,3,,,,0,0,
JAHEJB01,monophyletic,internal_34,4,,,,0,0,
JAHEJE01,monophyletic,internal_37,2,,,,0,0,
JAHEJJ01,monophyletic,internal_60,6,,,,0,0,
JAHEJN01,monophyletic,internal_37,3,,,,0,0,
JAHEJV01,monophyletic,internal_34,7,,,,0,0,
JAHEJX01,monophyletic,internal_29,6,,,,0,0,
JAHEKB01,monophyletic,internal_39,3,,,,0,0,
JAHEKD01,monophyletic,internal_27,4,,,,0,0,
JAHEKE01,monophyletic,internal_25,5,,,,0,0,
JAHEKO01,monophyletic,internal_24,5,,,,0,0,
JAHEKS01,monophyletic,internal_24,2,,,,0,0,
JAHEKZ01,monophyletic,internal_34,14,,,,0,0,
JAHELH01,monophyletic,internal_54,2,,,,0,0,
JAHELQ01,monophyletic,internal_23,3,,,,0,0,
JAHELT01,monophyletic,internal_28,3,,,,0,0,
JAHELU01,monophyletic,internal_38,25,,,,0,0,
JAHELV01,monophyletic,internal_23,5,,,,0,0,
JAHEME01,monophyletic,internal_41,2,,,,0,0,
JAHEMU01,monophyletic,internal_44,2,,,,0,0,
JAHEXW01,monophyletic,internal_16,2,,,,0,0,
JAHEYF01,monophyletic,internal_55,2,,,,0,0,
JAHEYG01,monophyletic,internal_56,15,,,,0,0,
JAHEYX01,monophyletic,internal_38,3,,,,0,0,
JAHEZL01,monophyletic,internal_36,9,,,,0,0,
JAHFAK01,monophyletic,internal_21,2,,,,0,0,
JAHFAO01,monophyletic,internal_26,2,,,,0,0,
JAHFBD01,monophyletic,internal_18,2,,,,0,0,
JAHFDS01,monophyletic,internal_27,2,,,,0,0,
JAHFDX01,monophyletic,internal_35,4,,,,0,0,
JAHFEG01,monophyletic,internal_26,2,,,,0,0,
JAHFFM01,monophyletic,internal_29,3,,,,0,0,
JAHFFS01,monophyletic,internal_34,2,,,,0,0,
JAHFHB01,monophyletic,internal_30,3,,,,0,0,
JAHFIC01,monophyletic,internal_45,4,,,,0,0,
JAHFIO01,monophyletic,internal_43,2,,,,0,0,
JAHFIW01,monophyletic,internal_44,4,,,,0,0,
JAHFJA01,monophyletic,internal_31,3,,,,0,0,
JAHFJU01,monophyletic,internal_32,2,,,,0,0,
JAHFLD01,monophyletic,internal_45,2,,,,0,0,
JAHFLF01,monophyletic,internal_46,5,,,,0,0,
JAHFLJ01,monophyletic,internal_50,2,,,,0,0,
JAHFLL01,monophyletic,internal_54,2,,,,0,0,
JAHFLM01,monophyletic,internal_47,2,,,,0,0,
JAHFLQ01,monophyletic,internal_48,4,,,,0,0,
JAHFLV01,monophyletic,internal_56,8,,,,0,0,
JAHFOQ01,monophyletic,internal_27,3,,,,0,0,
JAHFOW01,monophyletic,internal_26,3,,,,0,0,
JAHFPN01,monophyletic,internal_42,6,,,,0,0,
JAHFQD01,monophyletic,internal_28,2,,,,0,0,
JAHFQJ01,monophyletic,internal_25,2,,,,0,0,
JAHFRG01,monophyletic,internal_40,10,,,,0,0,
JAHFSE01,monophyletic,internal_37,2,,,,0,0,
JAHFSU01,monophyletic,internal_22,2,,,,0,0,
JAHFSX01,monophyletic,internal_31,4,,,,0,0,
JAHFTM01,monophyletic,internal_23,2,,,,0,0,
JAHFTY01,monophyletic,internal_19,2,,,,0,0,
JAHFUA01,monophyletic,internal_23,10,,,,0,0,
JAHFUI01,monophyletic,internal_28,3,,,,0,0,
JAHFUJ01,monophyletic,internal_26,2,,,,0,0,
JAHFUQ01,monophyletic,internal_30,2,,,,0,0,
JAHFUS01,monophyletic,internal_34,4,,,,0,0,
JAHHHE01,monophyletic,internal_28,4,,,,0,0,
JAHHLP01,monophyletic,internal_39,2,,,,0,0,
JAHHSE01,monophyletic,internal_44,3,,,,0,0,
JAHHTG01,monophyletic,internal_26,11,,,,0,0,
JAHHTM01,monophyletic,internal_47,4,,,,0,0,
JAHHTP01,monophyletic,internal_45,3,,,,0,0,
JAHHUA01,monophyletic,internal_44,3,,,,0,0,
JAHHUH01,monophyletic,internal_29,8,,,,0,0,
JAHHUI01,monophyletic,internal_14,2,,,,0,0,
JAHIEL01,monophyletic,internal_36,2,,,,0,0,
JAHIEN01,monophyletic,internal_29,3,,,,0,0,
JAHIER01,monophyletic,internal_45,2,,,,0,0,
JAHIEZ01,monophyletic,internal_33,3,,,,0,0,
JAHIGH01,monophyletic,internal_37,4,,,,0,0,
JAHIHE01,monophyletic,internal_26,2,,,,0,0,
JAHIJO01,monophyletic,internal_27,3,,,,0,0,
JAHIKV01,monophyletic,internal_36,6,,,,0,0,
JAHILA01,monophyletic,internal_29,2,,,,0,0,
JAHILC01,monophyletic,internal_21,2,,,,0,0,
JAHILT01,monophyletic,internal_44,6,,,,0,0,
JAHILY01,monophyletic,internal_27,2,,,,0,0,
JAHILZ01,monophyletic,internal_26,2,,,,0,0,
JAHIME01,monophyletic,internal_43,2,,,,0,0,
JAHIMV01,monophyletic,internal_38,2,,,,0,0,
JAHIPE01,monophyletic,internal_20,2,,,,0,0,
JAHIPI01,monophyletic,internal_25,2,,,,0,0,
JAHIPS01,monophyletic,internal_31,2,,,,0,0,
JAHIQC01,monophyletic,internal_26,3,,,,0,0,
JAHIRI01,monophyletic,internal_34,6,,,,0,0,
JAHIRX01,monophyletic,internal_34,2,,,,0,0,
JAHISC01,monophyletic,internal_43,2,,,,0,0,
JAHISK01,monophyletic,internal_30,2,,,,0,0,
JAHISV01,monophyletic,internal_38,2,,,,0,0,
JAHISY01,monophyletic,internal_22,9,,,,0,0,
JAHITE01,monophyletic,internal_31,3,,,,0,0,
JAHITH01,monophyletic,internal_30,3,,,,0,0,
JAHITL01,monophyletic,internal_46,3,,,,0,0,
JAHITT01,monophyletic,internal_29,2,,,,0,0,
JAHITU01,monophyletic,internal_50,6,,,,0,0,
JAHIUG01,monophyletic,internal_40,2,,,,0,0,
JAHIUV01,monophyletic,internal_30,2,,,,0,0,
JAHIVB01,monophyletic,internal_23,5,,,,0,0,
JAHIVH01,monophyletic,internal_24,2,,,,0,0,
JAHIVN01,monophyletic,internal_19,2,,,,0,0,
JAHIYU01,monophyletic,internal_25,6,,,,0,0,
JAHIZC01,monophyletic,internal_38,3,,,,0,0,
JAHJAU01,monophyletic,internal_40,2,,,,0,0,
JAHJBY01,monophyletic,internal_21,2,,,,0,0,
JAHJCL01,monophyletic,internal_40,4,,,,0,0,
JAHJCN01,monophyletic,internal_44,2,,,,0,0,
JAHJCO01,monophyletic,internal_21,2,,,,0,0,
JAHJCW01,monophyletic,internal_30,8,,,,0,0,
JAHJDG01,monophyletic,internal_29,3,,,,0,0,
JAHJDO01,monophyletic,internal_15,9,,,,0,0,
JAHJDR01,monophyletic,internal_21,3,,,,0,0,
JAHJDS01,monophyletic,internal_24,2,,,,0,0,
JAHJEX01,monophyletic,internal_26,4,,,,0,0,
JAHJFW01,monophyletic,internal_41,4,,,,0,0,
JAHJGG01,monophyletic,internal_45,2,,,,0,0,
JAHJHG01,monophyletic,internal_31,2,,,,0,0,
JAHJIX01,monophyletic,internal_49,2,,,,0,0,
JAHJKV01,monophyletic,internal_29,3,,,,0,0,
JAHJML01,monophyletic,internal_26,3,,,,0,0,
JAHJMN01,monophyletic,internal_26,2,,,,0,0,
JAHJOV01,monophyletic,internal_38,4,,,,0,0,
JAHJQK01,monophyletic,internal_25,4,,,,0,0,
JAHJQQ01,monophyletic,internal_34,12,,,,0,0,
JAHJQT01,monophyletic,internal_38,3,,,,0,0,
JAHJQV01,monophyletic,internal_31,3,,,,0,0,
JAHJQZ01,monophyletic,internal_36,5,,,,0,0,
JAHJRI01,monophyletic,internal_27,3,,,,0,0,
JAHJRJ01,monophyletic,internal_34,2,,,,0,0,
JAHJRN01,monophyletic,internal_41,2,,,,0,0,
JAHJRV01,monophyletic,internal_17,5,,,,0,0,
JAHJRZ01,monophyletic,internal_19,2,,,,0,0,
JAHJSA01,monophyletic,internal_23,6,,,,0,0,
JAHJSD01,monophyletic,internal_32,2,,,,0,0,
JAHJSM01,monophyletic,internal_33,2,,,,0,0,
JAHJSU01,monophyletic,internal_37,3,,,,0,0,
JAHJSY01,monophyletic,internal_42,3,,,,0,0,
JAHJTG01,monophyletic,internal_42,3,,,,0,0,
JAHJTV01,monophyletic,internal_27,5,,,,0,0,
JAHJTW01,monophyletic,internal_25,7,,,,0,0,
JAHJUB01,monophyletic,internal_20,5,,,,0,0,
JAHJUF01,monophyletic,internal_34,2,,,,0,0,
JAHJUH01,monophyletic,internal_37,2,,,,0,0,
JAHJVF01,monophyletic,internal_29,3,,,,0,0,
JAHKAJ01,monophyletic,internal_34,4,,,,0,0,
JAHKAP01,monophyletic,internal_41,2,,,,0,0,
JAHLLM01,monophyletic,internal_28,2,,,,0,0,
JAHOYW01,monophyletic,internal_31,7,,,,0,0,
JAHOYX01,monophyletic,internal_22,2,,,,0,0,
JAHQVI01,monophyletic,internal_39,8,,,,0,0,
JAHQVK01,monophyletic,internal_29,3,,,,0,0,
JAHQVL01,monophyletic,internal_37,2,,,,0,0,
JAHQVV01,monophyletic,internal_36,15,,,,0,0,
JAHRAH01,monophyletic,internal_23,2,,,,0,0,
JAHRAN01,monophyletic,internal_32,2,,,,0,0,
JAHRAW01,monophyletic,internal_31,12,,,,0,0,
JAHRAZ01,monophyletic,internal_34,2,,,,0,0,
JAHRVQ01,monophyletic,internal_48,13,,,,0,0,
JAHRWD01,monophyletic,internal_34,3,,,,0,0,
JAHTBL01,monophyletic,internal_61,4,,,,0,0,
JAHUUI01,monophyletic,internal_30,2,,,,0,0,
JAHWJR01,monophyletic,internal_29,3,,,,0,0,
JAHWJX01,monophyletic,internal_37,3,,,,0,0,
JAHWJY01,monophyletic,internal_28,2,,,,0,0,
JAHWKI01,monophyletic,internal_24,2,,,,0,0,
JAHWKP01,monophyletic,internal_30,2,,,,0,0,
JAHWKQ01,monophyletic,internal_32,2,,,,0,0,
JAHWKS01,monophyletic,internal_37,3,,,,0,0,
JAHWKV01,monophyletic,internal_25,2,,,,0,0,
JAHWKW01,monophyletic,internal_26,2,,,,0,0,
JAHWLA01,monophyletic,internal_30,2,,,,0,0,
JAHWLC01,monophyletic,internal_32,2,,,,0,0,
JAHXGL01,monophyletic,internal_41,2,,,,0,0,
JAHYIR01,monophyletic,internal_19,2,,,,0,0,
JAHYIW01,monophyletic,internal_27,2,,,,0,0,
JAHZFN01,monophyletic,internal_29,2,,,,0,0,
JAHZIX01,monophyletic,internal_24,2,,,,0,0,
JAHZKN01,monophyletic,internal_44,3,,,,0,0,
JAHZKS01,monophyletic,internal_28,2,,,,0,0,
JAHZMA01,monophyletic,internal_25,3,,,,0,0,
JAIBAC01,monophyletic,internal_21,2,,,,0,0,
JAIBAI01,monophyletic,internal_50,2,,,,0,0,
JAIBAJ01,monophyletic,internal_47,3,,,,0,0,
JAIBAM01,monophyletic,internal_29,4,,,,0,0,
JAIBAQ01,monophyletic,internal_22,3,,,,0,0,
JAIBBD01,monophyletic,internal_31,4,,,,0,0,
JAIBBG01,monophyletic,internal_47,19,,,,0,0,
JAIBBI01,monophyletic,internal_25,3,,,,0,0,
JAIBBV01,monophyletic,internal_31,2,,,,0,0,
JAIBCC01,monophyletic,internal_27,5,,,,0,0,
JAIBCL01,monophyletic,internal_27,3,,,,0,0,
JAIBCM01,monophyletic,internal_24,2,,,,0,0,
JAIBDK01,monophyletic,internal_34,2,,,,0,0,
JAIBJN01,monophyletic,internal_29,30,,,,0,0,
JAIBJP01,monophyletic,internal_30,7,,,,0,0,
JAICEH01,monophyletic,internal_24,4,,,,0,0,
JAICHO01,monophyletic,internal_39,2,,,,0,0,
JAICIG01,monophyletic,internal_35,5,,,,0,0,
JAICJC01,monophyletic,internal_24,31,,,,0,0,
JAICJJ01,monophyletic,internal_32,2,,,,0,0,
JAICJR01,monophyletic,internal_30,12,,,,0,0,
JAICJV01,monophyletic,internal_30,3,,,,0,0,
JAICKM01,monophyletic,internal_23,7,,,,0,0,
JAICKN01,monophyletic,internal_38,5,,,,0,0,
JAICLA01,monophyletic,internal_26,5,,,,0,0,
JAICLK01,monophyletic,internal_39,6,,,,0,0,
JAICLL01,monophyletic,internal_34,3,,,,0,0,
JAICLV01,monophyletic,internal_32,3,,,,0,0,
JAICMB01,monophyletic,internal_32,5,,,,0,0,
JAICND01,monophyletic,internal_28,4,,,,0,0,
JAICNG01,monophyletic,internal_25,9,,,,0,0,
JAICNR01,monophyletic,internal_18,9,,,,0,0,
JAICQM01,monophyletic,internal_24,8,,,,0,0,
JAICQQ01,monophyletic,internal_38,3,,,,0,0,
JAICSD01,monophyletic,internal_26,11,,,,0,0,
JAICTV01,monophyletic,internal_28,3,,,,0,0,
JAICUF01,monophyletic,internal_26,6,,,,0,0,
JAICUY01,monophyletic,internal_24,6,,,,0,0,
JAICWP01,monophyletic,internal_26,13,,,,0,0,
JAICWY01,monophyletic,internal_26,2,,,,0,0,
JAICXG01,monophyletic,internal_32,5,,,,0,0,
JAICXS01,monophyletic,internal_30,4,,,,0,0,
JAICXU01,monophyletic,internal_36,2,,,,0,0,
JAICXV01,monophyletic,internal_29,3,,,,0,0,
JAICYJ01,monophyletic,internal_25,17,,,,0,0,
JAIDVZ01,monophyletic,internal_21,7,,,,0,0,
JAIELD01,monophyletic,internal_40,2,,,,0,0,
JAIEMW01,monophyletic,internal_17,2,,,,0,0,
JAIEOG01,monophyletic,internal_23,7,,,,0,0,
JAIEOP01,monophyletic,internal_39,3,,,,0,0,
JAIEPM01,monophyletic,internal_20,8,,,,0,0,
JAIEPT01,monophyletic,internal_27,4,,,,0,0,
JAIEPW01,monophyletic,internal_32,3,,,,0,0,
JAIEPX01,monophyletic,internal_42,6,,,,0,0,
JAIESQ01,monophyletic,internal_32,3,,,,0,0,
JAIETH01,monophyletic,internal_54,2,,,,0,0,
JAIFKL01,monophyletic,internal_33,2,,,,0,0,
JAIFLN01,monophyletic,internal_16,5,,,,0,0,
JAIFMU01,monophyletic,internal_27,2,,,,0,0,
JAIFNL01,monophyletic,internal_57,3,,,,0,0,
JAIFWC01,monophyletic,internal_39,7,,,,0,0,
JAIFWI01,monophyletic,internal_59,2,,,,0,0,
JAIFWN01,monophyletic,internal_54,22,,,,0,0,
JAIFWV01,monophyletic,internal_28,3,,,,0,0,
JAIHAL01,monophyletic,internal_43,2,,,,0,0,
JAIKWW01,monophyletic,internal_37,2,,,,0,0,
JAILCC01,monophyletic,internal_20,3,,,,0,0,
JAILCQ01,monophyletic,internal_32,3,,,,0,0,
JAILDL01,monophyletic,internal_54,2,,,,0,0,
JAILEN01,monophyletic,internal_53,9,,,,0,0,
JAILFK01,monophyletic,internal_52,3,,,,0,0,
JAILGW01,monophyletic,internal_25,2,,,,0,0,
JAILHT01,monophyletic,internal_45,2,,,,0,0,
JAILLW01,monophyletic,internal_54,10,,,,0,0,
JAILZL01,monophyletic,internal_29,4,,,,0,0,
JAILZP01,monophyletic,internal_34,3,,,,0,0,
JAIMAE01,monophyletic,internal_26,2,,,,0,0,
JAIMAT01,monophyletic,internal_25,3,,,,0,0,
JAIMAU01,monophyletic,internal_20,2,,,,0,0,
JAIMBK01,monophyletic,internal_32,6,,,,0,0,
JAIMJY01,monophyletic,internal_20,2,,,,0,0,
JAIOHN01,monophyletic,internal_46,4,,,,0,0,
JAIOIW01,monophyletic,internal_43,2,,,,0,0,
JAIOJS01,monophyletic,internal_18,2,,,,0,0,
JAIOOV01,monophyletic,internal_55,2,,,,0,0,
JAIOPA01,monophyletic,internal_24,18,,,,0,0,
JAIOPI01,monophyletic,internal_29,3,,,,0,0,
JAIOPX01,monophyletic,internal_29,2,,,,0,0,
JAIOQA01,monophyletic,internal_40,3,,,,0,0,
JAIOQJ01,monophyletic,internal_29,3,,,,0,0,
JAIORY01,monophyletic,internal_59,3,,,,0,0,
JAIOSF01,monophyletic,internal_21,28,,,,0,0,
JAIOSM01,monophyletic,internal_25,5,,,,0,0,
JAIOSR01,monophyletic,internal_31,4,,,,0,0,
JAIOTG01,monophyletic,internal_38,4,,,,0,0,
JAIOTH01,monophyletic,internal_29,5,,,,0,0,
JAIOYM01,monophyletic,internal_26,2,,,,0,0,
JAIOYV01,monophyletic,internal_55,3,,,,0,0,
JAIOZK01,monophyletic,internal_57,6,,,,0,0,
JAIPAH01,monophyletic,internal_57,8,,,,0,0,
JAIPAN01,monophyletic,internal_56,14,,,,0,0,
JAIPDU01,monophyletic,internal_24,6,,,,0,0,
JAIPDZ01,monophyletic,internal_31,4,,,,0,0,
JAIPEI01,monophyletic,internal_26,9,,,,0,0,
JAIPEK01,monophyletic,internal_26,3,,,,0,0,
JAIPEL01,monophyletic,internal_34,4,,,,0,0,
JAIPFM01,monophyletic,internal_40,4,,,,0,0,
JAIPFY01,monophyletic,internal_27,2,,,,0,0,
JAIPGF01,monophyletic,internal_24,4,,,,0,0,
JAIPGI01,monophyletic,internal_24,2,,,,0,0,
JAIPGN01,monophyletic,internal_36,3,,,,0,0,
JAIPGU01,monophyletic,internal_25,3,,,,0,0,
JAIPGX01,monophyletic,internal_21,2,,,,0,0,
JAIPHI01,monophyletic,internal_26,3,,,,0,0,
JAIPIY01,monophyletic,internal_50,2,,,,0,0,
JAIPJA01,monophyletic,internal_36,2,,,,0,0,
JAIPJO01,monophyletic,internal_36,3,,,,0,0,
JAIPJX01,monophyletic,internal_29,2,,,,0,0,
JAIQET01,monophyletic,internal_35,4,,,,0,0,
JAIQFD01,monophyletic,internal_23,2,,,,0,0,
JAIQFF01,monophyletic,internal_34,50,,,,0,0,
JAIQFL01,monophyletic,internal_37,4,,,,0,0,
JAIQFR01,monophyletic,internal_19,4,,,,0,0,
JAIQFV01,monophyletic,internal_18,4,,,,0,0,
JAIQGB01,monophyletic,internal_26,2,,,,0,0,
JAIQGF01,monophyletic,internal_27,11,,,,0,0,
JAIRKH01,monophyletic,internal_26,12,,,,0,0,
JAIRKI01,monophyletic,internal_28,11,,,,0,0,
JAIRKM01,monophyletic,internal_21,3,,,,0,0,
JAIRKP01,monophyletic,internal_25,2,,,,0,0,
JAIRKQ01,monophyletic,internal_22,14,,,,0,0,
JAIRKS01,monophyletic,internal_63,6,,,,0,0,
JAIRKV01,monophyletic,internal_60,11,,,,0,0,
JAIRKW01,monophyletic,internal_23,14,,,,0,0,
JAIRKX01,monophyletic,internal_61,9,,,,0,0,
JAIRLB01,monophyletic,internal_31,2,,,,0,0,
JAIRLC01,monophyletic,internal_62,5,,,,0,0,
JAIRLF01,monophyletic,internal_60,13,,,,0,0,
JAIRLG01,monophyletic,internal_21,4,,,,0,0,
JAIRLK01,monophyletic,internal_25,3,,,,0,0,
JAIRLM01,monophyletic,internal_21,4,,,,0,0,
JAIRLR01,monophyletic,internal_40,5,,,,0,0,
JAIRLS01,monophyletic,internal_60,15,,,,0,0,
JAIRLU01,monophyletic,internal_27,11,,,,0,0,
JAIRMB01,monophyletic,internal_22,5,,,,0,0,
JAIRMO01,monophyletic,internal_20,6,,,,0,0,
JAIRMQ01,monophyletic,internal_25,12,,,,0,0,
JAIRMT01,monophyletic,internal_26,5,,,,0,0,
JAIRMY01,monophyletic,internal_23,11,,,,0,0,
JAIRMZ01,monophyletic,internal_23,2,,,,0,0,
JAIRNC01,monophyletic,internal_28,4,,,,0,0,
JAIRNF01,monophyletic,internal_60,3,,,,0,0,
JAIRNH01,monophyletic,internal_21,7,,,,0,0,
JAIRNI01,monophyletic,internal_25,6,,,,0,0,
JAIRNJ01,monophyletic,internal_27,5,,,,0,0,
JAIRNK01,monophyletic,internal_25,4,,,,0,0,
JAIRNN01,monophyletic,internal_20,2,,,,0,0,
JAIRNQ01,monophyletic,internal_27,7,,,,0,0,
JAIRNR01,monophyletic,internal_57,2,,,,0,0,
JAIROC01,monophyletic,internal_56,4,,,,0,0,
JAIROE01,monophyletic,internal_27,4,,,,0,0,
JAIROH01,monophyletic,internal_21,3,,,,0,0,
JAIROO01,monophyletic,internal_25,7,,,,0,0,
JAIROX01,monophyletic,internal_39,2,,,,0,0,
JAIROZ01,monophyletic,internal_21,3,,,,0,0,
JAIRPC01,monophyletic,internal_41,5,,,,0,0,
JAIRPN01,monophyletic,internal_26,5,,,,0,0,
JAIRPU01,monophyletic,internal_23,3,,,,0,0,
JAIRQC01,monophyletic,internal_66,2,,,,0,0,
JAIRQK01,monophyletic,internal_23,2,,,,0,0,
JAIRQX01,monophyletic,internal_19,2,,,,0,0,
JAIRRL01,monophyletic,internal_26,5,,,,0,0,
JAIRRO01,monophyletic,internal_44,12,,,,0,0,
JAIRRR01,monophyletic,internal_26,3,,,,0,0,
JAIRRT01,monophyletic,internal_45,3,,,,0,0,
JAIRSX01,monophyletic,internal_27,2,,,,0,0,
JAIRTA01,monophyletic,internal_38,7,,,,0,0,
JAIRTD01,monophyletic,internal_24,4,,,,0,0,
JAIRTF01,monophyletic,internal_45,11,,,,0,0,
JAIRTH01,monophyletic,internal_22,3,,,,0,0,
JAIRTL01,monophyletic,internal_19,2,,,,0,0,
JAIRTY01,monophyletic,internal_34,3,,,,0,0,
JAIRVZ01,monophyletic,internal_68,4,,,,0,0,
JAIRWN01,monophyletic,internal_22,3,,,,0,0,
JAIRWR01,monophyletic,internal_28,4,,,,0,0,
JAIRXA01,monophyletic,internal_27,2,,,,0,0,
JAIRYI01,monophyletic,internal_26,2,,,,0,0,
JAIRYT01,monophyletic,internal_23,2,,,,0,0,
JAIRYU01,monophyletic,internal_30,4,,,,0,0,
JAIRZM01,monophyletic,internal_26,5,,,,0,0,
JAIRZX01,monophyletic,internal_27,6,,,,0,0,
JAISAF01,monophyletic,internal_20,4,,,,0,0,
JAISAK01,monophyletic,internal_28,2,,,,0,0,
JAISAN01,monophyletic,internal_28,2,,,,0,0,
JAISBN01,monophyletic,internal_25,2,,,,0,0,
JAISBX01,monophyletic,internal_44,3,,,,0,0,
JAISDD01,monophyletic,internal_40,3,,,,0,0,
JAISDN01,monophyletic,internal_38,2,,,,0,0,
JAISED01,monophyletic,internal_38,2,,,,0,0,
JAISFI01,monophyletic,internal_67,4,,,,0,0,
JAISFT01,monophyletic,internal_26,7,,,,0,0,
JAISGB01,monophyletic,internal_39,4,,,,0,0,
JAISGC01,monophyletic,internal_24,5,,,,0,0,
JAISGK01,monophyletic,internal_44,2,,,,0,0,
JAISGN01,monophyletic,internal_57,4,,,,0,0,
JAISGQ01,monophyletic,internal_40,8,,,,0,0,
JAISGY01,monophyletic,internal_46,5,,,,0,0,
JAISHE01,monophyletic,internal_62,2,,,,0,0,
JAISJH01,monophyletic,internal_42,6,,,,0,0,
JAISJU01,monophyletic,internal_65,2,,,,0,0,
JAISLQ01,monophyletic,internal_25,2,,,,0,0,
JAISLT01,monophyletic,internal_23,3,,,,0,0,
JAISLU01,monophyletic,internal_29,3,,,,0,0,
JAISLV01,monophyletic,internal_35,2,,,,0,0,
JAISMF01,monophyletic,internal_25,2,,,,0,0,
JAISNI01,monophyletic,internal_25,2,,,,0,0,
JAISNN01,monophyletic,internal_33,6,,,,0,0,
JAISNW01,monophyletic,internal_17,2,,,,0,0,
JAISOF01,monophyletic,internal_42,2,,,,0,0,
JAISOW01,monophyletic,internal_21,2,,,,0,0,
JAISQA01,monophyletic,internal_16,2,,,,0,0,
JAISQV01,monophyletic,internal_25,2,,,,0,0,
JAISSA01,monophyletic,internal_26,3,,,,0,0,
JAISST01,monophyletic,internal_23,4,,,,0,0,
JAISSX01,monophyletic,internal_45,2,,,,0,0,
JAISTP01,monophyletic,internal_17,2,,,,0,0,
JAISTV01,monophyletic,internal_38,2,,,,0,0,
JAISTZ01,monophyletic,internal_25,3,,,,0,0,
JAISUH01,monophyletic,internal_70,2,,,,0,0,
JAISWF01,monophyletic,internal_29,2,,,,0,0,
JAISWZ01,monophyletic,internal_42,2,,,,0,0,
JAISXK01,monophyletic,internal_38,2,,,,0,0,
JAISZF01,monophyletic,internal_44,2,,,,0,0,
JAITDU01,monophyletic,internal_27,2,,,,0,0,
JAITEK01,monophyletic,internal_27,2,,,,0,0,
JAITEX01,monophyletic,internal_41,2,,,,0,0,
JAITGK01,monophyletic,internal_29,2,,,,0,0,
JAITGM01,monophyletic,internal_34,2,,,,0,0,
JAITHW01,monophyletic,internal_27,6,,,,0,0,
JAITII01,monophyletic,internal_27,2,,,,0,0,
JAITIJ01,monophyletic,internal_23,2,,,,0,0,
JAITKM01,monophyletic,internal_22,2,,,,0,0,
JAITLA01,monophyletic,internal_37,5,,,,0,0,
JAITLB01,monophyletic,internal_40,3,,,,0,0,
JAITMY01,monophyletic,internal_60,15,,,,0,0,
JAITNP01,monophyletic,internal_25,3,,,,0,0,
JAITOA01,monophyletic,internal_22,2,,,,0,0,
JAITOS01,monophyletic,internal_27,2,,,,0,0,
JAITRE01,monophyletic,internal_43,4,,,,0,0,
JAITVB01,monophyletic,internal_63,2,,,,0,0,
JAITVM01,monophyletic,internal_38,2,,,,0,0,
JAITWM01,monophyletic,internal_41,2,,,,0,0,
JAITWN01,monophyletic,internal_36,8,,,,0,0,
JAITWT01,monophyletic,internal_48,2,,,,0,0,
JAITXS01,monophyletic,internal_23,3,,,,0,0,
JAITXV01,monophyletic,internal_21,2,,,,0,0,
JAIUMY01,monophyletic,internal_24,2,,,,0,0,
JAIUNP01,monophyletic,internal_41,4,,,,0,0,
JAIUZI01,monophyletic,internal_68,2,,,,0,0,
JAIVGV01,monophyletic,internal_26,10,,,,0,0,
JAIVGZ01,monophyletic,internal_28,5,,,,0,0,
JAIVHA01,monophyletic,internal_33,5,,,,0,0,
JAIVHC01,monophyletic,internal_29,9,,,,0,0,
JAIVJG01,monophyletic,internal_27,3,,,,0,0,
JAIVJM01,monophyletic,internal_30,3,,,,0,0,
JAIVJN01,monophyletic,internal_21,2,,,,0,0,
JAIVJZ01,monophyletic,internal_26,20,,,,0,0,
JAIWNK01,monophyletic,internal_55,2,,,,0,0,
JAIXRY01,monophyletic,internal_55,4,,,,0,0,
JAIXTM01,monophyletic,internal_43,2,,,,0,0,
JAIXUI01,monophyletic,internal_36,2,,,,0,0,
JAIXWP01,monophyletic,internal_44,12,,,,0,0,
JAIXZD01,monophyletic,internal_30,2,,,,0,0,
JAIXZO01,monophyletic,internal_41,4,,,,0,0,
JAIYAX01,monophyletic,internal_37,2,,,,0,0,
JAIYCR01,monophyletic,internal_35,2,,,,0,0,
JAIYCX01,monophyletic,internal_27,3,,,,0,0,
JAIYDJ01,monophyletic,internal_71,4,,,,0,0,
JAIYDQ01,monophyletic,internal_41,7,,,,0,0,
JAJACK01,monophyletic,internal_24,2,,,,0,0,
JAJACP01,monophyletic,internal_25,6,,,,0,0,
JAJACQ01,monophyletic,internal_21,9,,,,0,0,
JAJACV01,monophyletic,internal_20,2,,,,0,0,
JAJAYG01,monophyletic,internal_41,2,,,,0,0,
JAJAZB01,monophyletic,internal_41,3,,,,0,0,
JAJBSZ01,monophyletic,internal_20,12,,,,0,0,
JAJBUQ01,monophyletic,internal_63,2,,,,0,0,
JAJBWD01,monophyletic,internal_33,3,,,,0,0,
JAJCYE01,monophyletic,internal_24,7,,,,0,0,
JAJCYK01,monophyletic,internal_41,4,,,,0,0,
JAJCYL01,monophyletic,internal_42,5,,,,0,0,
JAJCYX01,monophyletic,internal_39,9,,,,0,0,
JAJCZB01,monophyletic,internal_24,4,,,,0,0,
JAJCZQ01,monophyletic,internal_20,2,,,,0,0,
JAJCZZ01,monophyletic,internal_33,4,,,,0,0,
JAJDAG01,monophyletic,internal_34,2,,,,0,0,
JAJDAH01,monophyletic,internal_35,2,,,,0,0,
JAJDAM01,monophyletic,internal_33,2,,,,0,0,
JAJDAN01,monophyletic,internal_32,4,,,,0,0,
JAJDAP01,monophyletic,internal_32,2,,,,0,0,
JAJDAT01,monophyletic,internal_22,5,,,,0,0,
JAJDBB01,monophyletic,internal_24,2,,,,0,0,
JAJDBU01,monophyletic,internal_32,4,,,,0,0,
JAJDCE01,monophyletic,internal_29,3,,,,0,0,
JAJDCH01,monophyletic,internal_40,2,,,,0,0,
JAJDFU01,monophyletic,internal_52,4,,,,0,0,
JAJDFX01,monophyletic,internal_50,4,,,,0,0,
JAJDGF01,monophyletic,internal_36,4,,,,0,0,
JAJDGJ01,monophyletic,internal_17,2,,,,0,0,
JAJDHY01,monophyletic,internal_28,2,,,,0,0,
JAJDIA01,monophyletic,internal_71,4,,,,0,0,
JAJDNG01,monophyletic,internal_37,3,,,,0,0,
JAJDNH01,monophyletic,internal_19,2,,,,0,0,
JAJDNS01,monophyletic,internal_26,6,,,,0,0,
JAJDNW01,monophyletic,internal_31,4,,,,0,0,
JAJDOD01,monophyletic,internal_65,10,,,,0,0,
JAJDOJ01,monophyletic,internal_28,2,,,,0,0,
JAJDTQ01,monophyletic,internal_21,28,,,,0,0,
JAJDTR01,monophyletic,internal_19,10,,,,0,0,
JAJDTT01,monophyletic,internal_24,9,,,,0,0,
JAJDUF01,monophyletic,internal_17,9,,,,0,0,
JAJDXO01,monophyletic,internal_33,7,,,,0,0,
JAJDXW01,monophyletic,internal_35,8,,,,0,0,
JAJDYQ01,monophyletic,internal_27,7,,,,0,0,
JAJDZL01,monophyletic,internal_28,31,,,,0,0,
JAJEAD01,monophyletic,internal_36,4,,,,0,0,
JAJEAO01,monophyletic,internal_20,3,,,,0,0,
JAJEBT01,monophyletic,internal_38,5,,,,0,0,
JAJECS01,monophyletic,internal_20,12,,,,0,0,
JAJEDW01,monophyletic,internal_18,5,,,,0,0,
JAJEEA01,monophyletic,internal_29,22,,,,0,0,
JAJEFO01,monophyletic,internal_66,12,,,,0,0,
JAJFBM01,monophyletic,internal_28,2,,,,0,0,
JAJFFW01,monophyletic,internal_38,7,,,,0,0,
JAJFGI01,monophyletic,internal_40,3,,,,0,0,
JAJFGK01,monophyletic,internal_37,2,,,,0,0,
JAJFGN01,monophyletic,internal_41,4,,,,0,0,
JAJFGX01,monophyletic,internal_33,2,,,,0,0,
JAJFHI01,monophyletic,internal_46,2,,,,0,0,
JAJFHM01,monophyletic,internal_33,2,,,,0,0,
JAJFHN01,monophyletic,internal_37,2,,,,0,0,
JAJFHR01,monophyletic,internal_29,5,,,,0,0,
JAJFIE01,monophyletic,internal_35,2,,,,0,0,
JAJFIK01,monophyletic,internal_29,3,,,,0,0,
JAJFIM01,monophyletic,internal_32,2,,,,0,0,
JAJFJD01,monophyletic,internal_38,5,,,,0,0,
JAJFJV01,monophyletic,internal_29,3,,,,0,0,
JAJFKB01,monophyletic,internal_40,5,,,,0,0,
JAJFKJ01,monophyletic,internal_38,2,,,,0,0,
JAJFKX01,monophyletic,internal_31,4,,,,0,0,
JAJFLJ01,monophyletic,internal_17,2,,,,0,0,
JAJFLO01,monophyletic,internal_23,2,,,,0,0,
JAJFLU01,monophyletic,internal_25,5,,,,0,0,
JAJFMC01,monophyletic,internal_28,2,,,,0,0,
JAJFMG01,monophyletic,internal_23,2,,,,0,0,
JAJFTT01,monophyletic,internal_23,2,,,,0,0,
JAJFTV01,monophyletic,internal_51,4,,,,0,0,
JAJFUB01,monophyletic,internal_26,4,,,,0,0,
JAJFUE01,monophyletic,internal_15,3,,,,0,0,
JAJFUG01,monophyletic,internal_16,3,,,,0,0,
JAJFUI01,monophyletic,internal_36,4,,,,0,0,
JAJFUU01,monophyletic,internal_28,2,,,,0,0,
JAJFUV01,monophyletic,internal_25,6,,,,0,0,
JAJFUZ01,monophyletic,internal_28,2,,,,0,0,
JAJFVC01,monophyletic,internal_38,2,,,,0,0,
JAJKIP01,monophyletic,internal_57,4,,,,0,0,
JAJKIV01,monophyletic,internal_23,7,,,,0,0,
JAJKJG01,monophyletic,internal_46,9,,,,0,0,
JAJNBA01,monophyletic,internal_36,27,,,,0,0,
JAJNBD01,monophyletic,internal_41,2,,,,0,0,
JAJNDI01,monophyletic,internal_37,2,,,,0,0,
JAJNNC01,monophyletic,internal_41,3,,,,0,0,
JAJNPS01,monophyletic,internal_65,5,,,,0,0,
JAJOIW01,monophyletic,internal_21,3,,,,0,0,
JAJOJK01,monophyletic,internal_32,2,,,,0,0,
JAJOKK01,monophyletic,internal_23,2,,,,0,0,
JAJPGW01,monophyletic,internal_41,2,,,,0,0,
JAJPGZ01,monophyletic,internal_33,4,,,,0,0,
JAJPHC01,monophyletic,internal_29,3,,,,0,0,
JAJPHI01,monophyletic,internal_33,7,,,,0,0,
JAJPHJ01,monophyletic,internal_17,4,,,,0,0,
JAJPHL01,monophyletic,internal_23,2,,,,0,0,
JAJPHU01,monophyletic,internal_34,11,,,,0,0,
JAJPHW01,monophyletic,internal_38,6,,,,0,0,
JAJPHY01,monophyletic,internal_32,2,,,,0,0,
JAJPIA01,monophyletic,internal_18,7,,,,0,0,
JAJPIG01,monophyletic,internal_31,5,,,,0,0,
JAJPII01,monophyletic,internal_28,2,,,,0,0,
JAJPIJ01,monophyletic,internal_34,2,,,,0,0,
JAJPIK01,monophyletic,internal_26,2,,,,0,0,
JAJPJA01,monophyletic,internal_30,7,,,,0,0,
JAJPJE01,monophyletic,internal_27,7,,,,0,0,
JAJPJG01,monophyletic,internal_29,3,,,,0,0,
JAJPJQ01,monophyletic,internal_26,12,,,,0,0,
JAJPJR01,monophyletic,internal_26,2,,,,0,0,
JAJPJW01,monophyletic,internal_21,4,,,,0,0,
JAJPJX01,monophyletic,internal_28,2,,,,0,0,
JAJPKB01,monophyletic,internal_28,3,,,,0,0,
JAJPKE01,monophyletic,internal_25,4,,,,0,0,
JAJPKG01,monophyletic,internal_23,2,,,,0,0,
JAJPKK01,monophyletic,internal_50,16,,,,0,0,
JAJPKR01,monophyletic,internal_24,2,,,,0,0,
JAJPXC01,monophyletic,internal_78,9,,,,0,0,
JAJPXI01,monophyletic,internal_49,8,,,,0,0,
JAJQAO01,monophyletic,internal_28,2,,,,0,0,
JAJQAP01,monophyletic,internal_28,4,,,,0,0,
JAJQAW01,monophyletic,internal_63,2,,,,0,0,
JAJQBJ01,monophyletic,internal_40,4,,,,0,0,
JAJQCI01,monophyletic,internal_37,10,,,,0,0,
JAJQDJ01,monophyletic,internal_24,4,,,,0,0,
JAJQEJ01,monophyletic,internal_50,2,,,,0,0,
JAJQRF01,monophyletic,internal_31,2,,,,0,0,
JAJRPF01,monophyletic,internal_27,2,,,,0,0,
JAJRPG01,monophyletic,internal_36,3,,,,0,0,
JAJRPJ01,monophyletic,internal_24,3,,,,0,0,
JAJRPT01,monophyletic,internal_37,5,,,,0,0,
JAJRQE01,monophyletic,internal_24,7,,,,0,0,
JAJRQY01,monophyletic,internal_44,3,,,,0,0,
JAJRRA01,monophyletic,internal_33,5,,,,0,0,
JAJRRH01,monophyletic,internal_42,2,,,,0,0,
JAJRRL01,monophyletic,internal_42,2,,,,0,0,
JAJRRS01,monophyletic,internal_32,11,,,,0,0,
JAJRSM01,monophyletic,internal_29,2,,,,0,0,
JAJRTA01,monophyletic,internal_30,10,,,,0,0,
JAJRTE01,monophyletic,internal_20,2,,,,0,0,
JAJRTP01,monophyletic,internal_48,2,,,,0,0,
JAJRTS01,monophyletic,internal_21,2,,,,0,0,
JAJRUE01,monophyletic,internal_55,4,,,,0,0,
JAJRUG01,monophyletic,internal_36,2,,,,0,0,
JAJRUK01,monophyletic,internal_37,4,,,,0,0,
JAJRUS01,monophyletic,internal_21,2,,,,0,0,
JAJRUT01,monophyletic,internal_28,3,,,,0,0,
JAJRVH01,monophyletic,internal_24,4,,,,0,0,
JAJRVM01,monophyletic,internal_41,4,,,,0,0,
JAJRWN01,monophyletic,internal_37,2,,,,0,0,
JAJRWS01,monophyletic,internal_38,3,,,,0,0,
JAJRWW01,monophyletic,internal_26,2,,,,0,0,
JAJRXC01,monophyletic,internal_40,10,,,,0,0,
JAJRXG01,monophyletic,internal_57,11,,,,0,0,
JAJRXK01,monophyletic,internal_20,3,,,,0,0,
JAJRXR01,monophyletic,internal_36,7,,,,0,0,
JAJRYC01,monophyletic,internal_29,2,,,,0,0,
JAJRYG01,monophyletic,internal_40,2,,,,0,0,
JAJRYK01,monophyletic,internal_42,2,,,,0,0,
JAJRYP01,monophyletic,internal_31,2,,,,0,0,
JAJRZL01,monophyletic,internal_32,2,,,,0,0,
JAJRZO01,monophyletic,internal_25,2,,,,0,0,
JAJRZW01,monophyletic,internal_22,2,,,,0,0,
JAJRZX01,monophyletic,internal_28,9,,,,0,0,
JAJSAJ01,monophyletic,internal_38,2,,,,0,0,
JAJTBD01,monophyletic,internal_43,2,,,,0,0,
JAJTBL01,monophyletic,internal_22,2,,,,0,0,
JAJTBW01,monophyletic,internal_59,2,,,,0,0,
JAJTCH01,monophyletic,internal_29,7,,,,0,0,
JAJTDS01,monophyletic,internal_30,4,,,,0,0,
JAJTFA01,monophyletic,internal_53,5,,,,0,0,
JAJTFW01,monophyletic,internal_55,20,,,,0,0,
JAJTGZ01,monophyletic,internal_40,8,,,,0,0,
JAJTHB01,monophyletic,internal_32,4,,,,0,0,
JAJTHC01,monophyletic,internal_21,10,,,,0,0,
JAJTHG01,monophyletic,internal_21,2,,,,0,0,
JAJTHJ01,monophyletic,internal_31,2,,,,0,0,
JAJTHY01,monophyletic,internal_25,3,,,,0,0,
JAJTIC01,monophyletic,internal_34,2,,,,0,0,
JAJTYH01,monophyletic,internal_24,2,,,,0,0,
JAJTYI01,monophyletic,internal_24,6,,,,0,0,
JAJTZA01,monophyletic,internal_30,6,,,,0,0,
JAJUFS01,monophyletic,internal_31,4,,,,0,0,
JAJUJL01,monophyletic,internal_52,2,,,,0,0,
JAJVHZ01,monophyletic,internal_35,5,,,,0,0,
JAJVID01,monophyletic,internal_24,8,,,,0,0,
JAJVIP01,monophyletic,internal_31,4,,,,0,0,
JAJXSS01,monophyletic,internal_32,3,,,,0,0,
JAJXTN01,monophyletic,internal_51,4,,,,0,0,
JAJXUB01,monophyletic,internal_46,2,,,,0,0,
JAJXVA01,monophyletic,internal_37,2,,,,0,0,
JAJXWB01,monophyletic,internal_46,17,,,,0,0,
JAJXWQ01,monophyletic,internal_17,2,,,,0,0,
JAJXWR01,monophyletic,internal_39,3,,,,0,0,
JAJXWV01,monophyletic,internal_29,2,,,,0,0,
JAJXXC01,monophyletic,internal_35,2,,,,0,0,
JAJXXS01,monophyletic,internal_42,3,,,,0,0,
JAJXXT01,monophyletic,internal_38,5,,,,0,0,
JAJXYN01,monophyletic,internal_30,2,,,,0,0,
JAJXYP01,monophyletic,internal_55,3,,,,0,0,
JAJXZJ01,monophyletic,internal_29,2,,,,0,0,
JAJXZP01,monophyletic,internal_22,4,,,,0,0,
JAJYBV01,monophyletic,internal_21,2,,,,0,0,
JAJYCY01,monophyletic,internal_25,6,,,,0,0,
JAJYDN01,monophyletic,internal_25,3,,,,0,0,
JAJYFL01,monophyletic,internal_22,3,,,,0,0,
JAJYFR01,monophyletic,internal_21,3,,,,0,0,
JAJYGC01,monophyletic,internal_25,2,,,,0,0,
JAJYGJ01,monophyletic,internal_29,3,,,,0,0,
JAJYHY01,monophyletic,internal_36,2,,,,0,0,
JAJYID01,monophyletic,internal_24,2,,,,0,0,
JAJYIQ01,monophyletic,internal_35,2,,,,0,0,
JAJYIV01,monophyletic,internal_45,3,,,,0,0,
JAJYIW01,monophyletic,internal_55,3,,,,0,0,
JAJYJE01,monophyletic,internal_32,2,,,,0,0,
JAJYJO01,monophyletic,internal_19,2,,,,0,0,
JAJYJP01,monophyletic,internal_31,2,,,,0,0,
JAJYKC01,monophyletic,internal_30,6,,,,0,0,
JAJYKH01,monophyletic,internal_25,2,,,,0,0,
JAJYKN01,monophyletic,internal_26,15,,,,0,0,
JAJYLM01,monophyletic,internal_18,6,,,,0,0,
JAJYNJ01,monophyletic,internal_21,14,,,,0,0,
JAJYNT01,monophyletic,internal_22,2,,,,0,0,
JAJYOI01,monophyletic,internal_34,3,,,,0,0,
JAJYOP01,monophyletic,internal_32,7,,,,0,0,
JAJYPG01,monophyletic,internal_24,2,,,,0,0,
JAJYQH01,monophyletic,internal_47,5,,,,0,0,
JAJYQQ01,monophyletic,internal_24,3,,,,0,0,
JAJYRX01,monophyletic,internal_32,5,,,,0,0,
JAJYSO01,monophyletic,internal_50,7,,,,0,0,
JAJYTI01,monophyletic,internal_50,3,,,,0,0,
JAJYTL01,monophyletic,internal_36,2,,,,0,0,
JAJYTV01,monophyletic,internal_28,4,,,,0,0,
JAJYUU01,monophyletic,internal_39,52,,,,0,0,
JAJYVM01,monophyletic,internal_27,3,,,,0,0,
JAJYVT01,monophyletic,internal_38,17,,,,0,0,
JAJYWF01,monophyletic,internal_37,2,,,,0,0,
JAJYWO01,monophyletic,internal_49,4,,,,0,0,
JAJYXT01,monophyletic,internal_19,8,,,,0,0,
JAJYYI01,monophyletic,internal_26,2,,,,0,0,
JAJYZD01,monophyletic,internal_27,2,,,,0,0,
JAJYZP01,monophyletic,internal_30,3,,,,0,0,
JAJZAF01,monophyletic,internal_58,2,,,,0,0,
JAJZAK01,monophyletic,internal_36,3,,,,0,0,
JAJZAM01,monophyletic,internal_35,5,,,,0,0,
JAJZBW01,monophyletic,internal_36,3,,,,0,0,
JAJZCD01,monophyletic,internal_42,14,,,,0,0,
JAJZCK01,monophyletic,internal_35,3,,,,0,0,
JAJZCL01,monophyletic,internal_23,4,,,,0,0,
JAJZCX01,monophyletic,internal_31,3,,,,0,0,
JAJZDI01,monophyletic,internal_34,2,,,,0,0,
JAJZEO01,monophyletic,internal_22,3,,,,0,0,
JAJZFK01,monophyletic,internal_25,3,,,,0,0,
JAJZGD01,monophyletic,internal_25,6,,,,0,0,
JAJZGK01,monophyletic,internal_36,3,,,,0,0,
JAJZHK01,monophyletic,internal_38,3,,,,0,0,
JAJZHV01,monophyletic,internal_41,3,,,,0,0,
JAJZIH01,monophyletic,internal_28,4,,,,0,0,
JAJZIJ01,monophyletic,internal_31,2,,,,0,0,
JAJZJT01,monophyletic,internal_31,4,,,,0,0,
JAJZKE01,monophyletic,internal_52,5,,,,0,0,
JAJZKG01,monophyletic,internal_20,2,,,,0,0,
JAJZLH01,monophyletic,internal_27,3,,,,0,0,
JAJZLI01,monophyletic,internal_18,2,,,,0,0,
JAJZLL01,monophyletic,internal_18,3,,,,0,0,
JAJZLV01,monophyletic,internal_32,2,,,,0,0,
JAJZMF01,monophyletic,internal_29,4,,,,0,0,
JAJZMH01,monophyletic,internal_50,5,,,,0,0,
JAJZMK01,monophyletic,internal_29,3,,,,0,0,
JAJZNI01,monophyletic,internal_23,4,,,,0,0,
JAJZNL01,monophyletic,internal_31,4,,,,0,0,
JAJZNM01,monophyletic,internal_28,3,,,,0,0,
JAJZNU01,monophyletic,internal_38,2,,,,0,0,
JAJZPA01,monophyletic,internal_28,2,,,,0,0,
JAJZPE01,monophyletic,internal_25,2,,,,0,0,
JAJZPH01,monophyletic,internal_19,2,,,,0,0,
JAJZPO01,monophyletic,internal_26,2,,,,0,0,
JAJZPX01,monophyletic,internal_20,2,,,,0,0,
JAJZQH01,monophyletic,internal_24,2,,,,0,0,
JAJZQI01,monophyletic,internal_39,2,,,,0,0,
JAJZQJ01,monophyletic,internal_52,3,,,,0,0,
JAJZQO01,monophyletic,internal_28,6,,,,0,0,
JAJZQZ01,monophyletic,internal_24,3,,,,0,0,
JAJZRJ01,monophyletic,internal_25,4,,,,0,0,
JAJZRV01,monophyletic,internal_40,6,,,,0,0,
JAJZSS01,monophyletic,internal_51,2,,,,0,0,
JAJZUD01,monophyletic,internal_37,6,,,,0,0,
JAJZVS01,monophyletic,internal_41,12,,,,0,0,
JAJZVV01,monophyletic,internal_41,3,,,,0,0,
JAJZWG01,monophyletic,internal_49,8,,,,0,0,
JAJZWH01,monophyletic,internal_48,19,,,,0,0,
JAJZWV01,monophyletic,internal_26,4,,,,0,0,
JAJZXC01,monophyletic,internal_28,2,,,,0,0,
JAJZXF01,monophyletic,internal_29,2,,,,0,0,
JAJZYI01,monophyletic,internal_35,3,,,,0,0,
JAJZYO01,monophyletic,internal_27,3,,,,0,0,
JAKAAZ01,monophyletic,internal_29,33,,,,0,0,
JAKABX01,monophyletic,internal_35,3,,,,0,0,
JAKACA01,monophyletic,internal_31,10,,,,0,0,
JAKACF01,monophyletic,internal_32,2,,,,0,0,
JAKACU01,monophyletic,internal_27,2,,,,0,0,
JAKADD01,monophyletic,internal_25,3,,,,0,0,
JAKADJ01,monophyletic,internal_30,2,,,,0,0,
JAKADK01,monophyletic,internal_34,2,,,,0,0,
JAKAEA01,monophyletic,internal_56,3,,,,0,0,
JAKAEG01,monophyletic,internal_29,4,,,,0,0,
JAKAEX01,monophyletic,internal_36,3,,,,0,0,
JAKAFK01,monophyletic,internal_39,2,,,,0,0,
JAKAFS01,monophyletic,internal_32,15,,,,0,0,
JAKAGC01,monophyletic,internal_25,6,,,,0,0,
JAKAGE01,monophyletic,internal_55,23,,,,0,0,
JAKAGF01,monophyletic,internal_36,2,,,,0,0,
JAKAGZ01,monophyletic,internal_37,8,,,,0,0,
JAKAHD01,monophyletic,internal_46,4,,,,0,0,
JAKAHE01,monophyletic,internal_24,5,,,,0,0,
JAKAHT01,monophyletic,internal_44,9,,,,0,0,
JAKAHU01,monophyletic,internal_23,3,,,,0,0,
JAKAHY01,monophyletic,internal_49,3,,,,0,0,
JAKAHZ01,monophyletic,internal_24,4,,,,0,0,
JAKAIQ01,monophyletic,internal_30,2,,,,0,0,
JAKAIY01,monophyletic,internal_24,13,,,,0,0,
JAKAJA01,monophyletic,internal_14,6,,,,0,0,
JAKAJD01,monophyletic,internal_28,4,,,,0,0,
JAKAJH01,monophyletic,internal_36,3,,,,0,0,
JAKAJX01,monophyletic,internal_54,2,,,,0,0,
JAKAKS01,monophyletic,internal_28,2,,,,0,0,
JAKALC01,monophyletic,internal_55,5,,,,0,0,
JAKALD01,monophyletic,internal_38,2,,,,0,0,
JAKALO01,monophyletic,internal_23,2,,,,0,0,
JAKALQ01,monophyletic,internal_37,5,,,,0,0,
JAKALS01,monophyletic,internal_36,2,,,,0,0,
JAKALX01,monophyletic,internal_41,2,,,,0,0,
JAKAML01,monophyletic,internal_42,6,,,,0,0,
JAKANM01,monophyletic,internal_44,4,,,,0,0,
JAKANR01,monophyletic,internal_46,4,,,,0,0,
JAKANT01,monophyletic,internal_31,5,,,,0,0,
JAKANV01,monophyletic,internal_24,3,,,,0,0,
JAKAOD01,monophyletic,internal_34,2,,,,0,0,
JAKAPL01,monophyletic,internal_24,2,,,,0,0,
JAKAQB01,monophyletic,internal_31,6,,,,0,0,
JAKAQQ01,monophyletic,internal_27,3,,,,0,0,
JAKAQV01,monophyletic,internal_36,6,,,,0,0,
JAKARV01,monophyletic,internal_30,2,,,,0,0,
JAKASR01,monophyletic,internal_24,2,,,,0,0,
JAKASV01,monophyletic,internal_20,4,,,,0,0,
JAKASW01,monophyletic,internal_29,26,,,,0,0,
JAKASX01,monophyletic,internal_22,10,,,,0,0,
JAKATP01,monophyletic,internal_26,3,,,,0,0,
JAKATT01,monophyletic,internal_30,3,,,,0,0,
JAKAUA01,monophyletic,internal_22,2,,,,0,0,
JAKAUB01,monophyletic,internal_29,2,,,,0,0,
JAKAUF01,monophyletic,internal_24,4,,,,0,0,
JAKAUH01,monophyletic,internal_34,8,,,,0,0,
JAKAVM01,monophyletic,internal_27,2,,,,0,0,
JAKAVN01,monophyletic,internal_31,17,,,,0,0,
JAKAVV01,monophyletic,internal_16,2,,,,0,0,
JAKAWM01,monophyletic,internal_26,3,,,,0,0,
JAKAWQ01,monophyletic,internal_40,12,,,,0,0,
JAKAXS01,monophyletic,internal_42,5,,,,0,0,
JAKAZS01,monophyletic,internal_14,3,,,,0,0,
JAKAZV01,monophyletic,internal_24,2,,,,0,0,
JAKBAE01,monophyletic,internal_22,3,,,,0,0,
JAKBAP01,monophyletic,internal_30,3,,,,0,0,
JAKBAR01,monophyletic,internal_27,3,,,,0,0,
JAKBAT01,monophyletic,internal_40,5,,,,0,0,
JAKBCQ01,monophyletic,internal_30,2,,,,0,0,
JAKBEL01,monophyletic,internal_20,3,,,,0,0,
JAKBEU01,monophyletic,internal_36,13,,,,0,0,
JAKBMM01,monophyletic,internal_25,2,,,,0,0,
JAKBUF01,monophyletic,internal_49,4,,,,0,0,
JAKCCC01,monophyletic,internal_25,2,,,,0,0,
JAKCCV01,monophyletic,internal_23,4,,,,0,0,
JAKCDU01,monophyletic,internal_34,5,,,,0,0,
JAKDLQ01,monophyletic,internal_44,2,,,,0,0,
JAKDMP01,monophyletic,internal_30,2,,,,0,0,
JAKEEG01,monophyletic,internal_36,3,,,,0,0,
JAKEEQ01,monophyletic,internal_42,2,,,,0,0,
JAKEFB01,monophyletic,internal_42,2,,,,0,0,
JAKEFD01,monophyletic,internal_26,2,,,,0,0,
JAKEFK01,monophyletic,internal_16,3,,,,0,0,
JAKEFM01,monophyletic,internal_30,3,,,,0,0,
JAKEGK01,monophyletic,internal_37,4,,,,0,0,
JAKEGN01,monophyletic,internal_43,5,,,,0,0,
JAKEHA01,monophyletic,internal_20,17,,,,0,0,
JAKEHO01,monophyletic,internal_29,2,,,,0,0,
JAKEHZ01,monophyletic,internal_23,3,,,,0,0,
JAKFDI01,monophyletic,internal_39,3,,,,0,0,
JAKFFN01,monophyletic,internal_13,3,,,,0,0,
JAKFUT01,monophyletic,internal_20,2,,,,0,0,
JAKFVA01,monophyletic,internal_38,2,,,,0,0,
JAKFVC01,monophyletic,internal_28,6,,,,0,0,
JAKFWF01,monophyletic,internal_39,11,,,,0,0,
JAKFWI01,monophyletic,internal_40,4,,,,0,0,
JAKFXL01,monophyletic,internal_34,5,,,,0,0,
JAKFXT01,monophyletic,internal_55,5,,,,0,0,
JAKFYM01,monophyletic,internal_27,6,,,,0,0,
JAKGBX01,monophyletic,internal_67,3,,,,0,0,
JAKISE01,monophyletic,internal_40,10,,,,0,0,
JAKITS01,monophyletic,internal_42,2,,,,0,0,
JAKITT01,monophyletic,internal_38,2,,,,0,0,
JAKITW01,monophyletic,internal_24,2,,,,0,0,
JAKIUO01,monophyletic,internal_31,6,,,,0,0,
JAKIYB01,monophyletic,internal_20,3,,,,0,0,
JAKIYJ01,monophyletic,internal_51,3,,,,0,0,
JAKIYU01,monophyletic,internal_51,2,,,,0,0,
JAKIZO01,monophyletic,internal_39,5,,,,0,0,
JAKJBL01,monophyletic,internal_39,2,,,,0,0,
JAKJED01,monophyletic,internal_29,3,,,,0,0,
JAKJEI01,monophyletic,internal_49,2,,,,0,0,
JAKJEP01,monophyletic,internal_28,2,,,,0,0,
JAKJGA01,monophyletic,internal_8,4,,,,0,0,
JAKJGV01,monophyletic,internal_26,2,,,,0,0,
JAKLDB01,monophyletic,internal_20,5,,,,0,0,
JAKLDO01,monophyletic,internal_19,2,,,,0,0,
JAKLDR01,monophyletic,internal_16,2,,,,0,0,
JAKLEX01,monophyletic,internal_53,5,,,,0,0,
JAKLFA01,monophyletic,internal_35,6,,,,0,0,
JAKLFE01,monophyletic,internal_20,2,,,,0,0,
JAKLFG01,monophyletic,internal_16,2,,,,0,0,
JAKLGB01,monophyletic,internal_23,3,,,,0,0,
JAKLGL01,monophyletic,internal_42,6,,,,0,0,
JAKLHL01,monophyletic,internal_21,3,,,,0,0,
JAKLHP01,monophyletic,internal_31,4,,,,0,0,
JAKLIH01,monophyletic,internal_38,6,,,,0,0,
JAKLIP01,monophyletic,internal_35,3,,,,0,0,
JAKLIU01,monophyletic,internal_24,2,,,,0,0,
JAKLIV01,monophyletic,internal_8,2,,,,0,0,
JAKLIX01,monophyletic,internal_57,4,,,,0,0,
JAKLKB01,monophyletic,internal_20,3,,,,0,0,
JAKLKR01,monophyletic,internal_22,2,,,,0,0,
JAKLKS01,monophyletic,internal_27,2,,,,0,0,
JAKLQJ01,monophyletic,internal_34,4,,,,0,0,
JAKLQR01,monophyletic,internal_35,5,,,,0,0,
JAKOND01,monophyletic,internal_45,2,,,,0,0,
JAKOQB01,monophyletic,internal_32,4,,,,0,0,
JAKORG01,monophyletic,internal_24,3,,,,0,0,
JAKORJ01,monophyletic,internal_25,2,,,,0,0,
JAKORR01,monophyletic,internal_23,2,,,,0,0,
JAKOSX01,monophyletic,internal_24,2,,,,0,0,
JAKOUY01,monophyletic,internal_39,3,,,,0,0,
JAKOVF01,monophyletic,internal_55,2,,,,0,0,
JAKOVR01,monophyletic,internal_33,2,,,,0,0,
JAKOWB01,monophyletic,internal_38,2,,,,0,0,
JAKPAM01,monophyletic,internal_33,3,,,,0,0,
JAKPBU01,monophyletic,internal_44,2,,,,0,0,
JAKPEE01,monophyletic,internal_30,2,,,,0,0,
JAKPGM01,monophyletic,internal_58,3,,,,0,0,
JAKPKF01,monophyletic,internal_27,4,,,,0,0,
JAKPMW01,monophyletic,internal_7,3,,,,0,0,
JAKPNF01,monophyletic,internal_22,2,,,,0,0,
JAKPPT01,monophyletic,internal_20,2,,,,0,0,
JAKPQE01,monophyletic,internal_37,2,,,,0,0,
JAKPRU01,monophyletic,internal_14,3,,,,0,0,
JAKPUX01,monophyletic,internal_30,5,,,,0,0,
JAKPVM01,monophyletic,internal_19,3,,,,0,0,
JAKQBR01,monophyletic,internal_21,2,,,,0,0,
JAKQCH01,monophyletic,internal_13,2,,,,0,0,
JAKQDP01,monophyletic,internal_34,2,,,,0,0,
JAKQEM01,monophyletic,internal_33,8,,,,0,0,
JAKQHR01,monophyletic,internal_22,2,,,,0,0,
JAKQHY01,monophyletic,internal_41,3,,,,0,0,
JAKQIM01,monophyletic,internal_50,2,,,,0,0,
JAKQLP01,monophyletic,internal_24,3,,,,0,0,
JAKQSH01,monophyletic,internal_24,2,,,,0,0,
JAKQTR01,monophyletic,internal_26,9,,,,0,0,
JAKQWJ01,monophyletic,internal_20,2,,,,0,0,
JAKRSD01,monophyletic,internal_50,3,,,,0,0,
JAKRSE01,monophyletic,internal_32,3,,,,0,0,
JAKSBE01,monophyletic,internal_36,3,,,,0,0,
JAKSBJ01,monophyletic,internal_48,2,,,,0,0,
JAKSBQ01,monophyletic,internal_25,3,,,,0,0,
JAKSDM01,monophyletic,internal_28,2,,,,0,0,
JAKSPM01,monophyletic,internal_48,3,,,,0,0,
JAKSRN01,monophyletic,internal_44,3,,,,0,0,
JAKSSE01,monophyletic,internal_53,2,,,,0,0,
JAKSSK01,monophyletic,internal_44,2,,,,0,0,
JAKSSM01,monophyletic,internal_46,2,,,,0,0,
JAKSSR01,monophyletic,internal_39,2,,,,0,0,
JAKSUT01,monophyletic,internal_26,2,,,,0,0,
JAKUNG01,monophyletic,internal_18,2,,,,0,0,
JAKUNN01,monophyletic,internal_31,4,,,,0,0,
JAKVAV01,monophyletic,internal_44,9,,,,0,0,
JAKVBB01,monophyletic,internal_28,2,,,,0,0,
JAKVBD01,monophyletic,internal_17,2,,,,0,0,
JAKVBH01,monophyletic,internal_65,2,,,,0,0,
JAKVBQ01,monophyletic,internal_30,2,,,,0,0,
JAKVCB01,monophyletic,internal_35,3,,,,0,0,
JAKVCE01,monophyletic,internal_35,3,,,,0,0,
JAKVCP01,monophyletic,internal_65,2,,,,0,0,
JAKVJE01,monophyletic,internal_45,2,,,,0,0,
JAKVKY01,monophyletic,internal_27,2,,,,0,0,
JAKYXN01,monophyletic,internal_26,2,,,,0,0,
JAKZRT01,monophyletic,internal_55,2,,,,0,0,
JAKZSU01,monophyletic,internal_38,2,,,,0,0,
JAKZVK01,monophyletic,internal_25,4,,,,0,0,
JALCLA01,monophyletic,internal_33,3,,,,0,0,
JALCQC01,monophyletic,internal_45,3,,,,0,0,
JALCRY01,monophyletic,internal_43,4,,,,0,0,
JALCSJ01,monophyletic,internal_29,2,,,,0,0,
JALCUE01,monophyletic,internal_28,2,,,,0,0,
JALEFZ01,monophyletic,internal_39,5,,,,0,0,
JALEGB01,monophyletic,internal_33,4,,,,0,0,
JALEGL01,monophyletic,internal_23,2,,,,0,0,
JALEHC01,monophyletic,internal_52,2,,,,0,0,
JALELF01,monophyletic,internal_28,4,,,,0,0,
JALELV01,monophyletic,internal_41,2,,,,0,0,
JALENY01,monophyletic,internal_52,3,,,,0,0,
JALEPO01,monophyletic,internal_43,5,,,,0,0,
JALEVB01,monophyletic,internal_25,6,,,,0,0,
JALFVM01,monophyletic,internal_55,3,,,,0,0,
JALGTD01,monophyletic,internal_26,8,,,,0,0,
JALGTV01,monophyletic,internal_26,3,,,,0,0,
JALGVA01,monophyletic,internal_24,3,,,,0,0,
JALGVG01,monophyletic,internal_24,2,,,,0,0,
JALGVN01,monophyletic,internal_20,3,,,,0,0,
JALGVT01,monophyletic,internal_26,2,,,,0,0,
JALGWA01,monophyletic,internal_16,3,,,,0,0,
JALGWB01,monophyletic,internal_18,2,,,,0,0,
JALGWN01,monophyletic,internal_20,2,,,,0,0,
JALGXY01,monophyletic,internal_32,2,,,,0,0,
JALGZG01,monophyletic,internal_19,8,,,,0,0,
JALHFZ01,monophyletic,internal_26,3,,,,0,0,
JALHJL01,monophyletic,internal_35,2,,,,0,0,
JALHLM01,monophyletic,internal_29,3,,,,0,0,
JALHMH01,monophyletic,internal_30,2,,,,0,0,
JALHMI01,monophyletic,internal_33,4,,,,0,0,
JALHMQ01,monophyletic,internal_30,7,,,,0,0,
JALHNF01,monophyletic,internal_49,4,,,,0,0,
JALHNI01,monophyletic,internal_36,8,,,,0,0,
JALHNM01,monophyletic,internal_32,2,,,,0,0,
JALHNY01,monophyletic,internal_52,2,,,,0,0,
JALHOE01,monophyletic,internal_29,3,,,,0,0,
JALHOM01,monophyletic,internal_34,7,,,,0,0,
JALHOP01,monophyletic,internal_25,4,,,,0,0,
JALHOQ01,monophyletic,internal_30,18,,,,0,0,
JALHOR01,monophyletic,internal_48,3,,,,0,0,
JALHOX01,monophyletic,internal_29,3,,,,0,0,
JALHPC01,monophyletic,internal_33,2,,,,0,0,
JALHQU01,monophyletic,internal_29,20,,,,0,0,
JALHRI01,monophyletic,internal_31,2,,,,0,0,
JALHST01,monophyletic,internal_62,3,,,,0,0,
JALHSV01,monophyletic,internal_39,4,,,,0,0,
JALHSW01,monophyletic,internal_37,4,,,,0,0,
JALHTV01,monophyletic,internal_29,3,,,,0,0,
JALHUB01,monophyletic,internal_34,9,,,,0,0,
JALHUC01,monophyletic,internal_18,3,,,,0,0,
JALHUF01,monophyletic,internal_24,3,,,,0,0,
JALHVH01,monophyletic,internal_26,8,,,,0,0,
JALHWS01,monophyletic,internal_33,2,,,,0,0,
JALJPB01,monophyletic,internal_47,3,,,,0,0,
JALJZY01,monophyletic,internal_45,2,,,,0,0,
JALLOL01,monophyletic,internal_24,2,,,,0,0,
JALLOO01,monophyletic,internal_38,2,,,,0,0,
JALNXB01,monophyletic,internal_22,4,,,,0,0,
JALNXD01,monophyletic,internal_30,2,,,,0,0,
JALNXF01,monophyletic,internal_27,2,,,,0,0,
JALNXV01,monophyletic,internal_21,2,,,,0,0,
JALNZF01,monophyletic,internal_30,9,,,,0,0,
JALNZU01,monophyletic,internal_58,21,,,,0,0,
JALOAF01,monophyletic,internal_31,9,,,,0,0,
JALOAG01,monophyletic,internal_37,3,,,,0,0,
JALOAP01,monophyletic,internal_41,3,,,,0,0,
JALOAR01,monophyletic,internal_51,4,,,,0,0,
JALOAT01,monophyletic,internal_39,5,,,,0,0,
JALOBQ01,monophyletic,internal_47,2,,,,0,0,
JALOKP01,monophyletic,internal_16,5,,,,0,0,
JALOLG01,monophyletic,internal_37,4,,,,0,0,
JALOLV01,monophyletic,internal_43,2,,,,0,0,
JALONH01,monophyletic,internal_42,2,,,,0,0,
JALONO01,monophyletic,internal_38,3,,,,0,0,
JALOOB01,monophyletic,internal_35,8,,,,0,0,
JALOOE01,monophyletic,internal_37,2,,,,0,0,
JALOOX01,monophyletic,internal_32,5,,,,0,0,
JALOPX01,monophyletic,internal_28,3,,,,0,0,
JALOPZ01,monophyletic,internal_21,2,,,,0,0,
JALOQM01,monophyletic,internal_55,2,,,,0,0,
JALORV01,monophyletic,internal_30,19,,,,0,0,
JALOTE01,monophyletic,internal_40,3,,,,0,0,
JALOTT01,monophyletic,internal_36,2,,,,0,0,
JALOTU01,monophyletic,internal_31,3,,,,0,0,
JALQTD01,monophyletic,internal_48,6,,,,0,0,
JALQTG01,monophyletic,internal_47,2,,,,0,0,
JALQTV01,monophyletic,internal_52,2,,,,0,0,
JALQTW01,monophyletic,internal_26,2,,,,0,0,
JALQUD01,monophyletic,internal_39,2,,,,0,0,
JALQUL01,monophyletic,internal_37,3,,,,0,0,
JALQUO01,monophyletic,internal_27,4,,,,0,0,
JALQXV01,monophyletic,internal_33,5,,,,0,0,
JALRAP01,monophyletic,internal_57,6,,,,0,0,
JALRBM01,monophyletic,internal_41,5,,,,0,0,
JALRGP01,monophyletic,internal_22,2,,,,0,0,
JALRHH01,monophyletic,internal_36,5,,,,0,0,
JALRIJ01,monophyletic,internal_46,2,,,,0,0,
JALRJW01,monophyletic,internal_28,3,,,,0,0,
JALRKI01,monophyletic,internal_54,4,,,,0,0,
JALRLA01,monophyletic,internal_39,4,,,,0,0,
JALSHZ01,monophyletic,internal_32,5,,,,0,0,
JALSJK01,monophyletic,internal_37,4,,,,0,0,
JALSKU01,monophyletic,internal_20,11,,,,0,0,
JALSKY01,monophyletic,internal_27,2,,,,0,0,
JALSNJ01,monophyletic,internal_18,4,,,,0,0,
JALSNL01,monophyletic,internal_40,2,,,,0,0,
JALSPZ01,monophyletic,internal_45,3,,,,0,0,
JALSQW01,monophyletic,internal_29,2,,,,0,0,
JALSRD01,monophyletic,internal_33,4,,,,0,0,
JALSRK01,monophyletic,internal_31,2,,,,0,0,
JALSRW01,monophyletic,internal_40,4,,,,0,0,
JALSRY01,monophyletic,internal_32,6,,,,0,0,
JALSSH01,monophyletic,internal_48,2,,,,0,0,
JALSSV01,monophyletic,internal_42,2,,,,0,0,
JALSSX01,monophyletic,internal_35,3,,,,0,0,
JALSTN01,monophyletic,internal_54,2,,,,0,0,
JALSVQ01,monophyletic,internal_42,2,,,,0,0,
JALTBU01,monophyletic,internal_18,10,,,,0,0,
JALTDM01,monophyletic,internal_49,4,,,,0,0,
JALTHG01,monophyletic,internal_27,2,,,,0,0,
JALTMS01,monophyletic,internal_18,2,,,,0,0,
JALUBW01,monophyletic,internal_44,2,,,,0,0,
JALUTW01,monophyletic,internal_36,2,,,,0,0,
JALUUA01,monophyletic,internal_21,2,,,,0,0,
JALUUH01,monophyletic,internal_36,2,,,,0,0,
JALUUO01,monophyletic,internal_23,2,,,,0,0,
JALUWO01,monophyletic,internal_28,2,,,,0,0,
JALUXI01,monophyletic,internal_33,2,,,,0,0,
JALUZX01,monophyletic,internal_27,3,,,,0,0,
JALVCQ01,monophyletic,internal_27,2,,,,0,0,
JALVDI01,monophyletic,internal_40,3,,,,0,0,
JALVDO01,monophyletic,internal_50,2,,,,0,0,
JALVEU01,monophyletic,internal_28,2,,,,0,0,
JALVIB01,monophyletic,internal_22,3,,,,0,0,
JALVIU01,monophyletic,internal_15,2,,,,0,0,
JALVMN01,monophyletic,internal_29,2,,,,0,0,
JALVPA01,monophyletic,internal_24,2,,,,0,0,
JALVPF01,monophyletic,internal_23,2,,,,0,0,
JALVPX01,monophyletic,internal_25,3,,,,0,0,
JALVQA01,monophyletic,internal_31,4,,,,0,0,
JALVQM01,monophyletic,internal_35,3,,,,0,0,
JALVTX01,monophyletic,internal_23,3,,,,0,0,
JALVZP01,monophyletic,internal_24,3,,,,0,0,
JALWEJ01,monophyletic,internal_24,2,,,,0,0,
JALWEZ01,monophyletic,internal_35,3,,,,0,0,
JALWJW01,monophyletic,internal_35,4,,,,0,0,
JALWOP01,monophyletic,internal_39,2,,,,0,0,
JALWQU01,monophyletic,internal_26,3,,,,0,0,
JALWSI01,monophyletic,internal_18,3,,,,0,0,
JALWZX01,monophyletic,internal_24,2,,,,0,0,
JALXAG01,monophyletic,internal_37,2,,,,0,0,
JALXCH01,monophyletic,internal_24,2,,,,0,0,
JALXDT01,monophyletic,internal_19,4,,,,0,0,
JALYGD01,monophyletic,internal_24,2,,,,0,0,
JALYGJ01,monophyletic,internal_24,32,,,,0,0,
JALYGK01,monophyletic,internal_25,3,,,,0,0,
JALYGY01,monophyletic,internal_24,8,,,,0,0,
JALYHQ01,monophyletic,internal_32,2,,,,0,0,
JALYIM01,monophyletic,internal_36,3,,,,0,0,
JALYJG01,monophyletic,internal_38,2,,,,0,0,
JALYJZ01,monophyletic,internal_19,7,,,,0,0,
JALYKU01,monophyletic,internal_19,3,,,,0,0,
JALYKW01,monophyletic,internal_36,2,,,,0,0,
JALYLC01,monophyletic,internal_25,10,,,,0,0,
JALYLM01,monophyletic,internal_33,2,,,,0,0,
JALYMB01,monophyletic,internal_32,4,,,,0,0,
JALYNX01,monophyletic,internal_31,14,,,,0,0,
JALYOC01,monophyletic,internal_30,2,,,,0,0,
JALYOK01,monophyletic,internal_39,10,,,,0,0,
JALYOU01,monophyletic,internal_43,5,,,,0,0,
JALYQB01,monophyletic,internal_35,2,,,,0,0,
JALYQM01,monophyletic,internal_20,3,,,,0,0,
JALYQY01,monophyletic,internal_31,2,,,,0,0,
JALYRK01,monophyletic,internal_32,2,,,,0,0,
JALYRV01,monophyletic,internal_20,4,,,,0,0,
JALYSK01,monophyletic,internal_25,2,,,,0,0,
JALYSX01,monophyletic,internal_23,6,,,,0,0,
JALYTT01,monophyletic,internal_20,2,,,,0,0,
JALYTY01,monophyletic,internal_25,6,,,,0,0,
JALYTZ01,monophyletic,internal_23,3,,,,0,0,
JALYUA01,monophyletic,internal_23,15,,,,0,0,
JALYUM01,monophyletic,internal_43,2,,,,0,0,
JALYUS01,monophyletic,internal_23,11,,,,0,0,
JALYVT01,monophyletic,internal_19,2,,,,0,0,
JALYXI01,monophyletic,internal_31,9,,,,0,0,
JALYXS01,monophyletic,internal_30,2,,,,0,0,
JALYXV01,monophyletic,internal_28,5,,,,0,0,
JALYYC01,monophyletic,internal_18,7,,,,0,0,
JALYZC01,monophyletic,internal_31,5,,,,0,0,
JALYZS01,monophyletic,internal_16,2,,,,0,0,
JALZAA01,monophyletic,internal_32,19,,,,0,0,
JALZAE01,monophyletic,internal_28,3,,,,0,0,
JALZAH01,monophyletic,internal_30,4,,,,0,0,
JALZAI01,monophyletic,internal_40,3,,,,0,0,
JALZAQ01,monophyletic,internal_28,2,,,,0,0,
JALZBL01,monophyletic,internal_35,2,,,,0,0,
JALZBN01,monophyletic,internal_28,2,,,,0,0,
JALZCH01,monophyletic,internal_22,6,,,,0,0,
JALZDI01,monophyletic,internal_43,3,,,,0,0,
JALZEG01,monophyletic,internal_26,7,,,,0,0,
JALZEK01,monophyletic,internal_25,2,,,,0,0,
JALZFG01,monophyletic,internal_31,2,,,,0,0,
JALZFU01,monophyletic,internal_30,2,,,,0,0,
JALZGD01,monophyletic,internal_27,3,,,,0,0,
JALZHR01,monophyletic,internal_24,5,,,,0,0,
JALZIF01,monophyletic,internal_29,5,,,,0,0,
JALZKA01,monophyletic,internal_30,19,,,,0,0,
JALZMG01,monophyletic,internal_36,26,,,,0,0,
JALZOC01,monophyletic,internal_29,26,,,,0,0,
JALZUE01,monophyletic,internal_43,3,,,,0,0,
JALZUR01,monophyletic,internal_26,5,,,,0,0,
JALZUU01,monophyletic,internal_50,10,,,,0,0,
JALZUV01,monophyletic,internal_28,4,,,,0,0,
JALZVN01,monophyletic,internal_48,8,,,,0,0,
JALZVT01,monophyletic,internal_49,5,,,,0,0,
JALZWD01,monophyletic,internal_66,3,,,,0,0,
JAMBLL01,monophyletic,internal_29,10,,,,0,0,
JAMCPL01,monophyletic,internal_31,5,,,,0,0,
JAMCQB01,monophyletic,internal_30,3,,,,0,0,
JAMCQP01,monophyletic,internal_19,2,,,,0,0,
JAMCQZ01,monophyletic,internal_48,3,,,,0,0,
JAMCRC01,monophyletic,internal_46,4,,,,0,0,
JAMCRD01,monophyletic,internal_50,3,,,,0,0,
JAMCRM01,monophyletic,internal_28,2,,,,0,0,
JAMCRP01,monophyletic,internal_30,2,,,,0,0,
JAMCSD01,monophyletic,internal_37,2,,,,0,0,
JAMCTM01,monophyletic,internal_33,2,,,,0,0,
JAMCUI01,monophyletic,internal_32,2,,,,0,0,
JAMCVD01,monophyletic,internal_19,3,,,,0,0,
JAMCVM01,monophyletic,internal_29,2,,,,0,0,
JAMCVZ01,monophyletic,internal_32,2,,,,0,0,
JAMCWF01,monophyletic,internal_21,2,,,,0,0,
JAMCXS01,monophyletic,internal_22,5,,,,0,0,
JAMCZC01,monophyletic,internal_36,3,,,,0,0,
JAMCZG01,monophyletic,internal_31,2,,,,0,0,
JAMCZK01,monophyletic,internal_51,23,,,,0,0,
JAMCZU01,monophyletic,internal_26,3,,,,0,0,
JAMCZZ01,monophyletic,internal_26,2,,,,0,0,
JAMDAP01,monophyletic,internal_20,2,,,,0,0,
JAMDAS01,monophyletic,internal_19,2,,,,0,0,
JAMDBA01,monophyletic,internal_45,2,,,,0,0,
JAMDCW01,monophyletic,internal_18,2,,,,0,0,
JAMDCX01,monophyletic,internal_25,10,,,,0,0,
JAMDDA01,monophyletic,internal_24,2,,,,0,0,
JAMDDL01,monophyletic,internal_18,6,,,,0,0,
JAMDEL01,monophyletic,internal_31,3,,,,0,0,
JAMDEO01,monophyletic,internal_26,2,,,,0,0,
JAMHWF01,monophyletic,internal_34,4,,,,0,0,
JAMHZE01,monophyletic,internal_29,4,,,,0,0,
JAMIFN01,monophyletic,internal_35,4,,,,0,0,
JAMIGE01,monophyletic,internal_52,4,,,,0,0,
JAMLGJ01,monophyletic,internal_36,6,,,,0,0,
JAMLGR01,monophyletic,internal_30,2,,,,0,0,
JAMLHH01,monophyletic,internal_41,6,,,,0,0,
JAMLHN01,monophyletic,internal_32,7,,,,0,0,
JAMLIA01,monophyletic,internal_29,4,,,,0,0,
JAMLIC01,monophyletic,internal_29,2,,,,0,0,
JAMLIN01,monophyletic,internal_35,5,,,,0,0,
JAMLIO01,monophyletic,internal_27,5,,,,0,0,
JAMLJG01,monophyletic,internal_24,7,,,,0,0,
JAMONC01,monophyletic,internal_20,2,,,,0,0,
JAMOQA01,monophyletic,internal_16,3,,,,0,0,
JAMOQF01,monophyletic,internal_15,2,,,,0,0,
JAMOTU01,monophyletic,internal_22,2,,,,0,0,
JAMPGF01,monophyletic,internal_49,3,,,,0,0,
JAMPXD01,monophyletic,internal_27,4,,,,0,0,
JAMPXJ01,monophyletic,internal_35,2,,,,0,0,
JAMPXM01,monophyletic,internal_29,2,,,,0,0,
JAMQKA01,monophyletic,internal_31,5,,,,0,0,
JAMQPK01,monophyletic,internal_21,25,,,,0,0,
JAMWBQ01,monophyletic,internal_28,2,,,,0,0,
JAMWCI01,monophyletic,internal_43,2,,,,0,0,
JAMWCX01,monophyletic,internal_34,2,,,,0,0,
JAMWDF01,monophyletic,internal_19,3,,,,0,0,
JAMWDI01,monophyletic,internal_23,11,,,,0,0,
JAMWZF01,monophyletic,internal_63,3,,,,0,0,
JAMXLG01,monophyletic,internal_27,7,,,,0,0,
JAMXLJ01,monophyletic,internal_27,4,,,,0,0,
JAMXLL01,monophyletic,internal_34,4,,,,0,0,
JAMXLO01,monophyletic,internal_43,35,,,,0,0,
JAMZMI01,monophyletic,internal_49,7,,,,0,0,
JANBVL01,monophyletic,internal_39,4,,,,0,0,
JANDLT01,monophyletic,internal_22,2,,,,0,0,
JANELJ01,monophyletic,internal_32,7,,,,0,0,
JANEMG01,monophyletic,internal_35,2,,,,0,0,
JANFXS01,monophyletic,internal_37,2,,,,0,0,
JANJTB01,monophyletic,internal_39,5,,,,0,0,
JANJTV01,monophyletic,internal_52,2,,,,0,0,
JANJTY01,monophyletic,internal_32,2,,,,0,0,
JANJUB01,monophyletic,internal_31,7,,,,0,0,
JANJUO01,monophyletic,internal_37,2,,,,0,0,
JANJWP01,monophyletic,internal_27,6,,,,0,0,
JANLFM01,monophyletic,internal_15,2,,,,0,0,
JANLFO01,monophyletic,internal_31,2,,,,0,0,
JANLFP01,monophyletic,internal_22,2,,,,0,0,
JANLFV01,monophyletic,internal_17,3,,,,0,0,
JANLFZ01,monophyletic,internal_31,3,,,,0,0,
JANLGW01,monophyletic,internal_34,5,,,,0,0,
JANLHG01,monophyletic,internal_59,2,,,,0,0,
JANLHH01,monophyletic,internal_47,2,,,,0,0,
JANLIO01,monophyletic,internal_40,2,,,,0,0,
JANLIQ01,monophyletic,internal_27,6,,,,0,0,
JANLIR01,monophyletic,internal_43,2,,,,0,0,
JANLQB01,monophyletic,internal_33,5,,,,0,0,
JANLQX01,monophyletic,internal_24,9,,,,0,0,
JANLSE01,monophyletic,internal_26,2,,,,0,0,
JANLTE01,monophyletic,internal_28,2,,,,0,0,
JANLTP01,monophyletic,internal_33,2,,,,0,0,
JANLTX01,monophyletic,internal_28,2,,,,0,0,
JANLUN01,monophyletic,internal_35,3,,,,0,0,
JANLUX01,monophyletic,internal_55,3,,,,0,0,
JANLVI01,monophyletic,internal_21,2,,,,0,0,
JANLVJ01,monophyletic,internal_50,2,,,,0,0,
JANLWK01,monophyletic,internal_25,3,,,,0,0,
JANLWX01,monophyletic,internal_26,2,,,,0,0,
JANLWZ01,monophyletic,internal_31,4,,,,0,0,
JANLYC01,monophyletic,internal_46,8,,,,0,0,
JANMAT01,monophyletic,internal_30,2,,,,0,0,
JANMCE01,monophyletic,internal_31,5,,,,0,0,
JANMDR01,monophyletic,internal_40,3,,,,0,0,
JANMDS01,monophyletic,internal_34,2,,,,0,0,
JANMDU01,monophyletic,internal_36,15,,,,0,0,
JANMEB01,monophyletic,internal_37,5,,,,0,0,
JANMES01,monophyletic,internal_27,3,,,,0,0,
JANMEX01,monophyletic,internal_40,11,,,,0,0,
JANMGV01,monophyletic,internal_38,3,,,,0,0,
JANMJD01,monophyletic,internal_33,4,,,,0,0,
JANMMJ01,monophyletic,internal_40,2,,,,0,0,
JANMOK01,monophyletic,internal_39,3,,,,0,0,
JANMTH01,monophyletic,internal_44,2,,,,0,0,
JANMVQ01,monophyletic,internal_37,3,,,,0,0,
JANMZO01,monophyletic,internal_26,5,,,,0,0,
JANMZR01,monophyletic,internal_40,2,,,,0,0,
JANNAT01,monophyletic,internal_69,3,,,,0,0,
JANNBC01,monophyletic,internal_27,2,,,,0,0,
JANNBN01,monophyletic,internal_25,5,,,,0,0,
JANNFJ01,monophyletic,internal_35,2,,,,0,0,
JANNFX01,monophyletic,internal_45,4,,,,0,0,
JANNGC01,monophyletic,internal_27,12,,,,0,0,
JANNHK01,monophyletic,internal_34,3,,,,0,0,
JANNJE01,monophyletic,internal_31,2,,,,0,0,
JANNJF01,monophyletic,internal_24,5,,,,0,0,
JANNMJ01,monophyletic,internal_40,4,,,,0,0,
JANNNF01,monophyletic,internal_71,3,,,,0,0,
JANNNX01,monophyletic,internal_24,2,,,,0,0,
JANNOG01,monophyletic,internal_39,4,,,,0,0,
JANNPJ01,monophyletic,internal_39,3,,,,0,0,
JANNRD01,monophyletic,internal_22,2,,,,0,0,
JANNRR01,monophyletic,internal_55,2,,,,0,0,
JANNSB01,monophyletic,internal_27,2,,,,0,0,
JANNSO01,monophyletic,internal_22,2,,,,0,0,
JANNSW01,monophyletic,internal_35,2,,,,0,0,
JANNSX01,monophyletic,internal_35,4,,,,0,0,
JANNUT01,monophyletic,internal_16,3,,,,0,0,
JANNVK01,monophyletic,internal_27,3,,,,0,0,
JANNVZ01,monophyletic,internal_46,5,,,,0,0,
JANNWF01,monophyletic,internal_34,6,,,,0,0,
JANNXQ01,monophyletic,internal_35,4,,,,0,0,
JANNXY01,monophyletic,internal_54,3,,,,0,0,
JANNYA01,monophyletic,internal_28,7,,,,0,0,
JANOGR01,monophyletic,internal_34,2,,,,0,0,
JANOGU01,monophyletic,internal_62,3,,,,0,0,
JANOMH01,monophyletic,internal_70,2,,,,0,0,
JANOQP01,monophyletic,internal_51,2,,,,0,0,
JANOTL01,monophyletic,internal_33,2,,,,0,0,
JANOWZ01,monophyletic,internal_18,2,,,,0,0,
JANOXC01,monophyletic,internal_55,3,,,,0,0,
JANOYJ01,monophyletic,internal_40,5,,,,0,0,
JANOYY01,monophyletic,internal_25,3,,,,0,0,
JANPBY01,monophyletic,internal_33,6,,,,0,0,
JANPCX01,monophyletic,internal_42,6,,,,0,0,
JANPEF01,monophyletic,internal_22,6,,,,0,0,
JANPGR01,monophyletic,internal_54,2,,,,0,0,
JANPIX01,monophyletic,internal_65,2,,,,0,0,
JANPKQ01,monophyletic,internal_26,3,,,,0,0,
JANPLD01,monophyletic,internal_30,3,,,,0,0,
JANPLG01,monophyletic,internal_21,2,,,,0,0,
JANPLN01,monophyletic,internal_29,6,,,,0,0,
JANPPS01,monophyletic,internal_41,7,,,,0,0,
JANQEA01,monophyletic,internal_21,8,,,,0,0,
JANQEB01,monophyletic,internal_20,3,,,,0,0,
JANQEU01,monophyletic,internal_49,4,,,,0,0,
JANQFM01,monophyletic,internal_21,3,,,,0,0,
JANQFT01,monophyletic,internal_26,2,,,,0,0,
JANQFV01,monophyletic,internal_33,4,,,,0,0,
JANQFW01,monophyletic,internal_18,3,,,,0,0,
JANQGG01,monophyletic,internal_28,2,,,,0,0,
JANQGH01,monophyletic,internal_34,4,,,,0,0,
JANQGL01,monophyletic,internal_31,2,,,,0,0,
JANQGO01,monophyletic,internal_35,3,,,,0,0,
JANQGS01,monophyletic,internal_19,2,,,,0,0,
JANQGV01,monophyletic,internal_29,2,,,,0,0,
JANQHD01,monophyletic,internal_26,2,,,,0,0,
JANQHO01,monophyletic,internal_44,2,,,,0,0,
JANQHS01,monophyletic,internal_37,4,,,,0,0,
JANQIO01,monophyletic,internal_46,11,,,,0,0,
JANQIV01,monophyletic,internal_39,2,,,,0,0,
JANQJA01,monophyletic,internal_48,6,,,,0,0,
JANQJD01,monophyletic,internal_32,3,,,,0,0,
JANQKO01,monophyletic,internal_36,2,,,,0,0,
JANQKX01,monophyletic,internal_38,2,,,,0,0,
JANQLC01,monophyletic,internal_41,2,,,,0,0,
JANQLF01,monophyletic,internal_19,2,,,,0,0,
JANQLU01,monophyletic,internal_39,2,,,,0,0,
JANQMX01,monophyletic,internal_39,3,,,,0,0,
JANQMY01,monophyletic,internal_39,4,,,,0,0,
JANQNA01,monophyletic,internal_38,2,,,,0,0,
JANQNX01,monophyletic,internal_35,5,,,,0,0,
JANQOC01,monophyletic,internal_35,2,,,,0,0,
JANQOH01,monophyletic,internal_36,6,,,,0,0,
JANQOS01,monophyletic,internal_57,2,,,,0,0,
JANQOZ01,monophyletic,internal_32,7,,,,0,0,
JANQPA01,monophyletic,internal_51,5,,,,0,0,
JANQPC01,monophyletic,internal_59,2,,,,0,0,
JANQPD01,monophyletic,internal_42,2,,,,0,0,
JANQPX01,monophyletic,internal_36,9,,,,0,0,
JANQQB01,monophyletic,internal_34,2,,,,0,0,
JANQQC01,monophyletic,internal_41,4,,,,0,0,
JANQQJ01,monophyletic,internal_40,2,,,,0,0,
JANQQN01,monophyletic,internal_28,2,,,,0,0,
JANQQZ01,monophyletic,internal_36,8,,,,0,0,
JANQRA01,monophyletic,internal_36,22,,,,0,0,
JANQRC01,monophyletic,internal_53,2,,,,0,0,
JANQRN01,monophyletic,internal_39,2,,,,0,0,
JANQRO01,monophyletic,internal_28,2,,,,0,0,
JANQRT01,monophyletic,internal_29,2,,,,0,0,
JANQRV01,monophyletic,internal_52,2,,,,0,0,
JANQRX01,monophyletic,internal_43,2,,,,0,0,
JANQRZ01,monophyletic,internal_31,5,,,,0,0,
JANQSP01,monophyletic,internal_28,15,,,,0,0,
JANQSR01,monophyletic,internal_25,2,,,,0,0,
JANQSS01,monophyletic,internal_50,2,,,,0,0,
JANQTF01,monophyletic,internal_39,4,,,,0,0,
JANQUM01,monophyletic,internal_45,2,,,,0,0,
JANRJT01,monophyletic,internal_33,2,,,,0,0,
JANRKF01,monophyletic,internal_29,3,,,,0,0,
JANRKH01,monophyletic,internal_29,4,,,,0,0,
JANRLH01,monophyletic,internal_20,2,,,,0,0,
JANRLJ01,monophyletic,internal_46,2,,,,0,0,
JANRLT01,monophyletic,internal_31,3,,,,0,0,
JANRMB01,monophyletic,internal_17,2,,,,0,0,
JANSWO01,monophyletic,internal_49,2,,,,0,0,
JANSWP01,monophyletic,internal_51,2,,,,0,0,
JANSWY01,monophyletic,internal_44,6,,,,0,0,
JANSXG01,monophyletic,internal_32,6,,,,0,0,
JANSXY01,monophyletic,internal_57,2,,,,0,0,
JANSYA01,monophyletic,internal_14,3,,,,0,0,
JANSYC01,monophyletic,internal_29,2,,,,0,0,
JANSYL01,monophyletic,internal_64,5,,,,0,0,
JANSYP01,monophyletic,internal_57,4,,,,0,0,
JANTFJ01,monophyletic,internal_26,2,,,,0,0,
JANTFM01,monophyletic,internal_18,2,,,,0,0,
JANTFQ01,monophyletic,internal_28,2,,,,0,0,
JANTGF01,monophyletic,internal_61,4,,,,0,0,
JANTGJ01,monophyletic,internal_28,2,,,,0,0,
JANTGN01,monophyletic,internal_28,2,,,,0,0,
JANTGR01,monophyletic,internal_28,3,,,,0,0,
JANTHH01,monophyletic,internal_38,2,,,,0,0,
JANTHQ01,monophyletic,internal_34,7,,,,0,0,
JANWHF01,monophyletic,internal_31,2,,,,0,0,
JANWHQ01,monophyletic,internal_38,6,,,,0,0,
JANWHV01,monophyletic,internal_18,5,,,,0,0,
JANWHZ01,monophyletic,internal_41,6,,,,0,0,
JANWIW01,monophyletic,internal_49,2,,,,0,0,
JANWJD01,monophyletic,internal_24,3,,,,0,0,
JANWJE01,monophyletic,internal_31,4,,,,0,0,
JANWKA01,monophyletic,internal_42,3,,,,0,0,
JANWKQ01,monophyletic,internal_50,4,,,,0,0,
JANWLD01,monophyletic,internal_33,6,,,,0,0,
JANWLL01,monophyletic,internal_17,3,,,,0,0,
JANWVB01,monophyletic,internal_29,2,,,,0,0,
JANWVD01,monophyletic,internal_26,2,,,,0,0,
JANWVE01,monophyletic,internal_26,3,,,,0,0,
JANWVO01,monophyletic,internal_34,10,,,,0,0,
JANWWM01,monophyletic,internal_27,6,,,,0,0,
JANWWQ01,monophyletic,internal_49,2,,,,0,0,
JANWWR01,monophyletic,internal_21,2,,,,0,0,
JANWXD01,monophyletic,internal_27,3,,,,0,0,
JANWXQ01,monophyletic,internal_39,2,,,,0,0,
JANWXR01,monophyletic,internal_41,5,,,,0,0,
JANWXX01,monophyletic,internal_31,3,,,,0,0,
JANWYQ01,monophyletic,internal_35,2,,,,0,0,
JANWYT01,monophyletic,internal_49,5,,,,0,0,
JANWYU01,monophyletic,internal_27,2,,,,0,0,
JANWZD01,monophyletic,internal_21,4,,,,0,0,
JANWZH01,monophyletic,internal_47,2,,,,0,0,
JANWZL01,monophyletic,internal_46,8,,,,0,0,
JANXAQ01,monophyletic,internal_29,3,,,,0,0,
JANXAZ01,monophyletic,internal_41,9,,,,0,0,
JANXBB01,monophyletic,internal_22,2,,,,0,0,
JANXBS01,monophyletic,internal_29,2,,,,0,0,
JANXCC01,monophyletic,internal_20,14,,,,0,0,
JANXCM01,monophyletic,internal_40,3,,,,0,0,
JANXDC01,monophyletic,internal_25,2,,,,0,0,
JANXDG01,monophyletic,internal_26,8,,,,0,0,
JANXLO01,monophyletic,internal_28,5,,,,0,0,
JANXLS01,monophyletic,internal_23,4,,,,0,0,
JANXLV01,monophyletic,internal_34,2,,,,0,0,
JANXMY01,monophyletic,internal_24,24,,,,0,0,
JANXPB01,monophyletic,internal_15,9,,,,0,0,
JANXPS01,monophyletic,internal_18,3,,,,0,0,
JANXPZ01,monophyletic,internal_29,8,,,,0,0,
JANXQE01,monophyletic,internal_39,3,,,,0,0,
JANXQG01,monophyletic,internal_32,12,,,,0,0,
JANXQZ01,monophyletic,internal_31,3,,,,0,0,
JANXSD01,monophyletic,internal_56,4,,,,0,0,
JANXSF01,monophyletic,internal_36,8,,,,0,0,
JANXSG01,monophyletic,internal_26,2,,,,0,0,
JANXSS01,monophyletic,internal_36,6,,,,0,0,
JANXSV01,monophyletic,internal_42,4,,,,0,0,
JANXTF01,monophyletic,internal_41,2,,,,0,0,
JANXTZ01,monophyletic,internal_19,6,,,,0,0,
JANXUC01,monophyletic,internal_27,5,,,,0,0,
JANXUF01,monophyletic,internal_31,2,,,,0,0,
JANXUR01,monophyletic,internal_25,2,,,,0,0,
JANXVR01,monophyletic,internal_35,6,,,,0,0,
JANXVV01,monophyletic,internal_28,3,,,,0,0,
JANXVY01,monophyletic,internal_41,7,,,,0,0,
JANXXV01,monophyletic,internal_34,4,,,,0,0,
JANXYW01,monophyletic,internal_36,6,,,,0,0,
JANXYY01,monophyletic,internal_32,2,,,,0,0,
JANXZO01,monophyletic,internal_60,2,,,,0,0,
JANXZS01,monophyletic,internal_30,6,,,,0,0,
JANYAK01,monophyletic,internal_22,4,,,,0,0,
JANYBT01,monophyletic,internal_28,2,,,,0,0,
JANYBV01,monophyletic,internal_33,4,,,,0,0,
JANYCD01,monophyletic,internal_40,3,,,,0,0,
JANYCG01,monophyletic,internal_48,25,,,,0,0,
JANYCO01,monophyletic,internal_42,7,,,,0,0,
JANYGA01,monophyletic,internal_26,3,,,,0,0,
JANYGI01,monophyletic,internal_39,2,,,,0,0,
JANYGM01,monophyletic,internal_39,4,,,,0,0,
JANYHF01,monophyletic,internal_36,5,,,,0,0,
JANYHH01,monophyletic,internal_20,2,,,,0,0,
JANYHK01,monophyletic,internal_35,3,,,,0,0,
JANYHQ01,monophyletic,internal_25,2,,,,0,0,
JANYHY01,monophyletic,internal_37,4,,,,0,0,
JANYIP01,monophyletic,internal_37,3,,,,0,0,
JANYJA01,monophyletic,internal_31,2,,,,0,0,
JANYJJ01,monophyletic,internal_42,6,,,,0,0,
JANYJZ01,monophyletic,internal_39,2,,,,0,0,
JANYKC01,monophyletic,internal_21,2,,,,0,0,
JANYKD01,monophyletic,internal_33,4,,,,0,0,
JANYKT01,monophyletic,internal_27,2,,,,0,0,
JANYLB01,monophyletic,internal_29,5,,,,0,0,
JANYLD01,monophyletic,internal_30,2,,,,0,0,
JANYLN01,monophyletic,internal_23,3,,,,0,0,
JANZZP01,monophyletic,internal_34,2,,,,0,0,
JAOAAG01,monophyletic,internal_41,2,,,,0,0,
JAOABC01,monophyletic,internal_21,4,,,,0,0,
JAOABP01,monophyletic,internal_24,7,,,,0,0,
JAOABV01,monophyletic,internal_21,3,,,,0,0,
JAOACQ01,monophyletic,internal_9,3,,,,0,0,
JAOACS01,monophyletic,internal_24,3,,,,0,0,
JAOADN01,monophyletic,internal_56,6,,,,0,0,
JAOAEA01,monophyletic,internal_35,2,,,,0,0,
JAOAFE01,monophyletic,internal_32,2,,,,0,0,
JAOAFT01,monophyletic,internal_39,2,,,,0,0,
JAOAFX01,monophyletic,internal_21,12,,,,0,0,
JAOAFZ01,monophyletic,internal_35,3,,,,0,0,
JAOAGA01,monophyletic,internal_15,3,,,,0,0,
JAOAGR01,monophyletic,internal_18,2,,,,0,0,
JAOAHC01,monophyletic,internal_38,2,,,,0,0,
JAOAIM01,monophyletic,internal_34,2,,,,0,0,
JAOAPG01,monophyletic,internal_39,3,,,,0,0,
JAOAPY01,monophyletic,internal_23,6,,,,0,0,
JAOARQ01,monophyletic,internal_82,2,,,,0,0,
JAOARY01,monophyletic,internal_28,2,,,,0,0,
JAOBAU01,monophyletic,internal_24,2,,,,0,0,
JAODBJ01,monophyletic,internal_28,2,,,,0,0,
JAODBQ01,monophyletic,internal_38,5,,,,0,0,
JAOEGB01,monophyletic,internal_40,2,,,,0,0,
JAOLAV01,monophyletic,internal_36,3,,,,0,0,
JAOPTW01,monophyletic,internal_24,2,,,,0,0,
JAOPZW01,monophyletic,internal_33,25,,,,0,0,
JAOPZY01,monophyletic,internal_22,3,,,,0,0,
JAOSJK01,monophyletic,internal_26,2,,,,0,0,
JAOSJL01,monophyletic,internal_23,3,,,,0,0,
JAOSJO01,monophyletic,internal_38,2,,,,0,0,
JAOSJT01,monophyletic,internal_30,4,,,,0,0,
JAOTST01,monophyletic,internal_39,2,,,,0,0,
JAOTVV01,monophyletic,internal_28,9,,,,0,0,
JAOTWJ01,monophyletic,internal_23,7,,,,0,0,
JAOTWM01,monophyletic,internal_23,2,,,,0,0,
JAOTYV01,monophyletic,internal_37,2,,,,0,0,
JAOTZA01,monophyletic,internal_25,2,,,,0,0,
JAOUEA01,monophyletic,internal_35,37,,,,0,0,
JAOUEE01,monophyletic,internal_38,2,,,,0,0,
JAOUFA01,monophyletic,internal_36,2,,,,0,0,
JAOUFE01,monophyletic,internal_12,2,,,,0,0,
JAOUFP01,monophyletic,internal_32,7,,,,0,0,
JAOUGY01,monophyletic,internal_32,5,,,,0,0,
JAOUJD01,monophyletic,internal_31,8,,,,0,0,
JAOUKH01,monophyletic,internal_41,2,,,,0,0,
JAOUMU01,monophyletic,internal_16,3,,,,0,0,
JAOUOP01,monophyletic,internal_33,3,,,,0,0,
JAOXRU01,monophyletic,internal_51,2,,,,0,0,
JAOZMY01,monophyletic,internal_18,5,,,,0,0,
JAOZPE01,monophyletic,internal_20,5,,,,0,0,
JAOZQN01,monophyletic,internal_58,2,,,,0,0,
JAOZSN01,monophyletic,internal_27,2,,,,0,0,
JAOZTV01,monophyletic,internal_21,3,,,,0,0,
JAPEKQ01,monophyletic,internal_18,5,,,,0,0,
JAPHQX01,monophyletic,internal_33,3,,,,0,0,
JAPHRK01,monophyletic,internal_32,2,,,,0,0,
JAPHSX01,monophyletic,internal_39,6,,,,0,0,
JAPHTQ01,monophyletic,internal_41,9,,,,0,0,
JAPKCZ01,monophyletic,internal_28,2,,,,0,0,
JAPKDA01,monophyletic,internal_29,2,,,,0,0,
JAPKEQ01,monophyletic,internal_17,3,,,,0,0,
JAPKEZ01,monophyletic,internal_36,6,,,,0,0,
JAPKGY01,monophyletic,internal_36,2,,,,0,0,
JAPKYR01,monophyletic,internal_17,3,,,,0,0,
JAPKYZ01,monophyletic,internal_36,10,,,,0,0,
JAPKZH01,monophyletic,internal_24,3,,,,0,0,
JAPKZI01,monophyletic,internal_27,2,,,,0,0,
JAPLCW01,monophyletic,internal_18,2,,,,0,0,
JAPLCX01,monophyletic,internal_18,2,,,,0,0,
JAPLDA01,monophyletic,internal_50,4,,,,0,0,
JAPLDB01,monophyletic,internal_52,5,,,,0,0,
JAPLDP01,monophyletic,internal_57,2,,,,0,0,
JAPLFM01,monophyletic,internal_37,3,,,,0,0,
JAPLFT01,monophyletic,internal_21,3,,,,0,0,
JAPLGD01,monophyletic,internal_20,6,,,,0,0,
JAPLGE01,monophyletic,internal_20,2,,,,0,0,
JAPLGZ01,monophyletic,internal_38,4,,,,0,0,
JAPLHP01,monophyletic,internal_36,2,,,,0,0,
JAPLHV01,monophyletic,internal_17,4,,,,0,0,
JAPLHX01,monophyletic,internal_17,2,,,,0,0,
JAPLIS01,monophyletic,internal_20,2,,,,0,0,
JAPLIX01,monophyletic,internal_24,2,,,,0,0,
JAPLJC01,monophyletic,internal_30,15,,,,0,0,
JAPLJL01,monophyletic,internal_17,3,,,,0,0,
JAPLJM01,monophyletic,internal_29,7,,,,0,0,
JAPLJQ01,monophyletic,internal_26,2,,,,0,0,
JAPLJU01,monophyletic,internal_26,4,,,,0,0,
JAPLJV01,monophyletic,internal_34,2,,,,0,0,
JAPLKB01,monophyletic,internal_24,4,,,,0,0,
JAPLKX01,monophyletic,internal_18,2,,,,0,0,
JAPLLM01,monophyletic,internal_45,2,,,,0,0,
JAPLLR01,monophyletic,internal_45,3,,,,0,0,
JAPLLS01,monophyletic,internal_44,2,,,,0,0,
JAPLMF01,monophyletic,internal_35,2,,,,0,0,
JAPLMI01,monophyletic,internal_35,3,,,,0,0,
JAPLMM01,monophyletic,internal_21,3,,,,0,0,
JAPLMW01,monophyletic,internal_31,6,,,,0,0,
JAPLNB01,monophyletic,internal_31,3,,,,0,0,
JAPLOD01,monophyletic,internal_22,2,,,,0,0,
JAPLPE01,monophyletic,internal_69,2,,,,0,0,
JAPLSN01,monophyletic,internal_19,2,,,,0,0,
JAPLSO01,monophyletic,internal_25,2,,,,0,0,
JAPLST01,monophyletic,internal_16,2,,,,0,0,
JAPLUA01,monophyletic,internal_38,4,,,,0,0,
JAPLVX01,monophyletic,internal_38,2,,,,0,0,
JAPLWD01,monophyletic,internal_37,2,,,,0,0,
JAPLWQ01,monophyletic,internal_43,6,,,,0,0,
JAPLXD01,monophyletic,internal_28,5,,,,0,0,
JAPLYC01,monophyletic,internal_32,3,,,,0,0,
JAPLYF01,monophyletic,internal_33,2,,,,0,0,
JAPLYJ01,monophyletic,internal_37,2,,,,0,0,
JAPLYT01,monophyletic,internal_37,2,,,,0,0,
JAPLZH01,monophyletic,internal_57,3,,,,0,0,
JAPLZN01,monophyletic,internal_49,2,,,,0,0,
JAPLZT01,monophyletic,internal_34,2,,,,0,0,
JAPNUJ01,monophyletic,internal_27,2,,,,0,0,
JAPNUR01,monophyletic,internal_31,2,,,,0,0,
JAPOKJ01,monophyletic,internal_33,5,,,,0,0,
JAPOLP01,monophyletic,internal_31,2,,,,0,0,
JAPOQD01,monophyletic,internal_45,2,,,,0,0,
JAPORY01,monophyletic,internal_54,4,,,,0,0,
JAPOUP01,monophyletic,internal_53,7,,,,0,0,
JAPOUT01,monophyletic,internal_27,2,,,,0,0,
JAPOVO01,monophyletic,internal_20,5,,,,0,0,
JAPOXK01,monophyletic,internal_30,3,,,,0,0,
JAPOXR01,monophyletic,internal_49,13,,,,0,0,
JAPPFL01,monophyletic,internal_47,2,,,,0,0,
JAPPFW01,monophyletic,internal_28,8,,,,0,0,
JAPPHA01,monophyletic,internal_46,9,,,,0,0,
JAPPHY01,monophyletic,internal_38,9,,,,0,0,
JAPPJI01,monophyletic,internal_56,6,,,,0,0,
JAPPKS01,monophyletic,internal_19,4,,,,0,0,
JAPPLB01,monophyletic,internal_26,7,,,,0,0,
JAPPLG01,monophyletic,internal_28,4,,,,0,0,
JAPPNK01,monophyletic,internal_16,2,,,,0,0,
JAPPPA01,monophyletic,internal_27,2,,,,0,0,
JAPSGB01,monophyletic,internal_37,2,,,,0,0,
JAPSGG01,monophyletic,internal_30,2,,,,0,0,
JAPSGM01,monophyletic,internal_24,6,,,,0,0,
JAPUDQ01,monophyletic,internal_36,11,,,,0,0,
JAPUDS01,monophyletic,internal_36,9,,,,0,0,
JAPUEK01,monophyletic,internal_64,2,,,,0,0,
JAPUGB01,monophyletic,internal_36,3,,,,0,0,
JAPUIH01,monophyletic,internal_25,2,,,,0,0,
JAPUIN01,monophyletic,internal_17,2,,,,0,0,
JAPUIR01,monophyletic,internal_31,3,,,,0,0,
JAPUKU01,monophyletic,internal_13,2,,,,0,0,
JAPULF01,monophyletic,internal_27,3,,,,0,0,
JAPULR01,monophyletic,internal_38,13,,,,0,0,
JAPUME01,monophyletic,internal_20,2,,,,0,0,
JAPWJZ01,monophyletic,internal_35,15,,,,0,0,
JAPXSY01,monophyletic,internal_31,2,,,,0,0,
JAPYPO01,monophyletic,internal_16,2,,,,0,0,
JAPYTK01,monophyletic,internal_34,8,,,,0,0,
JAPYTU01,monophyletic,internal_33,2,,,,0,0,
JAPYTY01,monophyletic,internal_24,4,,,,0,0,
JAPYUI01,monophyletic,internal_24,3,,,,0,0,
JAPYWM01,monophyletic,internal_28,3,,,,0,0,
JAPYWX01,monophyletic,internal_6,2,,,,0,0,
JAQAZP01,monophyletic,internal_15,3,,,,0,0,
JAQBDA01,monophyletic,internal_52,5,,,,0,0,
JAQBPA01,monophyletic,internal_27,2,,,,0,0,
JAQBQB01,monophyletic,internal_26,31,,,,0,0,
JAQBQH01,monophyletic,internal_32,5,,,,0,0,
JAQBQP01,monophyletic,internal_28,2,,,,0,0,
JAQBQQ01,monophyletic,internal_28,5,,,,0,0,
JAQBQZ01,monophyletic,internal_58,8,,,,0,0,
JAQBRD01,monophyletic,internal_61,2,,,,0,0,
JAQBTY01,monophyletic,internal_38,2,,,,0,0,
JAQBVK01,monophyletic,internal_35,4,,,,0,0,
JAQBVV01,monophyletic,internal_26,2,,,,0,0,
JAQBVZ01,monophyletic,internal_37,2,,,,0,0,
JAQBXG01,monophyletic,internal_36,2,,,,0,0,
JAQBXX01,monophyletic,internal_31,5,,,,0,0,
JAQBYK01,monophyletic,internal_38,2,,,,0,0,
JAQBZY01,monophyletic,internal_38,2,,,,0,0,
JAQCBR01,monophyletic,internal_36,2,,,,0,0,
JAQCEJ01,monophyletic,internal_28,3,,,,0,0,
JAQCKO01,monophyletic,internal_43,2,,,,0,0,
JAQGHB01,monophyletic,internal_55,2,,,,0,0,
JAQGHR01,monophyletic,internal_28,4,,,,0,0,
JAQGJA01,monophyletic,internal_32,4,,,,0,0,
JAQGLK01,monophyletic,internal_55,4,,,,0,0,
JAQGLW01,monophyletic,internal_36,2,,,,0,0,
JAQGMJ01,monophyletic,internal_29,3,,,,0,0,
JAQGMO01,monophyletic,internal_35,2,,,,0,0,
JAQGMV01,monophyletic,internal_45,13,,,,0,0,
JAQGOT01,monophyletic,internal_30,2,,,,0,0,
JAQGOV01,monophyletic,internal_30,2,,,,0,0,
JAQIBY01,monophyletic,internal_51,13,,,,0,0,
JAQICB01,monophyletic,internal_57,4,,,,0,0,
JAQICJ01,monophyletic,internal_27,2,,,,0,0,
JAQICX01,monophyletic,internal_20,2,,,,0,0,
JAQNCO01,monophyletic,internal_23,2,,,,0,0,
JAQSWM01,monophyletic,internal_58,2,,,,0,0,
JAQSWP01,monophyletic,internal_28,6,,,,0,0,
JAQSYQ01,monophyletic,internal_36,3,,,,0,0,
JAQTLZ01,monophyletic,internal_52,3,,,,0,0,
JAQTMD01,monophyletic,internal_44,2,,,,0,0,
JAQTNA01,monophyletic,internal_35,2,,,,0,0,
JAQTNP01,monophyletic,internal_35,2,,,,0,0,
JAQTOB01,monophyletic,internal_39,3,,,,0,0,
JAQTOI01,monophyletic,internal_32,3,,,,0,0,
JAQTQH01,monophyletic,internal_40,2,,,,0,0,
JAQTRS01,monophyletic,internal_32,2,,,,0,0,
JAQTRU01,monophyletic,internal_37,4,,,,0,0,
JAQTTC01,monophyletic,internal_41,7,,,,0,0,
JAQTUZ01,monophyletic,internal_38,4,,,,0,0,
JAQTXJ01,monophyletic,internal_22,3,,,,0,0,
JAQTYB01,monophyletic,internal_33,2,,,,0,0,
JAQTYU01,monophyletic,internal_31,3,,,,0,0,
JAQTZX01,monophyletic,internal_41,2,,,,0,0,
JAQUBU01,monophyletic,internal_40,3,,,,0,0,
JAQUCI01,monophyletic,internal_23,6,,,,0,0,
JAQUEK01,monophyletic,internal_27,2,,,,0,0,
JAQUGA01,monophyletic,internal_54,4,,,,0,0,
JAQUKH01,monophyletic,internal_11,3,,,,0,0,
JAQUMB01,monophyletic,internal_25,2,,,,0,0,
JAQUNI01,monophyletic,internal_21,3,,,,0,0,
JAQUOA01,monophyletic,internal_37,2,,,,0,0,
JAQUPB01,monophyletic,internal_47,2,,,,0,0,
JAQUPP01,monophyletic,internal_33,3,,,,0,0,
JAQUQI01,monophyletic,internal_25,2,,,,0,0,
JAQUQM01,monophyletic,internal_40,2,,,,0,0,
JAQUQV01,monophyletic,internal_25,3,,,,0,0,
JAQUSX01,monophyletic,internal_36,4,,,,0,0,
JAQUTK01,monophyletic,internal_64,4,,,,0,0,
JAQUTY01,monophyletic,internal_38,3,,,,0,0,
JAQUUH01,monophyletic,internal_22,2,,,,0,0,
JAQUUM01,monophyletic,internal_19,2,,,,0,0,
JAQUVS01,monophyletic,internal_26,2,,,,0,0,
JAQUWY01,monophyletic,internal_33,2,,,,0,0,
JAQVAO01,monophyletic,internal_24,2,,,,0,0,
JAQVCM01,monophyletic,internal_50,10,,,,0,0,
JAQVCS01,monophyletic,internal_31,3,,,,0,0,
JAQVDW01,monophyletic,internal_25,3,,,,0,0,
JAQVEM01,monophyletic,internal_23,12,,,,0,0,
JAQVFF01,monophyletic,internal_28,5,,,,0,0,
JAQVHD01,monophyletic,internal_38,2,,,,0,0,
JAQVHQ01,monophyletic,internal_52,2,,,,0,0,
JAQVIJ01,monophyletic,internal_25,3,,,,0,0,
JAQVOO01,monophyletic,internal_32,2,,,,0,0,
JAQVOS01,monophyletic,internal_22,3,,,,0,0,
JAQVPN01,monophyletic,internal_23,3,,,,0,0,
JAQVQN01,monophyletic,internal_30,4,,,,0,0,
JAQVRG01,monophyletic,internal_42,5,,,,0,0,
JAQVSH01,monophyletic,internal_58,4,,,,0,0,
JAQVSJ01,monophyletic,internal_23,3,,,,0,0,
JAQVSV01,monophyletic,internal_33,2,,,,0,0,
JAQVUB01,monophyletic,internal_28,3,,,,0,0,
JAQVVF01,monophyletic,internal_25,3,,,,0,0,
JAQVWU01,monophyletic,internal_44,2,,,,0,0,
JAQVXM01,monophyletic,internal_46,2,,,,0,0,
JAQVXR01,monophyletic,internal_25,2,,,,0,0,
JAQVYB01,monophyletic,internal_24,3,,,,0,0,
JAQVYV01,monophyletic,internal_35,2,,,,0,0,
JAQWBS01,monophyletic,internal_21,3,,,,0,0,
JAQWCH01,monophyletic,internal_23,2,,,,0,0,
JAQWNP01,monophyletic,internal_31,2,,,,0,0,
JAQWQB01,monophyletic,internal_47,3,,,,0,0,
JAQWRV01,monophyletic,internal_36,2,,,,0,0,
JAQWSC01,monophyletic,internal_48,2,,,,0,0,
JAQWUY01,monophyletic,internal_24,2,,,,0,0,
JAQXDR01,monophyletic,internal_69,2,,,,0,0,
JAQXDW01,monophyletic,internal_28,2,,,,0,0,
JAQXGO01,monophyletic,internal_34,3,,,,0,0,
JAQYVL01,monophyletic,internal_28,3,,,,0,0,
JAQYVZ01,monophyletic,internal_28,3,,,,0,0,
JARBTT01,monophyletic,internal_31,2,,,,0,0,
JARBUG01,monophyletic,internal_25,2,,,,0,0,
JARDZI01,monophyletic,internal_27,2,,,,0,0,
JARDZU01,monophyletic,internal_31,31,,,,0,0,
JAREAF01,monophyletic,internal_28,3,,,,0,0,
JARFPS01,monophyletic,internal_25,2,,,,0,0,
JARFPW01,monophyletic,internal_25,8,,,,0,0,
JARFQH01,monophyletic,internal_37,16,,,,0,0,
JARFQW01,monophyletic,internal_33,2,,,,0,0,
JARFUG01,monophyletic,internal_25,2,,,,0,0,
JARGFK01,monophyletic,internal_30,2,,,,0,0,
JARGFS01,monophyletic,internal_30,2,,,,0,0,
JARGNX01,monophyletic,internal_45,3,,,,0,0,
JARGPN01,monophyletic,internal_39,3,,,,0,0,
JARICQ01,monophyletic,internal_34,3,,,,0,0,
JARIGY01,monophyletic,internal_58,2,,,,0,0,
JARIHC01,monophyletic,internal_57,8,,,,0,0,
JARIHD01,monophyletic,internal_40,10,,,,0,0,
JARIHM01,monophyletic,internal_31,2,,,,0,0,
JARJEH01,monophyletic,internal_49,2,,,,0,0,
JARKOQ01,monophyletic,internal_43,2,,,,0,0,
JARKPK01,monophyletic,internal_33,2,,,,0,0,
JARKQH01,monophyletic,internal_34,2,,,,0,0,
JARKSS01,monophyletic,internal_24,3,,,,0,0,
JARLFX01,monophyletic,internal_33,2,,,,0,0,
JARLGU01,monophyletic,internal_23,2,,,,0,0,
JARRJS01,monophyletic,internal_23,2,,,,0,0,
JARRJY01,monophyletic,internal_39,2,,,,0,0,
JARRKC01,monophyletic,internal_28,3,,,,0,0,
JARRKU01,monophyletic,internal_37,12,,,,0,0,
JARRLC01,monophyletic,internal_37,3,,,,0,0,
JARRNE01,monophyletic,internal_37,2,,,,0,0,
JARRNG01,monophyletic,internal_28,2,,,,0,0,
JARRPM01,monophyletic,internal_49,22,,,,0,0,
JARRQB01,monophyletic,internal_40,3,,,,0,0,
JARRQJ01,monophyletic,internal_36,5,,,,0,0,
JARRRD01,monophyletic,internal_38,4,,,,0,0,
JARYLZ01,monophyletic,internal_32,2,,,,0,0,
JARYMI01,monophyletic,internal_24,3,,,,0,0,
JASBRS01,monophyletic,internal_23,10,,,,0,0,
JASBSR01,monophyletic,internal_32,5,,,,0,0,
JASBSV01,monophyletic,internal_56,2,,,,0,0,
JASBTN01,monophyletic,internal_60,2,,,,0,0,
JASBZA01,monophyletic,internal_37,3,,,,0,0,
JASEEX01,monophyletic,internal_31,2,,,,0,0,
JASEGV01,monophyletic,internal_35,5,,,,0,0,
JASEGY01,monophyletic,internal_14,2,,,,0,0,
JASEHD01,monophyletic,internal_37,2,,,,0,0,
JASEHX01,monophyletic,internal_16,2,,,,0,0,
JASEHZ01,monophyletic,internal_44,2,,,,0,0,
JASFBA01,monophyletic,internal_22,3,,,,0,0,
JASFEQ01,monophyletic,internal_27,2,,,,0,0,
JASFHF01,monophyletic,internal_40,2,,,,0,0,
JASFIK01,monophyletic,internal_34,2,,,,0,0,
JASFJH01,monophyletic,internal_31,2,,,,0,0,
JASFMO01,monophyletic,internal_25,4,,,,0,0,
JASGCK01,monophyletic,internal_34,9,,,,0,0,
JASGCL01,monophyletic,internal_24,4,,,,0,0,
JASGCP01,monophyletic,internal_42,2,,,,0,0,
JASGDC01,monophyletic,internal_42,3,,,,0,0,
JASGDN01,monophyletic,internal_31,4,,,,0,0,
JASGMR01,monophyletic,internal_19,3,,,,0,0,
JASGTU01,monophyletic,internal_37,7,,,,0,0,
JASHON01,monophyletic,internal_26,2,,,,0,0,
JASHPB01,monophyletic,internal_35,3,,,,0,0,
JASHPR01,monophyletic,internal_34,16,,,,0,0,
JASHSH01,monophyletic,internal_33,3,,,,0,0,
JASHUC01,monophyletic,internal_40,14,,,,0,0,
JASHVB01,monophyletic,internal_43,9,,,,0,0,
JASHZA01,monophyletic,internal_34,4,,,,0,0,
JASJAR01,monophyletic,internal_59,4,,,,0,0,
JASJBU01,monophyletic,internal_41,7,,,,0,0,
JASJCA01,monophyletic,internal_57,2,,,,0,0,
JASJCL01,monophyletic,internal_36,2,,,,0,0,
JASJCN01,monophyletic,internal_28,2,,,,0,0,
JASJCP01,monophyletic,internal_34,5,,,,0,0,
JASJDA01,monophyletic,internal_31,3,,,,0,0,
JASJDJ01,monophyletic,internal_32,4,,,,0,0,
JASJEE01,monophyletic,internal_26,2,,,,0,0,
JASJGK01,monophyletic,internal_26,2,,,,0,0,
JASJHI01,monophyletic,internal_39,2,,,,0,0,
JASJXV01,monophyletic,internal_44,2,,,,0,0,
JASLBX01,monophyletic,internal_41,5,,,,0,0,
JASLCR01,monophyletic,internal_42,7,,,,0,0,
JASLDG01,monophyletic,internal_43,2,,,,0,0,
JASLDZ01,monophyletic,internal_41,10,,,,0,0,
JASLEW01,monophyletic,internal_24,10,,,,0,0,
JASLFS01,monophyletic,internal_43,3,,,,0,0,
JASLFZ01,monophyletic,internal_27,4,,,,0,0,
JASLLV01,monophyletic,internal_38,3,,,,0,0,
JASLLZ01,monophyletic,internal_38,2,,,,0,0,
JASLMY01,monophyletic,internal_37,3,,,,0,0,
JASLPR01,monophyletic,internal_20,5,,,,0,0,
JASLQE01,monophyletic,internal_33,3,,,,0,0,
JASLQF01,monophyletic,internal_38,2,,,,0,0,
JASLXI01,monophyletic,internal_38,3,,,,0,0,
JASLZO01,monophyletic,internal_32,3,,,,0,0,
JASMHC01,monophyletic,internal_65,5,,,,0,0,
JASMHE01,monophyletic,internal_38,2,,,,0,0,
JASMKV01,monophyletic,internal_24,2,,,,0,0,
JASMTM01,monophyletic,internal_19,5,,,,0,0,
JASSUD01,monophyletic,internal_28,7,,,,0,0,
JASUTC01,monophyletic,internal_22,8,,,,0,0,
JASUTE01,monophyletic,internal_24,2,,,,0,0,
JAUASV01,monophyletic,internal_55,2,,,,0,0,
JAUASW01,monophyletic,internal_38,3,,,,0,0,
JAUCGB01,monophyletic,internal_33,2,,,,0,0,
JAUCGF01,monophyletic,internal_32,2,,,,0,0,
JAUCQB01,monophyletic,internal_32,4,,,,0,0,
JAUHWL01,monophyletic,internal_46,2,,,,0,0,
JAUHWN01,monophyletic,internal_27,3,,,,0,0,
JAUHWS01,monophyletic,internal_29,3,,,,0,0,
JAUHWW01,monophyletic,internal_35,3,,,,0,0,
JAUHXA01,monophyletic,internal_41,4,,,,0,0,
JAUHXR01,monophyletic,internal_35,2,,,,0,0,
JAUHXS01,monophyletic,internal_35,2,,,,0,0,
JAUHXT01,monophyletic,internal_38,2,,,,0,0,
JAUHYH01,monophyletic,internal_31,2,,,,0,0,
JAUHYN01,monophyletic,internal_27,2,,,,0,0,
JAUIAI01,monophyletic,internal_35,10,,,,0,0,
JAUIBE01,monophyletic,internal_32,3,,,,0,0,
JAUIBT01,monophyletic,internal_24,4,,,,0,0,
JAUICQ01,monophyletic,internal_24,2,,,,0,0,
JAUICS01,monophyletic,internal_38,2,,,,0,0,
JAUIDW01,monophyletic,internal_30,2,,,,0,0,
JAUIEF01,monophyletic,internal_33,3,,,,0,0,
JAUIEH01,monophyletic,internal_38,2,,,,0,0,
JAUIEL01,monophyletic,internal_31,2,,,,0,0,
JAUIET01,monophyletic,internal_42,6,,,,0,0,
JAUIGE01,monophyletic,internal_33,3,,,,0,0,
JAUIHN01,monophyletic,internal_40,3,,,,0,0,
JAUIIK01,monophyletic,internal_29,5,,,,0,0,
JAUIJL01,monophyletic,internal_26,8,,,,0,0,
JAUIKM01,monophyletic,internal_30,2,,,,0,0,
JAUILA01,monophyletic,internal_42,4,,,,0,0,
JAUILH01,monophyletic,internal_43,3,,,,0,0,
JAUJNH01,monophyletic,internal_28,5,,,,0,0,
JAUJNU01,monophyletic,internal_27,2,,,,0,0,
JAUJOE01,monophyletic,internal_46,4,,,,0,0,
JAULZV01,monophyletic,internal_52,8,,,,0,0,
JAUMBM01,monophyletic,internal_53,4,,,,0,0,
JAUMWX01,monophyletic,internal_38,2,,,,0,0,
JAUMXB01,monophyletic,internal_29,2,,,,0,0,
JAUMXJ01,monophyletic,internal_36,2,,,,0,0,
JAUNAV01,monophyletic,internal_36,2,,,,0,0,
JAUNBG01,monophyletic,internal_36,6,,,,0,0,
JAUNBN01,monophyletic,internal_52,3,,,,0,0,
JAUNKE01,monophyletic,internal_29,7,,,,0,0,
JAUNLX01,monophyletic,internal_42,2,,,,0,0,
JAUNQW01,monophyletic,internal_39,3,,,,0,0,
JAUNSR01,monophyletic,internal_64,9,,,,0,0,
JAUNST01,monophyletic,internal_35,4,,,,0,0,
JAUPKT01,monophyletic,internal_24,3,,,,0,0,
JAUPTX01,monophyletic,internal_51,8,,,,0,0,
JAUPTZ01,monophyletic,internal_16,5,,,,0,0,
JAUPUJ01,monophyletic,internal_49,2,,,,0,0,
JAUPUR01,monophyletic,internal_41,2,,,,0,0,
JAUPVJ01,monophyletic,internal_58,5,,,,0,0,
JAUPVL01,monophyletic,internal_28,7,,,,0,0,
JAUPVN01,monophyletic,internal_33,2,,,,0,0,
JAUPVO01,monophyletic,internal_52,13,,,,0,0,
JAUPVS01,monophyletic,internal_36,5,,,,0,0,
JAUPVU01,monophyletic,internal_28,2,,,,0,0,
JAUQPW01,monophyletic,internal_18,2,,,,0,0,
JAUQQI01,monophyletic,internal_21,5,,,,0,0,
JAUQWR01,monophyletic,internal_37,2,,,,0,0,
JAURDE01,monophyletic,internal_31,3,,,,0,0,
JAUREX01,monophyletic,internal_55,3,,,,0,0,
JAURFX01,monophyletic,internal_38,2,,,,0,0,
JAURND01,monophyletic,internal_44,3,,,,0,0,
JAURNZ01,monophyletic,internal_44,3,,,,0,0,
JAURVT01,monophyletic,internal_46,2,,,,0,0,
JAURWL01,monophyletic,internal_38,4,,,,0,0,
JAUSCH01,monophyletic,internal_21,2,,,,0,0,
JAUSCU01,monophyletic,internal_31,2,,,,0,0,
JAUSEW01,monophyletic,internal_36,3,,,,0,0,
JAUSHC01,monophyletic,internal_33,2,,,,0,0,
JAUSHK01,monophyletic,internal_48,2,,,,0,0,
JAUSIF01,monophyletic,internal_41,9,,,,0,0,
JAUSJU01,monophyletic,internal_34,2,,,,0,0,
JAUSKB01,monophyletic,internal_46,2,,,,0,0,
JAUSKF01,monophyletic,internal_48,5,,,,0,0,
JAUSKG01,monophyletic,internal_34,2,,,,0,0,
JAUSNA01,monophyletic,internal_34,13,,,,0,0,
JAUSPI01,monophyletic,internal_26,5,,,,0,0,
JAUUSJ01,monophyletic,internal_38,3,,,,0,0,
JAUUZQ01,monophyletic,internal_61,2,,,,0,0,
JAUUZT01,monophyletic,internal_44,4,,,,0,0,
JAUVAN01,monophyletic,internal_29,3,,,,0,0,
JAUVAV01,monophyletic,internal_16,3,,,,0,0,
JAUVDT01,monophyletic,internal_28,4,,,,0,0,
JAUVDZ01,monophyletic,internal_32,5,,,,0,0,
JAUVHV01,monophyletic,internal_25,4,,,,0,0,
JAUVIB01,monophyletic,internal_27,2,,,,0,0,
JAUVJU01,monophyletic,internal_22,2,,,,0,0,
JAUVJV01,monophyletic,internal_20,3,,,,0,0,
JAUVKA01,monophyletic,internal_55,4,,,,0,0,
JAUVKT01,monophyletic,internal_60,5,,,,0,0,
JAUVPB01,monophyletic,internal_26,3,,,,0,0,
JAUVPY01,monophyletic,internal_33,2,,,,0,0,
JAUVQD01,monophyletic,internal_20,2,,,,0,0,
JAUVRX01,monophyletic,internal_27,6,,,,0,0,
JAUVUV01,monophyletic,internal_19,2,,,,0,0,
JAUVVE01,monophyletic,internal_42,2,,,,0,0,
JAUVVL01,monophyletic,internal_31,2,,,,0,0,
JAUVVS01,monophyletic,internal_31,3,,,,0,0,
JAUVXE01,monophyletic,internal_27,3,,,,0,0,
JAUVXJ01,monophyletic,internal_26,9,,,,0,0,
JAUVXM01,monophyletic,internal_28,4,,,,0,0,
JAUVXY01,monophyletic,internal_19,2,,,,0,0,
JAUVYF01,monophyletic,internal_21,4,,,,0,0,
JAUVYQ01,monophyletic,internal_38,4,,,,0,0,
JAUVYV01,monophyletic,internal_32,3,,,,0,0,
JAUVZF01,monophyletic,internal_22,5,,,,0,0,
JAUVZL01,monophyletic,internal_25,8,,,,0,0,
JAUWAU01,monophyletic,internal_19,2,,,,0,0,
JAUWBF01,monophyletic,internal_37,3,,,,0,0,
JAUWCL01,monophyletic,internal_26,7,,,,0,0,
JAUWEX01,monophyletic,internal_20,2,,,,0,0,
JAUWGC01,monophyletic,internal_59,3,,,,0,0,
JAUWHS01,monophyletic,internal_18,2,,,,0,0,
JAUWHZ01,monophyletic,internal_18,2,,,,0,0,
JAUWKC01,monophyletic,internal_35,2,,,,0,0,
JAUWLS01,monophyletic,internal_29,2,,,,0,0,
JAUWMI01,monophyletic,internal_12,3,,,,0,0,
JAUWMJ01,monophyletic,internal_31,4,,,,0,0,
JAUWMV01,monophyletic,internal_23,3,,,,0,0,
JAUWNJ01,monophyletic,internal_26,6,,,,0,0,
JAUWNK01,monophyletic,internal_26,2,,,,0,0,
JAUWNP01,monophyletic,internal_41,2,,,,0,0,
JAUWNT01,monophyletic,internal_22,3,,,,0,0,
JAUWOY01,monophyletic,internal_32,2,,,,0,0,
JAUWPO01,monophyletic,internal_51,2,,,,0,0,
JAUWQI01,monophyletic,internal_44,2,,,,0,0,
JAUWQU01,monophyletic,internal_30,4,,,,0,0,
JAUWRC01,monophyletic,internal_19,3,,,,0,0,
JAUWTJ01,monophyletic,internal_31,2,,,,0,0,
JAUWTT01,monophyletic,internal_23,2,,,,0,0,
JAUWVG01,monophyletic,internal_26,5,,,,0,0,
JAUWXH01,monophyletic,internal_33,2,,,,0,0,
JAUWXM01,monophyletic,internal_15,3,,,,0,0,
JAUWYA01,monophyletic,internal_42,3,,,,0,0,
JAUWZY01,monophyletic,internal_31,2,,,,0,0,
JAUXAE01,monophyletic,internal_36,2,,,,0,0,
JAUXAL01,monophyletic,internal_37,2,,,,0,0,
JAUXAP01,monophyletic,internal_46,2,,,,0,0,
JAUXBK01,monophyletic,internal_40,2,,,,0,0,
JAUXBS01,monophyletic,internal_19,2,,,,0,0,
JAUXCJ01,monophyletic,internal_35,2,,,,0,0,
JAUXEH01,monophyletic,internal_29,5,,,,0,0,
JAUXFK01,monophyletic,internal_20,2,,,,0,0,
JAUXFS01,monophyletic,internal_38,3,,,,0,0,
JAUXGA01,monophyletic,internal_24,3,,,,0,0,
JAUXHQ01,monophyletic,internal_21,2,,,,0,0,
JAUXJB01,monophyletic,internal_25,3,,,,0,0,
JAUXKG01,monophyletic,internal_24,2,,,,0,0,
JAUXLW01,monophyletic,internal_22,2,,,,0,0,
JAUXSK01,monophyletic,internal_33,3,,,,0,0,
JAUXUB01,monophyletic,internal_45,2,,,,0,0,
JAUXUR01,monophyletic,internal_22,2,,,,0,0,
JAUXWO01,monophyletic,internal_19,2,,,,0,0,
JAUXXX01,monophyletic,internal_22,2,,,,0,0,
JAUYBE01,monophyletic,internal_48,2,,,,0,0,
JAUYCD01,monophyletic,internal_21,2,,,,0,0,
JAUYDU01,monophyletic,internal_27,2,,,,0,0,
JAUYHP01,monophyletic,internal_45,2,,,,0,0,
JAUYIT01,monophyletic,internal_35,2,,,,0,0,
JAUYIV01,monophyletic,internal_29,4,,,,0,0,
JAUYIW01,monophyletic,internal_43,2,,,,0,0,
JAUYIX01,monophyletic,internal_23,3,,,,0,0,
JAUYJR01,monophyletic,internal_31,2,,,,0,0,
JAUYLU01,monophyletic,internal_47,5,,,,0,0,
JAUYME01,monophyletic,internal_47,2,,,,0,0,
JAUYMM01,monophyletic,internal_37,8,,,,0,0,
JAUYPG01,monophyletic,internal_49,3,,,,0,0,
JAUYPS01,monophyletic,internal_37,2,,,,0,0,
JAUYQP01,monophyletic,internal_31,2,,,,0,0,
JAUYQR01,monophyletic,internal_65,6,,,,0,0,
JAUZGC01,monophyletic,internal_56,2,,,,0,0,
JAUZOB01,monophyletic,internal_60,2,,,,0,0,
JAUZPB01,monophyletic,internal_34,3,,,,0,0,
JAUZPL01,monophyletic,internal_47,3,,,,0,0,
JAUZQZ01,monophyletic,internal_23,8,,,,0,0,
JAUZRS01,monophyletic,internal_28,3,,,,0,0,
JAUZRW01,monophyletic,internal_48,9,,,,0,0,
JAVBJV01,monophyletic,internal_32,2,,,,0,0,
JAVBKE01,monophyletic,internal_32,2,,,,0,0,
JAVBLP01,monophyletic,internal_35,2,,,,0,0,
JAVBMJ01,monophyletic,internal_67,3,,,,0,0,
JAVBMP01,monophyletic,internal_30,2,,,,0,0,
JAVBMU01,monophyletic,internal_47,2,,,,0,0,
JAVBNU01,monophyletic,internal_24,2,,,,0,0,
JAVBOW01,monophyletic,internal_67,4,,,,0,0,
JAVBPF01,monophyletic,internal_38,2,,,,0,0,
JAVBQJ01,monophyletic,internal_34,4,,,,0,0,
JAVBRN01,monophyletic,internal_51,2,,,,0,0,
JAVBRZ01,monophyletic,internal_27,3,,,,0,0,
JAVBSN01,monophyletic,internal_43,3,,,,0,0,
JAVBSX01,monophyletic,internal_37,7,,,,0,0,
JAVBTT01,monophyletic,internal_40,2,,,,0,0,
JAVBUI01,monophyletic,internal_38,3,,,,0,0,
JAVBUY01,monophyletic,internal_35,2,,,,0,0,
JAVDCA01,monophyletic,internal_48,8,,,,0,0,
JAVDDU01,monophyletic,internal_52,2,,,,0,0,
JAVEDA01,monophyletic,internal_39,2,,,,0,0,
JAVEDQ01,monophyletic,internal_29,4,,,,0,0,
JAVEDU01,monophyletic,internal_33,2,,,,0,0,
JAVEEB01,monophyletic,internal_24,2,,,,0,0,
JAVEVH01,monophyletic,internal_29,3,,,,0,0,
JAVEWJ01,monophyletic,internal_31,3,,,,0,0,
JAVHLK01,monophyletic,internal_24,3,,,,0,0,
JAVHQB01,monophyletic,internal_37,4,,,,0,0,
JAVHYG01,monophyletic,internal_44,2,,,,0,0,
JAVJQK01,monophyletic,internal_36,2,,,,0,0,
JAVJQS01,monophyletic,internal_44,2,,,,0,0,
JAVJRN01,monophyletic,internal_48,2,,,,0,0,
JAVJSF01,monophyletic,internal_25,4,,,,0,0,
JAVJST01,monophyletic,internal_34,2,,,,0,0,
JAVJSU01,monophyletic,internal_46,3,,,,0,0,
JAVJUV01,monophyletic,internal_63,3,,,,0,0,
JAVKBW01,monophyletic,internal_36,2,,,,0,0,
JAVKFY01,monophyletic,internal_36,2,,,,0,0,
JAVKLU01,monophyletic,internal_24,2,,,,0,0,
JAVKSL01,monophyletic,internal_29,3,,,,0,0,
JAVKTS01,monophyletic,internal_34,2,,,,0,0,
JAVMKJ01,monophyletic,internal_34,2,,,,0,0,
JAVVEG01,monophyletic,internal_45,3,,,,0,0,
JAVVEZ01,monophyletic,internal_44,2,,,,0,0,
JAVVHA01,monophyletic,internal_29,2,,,,0,0,
JAVVHE01,monophyletic,internal_45,3,,,,0,0,
JAVVHH01,monophyletic,internal_41,11,,,,0,0,
JAVVPO01,monophyletic,internal_34,2,,,,0,0,
JAVVSR01,monophyletic,internal_36,2,,,,0,0,
JAVVUJ01,monophyletic,internal_33,3,,,,0,0,
JAVVVD01,monophyletic,internal_42,2,,,,0,0,
JAVWGW01,monophyletic,internal_32,5,,,,0,0,
JAVWHP01,monophyletic,internal_21,2,,,,0,0,
JAVWMQ01,monophyletic,internal_41,2,,,,0,0,
JAVXAG01,monophyletic,internal_42,3,,,,0,0,
JAVXTH01,monophyletic,internal_24,2,,,,0,0,
JAWKHV01,monophyletic,internal_33,4,,,,0,0,
JAWKIW01,monophyletic,internal_33,2,,,,0,0,
JAWKNW01,monophyletic,internal_36,3,,,,0,0,
JAWKOK01,monophyletic,internal_36,5,,,,0,0,
JAWKRB01,monophyletic,internal_30,2,,,,0,0,
JAWKUA01,monophyletic,internal_30,2,,,,0,0,
JAWKUK01,monophyletic,internal_40,2,,,,0,0,
JAWKWH01,monophyletic,internal_44,7,,,,0,0,
JAWKXU01,monophyletic,internal_62,3,,,,0,0,
JAWKYA01,monophyletic,internal_26,2,,,,0,0,
JAWLAT01,monophyletic,internal_28,3,,,,0,0,
JAWLCA01,monophyletic,internal_53,2,,,,0,0,
JAWLCD01,monophyletic,internal_40,2,,,,0,0,
JAWLDV01,monophyletic,internal_29,3,,,,0,0,
JAWLEP01,monophyletic,internal_20,2,,,,0,0,
JAWLEV01,monophyletic,internal_32,4,,,,0,0,
JAWLFI01,monophyletic,internal_52,4,,,,0,0,
JAWLFY01,monophyletic,internal_43,2,,,,0,0,
JAWLGW01,monophyletic,internal_29,2,,,,0,0,
JAWLHJ01,monophyletic,internal_35,7,,,,0,0,
JAWLHT01,monophyletic,internal_21,2,,,,0,0,
JAWLHU01,monophyletic,internal_23,3,,,,0,0,
JAWOCH01,monophyletic,internal_26,2,,,,0,0,
JAWOKY01,monophyletic,internal_37,2,,,,0,0,
JAWOLE01,monophyletic,internal_21,10,,,,0,0,
JAWPMT01,monophyletic,internal_47,9,,,,0,0,
JAWPMV01,monophyletic,internal_37,3,,,,0,0,
JAWQFO01,monophyletic,internal_69,2,,,,0,0,
JAWSVE01,monophyletic,internal_46,3,,,,0,0,
JAWSVN01,monophyletic,internal_43,2,,,,0,0,
JAWUVP01,monophyletic,internal_40,2,,,,0,0,
JAWVFM01,monophyletic,internal_30,9,,,,0,0,
JAWVFN01,monophyletic,internal_29,2,,,,0,0,
JAWVYT01,monophyletic,internal_25,7,,,,0,0,
JAWVZY01,monophyletic,internal_36,2,,,,0,0,
JAWWBL01,monophyletic,internal_35,2,,,,0,0,
JAWWBS01,monophyletic,internal_31,2,,,,0,0,
JAWWOL01,monophyletic,internal_25,5,,,,0,0,
JAWWPG01,monophyletic,internal_47,7,,,,0,0,
JAWWPY01,monophyletic,internal_33,5,,,,0,0,
JAWXBA01,monophyletic,internal_23,3,,,,0,0,
JAWXBF01,monophyletic,internal_29,2,,,,0,0,
JAWXBG01,monophyletic,internal_41,3,,,,0,0,
JAWXBK01,monophyletic,internal_33,4,,,,0,0,
JAWXBM01,monophyletic,internal_34,7,,,,0,0,
JAWXBN01,monophyletic,internal_19,2,,,,0,0,
JAWXBR01,monophyletic,internal_35,2,,,,0,0,
JAWXBT01,monophyletic,internal_32,4,,,,0,0,
JAWXCE01,monophyletic,internal_37,3,,,,0,0,
JAWXCH01,monophyletic,internal_33,2,,,,0,0,
JAWXCM01,monophyletic,internal_32,3,,,,0,0,
JAWXTP01,monophyletic,internal_62,2,,,,0,0,
JAWXUC01,monophyletic,internal_20,3,,,,0,0,
JAWXUE01,monophyletic,internal_21,2,,,,0,0,
JAWXUK01,monophyletic,internal_43,2,,,,0,0,
JAWXUU01,monophyletic,internal_35,2,,,,0,0,
JAWXVE01,monophyletic,internal_49,2,,,,0,0,
JAXDBM01,monophyletic,internal_30,3,,,,0,0,
JAXDBW01,monophyletic,internal_29,3,,,,0,0,
JAXDJJ01,monophyletic,internal_28,2,,,,0,0,
JAXDLW01,monophyletic,internal_18,5,,,,0,0,
JAXDMK01,monophyletic,internal_30,8,,,,0,0,
JAXDMU01,monophyletic,internal_34,5,,,,0,0,
JAXFQS01,monophyletic,internal_27,2,,,,0,0,
JAXGMQ01,monophyletic,internal_18,4,,,,0,0,
JAXGMV01,monophyletic,internal_51,2,,,,0,0,
JAXGPF01,monophyletic,internal_24,5,,,,0,0,
JAXGPP01,monophyletic,internal_32,2,,,,0,0,
JAXGPX01,monophyletic,internal_30,2,,,,0,0,
JAXGQD01,monophyletic,internal_35,4,,,,0,0,
JAXGQE01,monophyletic,internal_22,2,,,,0,0,
JAXGQJ01,monophyletic,internal_25,2,,,,0,0,
JAXGRD01,monophyletic,internal_42,3,,,,0,0,
JAXGVG01,monophyletic,internal_36,2,,,,0,0,
JAXGXJ01,monophyletic,internal_26,4,,,,0,0,
JAXGXQ01,monophyletic,internal_35,5,,,,0,0,
JAXGYX01,monophyletic,internal_36,2,,,,0,0,
JAXGZG01,monophyletic,internal_31,5,,,,0,0,
JAXHLG01,monophyletic,internal_27,3,,,,0,0,
JAXHMM01,monophyletic,internal_32,2,,,,0,0,
JAXHMZ01,monophyletic,internal_49,2,,,,0,0,
JAXHNE01,monophyletic,internal_36,4,,,,0,0,
JAXHSS01,monophyletic,internal_35,2,,,,0,0,
JAXHTY01,monophyletic,internal_24,2,,,,0,0,
JAXHVG01,monophyletic,internal_21,2,,,,0,0,
JAXIPB01,monophyletic,internal_43,2,,,,0,0,
JAXJYR01,monophyletic,internal_33,2,,,,0,0,
JAXLVB01,monophyletic,internal_41,2,,,,0,0,
JAXMAS01,monophyletic,internal_25,2,,,,0,0,
JAXMAZ01,monophyletic,internal_32,2,,,,0,0,
JAXMDS01,monophyletic,internal_27,2,,,,0,0,
JAXMHN01,monophyletic,internal_28,3,,,,0,0,
JAYEFX01,monophyletic,internal_20,3,,,,0,0,
JAYEGE01,monophyletic,internal_46,2,,,,0,0,
JAYEGH01,monophyletic,internal_19,3,,,,0,0,
JAYEGO01,monophyletic,internal_60,4,,,,0,0,
JAYEHC01,monophyletic,internal_28,2,,,,0,0,
JAYEHL01,monophyletic,internal_34,5,,,,0,0,
JAYEIA01,monophyletic,internal_60,2,,,,0,0,
JAYEID01,monophyletic,internal_25,2,,,,0,0,
JAYELI01,monophyletic,internal_18,2,,,,0,0,
JAYELX01,monophyletic,internal_51,3,,,,0,0,
JAYEMR01,monophyletic,internal_28,2,,,,0,0,
JAYENL01,monophyletic,internal_27,2,,,,0,0,
JAYENY01,monophyletic,internal_36,4,,,,0,0,
JAYFNU01,monophyletic,internal_51,5,,,,0,0,
JAYFQE01,monophyletic,internal_39,2,,,,0,0,
JAYKGU01,monophyletic,internal_28,2,,,,0,0,
JAYKHL01,monophyletic,internal_15,2,,,,0,0,
JAYKJB01,monophyletic,internal_15,2,,,,0,0,
JAYKJE01,monophyletic,internal_16,3,,,,0,0,
JAYODZ01,monophyletic,internal_28,6,,,,0,0,
JAYOEY01,monophyletic,internal_37,3,,,,0,0,
JAYPAN01,monophyletic,internal_31,2,,,,0,0,
JAYPDO01,monophyletic,internal_24,2,,,,0,0,
JAYPEY01,monophyletic,internal_23,5,,,,0,0,
JAYPHU01,monophyletic,internal_34,3,,,,0,0,
JAYPLE01,monophyletic,internal_50,2,,,,0,0,
JAYPUA01,monophyletic,internal_26,3,,,,0,0,
JAYPUG01,monophyletic,internal_38,2,,,,0,0,
JAYPWI01,monophyletic,internal_38,3,,,,0,0,
JAYQKL01,monophyletic,internal_30,5,,,,0,0,
JAYQPD01,monophyletic,internal_54,3,,,,0,0,
JAYQUR01,monophyletic,internal_38,3,,,,0,0,
JAYREN01,monophyletic,internal_18,9,,,,0,0,
JAYRJB01,monophyletic,internal_34,2,,,,0,0,
JAYRRP01,monophyletic,internal_34,2,,,,0,0,
JAYSQK01,monophyletic,internal_32,4,,,,0,0,
JAYSSF01,monophyletic,internal_27,2,,,,0,0,
JAYSSX01,monophyletic,internal_34,2,,,,0,0,
JAYSYM01,monophyletic,internal_30,2,,,,0,0,
JAYSZA01,monophyletic,internal_34,2,,,,0,0,
JAYTCP01,monophyletic,internal_26,2,,,,0,0,
JAYTJL01,monophyletic,internal_36,3,,,,0,0,
JAYTQQ01,monophyletic,internal_27,4,,,,0,0,
JAYTWQ01,monophyletic,internal_21,5,,,,0,0,
JAYTXL01,monophyletic,internal_28,3,,,,0,0,
JAYUDN01,monophyletic,internal_27,2,,,,0,0,
JAYUDQ01,monophyletic,internal_26,2,,,,0,0,
JAYUFP01,monophyletic,internal_31,2,,,,0,0,
JAYUHK01,monophyletic,internal_52,2,,,,0,0,
JAYUHP01,monophyletic,internal_30,2,,,,0,0,
JAYVJH01,monophyletic,internal_44,2,,,,0,0,
JAYVYM01,monophyletic,internal_35,2,,,,0,0,
JAYWDA01,monophyletic,internal_35,5,,,,0,0,
JAYXXU01,monophyletic,internal_45,3,,,,0,0,
JAYYAX01,monophyletic,internal_38,6,,,,0,0,
JAYYZJ01,monophyletic,internal_19,2,,,,0,0,
JAYYZW01,monophyletic,internal_38,3,,,,0,0,
JAYZAC01,monophyletic,internal_12,3,,,,0,0,
JAYZAP01,monophyletic,internal_36,3,,,,0,0,
JAYZCM01,monophyletic,internal_30,2,,,,0,0,
JAYZDK01,monophyletic,internal_27,3,,,,0,0,
JAYZEI01,monophyletic,internal_31,2,,,,0,0,
JAYZEV01,monophyletic,internal_46,3,,,,0,0,
JAYZQT01,monophyletic,internal_39,4,,,,0,0,
JAYZVT01,monophyletic,internal_37,2,,,,0,0,
JAZADA01,monophyletic,internal_37,4,,,,0,0,
JAZBPF01,monophyletic,internal_46,2,,,,0,0,
JAZBPO01,monophyletic,internal_45,2,,,,0,0,
JAZDCZ01,monophyletic,internal_26,2,,,,0,0,
JAZDDC01,monophyletic,internal_25,2,,,,0,0,
JAZDDE01,monophyletic,internal_23,3,,,,0,0,
JAZDFP01,monophyletic,internal_24,2,,,,0,0,
JAZDGX01,monophyletic,internal_24,2,,,,0,0,
JAZDKR01,monophyletic,internal_24,2,,,,0,0,
JAZDLR01,monophyletic,internal_31,3,,,,0,0,
JAZDLX01,monophyletic,internal_24,2,,,,0,0,
JAZFSZ01,monophyletic,internal_25,2,,,,0,0,
JAZFTA01,monophyletic,internal_36,2,,,,0,0,
JAZFTF01,monophyletic,internal_27,2,,,,0,0,
JAZFWG01,monophyletic,internal_33,2,,,,0,0,
JAZGDE01,monophyletic,internal_29,3,,,,0,0,
JAZGDW01,monophyletic,internal_22,2,,,,0,0,
JAZGER01,monophyletic,internal_36,2,,,,0,0,
JAZGGI01,monophyletic,internal_27,2,,,,0,0,
JAZGGS01,monophyletic,internal_37,6,,,,0,0,
JAZGHN01,monophyletic,internal_42,2,,,,0,0,
JAZGHS01,monophyletic,internal_22,2,,,,0,0,
JAZJZV01,monophyletic,internal_27,2,,,,0,0,
JAZKFT01,monophyletic,internal_46,7,,,,0,0,
JAZKID01,monophyletic,internal_35,3,,,,0,0,
JAZLEZ01,monophyletic,internal_37,2,,,,0,0,
JAZMZS01,monophyletic,internal_41,5,,,,0,0,
JAZNOQ01,monophyletic,internal_44,2,,,,0,0,
JAZNQL01,monophyletic,internal_35,2,,,,0,0,
JAZNQN01,monophyletic,internal_37,2,,,,0,0,
JAZOTK01,monophyletic,internal_37,2,,,,0,0,
JAZOXB01,monophyletic,internal_46,55,,,,0,0,
JAZQFU01,monophyletic,internal_33,2,,,,0,0,
JAZQHR01,monophyletic,internal_35,2,,,,0,0,
JAZQLP01,monophyletic,internal_36,4,,,,0,0,
JAZQNC01,monophyletic,internal_43,2,,,,0,0,
JAZQNF01,monophyletic,internal_30,3,,,,0,0,
JAZRGP01,monophyletic,internal_35,2,,,,0,0,
JAZRUF01,monophyletic,internal_37,2,,,,0,0,
JAZRWQ01,monophyletic,internal_34,2,,,,0,0,
JAZXM01,monophyletic,internal_39,7,,,,0,0,
JB111,monophyletic,internal_47,4,,,,0,0,
JBAIWZ01,monophyletic,internal_43,2,,,,0,0,
JBAJNL01,monophyletic,internal_23,2,,,,0,0,
JBALVO01,monophyletic,internal_52,3,,,,0,0,
JBALVT01,monophyletic,internal_52,10,,,,0,0,
JBAOHV01,monophyletic,internal_39,3,,,,0,0,
JBAPUB01,monophyletic,internal_34,2,,,,0,0,
JBARDN01,monophyletic,internal_36,11,,,,0,0,
JBARKJ01,monophyletic,internal_24,3,,,,0,0,
JBASEY01,monophyletic,internal_22,2,,,,0,0,
JBASRP01,monophyletic,internal_23,2,,,,0,0,
JBASTI01,monophyletic,internal_35,2,,,,0,0,
JBAUSV01,monophyletic,internal_28,4,,,,0,0,
JBAWVE01,monophyletic,internal_31,2,,,,0,0,
JBAWVR01,monophyletic,internal_54,3,,,,0,0,
JBAWWO01,monophyletic,internal_25,2,,,,0,0,
JBAWWY01,monophyletic,internal_29,2,,,,0,0,
JBAWXR01,monophyletic,internal_44,2,,,,0,0,
JBAXAB01,monophyletic,internal_61,5,,,,0,0,
JBAXAM01,monophyletic,internal_42,3,,,,0,0,
JBAXBF01,monophyletic,internal_45,3,,,,0,0,
JBAXEO01,monophyletic,internal_30,4,,,,0,0,
JBAXGE01,monophyletic,internal_21,2,,,,0,0,
JBAXKQ01,monophyletic,internal_22,2,,,,0,0,
JBAXKR01,monophyletic,internal_21,2,,,,0,0,
JBAXLO01,monophyletic,internal_54,3,,,,0,0,
JBAXOX01,monophyletic,internal_27,3,,,,0,0,
JBAXQQ01,monophyletic,internal_16,3,,,,0,0,
JBAXSK01,monophyletic,internal_21,2,,,,0,0,
JBAXTE01,monophyletic,internal_54,4,,,,0,0,
JBAXTZ01,monophyletic,internal_21,2,,,,0,0,
JBAXXL01,monophyletic,internal_37,2,,,,0,0,
JBAYBZ01,monophyletic,internal_23,2,,,,0,0,
JBAYCP01,monophyletic,internal_22,2,,,,0,0,
JBAYDV01,monophyletic,internal_65,2,,,,0,0,
JBAYFX01,monophyletic,internal_38,2,,,,0,0,
JBAYGJ01,monophyletic,internal_29,4,,,,0,0,
JBAYHA01,monophyletic,internal_37,2,,,,0,0,
JBAYHI01,monophyletic,internal_39,2,,,,0,0,
JBAYHN01,monophyletic,internal_32,2,,,,0,0,
JBAYIE01,monophyletic,internal_52,2,,,,0,0,
JBAYJA01,monophyletic,internal_27,2,,,,0,0,
JBAYJM01,monophyletic,internal_38,2,,,,0,0,
JBAYJS01,monophyletic,internal_38,2,,,,0,0,
JBAYLC01,monophyletic,internal_52,2,,,,0,0,
JBAYOE01,monophyletic,internal_31,2,,,,0,0,
JBAYST01,monophyletic,internal_26,2,,,,0,0,
JBAYWK01,monophyletic,internal_54,2,,,,0,0,
JBAZAX01,monophyletic,internal_21,4,,,,0,0,
JBAZBD01,monophyletic,internal_29,2,,,,0,0,
JBAZCA01,monophyletic,internal_41,3,,,,0,0,
JBAZFF01,monophyletic,internal_45,4,,,,0,0,
JBAZHE01,monophyletic,internal_38,5,,,,0,0,
JBAZJI01,monophyletic,internal_33,2,,,,0,0,
JBAZKK01,monophyletic,internal_38,3,,,,0,0,
JBAZKV01,monophyletic,internal_12,2,,,,0,0,
JBAZLK01,monophyletic,internal_29,2,,,,0,0,
JBAZLV01,monophyletic,internal_24,6,,,,0,0,
JBAZMP01,monophyletic,internal_26,2,,,,0,0,
JBAZPT01,monophyletic,internal_30,2,,,,0,0,
JBAZQS01,monophyletic,internal_33,2,,,,0,0,
JBAZTA01,monophyletic,internal_41,3,,,,0,0,
JBAZUV01,monophyletic,internal_35,2,,,,0,0,
JBAZWE01,monophyletic,internal_23,3,,,,0,0,
JBAZWO01,monophyletic,internal_28,2,,,,0,0,
JBAZWV01,monophyletic,internal_41,3,,,,0,0,
JBAZYK01,monophyletic,internal_33,2,,,,0,0,
JBAZYV01,monophyletic,internal_30,2,,,,0,0,
JBAZYZ01,monophyletic,internal_48,4,,,,0,0,
JBAZZM01,monophyletic,internal_34,2,,,,0,0,
JBAZZQ01,monophyletic,internal_24,2,,,,0,0,
JBBAAP01,monophyletic,internal_23,2,,,,0,0,
JBBAAW01,monophyletic,internal_25,4,,,,0,0,
JBBABK01,monophyletic,internal_30,4,,,,0,0,
JBBAFB01,monophyletic,internal_30,2,,,,0,0,
JBBAGC01,monophyletic,internal_12,5,,,,0,0,
JBBASU01,monophyletic,internal_44,3,,,,0,0,
JBBATK01,monophyletic,internal_33,7,,,,0,0,
JBBCJR01,monophyletic,internal_47,2,,,,0,0,
JBBDHZ01,monophyletic,internal_50,2,,,,0,0,
JBBDIK01,monophyletic,internal_26,2,,,,0,0,
JBBDIP01,monophyletic,internal_31,3,,,,0,0,
JBBDIX01,monophyletic,internal_38,2,,,,0,0,
JBBDJV01,monophyletic,internal_47,2,,,,0,0,
JBBDLY01,monophyletic,internal_29,2,,,,0,0,
JBBDMC01,monophyletic,internal_43,6,,,,0,0,
JBBDMU01,monophyletic,internal_32,4,,,,0,0,
JBBDMX01,monophyletic,internal_32,3,,,,0,0,
JBBDMZ01,monophyletic,internal_38,2,,,,0,0,
JBBDNT01,monophyletic,internal_30,2,,,,0,0,
JBBDNX01,monophyletic,internal_34,2,,,,0,0,
JBBDOS01,monophyletic,internal_24,2,,,,0,0,
JBBDQX01,monophyletic,internal_27,2,,,,0,0,
JBBDRH01,monophyletic,internal_25,2,,,,0,0,
JBBDRJ01,monophyletic,internal_20,3,,,,0,0,
JBBDSH01,monophyletic,internal_36,2,,,,0,0,
JBBDTT01,monophyletic,internal_21,2,,,,0,0,
JBBDUH01,monophyletic,internal_53,2,,,,0,0,
JBBDWJ01,monophyletic,internal_25,2,,,,0,0,
JBBDWR01,monophyletic,internal_30,2,,,,0,0,
JBBDWZ01,monophyletic,internal_25,2,,,,0,0,
JBBDXO01,monophyletic,internal_32,3,,,,0,0,
JBBDXS01,monophyletic,internal_34,5,,,,0,0,
JBBDYD01,monophyletic,internal_38,2,,,,0,0,
JBBDYH01,monophyletic,internal_33,2,,,,0,0,
JBBDYQ01,monophyletic,internal_26,2,,,,0,0,
JBBEAM01,monophyletic,internal_39,2,,,,0,0,
JBBEBE01,monophyletic,internal_36,2,,,,0,0,
JBBEBG01,monophyletic,internal_30,2,,,,0,0,
JBBECE01,monophyletic,internal_34,2,,,,0,0,
JBBECJ01,monophyletic,internal_29,3,,,,0,0,
JBBEDC01,monophyletic,internal_27,2,,,,0,0,
JBBEDP01,monophyletic,internal_31,2,,,,0,0,
JBBFMJ01,monophyletic,internal_17,2,,,,0,0,
JBBIJI01,monophyletic,internal_30,2,,,,0,0,
JBBIJO01,monophyletic,internal_31,2,,,,0,0,
JBBIJQ01,monophyletic,internal_20,2,,,,0,0,
JBBIKX01,monophyletic,internal_35,2,,,,0,0,
JBBILO01,monophyletic,internal_36,2,,,,0,0,
JBBIMS01,monophyletic,internal_17,4,,,,0,0,
JBBIMT01,monophyletic,internal_31,2,,,,0,0,
JBBIPA01,monophyletic,internal_41,4,,,,0,0,
JBBIPQ01,monophyletic,internal_25,3,,,,0,0,
JBBIQV01,monophyletic,internal_31,2,,,,0,0,
JBBIRG01,monophyletic,internal_24,2,,,,0,0,
JBBIRK01,monophyletic,internal_21,2,,,,0,0,
JBBIRM01,monophyletic,internal_29,2,,,,0,0,
JBBIRW01,monophyletic,internal_17,2,,,,0,0,
JBBITI01,monophyletic,internal_40,5,,,,0,0,
JBBIVB01,monophyletic,internal_28,2,,,,0,0,
JBBKWH01,monophyletic,internal_45,2,,,,0,0,
JBBKWJ01,monophyletic,internal_38,2,,,,0,0,
JBBKXJ01,monophyletic,internal_42,3,,,,0,0,
JBBKXP01,monophyletic,internal_63,3,,,,0,0,
JBBKXR01,monophyletic,internal_29,2,,,,0,0,
JBBPYC01,monophyletic,internal_43,5,,,,0,0,
JBBPYY01,monophyletic,internal_25,2,,,,0,0,
JBBPZA01,monophyletic,internal_30,4,,,,0,0,
JBBPZK01,monophyletic,internal_24,3,,,,0,0,
JBBQAA01,monophyletic,internal_29,3,,,,0,0,
JBBQAJ01,monophyletic,internal_40,4,,,,0,0,
JBBQBA01,monophyletic,internal_35,2,,,,0,0,
JBBQBM01,monophyletic,internal_33,3,,,,0,0,
JBBQCW01,monophyletic,internal_34,2,,,,0,0,
JBBQDK01,monophyletic,internal_31,3,,,,0,0,
JBBQDZ01,monophyletic,internal_31,2,,,,0,0,
JBBQER01,monophyletic,internal_31,5,,,,0,0,
JBBQFI01,monophyletic,internal_30,6,,,,0,0,
JBBQHX01,monophyletic,internal_22,3,,,,0,0,
JBBQIT01,monophyletic,internal_27,2,,,,0,0,
JBBQIY01,monophyletic,internal_26,3,,,,0,0,
JBBQKF01,monophyletic,internal_36,2,,,,0,0,
JBBQKG01,monophyletic,internal_24,3,,,,0,0,
JBBQKQ01,monophyletic,internal_49,5,,,,0,0,
JBBQLG01,monophyletic,internal_43,2,,,,0,0,
JBBQMJ01,monophyletic,internal_31,2,,,,0,0,
JBBQNR01,monophyletic,internal_22,3,,,,0,0,
JBBQNY01,monophyletic,internal_30,6,,,,0,0,
JBBQPD01,monophyletic,internal_35,2,,,,0,0,
JBBQRS01,monophyletic,internal_32,2,,,,0,0,
JBBQSN01,monophyletic,internal_42,3,,,,0,0,
JBBQUN01,monophyletic,internal_42,5,,,,0,0,
JBBQUS01,monophyletic,internal_22,2,,,,0,0,
JBBQVE01,monophyletic,internal_32,2,,,,0,0,
JBBQVS01,monophyletic,internal_27,13,,,,0,0,
JBBQVZ01,monophyletic,internal_33,13,,,,0,0,
JBBQWT01,monophyletic,internal_24,2,,,,0,0,
JBBQWZ01,monophyletic,internal_32,3,,,,0,0,
JBBQXH01,monophyletic,internal_27,2,,,,0,0,
JBBQXK01,monophyletic,internal_61,4,,,,0,0,
JBBQXV01,monophyletic,internal_37,2,,,,0,0,
JBBQXY01,monophyletic,internal_24,2,,,,0,0,
JBBQYA01,monophyletic,internal_50,2,,,,0,0,
JBBQYD01,monophyletic,internal_36,2,,,,0,0,
JBBQZP01,monophyletic,internal_65,2,,,,0,0,
JBBQZU01,monophyletic,internal_45,4,,,,0,0,
JBBRBB01,monophyletic,internal_57,3,,,,0,0,
JBBRDU01,monophyletic,internal_32,7,,,,0,0,
JBBREP01,monophyletic,internal_29,3,,,,0,0,
JBBRGK01,monophyletic,internal_30,2,,,,0,0,
JBBRHH01,monophyletic,internal_31,2,,,,0,0,
JBBRHN01,monophyletic,internal_31,2,,,,0,0,
JBBRHQ01,monophyletic,internal_28,7,,,,0,0,
JBBRIK01,monophyletic,internal_32,2,,,,0,0,
JBBRKR01,monophyletic,internal_24,2,,,,0,0,
JBBRLC01,monophyletic,internal_35,2,,,,0,0,
JBBRMW01,monophyletic,internal_40,4,,,,0,0,
JBBRNH01,monophyletic,internal_45,2,,,,0,0,
JBBRNV01,monophyletic,internal_58,2,,,,0,0,
JBBROH01,monophyletic,internal_22,2,,,,0,0,
JBBROS01,monophyletic,internal_41,12,,,,0,0,
JBBRRP01,monophyletic,internal_36,4,,,,0,0,
JBBRSL01,monophyletic,internal_34,3,,,,0,0,
JBBRUM01,monophyletic,internal_25,2,,,,0,0,
JBBRVW01,monophyletic,internal_41,2,,,,0,0,
JBBRWO01,monophyletic,internal_31,2,,,,0,0,
JBBRXH01,monophyletic,internal_30,2,,,,0,0,
JBBRXK01,monophyletic,internal_45,2,,,,0,0,
JBBRXR01,monophyletic,internal_32,2,,,,0,0,
JBBRXZ01,monophyletic,internal_56,2,,,,0,0,
JBBRYW01,monophyletic,internal_31,2,,,,0,0,
JBBRZM01,monophyletic,internal_28,3,,,,0,0,
JBBSAN01,monophyletic,internal_23,2,,,,0,0,
JBBSAT01,monophyletic,internal_34,6,,,,0,0,
JBBSBL01,monophyletic,internal_29,3,,,,0,0,
JBBSBY01,monophyletic,internal_26,3,,,,0,0,
JBBSDP01,monophyletic,internal_30,3,,,,0,0,
JBBSGA01,monophyletic,internal_23,3,,,,0,0,
JBBSHP01,monophyletic,internal_31,2,,,,0,0,
JBBSJT01,monophyletic,internal_29,3,,,,0,0,
JBBSJZ01,monophyletic,internal_40,5,,,,0,0,
JBBSMX01,monophyletic,internal_31,3,,,,0,0,
JBBSNV01,monophyletic,internal_28,2,,,,0,0,
JBBSOD01,monophyletic,internal_28,2,,,,0,0,
JBBSOK01,monophyletic,internal_59,2,,,,0,0,
JBBSSF01,monophyletic,internal_37,2,,,,0,0,
JBBSUQ01,monophyletic,internal_47,2,,,,0,0,
JBBTCX01,monophyletic,internal_35,2,,,,0,0,
JBBTGK01,monophyletic,internal_15,2,,,,0,0,
JBBTLC01,monophyletic,internal_28,3,,,,0,0,
JBBTQD01,monophyletic,internal_36,2,,,,0,0,
JBBTQJ01,monophyletic,internal_45,2,,,,0,0,
JBBTQL01,monophyletic,internal_42,2,,,,0,0,
JBBTQR01,monophyletic,internal_34,2,,,,0,0,
JBBTQS01,monophyletic,internal_37,2,,,,0,0,
JBBTQX01,monophyletic,internal_45,5,,,,0,0,
JBBTQZ01,monophyletic,internal_58,4,,,,0,0,
JBBTRF01,monophyletic,internal_58,3,,,,0,0,
JBBTRN01,monophyletic,internal_31,4,,,,0,0,
JBBTSB01,monophyletic,internal_38,3,,,,0,0,
JBBTSQ01,monophyletic,internal_55,2,,,,0,0,
JBBTTE01,monophyletic,internal_54,3,,,,0,0,
JBBTTI01,monophyletic,internal_39,3,,,,0,0,
JBBTTN01,monophyletic,internal_47,2,,,,0,0,
JBBTUF01,monophyletic,internal_37,2,,,,0,0,
JBBTVE01,monophyletic,internal_46,2,,,,0,0,
JBBTVO01,monophyletic,internal_38,2,,,,0,0,
JBBTWG01,monophyletic,internal_29,2,,,,0,0,
JBBTWO01,monophyletic,internal_33,2,,,,0,0,
JBBTXJ01,monophyletic,internal_37,3,,,,0,0,
JBBTYG01,monophyletic,internal_52,4,,,,0,0,
JBBTZY01,monophyletic,internal_31,2,,,,0,0,
JBBUAX01,monophyletic,internal_55,3,,,,0,0,
JBBUCD01,monophyletic,internal_26,4,,,,0,0,
JBBUCK01,monophyletic,internal_54,2,,,,0,0,
JBBUEZ01,monophyletic,internal_47,2,,,,0,0,
JBBUGM01,monophyletic,internal_53,2,,,,0,0,
JBBUHS01,monophyletic,internal_50,3,,,,0,0,
JBBWZH01,monophyletic,internal_28,2,,,,0,0,
JBCAWW01,monophyletic,internal_37,5,,,,0,0,
JBCAXA01,monophyletic,internal_36,3,,,,0,0,
JBCAXK01,monophyletic,internal_21,2,,,,0,0,
JBCBCP01,monophyletic,internal_64,4,,,,0,0,
JBCBDX01,monophyletic,internal_45,5,,,,0,0,
JBCBEX01,monophyletic,internal_30,6,,,,0,0,
JBCBGF01,monophyletic,internal_59,3,,,,0,0,
JBCBJX01,monophyletic,internal_33,2,,,,0,0,
JBCBKL01,monophyletic,internal_66,2,,,,0,0,
JBCBKP01,monophyletic,internal_39,2,,,,0,0,
JBCBKU01,monophyletic,internal_59,2,,,,0,0,
JBCBKZ01,monophyletic,internal_37,3,,,,0,0,
JBCBRD01,monophyletic,internal_48,2,,,,0,0,
JBCBRF01,monophyletic,internal_32,2,,,,0,0,
JBCBRR01,monophyletic,internal_37,2,,,,0,0,
JBCBSK01,monophyletic,internal_35,2,,,,0,0,
JBCBSP01,monophyletic,internal_39,3,,,,0,0,
JBCBSZ01,monophyletic,internal_37,3,,,,0,0,
JBCBTJ01,monophyletic,internal_39,2,,,,0,0,
JBCBTL01,monophyletic,internal_16,2,,,,0,0,
JBCBUE01,monophyletic,internal_32,3,,,,0,0,
JBCBWG01,monophyletic,internal_41,7,,,,0,0,
JBCBXA01,monophyletic,internal_36,3,,,,0,0,
JBCBYL01,monophyletic,internal_26,2,,,,0,0,
JBCBZM01,monophyletic,internal_34,2,,,,0,0,
JBCBZT01,monophyletic,internal_27,2,,,,0,0,
JBCBZW01,monophyletic,internal_32,2,,,,0,0,
JBCCAG01,monophyletic,internal_29,5,,,,0,0,
JBCCBI01,monophyletic,internal_18,4,,,,0,0,
JBCCBL01,monophyletic,internal_26,2,,,,0,0,
JBCCBV01,monophyletic,internal_36,2,,,,0,0,
JBCCCJ01,monophyletic,internal_37,2,,,,0,0,
JBCCDM01,monophyletic,internal_33,2,,,,0,0,
JBCCEF01,monophyletic,internal_21,2,,,,0,0,
JBCCEX01,monophyletic,internal_27,2,,,,0,0,
JBCCFC01,monophyletic,internal_34,2,,,,0,0,
JBCCFK01,monophyletic,internal_39,2,,,,0,0,
JBCCGL01,monophyletic,internal_31,2,,,,0,0,
JBCCHO01,monophyletic,internal_25,2,,,,0,0,
JBCCIM01,monophyletic,internal_37,3,,,,0,0,
JBCCKC01,monophyletic,internal_30,3,,,,0,0,
JBCCLJ01,monophyletic,internal_19,2,,,,0,0,
JBCCMA01,monophyletic,internal_33,5,,,,0,0,
JBCCMF01,monophyletic,internal_35,2,,,,0,0,
JBCCMQ01,monophyletic,internal_55,2,,,,0,0,
JBCCNR01,monophyletic,internal_27,2,,,,0,0,
JBCCOW01,monophyletic,internal_36,4,,,,0,0,
JBCCQL01,monophyletic,internal_41,5,,,,0,0,
JBCCRV01,monophyletic,internal_39,3,,,,0,0,
JBCCSZ01,monophyletic,internal_50,2,,,,0,0,
JBCCTX01,monophyletic,internal_36,4,,,,0,0,
JBCCVH01,monophyletic,internal_38,2,,,,0,0,
JBCCWF01,monophyletic,internal_28,4,,,,0,0,
JBCCWR01,monophyletic,internal_23,2,,,,0,0,
JBCCWV01,monophyletic,internal_27,2,,,,0,0,
JBCCXZ01,monophyletic,internal_38,2,,,,0,0,
JBCDAP01,monophyletic,internal_31,2,,,,0,0,
JBCDBW01,monophyletic,internal_26,2,,,,0,0,
JBCDBY01,monophyletic,internal_28,2,,,,0,0,
JBCDCU01,monophyletic,internal_35,2,,,,0,0,
JBCDGH01,monophyletic,internal_21,2,,,,0,0,
JBCDHN01,monophyletic,internal_29,4,,,,0,0,
JBCDJI01,monophyletic,internal_28,3,,,,0,0,
JBCDKH01,monophyletic,internal_26,5,,,,0,0,
JBCDLI01,monophyletic,internal_45,2,,,,0,0,
JBCFBK01,monophyletic,internal_65,5,,,,0,0,
JBCKPE01,monophyletic,internal_43,2,,,,0,0,
JBCKUK01,monophyletic,internal_42,2,,,,0,0,
JBCLLP01,monophyletic,internal_28,2,,,,0,0,
JBCLLY01,monophyletic,internal_33,3,,,,0,0,
JBCNVI01,monophyletic,internal_18,5,,,,0,0,
JBDGRJ01,monophyletic,internal_39,2,,,,0,0,
JBDGYE01,monophyletic,internal_25,2,,,,0,0,
JBDGYW01,monophyletic,internal_27,5,,,,0,0,
JBDHAC01,monophyletic,internal_24,3,,,,0,0,
JBDHBD01,monophyletic,internal_24,2,,,,0,0,
JBDHDH01,monophyletic,internal_25,3,,,,0,0,
JBDHDY01,monophyletic,internal_24,2,,,,0,0,
JBDHGH01,monophyletic,internal_25,3,,,,0,0,
JBDHHQ01,monophyletic,internal_27,2,,,,0,0,
JBDHQB01,monophyletic,internal_26,2,,,,0,0,
JBDHTS01,monophyletic,internal_38,3,,,,0,0,
JBDHUJ01,monophyletic,internal_42,2,,,,0,0,
JBDHUR01,monophyletic,internal_54,2,,,,0,0,
JBDHUV01,monophyletic,internal_30,4,,,,0,0,
JBDHUW01,monophyletic,internal_28,5,,,,0,0,
JBDHWG01,monophyletic,internal_26,4,,,,0,0,
JBDHWI01,monophyletic,internal_39,2,,,,0,0,
JBDHXE01,monophyletic,internal_38,3,,,,0,0,
JBDIAG01,monophyletic,internal_41,3,,,,0,0,
JBDIVL01,monophyletic,internal_29,2,,,,0,0,
JBDKFK01,monophyletic,internal_33,3,,,,0,0,
JBDKGD01,monophyletic,internal_52,3,,,,0,0,
JBDKGV01,monophyletic,internal_22,2,,,,0,0,
JBDKHP01,monophyletic,internal_54,2,,,,0,0,
JBDKLC01,monophyletic,internal_59,5,,,,0,0,
JBDKSP01,monophyletic,internal_24,2,,,,0,0,
JBDKTH01,monophyletic,internal_33,2,,,,0,0,
JBDKTK01,monophyletic,internal_28,3,,,,0,0,
JBDKUD01,monophyletic,internal_39,2,,,,0,0,
JBDLRH01,monophyletic,internal_42,2,,,,0,0,
JBDLSY01,monophyletic,internal_25,3,,,,0,0,
JBDNGG01,monophyletic,internal_28,2,,,,0,0,
JBDNGI01,monophyletic,internal_22,2,,,,0,0,
JBDNHS01,monophyletic,internal_37,2,,,,0,0,
JBDRAU01,monophyletic,internal_26,2,,,,0,0,
JBDRCN01,monophyletic,internal_27,2,,,,0,0,
JBDRGY01,monophyletic,internal_25,2,,,,0,0,
JBDRKE01,monophyletic,internal_37,2,,,,0,0,
JBDRMV01,monophyletic,internal_23,2,,,,0,0,
JBDRNE01,monophyletic,internal_26,2,,,,0,0,
JBDRRP01,monophyletic,internal_34,2,,,,0,0,
JBDRUN01,monophyletic,internal_23,2,,,,0,0,
JBDRVQ01,monophyletic,internal_23,2,,,,0,0,
JBDRWI01,monophyletic,internal_21,2,,,,0,0,
JBDRYB01,monophyletic,internal_19,3,,,,0,0,
JBDRZD01,monophyletic,internal_18,4,,,,0,0,
JBDSEG01,monophyletic,internal_41,2,,,,0,0,
JBDSGC01,monophyletic,internal_28,2,,,,0,0,
JBDSKH01,monophyletic,internal_59,9,,,,0,0,
JBDSLU01,monophyletic,internal_21,5,,,,0,0,
JBDSRX01,monophyletic,internal_27,3,,,,0,0,
JBDSSS01,monophyletic,internal_47,3,,,,0,0,
JBDSTW01,monophyletic,internal_33,4,,,,0,0,
JBDSWU01,monophyletic,internal_48,3,,,,0,0,
JBDTCO01,monophyletic,internal_33,3,,,,0,0,
JBDTGE01,monophyletic,internal_45,2,,,,0,0,
JBDTJR01,monophyletic,internal_23,2,,,,0,0,
JBDTLH01,monophyletic,internal_24,2,,,,0,0,
JBDTME01,monophyletic,internal_33,2,,,,0,0,
JBDTMT01,monophyletic,internal_30,2,,,,0,0,
JBDTNK01,monophyletic,internal_24,2,,,,0,0,
JBDTSL01,monophyletic,internal_29,2,,,,0,0,
JBDTSW01,monophyletic,internal_32,10,,,,0,0,
JBDTWD01,monophyletic,internal_34,3,,,,0,0,
JBDTYE01,monophyletic,internal_29,2,,,,0,0,
JBDTZF01,monophyletic,internal_34,2,,,,0,0,
JBDUAP01,monophyletic,internal_32,3,,,,0,0,
JBDUEA01,monophyletic,internal_25,2,,,,0,0,
JBDWFY01,monophyletic,internal_35,3,,,,0,0,
JBDZVW01,monophyletic,internal_42,2,,,,0,0,
JBEAPM01,monophyletic,internal_22,3,,,,0,0,
JBEATZ01,monophyletic,internal_34,2,,,,0,0,
JBEAYS01,monophyletic,internal_21,2,,,,0,0,
JBEBGV01,monophyletic,internal_24,2,,,,0,0,
JBEBSO01,monophyletic,internal_42,2,,,,0,0,
JBEBVQ01,monophyletic,internal_45,4,,,,0,0,
JBECKS01,monophyletic,internal_35,3,,,,0,0,
JBECKW01,monophyletic,internal_33,2,,,,0,0,
JBECKX01,monophyletic,internal_23,2,,,,0,0,
JBEDKD01,monophyletic,internal_25,2,,,,0,0,
JBEDUK01,monophyletic,internal_30,2,,,,0,0,
JBEEFP01,monophyletic,internal_29,2,,,,0,0,
JBEEJL01,monophyletic,internal_37,6,,,,0,0,
JBEEJZ01,monophyletic,internal_46,3,,,,0,0,
JBEEMU01,monophyletic,internal_39,2,,,,0,0,
JBEEPE01,monophyletic,internal_33,3,,,,0,0,
JBEGML01,monophyletic,internal_53,2,,,,0,0,
JBEICQ01,monophyletic,internal_54,2,,,,0,0,
JBEIFN01,monophyletic,internal_26,2,,,,0,0,
JBEIFW01,monophyletic,internal_30,3,,,,0,0,
JBEIGE01,monophyletic,internal_46,2,,,,0,0,
JBEIHI01,monophyletic,internal_28,2,,,,0,0,
JBEIHX01,monophyletic,internal_38,2,,,,0,0,
JBEIOQ01,monophyletic,internal_27,2,,,,0,0,
JBEISR01,monophyletic,internal_40,4,,,,0,0,
JBEIUL01,monophyletic,internal_32,2,,,,0,0,
JBEIUO01,monophyletic,internal_43,5,,,,0,0,
JBEKCB01,monophyletic,internal_21,2,,,,0,0,
JBEKCP01,monophyletic,internal_31,2,,,,0,0,
JBEKHI01,monophyletic,internal_36,2,,,,0,0,
JBEKHT01,monophyletic,internal_41,3,,,,0,0,
JBEKIK01,monophyletic,internal_33,8,,,,0,0,
JBEKKD01,monophyletic,internal_22,2,,,,0,0,
JBEKLJ01,monophyletic,internal_28,2,,,,0,0,
JBEKOF01,monophyletic,internal_30,6,,,,0,0,
JBEKTW01,monophyletic,internal_35,2,,,,0,0,
JBEKVE01,monophyletic,internal_39,2,,,,0,0,
JBEKYD01,monophyletic,internal_36,5,,,,0,0,
JBEKZD01,monophyletic,internal_23,2,,,,0,0,
JBELHR01,monophyletic,internal_49,3,,,,0,0,
JBEPZA01,monophyletic,internal_23,2,,,,0,0,
JBEVHX01,monophyletic,internal_31,2,,,,0,0,
JBEVJC01,monophyletic,internal_59,3,,,,0,0,
JBEVJK01,monophyletic,internal_55,3,,,,0,0,
JBEVJO01,monophyletic,internal_38,2,,,,0,0,
JBEVNX01,monophyletic,internal_27,2,,,,0,0,
JBEVOS01,monophyletic,internal_42,5,,,,0,0,
JBFELU01,monophyletic,internal_26,2,,,,0,0,
JBFEPE01,monophyletic,internal_37,2,,,,0,0,
JBFEYF01,monophyletic,internal_19,2,,,,0,0,
JBFEYJ01,monophyletic,internal_41,3,,,,0,0,
JBFFCR01,monophyletic,internal_35,2,,,,0,0,
JBFFMO01,monophyletic,internal_31,4,,,,0,0,
JBFFSW01,monophyletic,internal_38,2,,,,0,0,
JBFFZF01,monophyletic,internal_30,2,,,,0,0,
JBFGCT01,monophyletic,internal_36,2,,,,0,0,
JBFGFG01,monophyletic,internal_28,4,,,,0,0,
JBFGFX01,monophyletic,internal_42,4,,,,0,0,
JBFGHG01,monophyletic,internal_23,2,,,,0,0,
JBFGJH01,monophyletic,internal_27,2,,,,0,0,
JBFGRM01,monophyletic,internal_28,3,,,,0,0,
JBFGRR01,monophyletic,internal_28,2,,,,0,0,
JBFGYD01,monophyletic,internal_31,2,,,,0,0,
JBFHIJ01,monophyletic,internal_34,5,,,,0,0,
JBFHIZ01,monophyletic,internal_49,2,,,,0,0,
JBFHNV01,monophyletic,internal_37,2,,,,0,0,
JBFHRE01,monophyletic,internal_32,3,,,,0,0,
JBFHWR01,monophyletic,internal_25,2,,,,0,0,
JBFIHF01,monophyletic,internal_31,2,,,,0,0,
JBFILW01,monophyletic,internal_20,2,,,,0,0,
JBFINV01,monophyletic,internal_38,2,,,,0,0,
JBFIYM01,monophyletic,internal_31,2,,,,0,0,
JBFJKD01,monophyletic,internal_49,5,,,,0,0,
JBFJNS01,monophyletic,internal_28,2,,,,0,0,
JBFJVD01,monophyletic,internal_45,2,,,,0,0,
JBFJVZ01,monophyletic,internal_44,2,,,,0,0,
JBFJWR01,monophyletic,internal_32,3,,,,0,0,
JBFJZV01,monophyletic,internal_26,2,,,,0,0,
JBFLVT01,monophyletic,internal_31,2,,,,0,0,
JBFLVU01,monophyletic,internal_15,5,,,,0,0,
JBFLXB01,monophyletic,internal_26,4,,,,0,0,
JBFLXS01,monophyletic,internal_17,2,,,,0,0,
JBFLYE01,monophyletic,internal_16,3,,,,0,0,
JBFLYH01,monophyletic,internal_18,2,,,,0,0,
JBFLZA01,monophyletic,internal_32,2,,,,0,0,
JBFLZB01,monophyletic,internal_25,3,,,,0,0,
JBFMAI01,monophyletic,internal_35,2,,,,0,0,
JBFMAJ01,monophyletic,internal_28,2,,,,0,0,
JBFMCC01,monophyletic,internal_51,3,,,,0,0,
JBFMCP01,monophyletic,internal_34,2,,,,0,0,
JBFMCT01,monophyletic,internal_30,4,,,,0,0,
JBFMCU01,monophyletic,internal_37,2,,,,0,0,
JBFMDH01,monophyletic,internal_21,2,,,,0,0,
JBFMDN01,monophyletic,internal_24,2,,,,0,0,
JBFMDU01,monophyletic,internal_34,2,,,,0,0,
JBFMDX01,monophyletic,internal_26,3,,,,0,0,
JBFMFH01,monophyletic,internal_26,2,,,,0,0,
JBFMHP01,monophyletic,internal_36,2,,,,0,0,
JBFWKV01,monophyletic,internal_25,2,,,,0,0,
JBFWVR01,monophyletic,internal_21,2,,,,0,0,
JBFXAF01,monophyletic,internal_54,2,,,,0,0,
JBFXEV01,monophyletic,internal_19,2,,,,0,0,
JBFXGD01,monophyletic,internal_25,2,,,,0,0,
JBFYTX01,monophyletic,internal_51,7,,,,0,0,
JBGAFT01,monophyletic,internal_24,2,,,,0,0,
JBGAKG01,monophyletic,internal_38,2,,,,0,0,
JBGAMH01,monophyletic,internal_25,2,,,,0,0,
JBGAPH01,monophyletic,internal_27,2,,,,0,0,
JBGARF01,monophyletic,internal_32,2,,,,0,0,
JBGASG01,monophyletic,internal_20,2,,,,0,0,
JBGLNJ01,monophyletic,internal_35,4,,,,0,0,
JBGLNL01,monophyletic,internal_35,5,,,,0,0,
JBGMEA01,monophyletic,internal_26,4,,,,0,0,
JBGNFV01,monophyletic,internal_40,2,,,,0,0,
JBGOTP01,monophyletic,internal_31,3,,,,0,0,
JBGOXU01,monophyletic,internal_38,2,,,,0,0,
JBGOYX01,monophyletic,internal_43,2,,,,0,0,
JBGPEF01,monophyletic,internal_33,2,,,,0,0,
JBGPEQ01,monophyletic,internal_35,3,,,,0,0,
JBGPEV01,monophyletic,internal_26,2,,,,0,0,
JBGPGW01,monophyletic,internal_34,2,,,,0,0,
JBGPIT01,monophyletic,internal_26,2,,,,0,0,
JBGPJO01,monophyletic,internal_54,2,,,,0,0,
JBGPLJ01,monophyletic,internal_33,3,,,,0,0,
JBGPNN01,monophyletic,internal_20,3,,,,0,0,
JBGPOS01,monophyletic,internal_37,2,,,,0,0,
JBGPQJ01,monophyletic,internal_50,5,,,,0,0,
JBGPRB01,monophyletic,internal_50,2,,,,0,0,
JBGPTK01,monophyletic,internal_25,5,,,,0,0,
JBGPYB01,monophyletic,internal_24,2,,,,0,0,
JBGQAS01,monophyletic,internal_57,3,,,,0,0,
JBGQCZ01,monophyletic,internal_25,2,,,,0,0,
JBGQDJ01,monophyletic,internal_27,2,,,,0,0,
JBGQGH01,monophyletic,internal_28,2,,,,0,0,
JBGQHD01,monophyletic,internal_28,2,,,,0,0,
JBGQJN01,monophyletic,internal_40,2,,,,0,0,
JBGRPZ01,monophyletic,internal_57,2,,,,0,0,
JBGSIR01,monophyletic,internal_32,2,,,,0,0,
JBGSLA01,monophyletic,internal_29,8,,,,0,0,
JBGSLN01,monophyletic,internal_39,2,,,,0,0,
JBGSMF01,monophyletic,internal_35,2,,,,0,0,
JBGSMV01,monophyletic,internal_30,2,,,,0,0,
JBGSMX01,monophyletic,internal_26,2,,,,0,0,
JBGSOV01,monophyletic,internal_26,3,,,,0,0,
JBGSPL01,monophyletic,internal_26,3,,,,0,0,
JBGSPQ01,monophyletic,internal_31,2,,,,0,0,
JBGSQR01,monophyletic,internal_25,3,,,,0,0,
JBGSRW01,monophyletic,internal_34,2,,,,0,0,
JBGSSR01,monophyletic,internal_60,2,,,,0,0,
JBGSST01,monophyletic,internal_27,4,,,,0,0,
JBGSTR01,monophyletic,internal_38,2,,,,0,0,
JBGSUF01,monophyletic,internal_37,2,,,,0,0,
JBGSUZ01,monophyletic,internal_33,4,,,,0,0,
JBGSWC01,monophyletic,internal_38,2,,,,0,0,
JBGSWE01,monophyletic,internal_33,2,,,,0,0,
JBGSYJ01,monophyletic,internal_22,2,,,,0,0,
JBGSYN01,monophyletic,internal_39,2,,,,0,0,
JBGSZB01,monophyletic,internal_27,2,,,,0,0,
JBGSZX01,monophyletic,internal_26,2,,,,0,0,
JBGTFE01,monophyletic,internal_28,3,,,,0,0,
JBGTGG01,monophyletic,internal_47,3,,,,0,0,
JBGTGT01,monophyletic,internal_32,3,,,,0,0,
JBGTHM01,monophyletic,internal_25,2,,,,0,0,
JBGTLW01,monophyletic,internal_32,2,,,,0,0,
JBGTNQ01,monophyletic,internal_58,5,,,,0,0,
JBGUVL01,monophyletic,internal_21,2,,,,0,0,
JBGVMW01,monophyletic,internal_42,2,,,,0,0,
JBGVSA01,monophyletic,internal_36,3,,,,0,0,
JBGZFC01,monophyletic,internal_76,3,,,,0,0,
JBHAES01,monophyletic,internal_45,2,,,,0,0,
JBHENC01,monophyletic,internal_22,2,,,,0,0,
JBHEPS01,monophyletic,internal_21,2,,,,0,0,
JBHHTR01,monophyletic,internal_22,2,,,,0,0,
JBHHTZ01,monophyletic,internal_28,2,,,,0,0,
JBHHUI01,monophyletic,internal_37,2,,,,0,0,
JBHIAI01,monophyletic,internal_28,2,,,,0,0,
JBHJGM01,monophyletic,internal_20,3,,,,0,0,
JBHJGO01,monophyletic,internal_27,3,,,,0,0,
JBHJHP01,monophyletic,internal_61,2,,,,0,0,
JBHPDM01,monophyletic,internal_37,2,,,,0,0,
JBIKLM01,monophyletic,internal_37,2,,,,0,0,
JBIKWN01,monophyletic,internal_30,3,,,,0,0,
JBILDU01,monophyletic,internal_30,2,,,,0,0,
JBILQA01,monophyletic,internal_26,2,,,,0,0,
JBILXY01,monophyletic,internal_20,2,,,,0,0,
JBIOEC01,monophyletic,internal_36,2,,,,0,0,
JBIOUF01,monophyletic,internal_42,2,,,,0,0,
JBIOXB01,monophyletic,internal_29,2,,,,0,0,
JBJFCE01,monophyletic,internal_51,2,,,,0,0,
JBJHBP01,monophyletic,internal_40,3,,,,0,0,
JBJMLN01,monophyletic,internal_25,2,,,,0,0,
JBJOQV01,monophyletic,internal_26,2,,,,0,0,
JBJSXJ01,monophyletic,internal_36,2,,,,0,0,
JBJTIF01,monophyletic,internal_31,3,,,,0,0,
JBJTUH01,monophyletic,internal_18,2,,,,0,0,
JBJXHC01,monophyletic,internal_35,2,,,,0,0,
JBKCUA01,monophyletic,internal_22,2,,,,0,0,
JBKCUI01,monophyletic,internal_40,67,,,,0,0,
JBKCUK01,monophyletic,internal_28,2,,,,0,0,
JBKEAD01,monophyletic,internal_27,2,,,,0,0,
JBKEAJ01,monophyletic,internal_56,3,,,,0,0,
JBKEAR01,monophyletic,internal_22,2,,,,0,0,
JBKEBX01,monophyletic,internal_40,2,,,,0,0,
JBKECA01,monophyletic,internal_30,2,,,,0,0,
JBKEDC01,monophyletic,internal_66,4,,,,0,0,
JBKEDG01,monophyletic,internal_12,2,,,,0,0,
JBKHAJ01,monophyletic,internal_23,2,,,,0,0,
JBKHDT01,monophyletic,internal_30,2,,,,0,0,
JBKHJK01,monophyletic,internal_26,2,,,,0,0,
JBKHVV01,monophyletic,internal_43,2,,,,0,0,
JBKJUD01,monophyletic,internal_20,2,,,,0,0,
JBKPBY01,monophyletic,internal_27,3,,,,0,0,
JBKPFU01,monophyletic,internal_35,3,,,,0,0,
JBKPNJ01,monophyletic,internal_42,2,,,,0,0,
JBKPNX01,monophyletic,internal_38,2,,,,0,0,
JBKPQB01,monophyletic,internal_25,2,,,,0,0,
JBKQVT01,monophyletic,internal_33,3,,,,0,0,
JBKSMP01,monophyletic,internal_24,3,,,,0,0,
JBLHKT01,monophyletic,internal_39,2,,,,0,0,
JBLHUT01,monophyletic,internal_58,2,,,,0,0,
JBLHZY01,monophyletic,internal_66,2,,,,0,0,
JBLIAZ01,monophyletic,internal_38,2,,,,0,0,
JBLIFI01,monophyletic,internal_40,2,,,,0,0,
JBLIRM01,monophyletic,internal_21,5,,,,0,0,
JBLMWX01,monophyletic,internal_21,2,,,,0,0,
JBLMXQ01,monophyletic,internal_23,2,,,,0,0,
JBLMYQ01,monophyletic,internal_39,2,,,,0,0,
JBLNAA01,monophyletic,internal_30,2,,,,0,0,
JBLWXV01,monophyletic,internal_35,2,,,,0,0,
JBMCTR01,monophyletic,internal_41,2,,,,0,0,
JBMDXB01,monophyletic,internal_23,2,,,,0,0,
JBMNHG01,monophyletic,internal_25,2,,,,0,0,
JBMNKL01,monophyletic,internal_44,2,,,,0,0,
JBMOJK01,monophyletic,internal_28,2,,,,0,0,
JBMTVN01,monophyletic,internal_27,2,,,,0,0,
JBMYTL01,monophyletic,internal_29,2,,,,0,0,
JBMYYR01,monophyletic,internal_38,3,,,,0,0,
JBMYZL01,monophyletic,internal_48,2,,,,0,0,
JBNKFV01,monophyletic,internal_48,2,,,,0,0,
JBNRMR01,monophyletic,internal_32,2,,,,0,0,
JBNRMW01,monophyletic,internal_23,2,,,,0,0,
JBOCEF01,monophyletic,internal_36,3,,,,0,0,
JBOFBH01,monophyletic,internal_40,2,,,,0,0,
JBOFDK01,monophyletic,internal_35,3,,,,0,0,
JBOFEH01,monophyletic,internal_33,2,,,,0,0,
JBOFFI01,monophyletic,internal_21,4,,,,0,0,
JBOFIQ01,monophyletic,internal_43,2,,,,0,0,
JBOFLG01,monophyletic,internal_50,4,,,,0,0,
JBOFMT01,monophyletic,internal_21,2,,,,0,0,
JBOFOR01,monophyletic,internal_33,2,,,,0,0,
JBOFSR01,monophyletic,internal_22,2,,,,0,0,
JBOGED01,monophyletic,internal_24,2,,,,0,0,
JBOGUF01,monophyletic,internal_29,2,,,,0,0,
JBOHHR01,monophyletic,internal_31,3,,,,0,0,
JBOHUX01,monophyletic,internal_21,2,,,,0,0,
JBOHWJ01,monophyletic,internal_34,3,,,,0,0,
JBPCMN01,monophyletic,internal_33,2,,,,0,0,
JBPCOB01,monophyletic,internal_25,2,,,,0,0,
JBPCVS01,monophyletic,internal_29,2,,,,0,0,
JBPEWY01,monophyletic,internal_50,2,,,,0,0,
JBPOFM01,monophyletic,internal_67,12,,,,0,0,
JBPOFY01,monophyletic,internal_34,8,,,,0,0,
JBPYCR01,monophyletic,internal_46,2,,,,0,0,
JBQCHF01,monophyletic,internal_33,2,,,,0,0,
JBQTGK01,monophyletic,internal_62,2,,,,0,0,
JBQTII01,monophyletic,internal_32,2,,,,0,0,
JBQTJP01,monophyletic,internal_20,2,,,,0,0,
JBQTKD01,monophyletic,internal_32,3,,,,0,0,
JCVI-SCAAA005,monophyletic,internal_24,9,,,,0,0,
JG1575,monophyletic,internal_27,9,,,,0,0,
JGM124,monophyletic,internal_50,4,,,,0,0,
JJ008,monophyletic,internal_55,147,,,,0,0,
JL08,monophyletic,internal_69,4,,,,0,0,
JOPF133,monophyletic,internal_34,4,,,,0,0,
JOPF136,monophyletic,internal_23,8,,,,0,0,
JSC-12,monophyletic,internal_31,5,,,,0,0,
JSC188,monophyletic,internal_45,4,,,,0,0,
JTS-AC122,monophyletic,internal_39,2,,,,0,0,
JTS-RE37,monophyletic,internal_59,4,,,,0,0,
JTS-RE9,monophyletic,internal_31,3,,,,0,0,
JTS-RE94,monophyletic,internal_31,3,,,,0,0,
Jaaginema,monophyletic,internal_28,3,,,,0,0,
Janibacter,monophyletic,internal_48,21,,,,0,0,
Jannaschia,monophyletic,internal_59,34,,,,0,0,
Janthinobacterium,monophyletic,internal_37,58,,,,0,0,
Jatrophihabitans,monophyletic,internal_43,31,,,,0,0,
Jatrophihabitans_A,monophyletic,internal_32,27,,,,0,0,
JdFR-78,monophyletic,internal_18,2,,,,0,0,
JdFR-80,monophyletic,internal_24,3,,,,0,0,
JdFR-85,monophyletic,internal_28,2,,,,0,0,
Jejubacter,monophyletic,internal_51,2,,,,0,0,
Jejuia,monophyletic,internal_74,18,,,,0,0,
Jeongeupia,monophyletic,internal_41,5,,,,0,0,
Jeotgalibaca,monophyletic,internal_38,8,,,,0,0,
Jeotgalibacillus,monophyletic,internal_43,16,,,,0,0,
Jeotgalicoccus,monophyletic,internal_37,12,,,,0,0,
Jettenia,monophyletic,internal_30,3,,,,0,0,
Jhaorihella,monophyletic,internal_69,2,,,,0,0,
Jiangella,monophyletic,internal_43,12,,,,0,0,
Jidaibacter,monophyletic,internal_25,3,,,,0,0,
Jiella,monophyletic,internal_45,10,,,,0,0,
Jiulongibacter,monophyletic,internal_48,4,,,,0,0,
Johnsonella,monophyletic,internal_46,6,,,,0,0,
Jonesia,monophyletic,internal_51,2,,,,0,0,
Joyebacterum,monophyletic,internal_18,6,,,,0,0,
Jutongia,monophyletic,internal_42,14,,,,0,0,
K23-9,monophyletic,internal_46,6,,,,0,0,
KA00134,monophyletic,internal_35,2,,,,0,0,
KACC-23026,monophyletic,internal_42,2,,,,0,0,
KBS-83,monophyletic,internal_30,28,,,,0,0,
KBS-96,monophyletic,internal_35,5,,,,0,0,
KBS50,monophyletic,internal_48,3,,,,0,0,
KH17,monophyletic,internal_50,2,,,,0,0,
KK5,monophyletic,internal_42,2,,,,0,0,
KLAP211,monophyletic,internal_28,3,,,,0,0,
KM106-2,monophyletic,internal_42,11,,,,0,0,
Kaelpia,monophyletic,internal_25,5,,,,0,0,
Kaftiobacterium,monophyletic,internal_18,7,,,,0,0,
Kaiparowitsia,monophyletic,internal_31,3,,,,0,0,
Kaistella,monophyletic,internal_56,51,,,,0,0,
Kaistia,monophyletic,internal_39,22,,,,0,0,
Kallipyga,monophyletic,internal_41,4,,,,0,0,
Kalymmatonema,monophyletic,internal_35,5,,,,0,0,
Kamptonema,monophyletic,internal_25,4,,,,0,0,
Kangiella,monophyletic,internal_36,24,,,,0,0,
Kangsaoukella,monophyletic,internal_61,2,,,,0,0,
Kapaibacterium,monophyletic,internal_33,4,,,,0,0,
Kappaea,monophyletic,internal_19,4,,,,0,0,
Karelsulcia,monophyletic,internal_48,7,,,,0,0,
Kazan-3B-28,monophyletic,internal_21,3,,,,0,0,
Keratinibaculum,monophyletic,internal_34,2,,,,0,0,
Kerstersia,monophyletic,internal_28,3,,,,0,0,
Ketobacter,monophyletic,internal_38,10,,,,0,0,
Ketogulonicigenium,monophyletic,internal_67,2,,,,0,0,
Khoudiadiopia,monophyletic,internal_41,2,,,,0,0,
Kibdelosporangium,monophyletic,internal_40,10,,,,0,0,
Kiloniella,monophyletic,internal_37,13,,,,0,0,
Kineobactrum,monophyletic,internal_49,2,,,,0,0,
Kineococcus,monophyletic,internal_39,28,,,,0,0,
Kineococcus_A,monophyletic,internal_39,2,,,,0,0,
Kineosphaera,monophyletic,internal_42,6,,,,0,0,
Kineosporia,monophyletic,internal_40,7,,,,0,0,
Kineothrix,monophyletic,internal_50,28,,,,0,0,
Kinetoplastidibacterium,monophyletic,internal_24,8,,,,0,0,
Kingella_B,monophyletic,internal_52,9,,,,0,0,
Kinneretia,monophyletic,internal_38,4,,,,0,0,
Kistimonas,monophyletic,internal_44,6,,,,0,0,
Kitasatospora,monophyletic,internal_37,167,,,,0,0,
Klebsiella,monophyletic,internal_57,28,,,,0,0,
Klenkia,monophyletic,internal_34,12,,,,0,0,
Kluyvera,monophyletic,internal_58,16,,,,0,0,
Kmv16,monophyletic,internal_25,2,,,,0,0,
Kmv29,monophyletic,internal_23,2,,,,0,0,
Kmv34,monophyletic,internal_20,2,,,,0,0,
Kmv42,monophyletic,internal_34,3,,,,0,0,
Knoellia,monophyletic,internal_45,18,,,,0,0,
Kocuria,monophyletic,internal_44,40,,,,0,0,
Koinonema,monophyletic,internal_27,2,,,,0,0,
Komagataeibacter,monophyletic,internal_43,19,,,,0,0,
Komarekiella,monophyletic,internal_34,5,,,,0,0,
Kordia,monophyletic,internal_53,19,,,,0,0,
Kordiimonas,monophyletic,internal_46,32,,,,0,0,
Korobacter,monophyletic,internal_27,5,,,,0,0,
Kosakonia,monophyletic,internal_61,20,,,,0,0,
Kosmotoga_B,monophyletic,internal_20,3,,,,0,0,
Kouleothrix,monophyletic,internal_26,4,,,,0,0,
Kovacikia,monophyletic,internal_28,3,,,,0,0,
Kribbella,monophyletic,internal_38,98,,,,0,0,
Kriegella,monophyletic,internal_60,3,,,,0,0,
Kriniovivens,monophyletic,internal_35,4,,,,0,0,
Kroppenstedtia,monophyletic,internal_31,3,,,,0,0,
Krumholzibacterium,monophyletic,internal_27,3,,,,0,0,
Kryptonium,monophyletic,internal_28,12,,,,0,0,
Ktedonobacter,monophyletic,internal_30,4,,,,0,0,
Kuafuiihalomonas,monophyletic,internal_29,5,,,,0,0,
Kuenenia,monophyletic,internal_24,4,,,,0,0,
Kumtagia,monophyletic,internal_54,11,,,,0,0,
Kurthia,monophyletic,internal_38,8,,,,0,0,
Kushneria,monophyletic,internal_42,11,,,,0,0,
Kutchimonas,monophyletic,internal_25,3,,,,0,0,
Kutzneria,monophyletic,internal_38,10,,,,0,0,
Kyrpidia,monophyletic,internal_21,3,,,,0,0,
Kytococcus,monophyletic,internal_39,4,,,,0,0,
L1I39,monophyletic,internal_43,2,,,,0,0,
L227-5C,monophyletic,internal_22,3,,,,0,0,
LB3-1,monophyletic,internal_24,7,,,,0,0,
LC2-1,monophyletic,internal_28,2,,,,0,0,
LCIL01,monophyletic,internal_40,3,,,,0,0,
LCKU01,monophyletic,internal_39,2,,,,0,0,
LD21,monophyletic,internal_59,212,,,,0,0,
LDYB01,monophyletic,internal_24,4,,,,0,0,
LEGE-11386,monophyletic,internal_38,2,,,,0,0,
LFER01,monophyletic,internal_64,7,,,,0,0,
LGRD01,monophyletic,internal_40,6,,,,0,0,
LH-M37,monophyletic,internal_33,10,,,,0,0,
LJUQ01,monophyletic,internal_59,5,,,,0,0,
LL51,monophyletic,internal_22,14,,,,0,0,
LLD-282,monophyletic,internal_42,3,,,,0,0,
LM3-B42,monophyletic,internal_45,2,,,,0,0,
LMDS01,monophyletic,internal_42,35,,,,0,0,
LMEP-6097,monophyletic,internal_20,7,,,,0,0,
LMUX01,monophyletic,internal_29,2,,,,0,0,
LMUY01,monophyletic,internal_38,25,,,,0,0,
LNEJ01,monophyletic,internal_34,5,,,,0,0,
LS-NOB,monophyletic,internal_26,23,,,,0,0,
LSCE01,monophyletic,internal_29,4,,,,0,0,
LSNR01,monophyletic,internal_32,2,,,,0,0,
LSUCC0057,monophyletic,internal_43,4,,,,0,0,
LVI-A0039,monophyletic,internal_15,2,,,,0,0,
LW23,monophyletic,internal_24,2,,,,0,0,
LZORAL124-50-18,monophyletic,internal_40,3,,,,0,0,
LZORAL124-64-63,monophyletic,internal_28,8,,,,0,0,
Labedella,monophyletic,internal_54,5,,,,0,0,
Labilibaculum,monophyletic,internal_65,11,,,,0,0,
Labilithrix,monophyletic,internal_34,28,,,,0,0,
Labrys,monophyletic,internal_36,10,,,,0,0,
Laceyella,monophyletic,internal_28,3,,,,0,0,
Lachnoanaerobaculum,monophyletic,internal_47,13,,,,0,0,
Lachnoclostridium,monophyletic,internal_45,14,,,,0,0,
Lachnoclostridium_A,monophyletic,internal_46,12,,,,0,0,
Lachnocurva,monophyletic,internal_52,12,,,,0,0,
Lachnospira,monophyletic,internal_43,51,,,,0,0,
Lachnotalea,monophyletic,internal_43,4,,,,0,0,
Lacibacter,monophyletic,internal_45,44,,,,0,0,
Lacicoccus,monophyletic,internal_38,6,,,,0,0,
Lacimicrobium,monophyletic,internal_42,3,,,,0,0,
Lacinutrix,monophyletic,internal_68,14,,,,0,0,
Lacipirellula,monophyletic,internal_38,14,,,,0,0,
Lacisediminihabitans,monophyletic,internal_56,32,,,,0,0,
Lacisediminimonas,monophyletic,internal_35,4,,,,0,0,
Lacrimispora,monophyletic,internal_50,49,,,,0,0,
Lacticaseibacillus,monophyletic,internal_40,37,,,,0,0,
Lactiplantibacillus,monophyletic,internal_38,23,,,,0,0,
Lactobacillus,monophyletic,internal_43,99,,,,0,0,
Lactococcus,monophyletic,internal_46,20,,,,0,0,
Lactonifactor,monophyletic,internal_53,3,,,,0,0,
Lactovum,monophyletic,internal_46,6,,,,0,0,
Lacunisphaera,monophyletic,internal_30,65,,,,0,0,
Lacustribacter,monophyletic,internal_22,20,,,,0,0,
Laedolimicola,monophyletic,internal_44,29,,,,0,0,
Lamprobacter,monophyletic,internal_38,12,,,,0,0,
Lampropedia,monophyletic,internal_47,10,,,,0,0,
Lancefieldella,monophyletic,internal_33,72,,,,0,0,
Lapidilactobacillus,monophyletic,internal_40,8,,,,0,0,
Lapillicoccus,monophyletic,internal_43,28,,,,0,0,
Laribacter,monophyletic,internal_39,2,,,,0,0,
Larkinella,monophyletic,internal_41,13,,,,0,0,
Larsenimonas,monophyletic,internal_40,3,,,,0,0,
Laspinema,monophyletic,internal_27,12,,,,0,0,
Laterigemmans,monophyletic,internal_37,4,,,,0,0,
Latescibacter,monophyletic,internal_22,3,,,,0,0,
Latilactobacillus,monophyletic,internal_40,6,,,,0,0,
Lautropia,monophyletic,internal_30,20,,,,0,0,
Lawsonella,monophyletic,internal_38,4,,,,0,0,
Lawsonibacter,monophyletic,internal_43,112,,,,0,0,
Leadbetterella,monophyletic,internal_44,23,,,,0,0,
Lebetimonas,monophyletic,internal_16,2,,,,0,0,
Lederbergia,monophyletic,internal_43,18,,,,0,0,
Leeia,monophyletic,internal_33,4,,,,0,0,
Leekyejoonella,monophyletic,internal_46,3,,,,0,0,
Leeuwenhoekiella,monophyletic,internal_48,23,,,,0,0,
Legionella,monophyletic,internal_46,66,,,,0,0,
Legionella_A,monophyletic,internal_48,10,,,,0,0,
Legionella_C,monophyletic,internal_45,16,,,,0,0,
Legionella_D,monophyletic,internal_46,2,,,,0,0,
Legionella_E,monophyletic,internal_39,2,,,,0,0,
Leifsonia,monophyletic,internal_57,55,,,,0,0,
Leisingera,monophyletic,internal_77,25,,,,0,0,
Leminorella,monophyletic,internal_47,2,,,,0,0,
Lenti-01,monophyletic,internal_26,20,,,,0,0,
Lenti-02,monophyletic,internal_25,2,,,,0,0,
Lentibacillus,monophyletic,internal_46,25,,,,0,0,
Lentibacillus_B,monophyletic,internal_45,2,,,,0,0,
Lentibacillus_C,monophyletic,internal_46,4,,,,0,0,
Lentibacter,monophyletic,internal_66,12,,,,0,0,
Lentihominibacter,monophyletic,internal_39,77,,,,0,0,
Lentilactobacillus,monophyletic,internal_42,24,,,,0,0,
Lentilitoribacter,monophyletic,internal_41,8,,,,0,0,
Lentimicrobium,monophyletic,internal_57,39,,,,0,0,
Lentimonas,monophyletic,internal_33,23,,,,0,0,
Lentiprolixibacter,monophyletic,internal_59,4,,,,0,0,
Lentisalinibacter,monophyletic,internal_35,9,,,,0,0,
Lentisphaera,monophyletic,internal_18,3,,,,0,0,
Lentzea,monophyletic,internal_42,51,,,,0,0,
Lepagella,monophyletic,internal_73,224,,,,0,0,
Leptobacterium,monophyletic,internal_51,3,,,,0,0,
Leptodesmis,monophyletic,internal_29,2,,,,0,0,
Leptofilum,monophyletic,internal_47,15,,,,0,0,
Leptogranulimonas,monophyletic,internal_32,2,,,,0,0,
Leptolinea,monophyletic,internal_51,11,,,,0,0,
Leptolyngbya,monophyletic,internal_26,12,,,,0,0,
Leptolyngbya_A,monophyletic,internal_30,2,,,,0,0,
Leptonema,monophyletic,internal_10,2,,,,0,0,
Leptospira,monophyletic,internal_10,23,,,,0,0,
Leptospira_A,monophyletic,internal_10,41,,,,0,0,
Leptospira_B,monophyletic,internal_10,24,,,,0,0,
Leptospirillum,monophyletic,internal_23,4,,,,0,0,
Leptospirillum_A,monophyletic,internal_25,5,,,,0,0,
Leptothermofonsia,monophyletic,internal_28,3,,,,0,0,
Leptothoe,monophyletic,internal_30,22,,,,0,0,
Leptotrichia,monophyletic,internal_18,16,,,,0,0,
Leptotrichia_A,monophyletic,internal_19,6,,,,0,0,
Leptovillus,monophyletic,internal_44,7,,,,0,0,
Leucobacter,monophyletic,internal_55,86,,,,0,0,
Leucobacter_A,monophyletic,internal_54,3,,,,0,0,
Leuconostoc,monophyletic,internal_47,21,,,,0,0,
Leucothrix,monophyletic,internal_33,8,,,,0,0,
Levilactobacillus,monophyletic,internal_42,39,,,,0,0,
Levilinea,monophyletic,internal_49,3,,,,0,0,
Lewinella,monophyletic,internal_54,9,,,,0,0,
LiPW-15,monophyletic,internal_50,3,,,,0,0,
LiPW-41,monophyletic,internal_47,3,,,,0,0,
Liberibacter,monophyletic,internal_40,9,,,,0,0,
Liberiplasma,monophyletic,internal_20,2,,,,0,0,
Lichenicoccus,monophyletic,internal_41,16,,,,0,0,
Lichenicola,monophyletic,internal_42,22,,,,0,0,
Lichenihabitans,monophyletic,internal_39,31,,,,0,0,
Lientehia,monophyletic,internal_44,17,,,,0,0,
Lightella,monophyletic,internal_53,7,,,,0,0,
Ligilactobacillus,monophyletic,internal_39,33,,,,0,0,
Limadaptatus,monophyletic,internal_40,15,,,,0,0,
Limenecus,monophyletic,internal_26,28,,,,0,0,
Limicola,monophyletic,internal_28,3,,,,0,0,
Limihabitans,monophyletic,internal_38,2,,,,0,0,
Limimaricola,monophyletic,internal_66,10,,,,0,0,
Limimorpha,monophyletic,internal_58,150,,,,0,0,
Liminaster,monophyletic,internal_62,39,,,,0,0,
Limiplasma,monophyletic,internal_39,43,,,,0,0,
Limisoma,monophyletic,internal_72,20,,,,0,0,
Limisphaera,monophyletic,internal_33,4,,,,0,0,
Limivicinus,monophyletic,internal_50,168,,,,0,0,
Limivivens,monophyletic,internal_48,8,,,,0,0,
Limnobacter,monophyletic,internal_23,26,,,,0,0,
Limnobaculum,monophyletic,internal_50,5,,,,0,0,
Limnochorda,monophyletic,internal_24,2,,,,0,0,
Limnocylindrus,monophyletic,internal_16,42,,,,0,0,
Limnofasciculus,monophyletic,internal_29,2,,,,0,0,
Limnoglobus,monophyletic,internal_30,12,,,,0,0,
Limnohabitans,monophyletic,internal_45,139,,,,0,0,
Limnohabitans_A,monophyletic,internal_44,127,,,,0,0,
Limnospira,monophyletic,internal_26,4,,,,0,0,
Limnovirga,monophyletic,internal_57,4,,,,0,0,
Limosilactobacillus,monophyletic,internal_41,74,,,,0,0,
Limousia,monophyletic,internal_46,2,,,,0,0,
Lipingzhangella,monophyletic,internal_40,2,,,,0,0,
Liquorilactobacillus,monophyletic,internal_39,15,,,,0,0,
Lishizhenia,monophyletic,internal_45,4,,,,0,0,
Listeria,monophyletic,internal_35,26,,,,0,0,
Listeria_A,monophyletic,internal_35,10,,,,0,0,
Litchfieldella,monophyletic,internal_47,3,,,,0,0,
Litchfieldia,monophyletic,internal_41,4,,,,0,0,
Lithacetigena,monophyletic,internal_15,3,,,,0,0,
Litoreibacter,monophyletic,internal_59,31,,,,0,0,
Litoribacillus,monophyletic,internal_39,2,,,,0,0,
Litoribacter,monophyletic,internal_45,2,,,,0,0,
Litoribrevibacter,monophyletic,internal_39,3,,,,0,0,
Litorihabitans,monophyletic,internal_48,3,,,,0,0,
Litorimonas,monophyletic,internal_41,48,,,,0,0,
Litorivicinus,monophyletic,internal_34,7,,,,0,0,
Litorivita,monophyletic,internal_64,3,,,,0,0,
Litorivivens,monophyletic,internal_44,10,,,,0,0,
Loigolactobacillus,monophyletic,internal_40,8,,,,0,0,
Loktanella,monophyletic,internal_64,13,,,,0,0,
Lolliginicoccus,monophyletic,internal_35,4,,,,0,0,
Lonepinella,monophyletic,internal_48,5,,,,0,0,
Longibacter,monophyletic,internal_41,3,,,,0,0,
Longibaculum,monophyletic,internal_31,2,,,,0,0,
Longicatena_A,monophyletic,internal_33,2,,,,0,0,
Longilinea,monophyletic,internal_54,5,,,,0,0,
Longimicrobium,monophyletic,internal_25,37,,,,0,0,
Longimonas,monophyletic,internal_41,6,,,,0,0,
Longispora,monophyletic,internal_34,4,,,,0,0,
Longivirga,monophyletic,internal_37,28,,,,0,0,
Lonsdalea,monophyletic,internal_50,6,,,,0,0,
Loosdrechtia,monophyletic,internal_30,2,,,,0,0,
Lucifugimonas,monophyletic,internal_41,29,,,,0,0,
Luedemannella,monophyletic,internal_39,3,,,,0,0,
Lujinxingia,monophyletic,internal_30,4,,,,0,0,
Luminiphilus,monophyletic,internal_46,96,,,,0,0,
Lunatibacter,monophyletic,internal_47,4,,,,0,0,
Lunatimonas,monophyletic,internal_47,3,,,,0,0,
Lustribacter,monophyletic,internal_23,8,,,,0,0,
Luteibacter,monophyletic,internal_36,38,,,,0,0,
Luteibaculum,monophyletic,internal_41,3,,,,0,0,
Luteimicrobium,monophyletic,internal_46,5,,,,0,0,
Luteimonas,monophyletic,internal_42,89,,,,0,0,
Luteimonas_C,monophyletic,internal_43,5,,,,0,0,
Luteipulveratus,monophyletic,internal_44,3,,,,0,0,
Luteirhabdus,monophyletic,internal_56,2,,,,0,0,
Luteitalea,monophyletic,internal_22,15,,,,0,0,
Luteococcus,monophyletic,internal_48,8,,,,0,0,
Luteolibacter,monophyletic,internal_29,209,,,,0,0,
Lutibacillus,monophyletic,internal_44,2,,,,0,0,
Lutibacter,monophyletic,internal_49,63,,,,0,0,
Lutibaculum,monophyletic,internal_36,2,,,,0,0,
Lutimaribacter,monophyletic,internal_66,5,,,,0,0,
Lutimaribacter_A,monophyletic,internal_70,2,,,,0,0,
Lutimonas,monophyletic,internal_49,39,,,,0,0,
Lutispora,monophyletic,internal_26,7,,,,0,0,
Lysinibacillus,monophyletic,internal_38,49,,,,0,0,
Lysinibacillus_B,monophyletic,internal_42,10,,,,0,0,
Lysinimonas,monophyletic,internal_59,12,,,,0,0,
Lysobacter,monophyletic,internal_43,25,,,,0,0,
Lysobacter_C,monophyletic,internal_47,4,,,,0,0,
Lysobacter_F,monophyletic,internal_41,2,,,,0,0,
Lysobacter_I,monophyletic,internal_42,43,,,,0,0,
Lysobacter_J,monophyletic,internal_44,19,,,,0,0,
Lysobacter_K,monophyletic,internal_47,7,,,,0,0,
M0027,monophyletic,internal_33,4,,,,0,0,
M0029,monophyletic,internal_25,3,,,,0,0,
M0040,monophyletic,internal_32,18,,,,0,0,
M0103,monophyletic,internal_51,54,,,,0,0,
M0108,monophyletic,internal_34,13,,,,0,0,
M0112,monophyletic,internal_36,2,,,,0,0,
M0603,monophyletic,internal_35,4,,,,0,0,
M1-B18,monophyletic,internal_31,2,,,,0,0,
M10-OD1-4,monophyletic,internal_35,3,,,,0,0,
M1803,monophyletic,internal_30,2,,,,0,0,
M1805,monophyletic,internal_30,3,,,,0,0,
M2005,monophyletic,internal_33,12,,,,0,0,
M2408,monophyletic,internal_48,10,,,,0,0,
M2410,monophyletic,internal_32,2,,,,0,0,
M269,monophyletic,internal_46,3,,,,0,0,
M3,monophyletic,internal_77,4,,,,0,0,
M3003,monophyletic,internal_21,2,,,,0,0,
M3007,monophyletic,internal_51,114,,,,0,0,
M30B19,monophyletic,internal_36,6,,,,0,0,
M30B25,monophyletic,internal_39,2,,,,0,0,
M30B43,monophyletic,internal_22,2,,,,0,0,
M30B51,monophyletic,internal_29,2,,,,0,0,
M30B53,monophyletic,internal_34,6,,,,0,0,
M30B66,monophyletic,internal_53,3,,,,0,0,
M30B73,monophyletic,internal_31,3,,,,0,0,
M30B80,monophyletic,internal_61,5,,,,0,0,
M30B81,monophyletic,internal_15,3,,,,0,0,
M50B103,monophyletic,internal_26,22,,,,0,0,
M50B91,monophyletic,internal_24,3,,,,0,0,
M50B92,monophyletic,internal_31,2,,,,0,0,
M50B96,monophyletic,internal_55,3,,,,0,0,
M55B111,monophyletic,internal_16,3,,,,0,0,
M55B112,monophyletic,internal_61,13,,,,0,0,
M55B118,monophyletic,internal_21,5,,,,0,0,
M55B120,monophyletic,internal_22,12,,,,0,0,
M55B121,monophyletic,internal_22,5,,,,0,0,
M55B127,monophyletic,internal_18,13,,,,0,0,
M55B129,monophyletic,internal_31,3,,,,0,0,
M55B132,monophyletic,internal_59,4,,,,0,0,
M55B143,monophyletic,internal_31,2,,,,0,0,
M55B144,monophyletic,internal_23,11,,,,0,0,
M55B154,monophyletic,internal_10,4,,,,0,0,
M55B157,monophyletic,internal_40,7,,,,0,0,
M55B165,monophyletic,internal_21,3,,,,0,0,
M55B167,monophyletic,internal_27,6,,,,0,0,
M55B174,monophyletic,internal_27,3,,,,0,0,
M55B175,monophyletic,internal_24,9,,,,0,0,
M55B177,monophyletic,internal_43,4,,,,0,0,
M55B182,monophyletic,internal_28,3,,,,0,0,
M5B4,monophyletic,internal_18,3,,,,0,0,
MA-ANB-1,monophyletic,internal_31,13,,,,0,0,
MADRE2,monophyletic,internal_25,2,,,,0,0,
MADRE3,monophyletic,internal_28,9,,,,0,0,
MAG-120531,monophyletic,internal_58,17,,,,0,0,
MAG-120802,monophyletic,internal_38,49,,,,0,0,
MAG-121220-bin8,monophyletic,internal_47,27,,,,0,0,
MB-PLM-2,monophyletic,internal_29,2,,,,0,0,
MB1-2,monophyletic,internal_28,5,,,,0,0,
MD308,monophyletic,internal_49,13,,,,0,0,
MED-G09,monophyletic,internal_26,10,,,,0,0,
MED-G10,monophyletic,internal_28,4,,,,0,0,
MED-G105,monophyletic,internal_38,10,,,,0,0,
MED-G116,monophyletic,internal_31,7,,,,0,0,
MED-G13,monophyletic,internal_46,21,,,,0,0,
MED-G16,monophyletic,internal_33,19,,,,0,0,
MED-G17,monophyletic,internal_37,2,,,,0,0,
MED-G20,monophyletic,internal_47,13,,,,0,0,
MED-G21,monophyletic,internal_42,2,,,,0,0,
MED-G78,monophyletic,internal_34,9,,,,0,0,
MED-G82,monophyletic,internal_34,9,,,,0,0,
MED660,monophyletic,internal_39,2,,,,0,0,
MEDG-81,monophyletic,internal_33,17,,,,0,0,
MELF01,monophyletic,internal_27,4,,,,0,0,
MES13,monophyletic,internal_30,2,,,,0,0,
MESE01,monophyletic,internal_38,2,,,,0,0,
MEYI01,monophyletic,internal_37,5,,,,0,0,
MFAQ01,monophyletic,internal_32,5,,,,0,0,
MFHE01,monophyletic,internal_40,2,,,,0,0,
MFKM01,monophyletic,internal_39,5,,,,0,0,
MFTL01,monophyletic,internal_49,2,,,,0,0,
MFUC01,monophyletic,internal_55,7,,,,0,0,
MFZZ01,monophyletic,internal_37,3,,,,0,0,
MGBC100174,monophyletic,internal_38,2,,,,0,0,
MGBC100798,monophyletic,internal_37,9,,,,0,0,
MGBC102946,monophyletic,internal_24,9,,,,0,0,
MGBC105563,monophyletic,internal_31,2,,,,0,0,
MGBC107952,monophyletic,internal_24,5,,,,0,0,
MGBC108787,monophyletic,internal_21,31,,,,0,0,
MGBC113645,monophyletic,internal_23,3,,,,0,0,
MGBC114079,monophyletic,internal_35,8,,,,0,0,
MGBC114844,monophyletic,internal_41,3,,,,0,0,
MGBC119817,monophyletic,internal_28,6,,,,0,0,
MGBC120314,monophyletic,internal_41,8,,,,0,0,
MGBC122484,monophyletic,internal_23,13,,,,0,0,
MGBC124762,monophyletic,internal_51,11,,,,0,0,
MGBC131033,monophyletic,internal_41,2,,,,0,0,
MGBC133411,monophyletic,internal_25,11,,,,0,0,
MGBC136627,monophyletic,internal_40,2,,,,0,0,
MGBC139354,monophyletic,internal_24,11,,,,0,0,
MGBC140009,monophyletic,internal_46,2,,,,0,0,
MGBC157735,monophyletic,internal_35,5,,,,0,0,
MGBC162267,monophyletic,internal_22,11,,,,0,0,
MGBC162581,monophyletic,internal_26,3,,,,0,0,
MGBC162888,monophyletic,internal_30,2,,,,0,0,
MGBC163016,monophyletic,internal_34,20,,,,0,0,
MGBC163490,monophyletic,internal_29,2,,,,0,0,
MGBC164599,monophyletic,internal_54,10,,,,0,0,
MGBC165282,monophyletic,internal_42,2,,,,0,0,
MGML01,monophyletic,internal_44,8,,,,0,0,
MGNI01,monophyletic,internal_46,2,,,,0,0,
MGOM01,monophyletic,internal_45,2,,,,0,0,
MGR-bin208,monophyletic,internal_49,2,,,,0,0,
MH13,monophyletic,internal_33,16,,,,0,0,
MHEA01,monophyletic,internal_27,2,,,,0,0,
MHLB01,monophyletic,internal_53,2,,,,0,0,
MHLP01,monophyletic,internal_51,22,,,,0,0,
MIBK01,monophyletic,internal_23,4,,,,0,0,
MIBM01,monophyletic,internal_23,2,,,,0,0,
MKSF01,monophyletic,internal_42,4,,,,0,0,
MKUN01,monophyletic,internal_49,7,,,,0,0,
ML8-F1,monophyletic,internal_31,2,,,,0,0,
MLS-D,monophyletic,internal_30,6,,,,0,0,
MM2,monophyletic,internal_39,5,,,,0,0,
MMGLQ5-1,monophyletic,internal_42,3,,,,0,0,
MMGLT7,monophyletic,internal_42,2,,,,0,0,
MNEF01,monophyletic,internal_31,2,,,,0,0,
MONJU,monophyletic,internal_42,10,,,,0,0,
MPNO01,monophyletic,internal_38,12,,,,0,0,
MPNP01,monophyletic,internal_49,14,,,,0,0,
MRBY01,monophyletic,internal_31,11,,,,0,0,
MS024-2A,monophyletic,internal_52,48,,,,0,0,
MS499-59,monophyletic,internal_19,2,,,,0,0,
MS8,monophyletic,internal_31,5,,,,0,0,
MSJ-26,monophyletic,internal_47,2,,,,0,0,
MSPOR6,monophyletic,internal_20,40,,,,0,0,
MT45,monophyletic,internal_38,2,,,,0,0,
MVCY01,monophyletic,internal_18,6,,,,0,0,
MVQL01,monophyletic,internal_34,3,,,,0,0,
MVRV01,monophyletic,internal_35,13,,,,0,0,
MVYY01,monophyletic,internal_68,4,,,,0,0,
MVZN01,monophyletic,internal_11,8,,,,0,0,
MW101C3,monophyletic,internal_31,4,,,,0,0,
MWAR01,monophyletic,internal_11,7,,,,0,0,
MWBF01,monophyletic,internal_35,4,,,,0,0,
MWBX01,monophyletic,internal_36,2,,,,0,0,
MWCJ01,monophyletic,internal_57,2,,,,0,0,
MWCM01,monophyletic,internal_27,2,,,,0,0,
MWCO01,monophyletic,internal_33,2,,,,0,0,
MWCR01,monophyletic,internal_39,22,,,,0,0,
MWCZ01,monophyletic,internal_22,2,,,,0,0,
MWDC01,monophyletic,internal_33,2,,,,0,0,
MWDD01,monophyletic,internal_14,2,,,,0,0,
MWDF01,monophyletic,internal_18,7,,,,0,0,
MWDO01,monophyletic,internal_16,2,,,,0,0,
MWDT01,monophyletic,internal_30,7,,,,0,0,
MWDV01,monophyletic,internal_32,4,,,,0,0,
MWEH01,monophyletic,internal_39,5,,,,0,0,
MWEI01,monophyletic,internal_24,15,,,,0,0,
MWEM01,monophyletic,internal_18,3,,,,0,0,
MWEV01,monophyletic,internal_24,4,,,,0,0,
MWFE01,monophyletic,internal_60,5,,,,0,0,
MWFF01,monophyletic,internal_28,6,,,,0,0,
MWH-TA3,monophyletic,internal_47,31,,,,0,0,
MYXO,monophyletic,internal_25,6,,,,0,0,
MYbin3,monophyletic,internal_33,2,,,,0,0,
Maccoyibacter,monophyletic,internal_46,6,,,,0,0,
Macellibacteroides,monophyletic,internal_71,2,,,,0,0,
Macinerneyibacterium,monophyletic,internal_7,2,,,,0,0,
Macondimonas,monophyletic,internal_28,10,,,,0,0,
Macrococcoides,monophyletic,internal_37,11,,,,0,0,
Macrococcus,monophyletic,internal_37,7,,,,0,0,
Macromonas_A,monophyletic,internal_45,2,,,,0,0,
Magnetaquicoccus,monophyletic,internal_23,9,,,,0,0,
Magnetaquiglobus,monophyletic,internal_23,14,,,,0,0,
Magnetobacterium,monophyletic,internal_29,5,,,,0,0,
Magnetococcus,monophyletic,internal_19,2,,,,0,0,
Magnetominusculus,monophyletic,internal_29,9,,,,0,0,
Magnetomonas,monophyletic,internal_29,4,,,,0,0,
Magnetospirillum,monophyletic,internal_36,22,,,,0,0,
Magnetovibrio,monophyletic,internal_34,6,,,,0,0,
Magnetovirga,monophyletic,internal_34,2,,,,0,0,
Magnimaribacter,monophyletic,internal_36,25,,,,0,0,
Mahella,monophyletic,internal_21,3,,,,0,0,
Mailhella,monophyletic,internal_31,34,,,,0,0,
Maioricimonas,monophyletic,internal_27,2,,,,0,0,
Makana,monophyletic,internal_53,5,,,,0,0,
Malaciobacter,monophyletic,internal_23,7,,,,0,0,
Malaciobacter_A,monophyletic,internal_30,2,,,,0,0,
Malacoplasma,monophyletic,internal_23,11,,,,0,0,
Malacoplasma_A,monophyletic,internal_23,41,,,,0,0,
Malikia,monophyletic,internal_45,9,,,,0,0,
Malonomonas,monophyletic,internal_30,11,,,,0,0,
Mammaliicoccus,monophyletic,internal_36,8,,,,0,0,
Manganitrophus,monophyletic,internal_31,7,,,,0,0,
Mangrovibacter,monophyletic,internal_53,3,,,,0,0,
Mangrovibacterium,monophyletic,internal_66,6,,,,0,0,
Mangrovicoccus,monophyletic,internal_57,6,,,,0,0,
Mangrovimarina,monophyletic,internal_47,6,,,,0,0,
Mangrovimicrobium,monophyletic,internal_49,5,,,,0,0,
Mangrovimonas,monophyletic,internal_67,4,,,,0,0,
Mangrovimonas_A,monophyletic,internal_63,3,,,,0,0,
Mangrovivirga,monophyletic,internal_38,3,,,,0,0,
Mannheimia,monophyletic,internal_46,10,,,,0,0,
Margalitia,monophyletic,internal_42,3,,,,0,0,
Mariaggregatimicrobium,monophyletic,internal_27,2,,,,0,0,
Maribacter,monophyletic,internal_60,69,,,,0,0,
Maribacter_A,monophyletic,internal_58,19,,,,0,0,
Maribacter_B,monophyletic,internal_60,8,,,,0,0,
Maribacter_C,monophyletic,internal_60,22,,,,0,0,
Maricaulis,monophyletic,internal_38,37,,,,0,0,
Marichromatium,monophyletic,internal_39,4,,,,0,0,
Maridesulfovibrio,monophyletic,internal_29,26,,,,0,0,
Marifrigoribacter,monophyletic,internal_48,28,,,,0,0,
Marihabitans,monophyletic,internal_49,4,,,,0,0,
Marilutibacter,monophyletic,internal_45,7,,,,0,0,
Marimicrobium,monophyletic,internal_52,48,,,,0,0,
Marinacidobacterium,monophyletic,internal_20,16,,,,0,0,
Marinagarivorans,monophyletic,internal_47,6,,,,0,0,
Marinarcus,monophyletic,internal_24,6,,,,0,0,
MarineAlpha4-Bin1,monophyletic,internal_37,5,,,,0,0,
MarineAlpha5-Bin3,monophyletic,internal_29,5,,,,0,0,
Marinibacterium,monophyletic,internal_67,5,,,,0,0,
Marinibaculum,monophyletic,internal_36,2,,,,0,0,
Mariniblastus,monophyletic,internal_40,72,,,,0,0,
Marinicauda,monophyletic,internal_41,2,,,,0,0,
Marinicella,monophyletic,internal_31,24,,,,0,0,
Marinicellulosiphila,monophyletic,internal_41,2,,,,0,0,
Marinicrinis,monophyletic,internal_33,2,,,,0,0,
Marinifilum,monophyletic,internal_64,8,,,,0,0,
Mariniflexile,monophyletic,internal_69,15,,,,0,0,
Marinihelvus,monophyletic,internal_32,10,,,,0,0,
Marinilabilia,monophyletic,internal_61,9,,,,0,0,
Marinilactibacillus,monophyletic,internal_40,7,,,,0,0,
Marinimicrobium,monophyletic,internal_51,6,,,,0,0,
Marinimicrococcus,monophyletic,internal_42,2,,,,0,0,
Marininema,monophyletic,internal_30,2,,,,0,0,
Mariniphaga,monophyletic,internal_67,22,,,,0,0,
Mariniplasma,monophyletic,internal_26,8,,,,0,0,
Marinirhabdus,monophyletic,internal_55,9,,,,0,0,
Marinisoma,monophyletic,internal_25,38,,,,0,0,
Marinitenerispora,monophyletic,internal_41,2,,,,0,0,
Marinitoga,monophyletic,internal_18,7,,,,0,0,
Marinobacter,monophyletic,internal_40,191,,,,0,0,
Marinobacter_A,monophyletic,internal_40,6,,,,0,0,
Marinobacterium,monophyletic,internal_41,16,,,,0,0,
Marinobacterium_A,monophyletic,internal_40,9,,,,0,0,
Marinobacterium_C,monophyletic,internal_43,4,,,,0,0,
Marinobacterium_D,monophyletic,internal_42,9,,,,0,0,
Marinobacterium_E,monophyletic,internal_42,9,,,,0,0,
Marinococcus,monophyletic,internal_43,5,,,,0,0,
Marinomonas,monophyletic,internal_37,64,,,,0,0,
Marinoscillum,monophyletic,internal_49,14,,,,0,0,
Marinospirillum,monophyletic,internal_40,13,,,,0,0,
Marinovum,monophyletic,internal_65,6,,,,0,0,
Mariprofundus,monophyletic,internal_24,37,,,,0,0,
Marisalimonas,monophyletic,internal_30,45,,,,0,0,
Marisediminicola,monophyletic,internal_55,11,,,,0,0,
Marisimplicoccus,monophyletic,internal_47,34,,,,0,0,
Marispirochaeta,monophyletic,internal_24,6,,,,0,0,
Maritalea,monophyletic,internal_34,9,,,,0,0,
Marithrix,monophyletic,internal_35,2,,,,0,0,
Maritimibacter,monophyletic,internal_62,10,,,,0,0,
Marivariicella,monophyletic,internal_48,8,,,,0,0,
Marivibrio,monophyletic,internal_37,3,,,,0,0,
Marivirga,monophyletic,internal_40,20,,,,0,0,
Marivita,monophyletic,internal_66,28,,,,0,0,
Marivivens,monophyletic,internal_71,13,,,,0,0,
Marixanthomonas,monophyletic,internal_55,8,,,,0,0,
Marmoricola,monophyletic,internal_45,103,,,,0,0,
Marmoricola_A,monophyletic,internal_42,27,,,,0,0,
Marnyiella,monophyletic,internal_60,6,,,,0,0,
Martelella,monophyletic,internal_40,14,,,,0,0,
Marvinbryantia,monophyletic,internal_46,24,,,,0,0,
Massilibacteroides,monophyletic,internal_70,5,,,,0,0,
Massiliimalia,monophyletic,internal_45,8,,,,0,0,
Massilioclostridium,monophyletic,internal_42,3,,,,0,0,
Massilistercora,monophyletic,internal_46,3,,,,0,0,
Mastigocoleus,monophyletic,internal_33,2,,,,0,0,
Mawsoniella,monophyletic,internal_16,2,,,,0,0,
Mayfieldus,monophyletic,internal_26,9,,,,0,0,
MedAcidi-G1,monophyletic,internal_37,11,,,,0,0,
MedAcidi-G2B,monophyletic,internal_37,10,,,,0,0,
MedAcidi-G3,monophyletic,internal_41,9,,,,0,0,
Mediannikoviicoccus,monophyletic,internal_36,6,,,,0,0,
Mediterraneibacter,monophyletic,internal_49,74,,,,0,0,
Mediterraneibacter_A,monophyletic,internal_45,3,,,,0,0,
Megaera,monophyletic,internal_33,8,,,,0,0,
Megaera_A,monophyletic,internal_33,28,,,,0,0,
Megalodesulfovibrio,monophyletic,internal_24,2,,,,0,0,
Megamonas,monophyletic,internal_35,7,,,,0,0,
Megasphaera,monophyletic,internal_26,36,,,,0,0,
Megasphaera_A,monophyletic,internal_26,2,,,,0,0,
Meiothermus,monophyletic,internal_19,26,,,,0,0,
Meishania,monophyletic,internal_60,4,,,,0,0,
Melaminivora,monophyletic,internal_54,9,,,,0,0,
Melghiribacillus,monophyletic,internal_42,2,,,,0,0,
Melghirimyces,monophyletic,internal_31,3,,,,0,0,
Melioribacter,monophyletic,internal_38,4,,,,0,0,
Membranihabitans,monophyletic,internal_50,7,,,,0,0,
Merdibacter,monophyletic,internal_26,8,,,,0,0,
Merdicola,monophyletic,internal_46,26,,,,0,0,
Merdimonas,monophyletic,internal_49,6,,,,0,0,
Merdimorpha,monophyletic,internal_41,9,,,,0,0,
Merdinaster,monophyletic,internal_57,2,,,,0,0,
Merdiplasma,monophyletic,internal_47,19,,,,0,0,
Merdivicinus,monophyletic,internal_44,12,,,,0,0,
Merdivivens,monophyletic,internal_66,4,,,,0,0,
Merdousia,monophyletic,internal_24,31,,,,0,0,
Meridianimarinicoccus,monophyletic,internal_58,10,,,,0,0,
Mesenet,monophyletic,internal_28,4,,,,0,0,
Mesoaciditoga,monophyletic,internal_17,3,,,,0,0,
Mesobacillus,monophyletic,internal_43,26,,,,0,0,
Mesobacillus_B,monophyletic,internal_44,8,,,,0,0,
Mesobacillus_C,monophyletic,internal_44,2,,,,0,0,
Mesobacterium_A,monophyletic,internal_68,3,,,,0,0,
Mesoflavibacter,monophyletic,internal_68,3,,,,0,0,
Mesolinea,monophyletic,internal_50,71,,,,0,0,
Mesomycoplasma,monophyletic,internal_28,15,,,,0,0,
Mesomycoplasma_A,monophyletic,internal_28,6,,,,0,0,
Mesonia,monophyletic,internal_50,19,,,,0,0,
Mesoplasma,monophyletic,internal_28,7,,,,0,0,
Mesopusillimonas,monophyletic,internal_39,2,,,,0,0,
Mesorhizobium,monophyletic,internal_55,202,,,,0,0,
Mesorhizobium_A,monophyletic,internal_48,11,,,,0,0,
Mesorhizobium_B,monophyletic,internal_50,5,,,,0,0,
Mesorhizobium_G,monophyletic,internal_53,8,,,,0,0,
Mesorhizobium_K,monophyletic,internal_56,9,,,,0,0,
Mesorhizobium_L,monophyletic,internal_47,10,,,,0,0,
Mesorhizobium_M,monophyletic,internal_56,2,,,,0,0,
Mesosutterella,monophyletic,internal_32,5,,,,0,0,
Mesoterricola,monophyletic,internal_17,12,,,,0,0,
Mesotoga,monophyletic,internal_20,10,,,,0,0,
Metabacillus,monophyletic,internal_42,24,,,,0,0,
Metabacillus_B,monophyletic,internal_43,7,,,,0,0,
Metaclostridioides,monophyletic,internal_35,5,,,,0,0,
Metalachnospira,monophyletic,internal_37,12,,,,0,0,
Metallibacterium,monophyletic,internal_32,16,,,,0,0,
Metalysinibacillus,monophyletic,internal_37,3,,,,0,0,
Metamycoplasma,monophyletic,internal_26,33,,,,0,0,
Metapseudomonas,monophyletic,internal_44,21,,,,0,0,
Metarhizobium,monophyletic,internal_45,5,,,,0,0,
Metaruminococcus,monophyletic,internal_42,2,,,,0,0,
Metaruminococcus_A,monophyletic,internal_42,8,,,,0,0,
Metasolibacillus,monophyletic,internal_41,6,,,,0,0,
Methylacidimicrobium,monophyletic,internal_26,9,,,,0,0,
Methylacidiphilum,monophyletic,internal_26,5,,,,0,0,
Methylaequor,monophyletic,internal_27,16,,,,0,0,
Methylibium,monophyletic,internal_32,16,,,,0,0,
Methylicorpusculum,monophyletic,internal_41,3,,,,0,0,
Methylobacillus,monophyletic,internal_43,9,,,,0,0,
Methylobacter,monophyletic,internal_44,5,,,,0,0,
Methylobacter_A,monophyletic,internal_48,43,,,,0,0,
Methylobacter_B,monophyletic,internal_47,2,,,,0,0,
Methylobacter_C,monophyletic,internal_51,43,,,,0,0,
Methylobacterium,monophyletic,internal_45,146,,,,0,0,
Methylocaldum,monophyletic,internal_38,5,,,,0,0,
Methylocapsa,monophyletic,internal_47,58,,,,0,0,
Methyloceanibacter,monophyletic,internal_36,117,,,,0,0,
Methylococcus,monophyletic,internal_37,8,,,,0,0,
Methylocystis,monophyletic,internal_46,78,,,,0,0,
Methyloferula,monophyletic,internal_45,2,,,,0,0,
Methylogaea,monophyletic,internal_34,2,,,,0,0,
Methyloglobulus,monophyletic,internal_46,17,,,,0,0,
Methylohalobius,monophyletic,internal_32,14,,,,0,0,
Methylohalomonas,monophyletic,internal_32,3,,,,0,0,
Methyloligella,monophyletic,internal_36,4,,,,0,0,
Methylomagnum,monophyletic,internal_39,2,,,,0,0,
Methylomarinum,monophyletic,internal_43,13,,,,0,0,
Methylomicrobium,monophyletic,internal_45,7,,,,0,0,
Methylomirabilis,monophyletic,internal_23,20,,,,0,0,
Methylomonas,monophyletic,internal_43,45,,,,0,0,
Methylonatrum,monophyletic,internal_28,5,,,,0,0,
Methylophaga,monophyletic,internal_31,37,,,,0,0,
Methylophilus,monophyletic,internal_48,41,,,,0,0,
Methylophosphatis,monophyletic,internal_36,3,,,,0,0,
Methylopila,monophyletic,internal_36,19,,,,0,0,
Methyloprofundus,monophyletic,internal_38,27,,,,0,0,
Methylopumilus,monophyletic,internal_44,19,,,,0,0,
Methylopumilus_A,monophyletic,internal_44,17,,,,0,0,
Methyloradius,monophyletic,internal_43,2,,,,0,0,
Methylosinus,monophyletic,internal_46,14,,,,0,0,
Methylotenera,monophyletic,internal_45,93,,,,0,0,
Methylotenera_A,monophyletic,internal_48,47,,,,0,0,
Methylotetracoccus,monophyletic,internal_36,5,,,,0,0,
Methylotuvimicrobium,monophyletic,internal_43,6,,,,0,0,
Methyloversatilis,monophyletic,internal_35,21,,,,0,0,
Methylovirgula,monophyletic,internal_44,31,,,,0,0,
Methylovorus,monophyletic,internal_43,4,,,,0,0,
Methylovulum,monophyletic,internal_51,22,,,,0,0,
Methylumidiphilus,monophyletic,internal_38,10,,,,0,0,
Mf105b01,monophyletic,internal_41,17,,,,0,0,
Micavibrio,monophyletic,internal_39,7,,,,0,0,
Micavibrio_A,monophyletic,internal_39,15,,,,0,0,
Micavibrio_B,monophyletic,internal_35,7,,,,0,0,
Micavibrio_C,monophyletic,internal_39,7,,,,0,0,
Microaceticoccus,monophyletic,internal_34,3,,,,0,0,
Microbacter,monophyletic,internal_65,12,,,,0,0,
Microbacterium,monophyletic,internal_52,593,,,,0,0,
Microbaculum,monophyletic,internal_38,6,,,,0,0,
Microbispora,monophyletic,internal_42,21,,,,0,0,
Microbulbifer,monophyletic,internal_43,58,,,,0,0,
Microcella,monophyletic,internal_56,43,,,,0,0,
Micrococcoides,monophyletic,internal_47,2,,,,0,0,
Micrococcus,monophyletic,internal_49,13,,,,0,0,
Microcoleus,monophyletic,internal_25,79,,,,0,0,
Microcosmobacter,monophyletic,internal_67,2,,,,0,0,
Microcystis,monophyletic,internal_36,17,,,,0,0,
Microlunatus,monophyletic,internal_37,126,,,,0,0,
Micromonospora,monophyletic,internal_48,275,,,,0,0,
Micromonospora_E,monophyletic,internal_43,9,,,,0,0,
Micromonospora_G,monophyletic,internal_44,6,,,,0,0,
Micromonospora_H,monophyletic,internal_45,2,,,,0,0,
Micromonospora_I,monophyletic,internal_44,2,,,,0,0,
Micropelagius,monophyletic,internal_28,6,,,,0,0,
Micropruina,monophyletic,internal_46,22,,,,0,0,
Microsaccharimonas,monophyletic,internal_40,40,,,,0,0,
Microscilla,monophyletic,internal_39,5,,,,0,0,
Microseira,monophyletic,internal_25,5,,,,0,0,
Microsyncoccus,monophyletic,internal_34,9,,,,0,0,
Microterricola,monophyletic,internal_56,7,,,,0,0,
Microtetraspora,monophyletic,internal_39,4,,,,0,0,
Microthrix,monophyletic,internal_31,4,,,,0,0,
Microvirga,monophyletic,internal_44,76,,,,0,0,
Midichloria,monophyletic,internal_25,3,,,,0,0,
Mikella,monophyletic,internal_44,2,,,,0,0,
Miltoncostaea,monophyletic,internal_27,19,,,,0,0,
Miniphocaeibacter,monophyletic,internal_36,4,,,,0,0,
Minisyncoccus,monophyletic,internal_36,7,,,,0,0,
Minthomonas,monophyletic,internal_69,4,,,,0,0,
Minthosoma,monophyletic,internal_73,59,,,,0,0,
Minthousia,monophyletic,internal_65,7,,,,0,0,
Minusculum,monophyletic,internal_54,4,,,,0,0,
Minwuia,monophyletic,internal_37,12,,,,0,0,
Mitsuokella,monophyletic,internal_48,6,,,,0,0,
Mixta,monophyletic,internal_52,9,,,,0,0,
Mizugakiibacter,monophyletic,internal_32,2,,,,0,0,
MnB-11,monophyletic,internal_38,3,,,,0,0,
MnTg02,monophyletic,internal_34,2,,,,0,0,
MnTg04,monophyletic,internal_33,7,,,,0,0,
Moanibacter,monophyletic,internal_26,3,,,,0,0,
Mobilicoccus,monophyletic,internal_41,6,,,,0,0,
Mobilisporobacter,monophyletic,internal_44,2,,,,0,0,
Mobilitalea,monophyletic,internal_34,82,,,,0,0,
Mobiluncus,monophyletic,internal_54,11,,,,0,0,
Modestobacter,monophyletic,internal_33,29,,,,0,0,
Modicisalibacter,monophyletic,internal_42,17,,,,0,0,
Moduliflexus,monophyletic,internal_20,4,,,,0,0,
Moellerella,monophyletic,internal_45,2,,,,0,0,
Mogibacterium,monophyletic,internal_45,9,,,,0,0,
Mogibacterium_A,monophyletic,internal_46,9,,,,0,0,
Moheibacter,monophyletic,internal_47,21,,,,0,0,
Monashia,monophyletic,internal_48,4,,,,0,0,
Mongoliibacter,monophyletic,internal_48,2,,,,0,0,
Mongoliitalea,monophyletic,internal_48,2,,,,0,0,
Monoglobus,monophyletic,internal_36,17,,,,0,0,
Moorena,monophyletic,internal_27,7,,,,0,0,
Mor1,monophyletic,internal_20,2,,,,0,0,
Moraxella,monophyletic,internal_43,42,,,,0,0,
Morganella,monophyletic,internal_44,9,,,,0,0,
Moritella,monophyletic,internal_37,13,,,,0,0,
Moryella,monophyletic,internal_44,13,,,,0,0,
Motilibacter,monophyletic,internal_34,2,,,,0,0,
Motilibacter_A,monophyletic,internal_34,2,,,,0,0,
Motilimonas,monophyletic,internal_37,5,,,,0,0,
Motiliproteus,monophyletic,internal_38,20,,,,0,0,
Mt11,monophyletic,internal_33,2,,,,0,0,
Mucilaginibacter,monophyletic,internal_56,229,,,,0,0,
Mucilaginibacter_A,monophyletic,internal_56,12,,,,0,0,
Mucinivorans,monophyletic,internal_58,16,,,,0,0,
Mucisphaera,monophyletic,internal_31,3,,,,0,0,
Mucispirillum,monophyletic,internal_19,13,,,,0,0,
Muellerivita,monophyletic,internal_18,2,,,,0,0,
Multiplicimicrobium,monophyletic,internal_30,5,,,,0,0,
Multivorans,monophyletic,internal_18,42,,,,0,0,
Mumia,monophyletic,internal_44,8,,,,0,0,
Murdochiella,monophyletic,internal_40,7,,,,0,0,
Muribaculum,monophyletic,internal_76,31,,,,0,0,
Muricomes,monophyletic,internal_52,5,,,,0,0,
Muriicola,monophyletic,internal_58,22,,,,0,0,
Muriiphilus,monophyletic,internal_62,2,,,,0,0,
Mxb001,monophyletic,internal_40,29,,,,0,0,
Mycalebacterium,monophyletic,internal_18,6,,,,0,0,
Myceligenerans,monophyletic,internal_51,5,,,,0,0,
Mycetocola,monophyletic,internal_57,4,,,,0,0,
Mycetocola_A,monophyletic,internal_55,12,,,,0,0,
Mycetocola_B,monophyletic,internal_57,2,,,,0,0,
Mycetohabitans,monophyletic,internal_31,9,,,,0,0,
Mycoavidus,monophyletic,internal_29,6,,,,0,0,
Mycobacterium,monophyletic,internal_39,850,,,,0,0,
Mycoplana,monophyletic,internal_46,10,,,,0,0,
Mycoplasma,monophyletic,internal_27,9,,,,0,0,
Mycoplasma_H,monophyletic,internal_27,3,,,,0,0,
Mycoplasma_K,monophyletic,internal_23,5,,,,0,0,
Mycoplasma_L,monophyletic,internal_23,13,,,,0,0,
Mycoplasma_N,monophyletic,internal_20,2,,,,0,0,
Mycoplasma_O,monophyletic,internal_26,2,,,,0,0,
Mycoplasmoides,monophyletic,internal_21,12,,,,0,0,
Mycoplasmopsis,monophyletic,internal_27,76,,,,0,0,
Mycoplasmopsis_B,monophyletic,internal_26,4,,,,0,0,
Mycosynbacter,monophyletic,internal_42,6,,,,0,0,
Myxacorys,monophyletic,internal_27,3,,,,0,0,
Myxococcus,monophyletic,internal_33,32,,,,0,0,
N074bin45,monophyletic,internal_22,6,,,,0,0,
N074bin48,monophyletic,internal_20,2,,,,0,0,
N075bin62,monophyletic,internal_42,2,,,,0,0,
NAK19,monophyletic,internal_53,7,,,,0,0,
NAK82,monophyletic,internal_31,6,,,,0,0,
NAT127,monophyletic,internal_48,6,,,,0,0,
NBLH01,monophyletic,internal_57,12,,,,0,0,
NBLK01,monophyletic,internal_22,2,,,,0,0,
NBML01,monophyletic,internal_28,9,,,,0,0,
NC2004,monophyletic,internal_40,8,,,,0,0,
NCED01,monophyletic,internal_39,3,,,,0,0,
NCEH01,monophyletic,internal_43,7,,,,0,0,
NHYM01,monophyletic,internal_23,10,,,,0,0,
NHYN01,monophyletic,internal_24,6,,,,0,0,
NIC37A-2,monophyletic,internal_38,15,,,,0,0,
NICIL-2,monophyletic,internal_32,8,,,,0,0,
NIES-3974,monophyletic,internal_33,2,,,,0,0,
NIES-981,monophyletic,internal_33,32,,,,0,0,
NIOZ-UU13,monophyletic,internal_37,23,,,,0,0,
NIOZ-UU35,monophyletic,internal_52,14,,,,0,0,
NK3A76,monophyletic,internal_46,7,,,,0,0,
NK4A136,monophyletic,internal_51,45,,,,0,0,
NK4A144,monophyletic,internal_55,47,,,,0,0,
NMUJ01,monophyletic,internal_20,3,,,,0,0,
NORP110,monophyletic,internal_56,3,,,,0,0,
NORP139,monophyletic,internal_42,2,,,,0,0,
NORP154,monophyletic,internal_46,3,,,,0,0,
NORP181,monophyletic,internal_71,3,,,,0,0,
NORP23,monophyletic,internal_42,19,,,,0,0,
NORP233,monophyletic,internal_28,3,,,,0,0,
NORP240,monophyletic,internal_45,8,,,,0,0,
NORP259,monophyletic,internal_39,7,,,,0,0,
NORP267,monophyletic,internal_29,3,,,,0,0,
NORP294,monophyletic,internal_44,7,,,,0,0,
NORP309,monophyletic,internal_29,15,,,,0,0,
NORP312,monophyletic,internal_41,3,,,,0,0,
NORP324,monophyletic,internal_33,6,,,,0,0,
NORP342,monophyletic,internal_25,3,,,,0,0,
NORP36,monophyletic,internal_24,5,,,,0,0,
NP936,monophyletic,internal_27,5,,,,0,0,
NPL-UPA2,monophyletic,internal_16,2,,,,0,0,
NS-11,monophyletic,internal_25,4,,,,0,0,
NS-12,monophyletic,internal_27,7,,,,0,0,
NS-7,monophyletic,internal_30,3,,,,0,0,
NVQY01,monophyletic,internal_70,5,,,,0,0,
NVTR01,monophyletic,internal_56,8,,,,0,0,
NZ13-RE01,monophyletic,internal_15,5,,,,0,0,
NZQO01,monophyletic,internal_56,2,,,,0,0,
NZWG01,monophyletic,internal_37,6,,,,0,0,
Naasia,monophyletic,internal_51,11,,,,0,0,
Nafulsella,monophyletic,internal_40,3,,,,0,0,
Naka2016,monophyletic,internal_31,10,,,,0,0,
Nakamurella,monophyletic,internal_31,77,,,,0,0,
Namhaeicola,monophyletic,internal_49,15,,,,0,0,
Nanchangia,monophyletic,internal_55,3,,,,0,0,
Nanhaiella,monophyletic,internal_40,2,,,,0,0,
Nannocystis,monophyletic,internal_27,11,,,,0,0,
Nanogingivalis,monophyletic,internal_36,37,,,,0,0,
Nanopelagicus,monophyletic,internal_38,38,,,,0,0,
Nanoperiomorbus,monophyletic,internal_40,86,,,,0,0,
Nanosynbacter,monophyletic,internal_40,135,,,,0,0,
Nanosyncoccus,monophyletic,internal_42,373,,,,0,0,
NaphS2,monophyletic,internal_31,11,,,,0,0,
Nardonella,monophyletic,internal_56,4,,,,0,0,
Natranaerobius,monophyletic,internal_22,2,,,,0,0,
Natranaerofaba,monophyletic,internal_20,2,,,,0,0,
Natranaerovirga,monophyletic,internal_30,2,,,,0,0,
Natroniella,monophyletic,internal_18,3,,,,0,0,
Natronocella,monophyletic,internal_29,2,,,,0,0,
Natronoflexus,monophyletic,internal_62,2,,,,0,0,
Natronomicrosphaera,monophyletic,internal_33,2,,,,0,0,
Natronospira,monophyletic,internal_29,3,,,,0,0,
Natronospirillum,monophyletic,internal_43,3,,,,0,0,
Natronosporangium,monophyletic,internal_39,10,,,,0,0,
Naumannella,monophyletic,internal_40,2,,,,0,0,
Nautilia,monophyletic,internal_18,6,,,,0,0,
Necropsobacter,monophyletic,internal_48,3,,,,0,0,
Negativibacillus,monophyletic,internal_39,17,,,,0,0,
Negativicoccus,monophyletic,internal_27,4,,,,0,0,
Neiella,monophyletic,internal_38,3,,,,0,0,
Neisseria,monophyletic,internal_45,100,,,,0,0,
Nemesobacter,monophyletic,internal_20,36,,,,0,0,
Nemorincola,monophyletic,internal_53,53,,,,0,0,
Neoanaerotignum,monophyletic,internal_36,3,,,,0,0,
Neoanaerotignum_A,monophyletic,internal_37,9,,,,0,0,
Neobacillus,monophyletic,internal_46,90,,,,0,0,
Neobacillus_A,monophyletic,internal_45,4,,,,0,0,
Neochlamydia,monophyletic,internal_29,6,,,,0,0,
Neochristensenella,monophyletic,internal_29,3,,,,0,0,
Neoclostridium,monophyletic,internal_36,7,,,,0,0,
Neoehrlichia,monophyletic,internal_29,2,,,,0,0,
Neofamilia,monophyletic,internal_35,8,,,,0,0,
Neolewinella,monophyletic,internal_55,47,,,,0,0,
Neomegalonema,monophyletic,internal_30,2,,,,0,0,
Neomesorhizobium,monophyletic,internal_54,5,,,,0,0,
Neomicrococcus,monophyletic,internal_48,2,,,,0,0,
Neomoorella,monophyletic,internal_34,13,,,,0,0,
Neopusillimonas,monophyletic,internal_35,9,,,,0,0,
Neorhizobium,monophyletic,internal_47,84,,,,0,0,
Neorickettsia,monophyletic,internal_29,4,,,,0,0,
Neoroseomonas,monophyletic,internal_38,55,,,,0,0,
Neotabrizicola,monophyletic,internal_60,2,,,,0,0,
Neotamlana,monophyletic,internal_71,4,,,,0,0,
Nephthysia,monophyletic,internal_17,4,,,,0,0,
Neptunicella,monophyletic,internal_44,4,,,,0,0,
Neptunichlamydia,monophyletic,internal_24,17,,,,0,0,
Neptuniibacter,monophyletic,internal_44,23,,,,0,0,
Neptunitalea,monophyletic,internal_52,2,,,,0,0,
Neptunomonas,monophyletic,internal_42,12,,,,0,0,
Nereida,monophyletic,internal_62,4,,,,0,0,
Nesterenkonia,monophyletic,internal_48,37,,,,0,0,
Nevskia,monophyletic,internal_35,25,,,,0,0,
Niabella,monophyletic,internal_60,35,,,,0,0,
Niallia,monophyletic,internal_42,18,,,,0,0,
Niastella,monophyletic,internal_50,14,,,,0,0,
Nibrella,monophyletic,internal_41,2,,,,0,0,
Nibribacter,monophyletic,internal_41,18,,,,0,0,
Nibricoccus,monophyletic,internal_34,5,,,,0,0,
Nicoliella,monophyletic,internal_45,3,,,,0,0,
Nioella,monophyletic,internal_60,9,,,,0,0,
Nisaea,monophyletic,internal_30,10,,,,0,0,
Nitratidesulfovibrio,monophyletic,internal_26,2,,,,0,0,
Nitratifractor,monophyletic,internal_21,16,,,,0,0,
Nitratireductor,monophyletic,internal_46,12,,,,0,0,
Nitratiruptor,monophyletic,internal_19,16,,,,0,0,
Nitricoxidireducens,monophyletic,internal_41,10,,,,0,0,
Nitricoxidivorans,monophyletic,internal_41,2,,,,0,0,
Nitricultor,monophyletic,internal_18,2,,,,0,0,
Nitriliruptor,monophyletic,internal_35,5,,,,0,0,
Nitrincola,monophyletic,internal_40,13,,,,0,0,
Nitrobacter,monophyletic,internal_46,23,,,,0,0,
Nitrobium,monophyletic,internal_33,3,,,,0,0,
Nitrococcus,monophyletic,internal_31,5,,,,0,0,
Nitrogeniibacter,monophyletic,internal_36,16,,,,0,0,
Nitrohelix,monophyletic,internal_26,3,,,,0,0,
Nitrolancea,monophyletic,internal_28,3,,,,0,0,
Nitromaritima,monophyletic,internal_27,11,,,,0,0,
Nitronauta,monophyletic,internal_25,3,,,,0,0,
Nitronereus,monophyletic,internal_29,7,,,,0,0,
Nitrosacidococcus,monophyletic,internal_29,2,,,,0,0,
Nitrosococcus,monophyletic,internal_28,4,,,,0,0,
Nitrosomonas,monophyletic,internal_39,121,,,,0,0,
Nitrosophilus_A,monophyletic,internal_19,5,,,,0,0,
Nitrosospira,monophyletic,internal_40,43,,,,0,0,
Nitrospina,monophyletic,internal_26,4,,,,0,0,
Nitrospira_A,monophyletic,internal_34,39,,,,0,0,
Nitrospira_C,monophyletic,internal_35,33,,,,0,0,
Nitrospira_D,monophyletic,internal_34,134,,,,0,0,
Nitrospira_E,monophyletic,internal_28,50,,,,0,0,
Nitrospira_G,monophyletic,internal_28,4,,,,0,0,
Nitrospirillum,monophyletic,internal_29,10,,,,0,0,
Nitrosymbiomonas,monophyletic,internal_32,2,,,,0,0,
Nitrotoga,monophyletic,internal_41,35,,,,0,0,
Niveibacterium,monophyletic,internal_34,11,,,,0,0,
Niveispirillum,monophyletic,internal_31,16,,,,0,0,
Njordibacter,monophyletic,internal_39,25,,,,0,0,
Nocardia,monophyletic,internal_40,267,,,,0,0,
Nocardioides,monophyletic,internal_45,570,,,,0,0,
Nocardioides_A,monophyletic,internal_45,3,,,,0,0,
Nocardioides_B,monophyletic,internal_42,50,,,,0,0,
Nocardioides_C,monophyletic,internal_43,27,,,,0,0,
Nocardiopsis,monophyletic,internal_34,51,,,,0,0,
Nocardiopsis_A,monophyletic,internal_36,7,,,,0,0,
Nocardiopsis_B,monophyletic,internal_38,3,,,,0,0,
Nocardiopsis_C,monophyletic,internal_37,3,,,,0,0,
Noda2021,monophyletic,internal_20,2,,,,0,0,
Nodosilinea,monophyletic,internal_29,53,,,,0,0,
Nodularia,monophyletic,internal_39,11,,,,0,0,
Nonlabens,monophyletic,internal_48,39,,,,0,0,
Nonomuraea,monophyletic,internal_38,110,,,,0,0,
Nosocomiicoccus,monophyletic,internal_38,4,,,,0,0,
Nostoc,monophyletic,internal_35,127,,,,0,0,
Nostoc_B,monophyletic,internal_33,12,,,,0,0,
Nostocoides,monophyletic,internal_45,5,,,,0,0,
Nostocoides_A,monophyletic,internal_44,11,,,,0,0,
Notoacmeibacter,monophyletic,internal_40,4,,,,0,0,
Novacetimonas,monophyletic,internal_43,5,,,,0,0,
Noviherbaspirillum,monophyletic,internal_32,43,,,,0,0,
Noviherbaspirillum_A,monophyletic,internal_34,6,,,,0,0,
Noviluteimonas,monophyletic,internal_43,6,,,,0,0,
Novilysobacter,monophyletic,internal_48,18,,,,0,0,
Novilysobacter_A,monophyletic,internal_48,2,,,,0,0,
Novimethylophilus,monophyletic,internal_37,2,,,,0,0,
Novipirellula,monophyletic,internal_44,8,,,,0,0,
Novipirellula_A,monophyletic,internal_43,3,,,,0,0,
Novispirillum,monophyletic,internal_37,2,,,,0,0,
Novisyntrophococcus,monophyletic,internal_46,7,,,,0,0,
Novosphingobium,monophyletic,internal_59,376,,,,0,0,
Novosphingopyxis,monophyletic,internal_59,5,,,,0,0,
Nriv7,monophyletic,internal_19,5,,,,0,0,
Nyctobacter,monophyletic,internal_24,3,,,,0,0,
O2-01-FULL-48-27b,monophyletic,internal_38,2,,,,0,0,
O2-02-FULL-42-9,monophyletic,internal_39,2,,,,0,0,
O2-12-FULL-59-9,monophyletic,internal_28,2,,,,0,0,
OAS926,monophyletic,internal_53,2,,,,0,0,
OCS116,monophyletic,internal_28,8,,,,0,0,
OFTM10,monophyletic,internal_40,3,,,,0,0,
OFTM209,monophyletic,internal_31,2,,,,0,0,
OFTM285,monophyletic,internal_32,2,,,,0,0,
OFTM291,monophyletic,internal_22,3,,,,0,0,
OFTM34,monophyletic,internal_35,2,,,,0,0,
OFTM371,monophyletic,internal_31,2,,,,0,0,
OFTM382,monophyletic,internal_35,4,,,,0,0,
OFTM391,monophyletic,internal_30,2,,,,0,0,
OFTM59,monophyletic,internal_37,2,,,,0,0,
OFTM77,monophyletic,internal_24,2,,,,0,0,
OHK40,monophyletic,internal_30,3,,,,0,0,
OLB10,monophyletic,internal_55,7,,,,0,0,
OLB11,monophyletic,internal_42,35,,,,0,0,
OLB16,monophyletic,internal_15,4,,,,0,0,
OLB17,monophyletic,internal_29,191,,,,0,0,
OLB19,monophyletic,internal_55,128,,,,0,0,
OLB23,monophyletic,internal_31,5,,,,0,0,
OLB5,monophyletic,internal_33,21,,,,0,0,
OLB6,monophyletic,internal_36,10,,,,0,0,
OLB7,monophyletic,internal_30,4,,,,0,0,
OLB9,monophyletic,internal_58,43,,,,0,0,
OMII01,monophyletic,internal_29,35,,,,0,0,
OMIS01,monophyletic,internal_43,6,,,,0,0,
OMIW01,monophyletic,internal_31,3,,,,0,0,
OMJI01,monophyletic,internal_26,3,,,,0,0,
OMJO01,monophyletic,internal_36,2,,,,0,0,
OMOG01,monophyletic,internal_37,2,,,,0,0,
OMPR01,monophyletic,internal_74,2,,,,0,0,
OMSK01,monophyletic,internal_28,7,,,,0,0,
OPU3-GD-OMZ,monophyletic,internal_34,6,,,,0,0,
OSU-TB39,monophyletic,internal_38,4,,,,0,0,
OXYB2-FULL-48-7,monophyletic,internal_27,2,,,,0,0,
OXYD1-FULL-39-9,monophyletic,internal_33,2,,,,0,0,
Obscuribacter,monophyletic,internal_19,6,,,,0,0,
Occultella,monophyletic,internal_49,4,,,,0,0,
Oceaniaggregativivens,monophyletic,internal_31,2,,,,0,0,
Oceaniaggregativivens_A,monophyletic,internal_30,3,,,,0,0,
Oceanibaculum,monophyletic,internal_27,4,,,,0,0,
Oceanicaulis,monophyletic,internal_41,27,,,,0,0,
Oceanicoccus,monophyletic,internal_42,16,,,,0,0,
Oceanicola,monophyletic,internal_63,5,,,,0,0,
Oceanidesulfovibrio,monophyletic,internal_25,3,,,,0,0,
Oceaniferula,monophyletic,internal_29,31,,,,0,0,
Oceaniglobus,monophyletic,internal_56,7,,,,0,0,
Oceanihabitans,monophyletic,internal_65,10,,,,0,0,
Oceanimicrobium,monophyletic,internal_31,2,,,,0,0,
Oceanimonas,monophyletic,internal_35,32,,,,0,0,
Oceanipulchritudo,monophyletic,internal_29,13,,,,0,0,
Oceanirhabdus,monophyletic,internal_34,3,,,,0,0,
Oceanispirochaeta,monophyletic,internal_27,11,,,,0,0,
Oceanitalea,monophyletic,internal_48,9,,,,0,0,
Oceanithermus,monophyletic,internal_18,13,,,,0,0,
Oceanivirga,monophyletic,internal_18,2,,,,0,0,
Oceanobacillus,monophyletic,internal_49,38,,,,0,0,
Oceanobacillus_B,monophyletic,internal_48,3,,,,0,0,
Oceanobacter,monophyletic,internal_44,7,,,,0,0,
Oceanococcus,monophyletic,internal_31,9,,,,0,0,
Oceanospirillum,monophyletic,internal_37,12,,,,0,0,
Octadecabacter,monophyletic,internal_65,24,,,,0,0,
Odoribacter,monophyletic,internal_64,20,,,,0,0,
Oenococcus,monophyletic,internal_44,9,,,,0,0,
Oerskovia,monophyletic,internal_48,10,,,,0,0,
Ohtaekwangia,monophyletic,internal_52,20,,,,0,0,
Okeania,monophyletic,internal_28,7,,,,0,0,
Okeanomitos,monophyletic,internal_42,3,,,,0,0,
Okibacterium,monophyletic,internal_56,2,,,,0,0,
Olegusella,monophyletic,internal_33,6,,,,0,0,
Oleiagrimonas,monophyletic,internal_34,19,,,,0,0,
Oleidesulfovibrio,monophyletic,internal_24,3,,,,0,0,
Oleihabitans,monophyletic,internal_18,2,,,,0,0,
Oleimicrobium,monophyletic,internal_26,4,,,,0,0,
Oleincola,monophyletic,internal_23,2,,,,0,0,
Oleispira,monophyletic,internal_41,15,,,,0,0,
Oleispirillum,monophyletic,internal_30,12,,,,0,0,
Oligella,monophyletic,internal_27,9,,,,0,0,
Oligoflexus,monophyletic,internal_32,14,,,,0,0,
Oligosphaera,monophyletic,internal_27,3,,,,0,0,
Oliverpabstia,monophyletic,internal_51,17,,,,0,0,
Olivibacter,monophyletic,internal_54,9,,,,0,0,
Olleya,monophyletic,internal_68,11,,,,0,0,
Olsenella_F,monophyletic,internal_38,4,,,,0,0,
Olsenella_H,monophyletic,internal_38,2,,,,0,0,
Olsenella_I,monophyletic,internal_38,2,,,,0,0,
Olsenella_J,monophyletic,internal_34,3,,,,0,0,
Olsenella_K,monophyletic,internal_33,6,,,,0,0,
Olsenella_L,monophyletic,internal_33,4,,,,0,0,
Onishia,monophyletic,internal_44,6,,,,0,0,
Onstottus_A,monophyletic,internal_27,15,,,,0,0,
Onstottus_B,monophyletic,internal_27,3,,,,0,0,
Onthocola_B,monophyletic,internal_26,56,,,,0,0,
Onthomonas,monophyletic,internal_41,43,,,,0,0,
Onthomorpha,monophyletic,internal_58,22,,,,0,0,
Onthoplasma,monophyletic,internal_37,64,,,,0,0,
Onthousia,monophyletic,internal_26,53,,,,0,0,
Onthovicinus,monophyletic,internal_40,3,,,,0,0,
Onthovivens,monophyletic,internal_24,60,,,,0,0,
Opacimonas,monophyletic,internal_47,13,,,,0,0,
Opi-474,monophyletic,internal_34,16,,,,0,0,
Opimibacter,monophyletic,internal_55,30,,,,0,0,
Opitulatrix,monophyletic,internal_46,4,,,,0,0,
Opitutus,monophyletic,internal_35,16,,,,0,0,
Orbus,monophyletic,internal_45,5,,,,0,0,
Orenia,monophyletic,internal_19,3,,,,0,0,
Oribacterium,monophyletic,internal_44,51,,,,0,0,
Oricola,monophyletic,internal_41,9,,,,0,0,
Orientia,monophyletic,internal_28,3,,,,0,0,
Orlajensenia,monophyletic,internal_56,8,,,,0,0,
Ornithinibacillus,monophyletic,internal_44,15,,,,0,0,
Ornithinicoccus,monophyletic,internal_39,60,,,,0,0,
Ornithobacterium,monophyletic,internal_48,5,,,,0,0,
Ornithoclostridium,monophyletic,internal_39,15,,,,0,0,
Ornithomonoglobus,monophyletic,internal_41,27,,,,0,0,
Ornithomonoglobus_A,monophyletic,internal_41,11,,,,0,0,
Ornithospirochaeta,monophyletic,internal_32,81,,,,0,0,
Orrella,monophyletic,internal_29,3,,,,0,0,
Oryzicola,monophyletic,internal_56,2,,,,0,0,
Oryzihumus,monophyletic,internal_40,3,,,,0,0,
Oryzobacter,monophyletic,internal_50,5,,,,0,0,
Oryzomicrobium,monophyletic,internal_34,2,,,,0,0,
Oryzomonas,monophyletic,internal_26,7,,,,0,0,
Oscillatoria,monophyletic,internal_26,4,,,,0,0,
Oscillibacter,monophyletic,internal_43,165,,,,0,0,
Oscillochloris,monophyletic,internal_28,9,,,,0,0,
Otariodibacter,monophyletic,internal_50,2,,,,0,0,
Otoolea,monophyletic,internal_45,22,,,,0,0,
Ottowia,monophyletic,internal_47,49,,,,0,0,
Ovoidimarina,monophyletic,internal_57,9,,,,0,0,
Owenweeksia,monophyletic,internal_43,11,,,,0,0,
Oxalicibacterium,monophyletic,internal_32,26,,,,0,0,
Oxalobacter,monophyletic,internal_29,32,,,,0,0,
Oxydemutator,monophyletic,internal_32,4,,,,0,0,
Ozemobacter,monophyletic,internal_14,4,,,,0,0,
P52-10,monophyletic,internal_42,6,,,,0,0,
PALG01,monophyletic,internal_54,2,,,,0,0,
PALSA-1003,monophyletic,internal_33,68,,,,0,0,
PALSA-1004,monophyletic,internal_45,29,,,,0,0,
PALSA-1005,monophyletic,internal_32,2,,,,0,0,
PALSA-1006,monophyletic,internal_39,17,,,,0,0,
PALSA-1081,monophyletic,internal_21,6,,,,0,0,
PALSA-1176,monophyletic,internal_37,2,,,,0,0,
PALSA-1178,monophyletic,internal_21,3,,,,0,0,
PALSA-1180,monophyletic,internal_19,4,,,,0,0,
PALSA-1196,monophyletic,internal_41,5,,,,0,0,
PALSA-129,monophyletic,internal_37,9,,,,0,0,
PALSA-1295,monophyletic,internal_26,15,,,,0,0,
PALSA-1296,monophyletic,internal_28,5,,,,0,0,
PALSA-1316,monophyletic,internal_36,7,,,,0,0,
PALSA-1335,monophyletic,internal_34,5,,,,0,0,
PALSA-1336,monophyletic,internal_31,19,,,,0,0,
PALSA-1337,monophyletic,internal_61,4,,,,0,0,
PALSA-1353,monophyletic,internal_30,13,,,,0,0,
PALSA-1355,monophyletic,internal_31,10,,,,0,0,
PALSA-1396,monophyletic,internal_28,2,,,,0,0,
PALSA-1440,monophyletic,internal_39,5,,,,0,0,
PALSA-1444,monophyletic,internal_22,19,,,,0,0,
PALSA-188,monophyletic,internal_38,12,,,,0,0,
PALSA-243,monophyletic,internal_36,8,,,,0,0,
PALSA-270,monophyletic,internal_34,10,,,,0,0,
PALSA-278,monophyletic,internal_26,2,,,,0,0,
PALSA-350,monophyletic,internal_28,67,,,,0,0,
PALSA-505,monophyletic,internal_31,14,,,,0,0,
PALSA-555,monophyletic,internal_34,12,,,,0,0,
PALSA-600,monophyletic,internal_31,142,,,,0,0,
PALSA-607,monophyletic,internal_30,10,,,,0,0,
PALSA-610,monophyletic,internal_31,21,,,,0,0,
PALSA-612,monophyletic,internal_30,25,,,,0,0,
PALSA-660,monophyletic,internal_22,10,,,,0,0,
PALSA-693,monophyletic,internal_32,10,,,,0,0,
PALSA-747,monophyletic,internal_39,49,,,,0,0,
PALSA-894,monophyletic,internal_48,17,,,,0,0,
PALSA-911,monophyletic,internal_39,8,,,,0,0,
PALSA-926,monophyletic,internal_34,12,,,,0,0,
PALSA-968,monophyletic,internal_52,16,,,,0,0,
PBB1,monophyletic,internal_42,25,,,,0,0,
PCC-10605,monophyletic,internal_35,3,,,,0,0,
PCC-6406,monophyletic,internal_28,6,,,,0,0,
PCC-6802,monophyletic,internal_20,3,,,,0,0,
PCC-7336,monophyletic,internal_16,4,,,,0,0,
PCC-7502,monophyletic,internal_22,4,,,,0,0,
PCC-9228,monophyletic,internal_25,2,,,,0,0,
PCC9605,monophyletic,internal_33,2,,,,0,0,
PCPOR2b,monophyletic,internal_22,20,,,,0,0,
PCRC01,monophyletic,internal_36,7,,,,0,0,
PEXW01,monophyletic,internal_26,3,,,,0,0,
PEYH01,monophyletic,internal_36,5,,,,0,0,
PFEE01,monophyletic,internal_26,2,,,,0,0,
PFJX01,monophyletic,internal_44,47,,,,0,0,
PFL25,monophyletic,internal_49,10,,,,0,0,
PFL42,monophyletic,internal_44,4,,,,0,0,
PFMI01,monophyletic,internal_39,2,,,,0,0,
PGXB01,monophyletic,internal_29,3,,,,0,0,
PGYQ01,monophyletic,internal_26,6,,,,0,0,
PGYR01,monophyletic,internal_38,10,,,,0,0,
PGYT01,monophyletic,internal_39,4,,,,0,0,
PGYU01,monophyletic,internal_39,4,,,,0,0,
PGYV01,monophyletic,internal_18,3,,,,0,0,
PGZG01,monophyletic,internal_39,7,,,,0,0,
PH2015,monophyletic,internal_31,9,,,,0,0,
PHAA01,monophyletic,internal_35,18,,,,0,0,
PHAN01,monophyletic,internal_25,2,,,,0,0,
PHBD01,monophyletic,internal_28,7,,,,0,0,
PHBI01,monophyletic,internal_29,2,,,,0,0,
PHBP01,monophyletic,internal_24,8,,,,0,0,
PHCI01,monophyletic,internal_43,2,,,,0,0,
PHET01,monophyletic,internal_31,2,,,,0,0,
PHOS-HE28,monophyletic,internal_38,131,,,,0,0,
PKWO01,monophyletic,internal_37,7,,,,0,0,
PLA2,monophyletic,internal_28,3,,,,0,0,
PLA3,monophyletic,internal_30,3,,,,0,0,
PLA5,monophyletic,internal_29,3,,,,0,0,
PLGF01,monophyletic,internal_33,3,,,,0,0,
PLOWO2-12-38-17,monophyletic,internal_24,2,,,,0,0,
PLanc-01,monophyletic,internal_38,24,,,,0,0,
PMG-095,monophyletic,internal_35,47,,,,0,0,
PMNU01,monophyletic,internal_40,23,,,,0,0,
PMP191F,monophyletic,internal_51,2,,,,0,0,
PN-J185,monophyletic,internal_39,4,,,,0,0,
PNAI01,monophyletic,internal_47,4,,,,0,0,
PNC22,monophyletic,internal_33,10,,,,0,0,
PNEW01,monophyletic,internal_25,3,,,,0,0,
PNKC01,monophyletic,internal_41,6,,,,0,0,
PNKE01,monophyletic,internal_34,8,,,,0,0,
PNKL01,monophyletic,internal_23,19,,,,0,0,
PNKZ01,monophyletic,internal_35,6,,,,0,0,
PNMQ01,monophyletic,internal_31,3,,,,0,0,
PNNG01,monophyletic,internal_38,5,,,,0,0,
PNNN01,monophyletic,internal_38,3,,,,0,0,
PNNO01,monophyletic,internal_32,4,,,,0,0,
PNOF01,monophyletic,internal_24,8,,,,0,0,
PNOJ01,monophyletic,internal_25,7,,,,0,0,
PNOM01,monophyletic,internal_24,4,,,,0,0,
PNON01,monophyletic,internal_55,8,,,,0,0,
PPGL01,monophyletic,internal_36,2,,,,0,0,
PR03,monophyletic,internal_29,7,,,,0,0,
PRDT01,monophyletic,internal_37,2,,,,0,0,
PRDV01,monophyletic,internal_18,10,,,,0,0,
PRO5,monophyletic,internal_41,2,,,,0,0,
PRO6,monophyletic,internal_44,5,,,,0,0,
PRS1,monophyletic,internal_58,7,,,,0,0,
PSLL01,monophyletic,internal_25,3,,,,0,0,
PSRF01,monophyletic,internal_23,185,,,,0,0,
PSRI01,monophyletic,internal_46,3,,,,0,0,
PSRJ01,monophyletic,internal_31,16,,,,0,0,
PTKB01,monophyletic,internal_36,10,,,,0,0,
PUKE01,monophyletic,internal_34,2,,,,0,0,
PUKZ01,monophyletic,internal_51,5,,,,0,0,
PUMD01,monophyletic,internal_24,2,,,,0,0,
PUML01,monophyletic,internal_56,2,,,,0,0,
PUMT01,monophyletic,internal_55,3,,,,0,0,
PUMZ01,monophyletic,internal_24,3,,,,0,0,
PUND01,monophyletic,internal_30,3,,,,0,0,
PUPC01,monophyletic,internal_22,2,,,,0,0,
PUPG01,monophyletic,internal_56,25,,,,0,0,
PUXY01,monophyletic,internal_15,2,,,,0,0,
PWGO01,monophyletic,internal_26,2,,,,0,0,
PWGR01,monophyletic,internal_25,2,,,,0,0,
PWHG01,monophyletic,internal_41,3,,,,0,0,
PWHW01,monophyletic,internal_34,14,,,,0,0,
PWHX01,monophyletic,internal_22,2,,,,0,0,
PWIP01,monophyletic,internal_24,3,,,,0,0,
PWJY01,monophyletic,internal_51,8,,,,0,0,
PWKH01,monophyletic,internal_26,3,,,,0,0,
PWLA01,monophyletic,internal_30,8,,,,0,0,
PWLR01,monophyletic,internal_36,4,,,,0,0,
PWMO01,monophyletic,internal_21,6,,,,0,0,
PWMP01,monophyletic,internal_21,2,,,,0,0,
PWMZ01,monophyletic,internal_40,3,,,,0,0,
PWND01,monophyletic,internal_52,5,,,,0,0,
PWNQ01,monophyletic,internal_58,8,,,,0,0,
PWNV01,monophyletic,internal_34,2,,,,0,0,
PWPR01,monophyletic,internal_23,4,,,,0,0,
PWPS01,monophyletic,internal_32,9,,,,0,0,
PWQG01,monophyletic,internal_45,5,,,,0,0,
PWUC01,monophyletic,internal_25,2,,,,0,0,
PWVB01,monophyletic,internal_40,22,,,,0,0,
PWVN01,monophyletic,internal_24,2,,,,0,0,
PWXP01,monophyletic,internal_29,7,,,,0,0,
PWYM01,monophyletic,internal_34,7,,,,0,0,
PXAH01,monophyletic,internal_28,7,,,,0,0,
PXAP01,monophyletic,internal_55,16,,,,0,0,
PXAS01,monophyletic,internal_26,4,,,,0,0,
PXBQ01,monophyletic,internal_22,2,,,,0,0,
PXCX01,monophyletic,internal_22,2,,,,0,0,
PXDC01,monophyletic,internal_25,3,,,,0,0,
PZPK01,monophyletic,internal_40,18,,,,0,0,
Paceibacter,monophyletic,internal_39,3,,,,0,0,
Pacificimonas,monophyletic,internal_44,9,,,,0,0,
Pacificispira,monophyletic,internal_37,8,,,,0,0,
Pacificitalea,monophyletic,internal_55,2,,,,0,0,
Pacificoceanicola,monophyletic,internal_79,5,,,,0,0,
Paenacidovorax,monophyletic,internal_51,5,,,,0,0,
Paenalcaligenes,monophyletic,internal_32,19,,,,0,0,
Paenibacillus,monophyletic,internal_38,93,,,,0,0,
Paenibacillus_AA,monophyletic,internal_32,3,,,,0,0,
Paenibacillus_AB,monophyletic,internal_32,7,,,,0,0,
Paenibacillus_AC,monophyletic,internal_37,3,,,,0,0,
Paenibacillus_AE,monophyletic,internal_31,7,,,,0,0,
Paenibacillus_AF,monophyletic,internal_34,2,,,,0,0,
Paenibacillus_AI,monophyletic,internal_38,2,,,,0,0,
Paenibacillus_AK,monophyletic,internal_30,2,,,,0,0,
Paenibacillus_AM,monophyletic,internal_36,3,,,,0,0,
Paenibacillus_AP,monophyletic,internal_39,2,,,,0,0,
Paenibacillus_AQ,monophyletic,internal_37,116,,,,0,0,
Paenibacillus_AR,monophyletic,internal_35,8,,,,0,0,
Paenibacillus_B,monophyletic,internal_34,21,,,,0,0,
Paenibacillus_D,monophyletic,internal_36,10,,,,0,0,
Paenibacillus_E,monophyletic,internal_39,37,,,,0,0,
Paenibacillus_F,monophyletic,internal_36,7,,,,0,0,
Paenibacillus_G,monophyletic,internal_35,28,,,,0,0,
Paenibacillus_I,monophyletic,internal_36,6,,,,0,0,
Paenibacillus_K,monophyletic,internal_34,3,,,,0,0,
Paenibacillus_L,monophyletic,internal_36,3,,,,0,0,
Paenibacillus_N,monophyletic,internal_31,2,,,,0,0,
Paenibacillus_O,monophyletic,internal_37,8,,,,0,0,
Paenibacillus_S,monophyletic,internal_35,15,,,,0,0,
Paenibacillus_T,monophyletic,internal_40,7,,,,0,0,
Paenibacillus_V,monophyletic,internal_37,2,,,,0,0,
Paenibacillus_Z,monophyletic,internal_38,30,,,,0,0,
Paeniglutamicibacter,monophyletic,internal_50,21,,,,0,0,
Paenisporosarcina,monophyletic,internal_34,17,,,,0,0,
Paenochrobactrum,monophyletic,internal_44,4,,,,0,0,
Palauibacter,monophyletic,internal_24,36,,,,0,0,
Palleronia,monophyletic,internal_57,20,,,,0,0,
Pallidibacillus,monophyletic,internal_43,2,,,,0,0,
Palsa-1032,monophyletic,internal_25,9,,,,0,0,
Palsa-1033,monophyletic,internal_24,16,,,,0,0,
Palsa-1150,monophyletic,internal_37,31,,,,0,0,
Palsa-1188,monophyletic,internal_30,8,,,,0,0,
Palsa-1233,monophyletic,internal_20,52,,,,0,0,
Palsa-1248,monophyletic,internal_25,10,,,,0,0,
Palsa-1315,monophyletic,internal_37,85,,,,0,0,
Palsa-1382,monophyletic,internal_32,2,,,,0,0,
Palsa-1392,monophyletic,internal_32,50,,,,0,0,
Palsa-1400,monophyletic,internal_34,5,,,,0,0,
Palsa-1439,monophyletic,internal_21,18,,,,0,0,
Palsa-1447,monophyletic,internal_30,39,,,,0,0,
Palsa-147,monophyletic,internal_28,19,,,,0,0,
Palsa-187,monophyletic,internal_31,94,,,,0,0,
Palsa-189,monophyletic,internal_27,22,,,,0,0,
Palsa-295,monophyletic,internal_28,200,,,,0,0,
Palsa-343,monophyletic,internal_33,58,,,,0,0,
Palsa-360,monophyletic,internal_28,45,,,,0,0,
Palsa-459,monophyletic,internal_34,7,,,,0,0,
Palsa-461,monophyletic,internal_34,13,,,,0,0,
Palsa-465,monophyletic,internal_28,346,,,,0,0,
Palsa-504,monophyletic,internal_33,52,,,,0,0,
Palsa-506,monophyletic,internal_33,8,,,,0,0,
Palsa-513,monophyletic,internal_30,39,,,,0,0,
Palsa-601,monophyletic,internal_32,3,,,,0,0,
Palsa-661,monophyletic,internal_36,3,,,,0,0,
Palsa-739,monophyletic,internal_28,133,,,,0,0,
Palsa-744,monophyletic,internal_32,440,,,,0,0,
Palsa-851,monophyletic,internal_24,42,,,,0,0,
Palsa-870,monophyletic,internal_26,22,,,,0,0,
Palsa-872,monophyletic,internal_23,16,,,,0,0,
Palsa-883,monophyletic,internal_42,6,,,,0,0,
Palsa-89,monophyletic,internal_32,54,,,,0,0,
Palsa-892,monophyletic,internal_40,8,,,,0,0,
Palsa-948,monophyletic,internal_50,9,,,,0,0,
Palsa-965,monophyletic,internal_51,6,,,,0,0,
Paludibacter,monophyletic,internal_70,102,,,,0,0,
Paludibacterium,monophyletic,internal_42,6,,,,0,0,
Paludibaculum,monophyletic,internal_34,16,,,,0,0,
Paludihabitans,monophyletic,internal_45,14,,,,0,0,
Paludisphaera,monophyletic,internal_31,9,,,,0,0,
Pampinifervens,monophyletic,internal_26,25,,,,0,0,
Panacagrimonas,monophyletic,internal_37,14,,,,0,0,
Panacibacter,monophyletic,internal_58,2,,,,0,0,
Pandoraea,monophyletic,internal_26,38,,,,0,0,
Pannonibacter,monophyletic,internal_40,8,,,,0,0,
Pantanalinema,monophyletic,internal_27,3,,,,0,0,
Pantoea,monophyletic,internal_53,75,,,,0,0,
Pantoea_C,monophyletic,internal_48,6,,,,0,0,
Parabacteroides,monophyletic,internal_70,79,,,,0,0,
Parabacteroides_B,monophyletic,internal_72,3,,,,0,0,
Parabeggiatoa,monophyletic,internal_33,5,,,,0,0,
Paraburkholderia,monophyletic,internal_35,213,,,,0,0,
Paracaedibacter,monophyletic,internal_30,5,,,,0,0,
Paracaedibacter_A,monophyletic,internal_30,2,,,,0,0,
Paracaedimonas,monophyletic,internal_30,4,,,,0,0,
Parachlamydia,monophyletic,internal_26,3,,,,0,0,
Paracholeplasma,monophyletic,internal_19,10,,,,0,0,
Parachristensenella,monophyletic,internal_31,2,,,,0,0,
Paracidovorax,monophyletic,internal_48,23,,,,0,0,
Paraclostridium,monophyletic,internal_29,11,,,,0,0,
Paracoccus,monophyletic,internal_58,155,,,,0,0,
Paraconexibacter,monophyletic,internal_33,25,,,,0,0,
Paracraurococcus,monophyletic,internal_41,10,,,,0,0,
Paracrocinitomix,monophyletic,internal_47,8,,,,0,0,
Paradesertivirga,monophyletic,internal_60,8,,,,0,0,
Paradesulfitobacterium,monophyletic,internal_25,2,,,,0,0,
Paradevosia,monophyletic,internal_42,3,,,,0,0,
Paraeggerthella,monophyletic,internal_34,3,,,,0,0,
Parafannyhessea,monophyletic,internal_35,5,,,,0,0,
Paraferrimonas,monophyletic,internal_40,2,,,,0,0,
Parafilimonas,monophyletic,internal_57,23,,,,0,0,
Paraflavitalea,monophyletic,internal_52,7,,,,0,0,
Parafrankia,monophyletic,internal_32,8,,,,0,0,
Parafrigoribacterium,monophyletic,internal_59,3,,,,0,0,
Parafrigoribacterium_A,monophyletic,internal_57,6,,,,0,0,
Paragemmobacter,monophyletic,internal_60,26,,,,0,0,
Parageobacillus,monophyletic,internal_42,3,,,,0,0,
Paraglaciecola,monophyletic,internal_46,40,,,,0,0,
Parahaliea,monophyletic,internal_51,4,,,,0,0,
Paraktedonobacter,monophyletic,internal_27,8,,,,0,0,
Paralachnospira_A,monophyletic,internal_44,5,,,,0,0,
Paralactobacillus_A,monophyletic,internal_41,2,,,,0,0,
Paralcaligenes,monophyletic,internal_36,3,,,,0,0,
Paraliobacillus,monophyletic,internal_46,4,,,,0,0,
Paraliobacillus_A,monophyletic,internal_47,2,,,,0,0,
Paraliomyxa,monophyletic,internal_26,6,,,,0,0,
Paramesorhizobium,monophyletic,internal_43,7,,,,0,0,
Paramicrobacterium,monophyletic,internal_54,6,,,,0,0,
Paramuribaculum,monophyletic,internal_78,72,,,,0,0,
Paraneptunicella,monophyletic,internal_42,4,,,,0,0,
Paranoxybacillus,monophyletic,internal_38,3,,,,0,0,
Paraoerskovia,monophyletic,internal_49,4,,,,0,0,
Parapedobacter,monophyletic,internal_57,19,,,,0,0,
Paraperibacillus,monophyletic,internal_40,5,,,,0,0,
Parapontixanthobacter,monophyletic,internal_73,2,,,,0,0,
Paraprevotella,monophyletic,internal_69,31,,,,0,0,
Parapusillimonas,monophyletic,internal_38,2,,,,0,0,
Pararheinheimera,monophyletic,internal_41,43,,,,0,0,
Pararhizobium,monophyletic,internal_47,38,,,,0,0,
Pararhizobium_B,monophyletic,internal_40,4,,,,0,0,
Pararhodobacter,monophyletic,internal_52,31,,,,0,0,
Pararhodospirillum,monophyletic,internal_38,2,,,,0,0,
Pararobbsia,monophyletic,internal_30,4,,,,0,0,
Pararoseburia,monophyletic,internal_52,13,,,,0,0,
Parasalinivibrio,monophyletic,internal_37,2,,,,0,0,
Parasedimentitalea,monophyletic,internal_76,8,,,,0,0,
Parasediminibacterium,monophyletic,internal_53,21,,,,0,0,
Parasegetibacter,monophyletic,internal_48,2,,,,0,0,
Parashewanella,monophyletic,internal_39,7,,,,0,0,
Parasphingopyxis,monophyletic,internal_52,18,,,,0,0,
Parasphingorhabdus,monophyletic,internal_58,64,,,,0,0,
Parasulfitobacter,monophyletic,internal_61,2,,,,0,0,
Parasulfuritortus,monophyletic,internal_44,12,,,,0,0,
Parasutterella,monophyletic,internal_31,7,,,,0,0,
Parasynechococcus,monophyletic,internal_30,51,,,,0,0,
Paratissierella,monophyletic,internal_33,2,,,,0,0,
Paratractidigestivibacter,monophyletic,internal_32,19,,,,0,0,
Parazoarcus,monophyletic,internal_43,6,,,,0,0,
Parelusimicrobium,monophyletic,internal_37,2,,,,0,0,
Paremcibacter,monophyletic,internal_43,19,,,,0,0,
Parendomicrobium,monophyletic,internal_34,2,,,,0,0,
Parerythrobacter,monophyletic,internal_71,6,,,,0,0,
Parerythrobacter_A,monophyletic,internal_70,8,,,,0,0,
Paroceanicella,monophyletic,internal_36,3,,,,0,0,
Parolsenella,monophyletic,internal_25,15,,,,0,0,
Parvibacillus,monophyletic,internal_50,8,,,,0,0,
Parvibacter,monophyletic,internal_33,3,,,,0,0,
Parvibaculum,monophyletic,internal_41,49,,,,0,0,
Parvicella,monophyletic,internal_46,8,,,,0,0,
Parvimonas,monophyletic,internal_33,9,,,,0,0,
Parvivirga,monophyletic,internal_24,4,,,,0,0,
Parvularcula,monophyletic,internal_35,23,,,,0,0,
Pasteurella,monophyletic,internal_43,10,,,,0,0,
Patescibacterium,monophyletic,internal_35,20,,,,0,0,
Patiriisocius,monophyletic,internal_56,20,,,,0,0,
Patulibacter,monophyletic,internal_35,16,,,,0,0,
Paucibacter,monophyletic,internal_33,4,,,,0,0,
Paucibacter_A,monophyletic,internal_41,28,,,,0,0,
Paucibacter_B,monophyletic,internal_37,2,,,,0,0,
Paucidesulfovibrio,monophyletic,internal_29,5,,,,0,0,
Paucihalobacter,monophyletic,internal_66,3,,,,0,0,
Paucilactobacillus,monophyletic,internal_41,7,,,,0,0,
Paucimonas,monophyletic,internal_34,9,,,,0,0,
Pauljensenia,monophyletic,internal_56,77,,,,0,0,
PeH17,monophyletic,internal_39,17,,,,0,0,
Pectinatus,monophyletic,internal_36,5,,,,0,0,
Pectobacterium,monophyletic,internal_52,28,,,,0,0,
Pediococcus,monophyletic,internal_40,13,,,,0,0,
Pedobacter,monophyletic,internal_52,235,,,,0,0,
Pedococcus,monophyletic,internal_43,28,,,,0,0,
Pedococcus_A,monophyletic,internal_42,5,,,,0,0,
Pedomonas,monophyletic,internal_44,4,,,,0,0,
Pedosphaera,monophyletic,internal_29,2,,,,0,0,
Pegaeibacterium,monophyletic,internal_34,3,,,,0,0,
Pelagadaptatus,monophyletic,internal_51,2,,,,0,0,
Pelagerythrobacter,monophyletic,internal_69,8,,,,0,0,
Pelagibacter,monophyletic,internal_28,938,,,,0,0,
Pelagibacterium,monophyletic,internal_38,18,,,,0,0,
Pelagibius,monophyletic,internal_37,19,,,,0,0,
Pelagicoccus,monophyletic,internal_27,11,,,,0,0,
Pelagihabitans,monophyletic,internal_59,16,,,,0,0,
Pelagilacustribacter,monophyletic,internal_27,178,,,,0,0,
Pelagimonas,monophyletic,internal_82,5,,,,0,0,
Pelagisphaera,monophyletic,internal_29,17,,,,0,0,
Pelatocladus,monophyletic,internal_34,7,,,,0,0,
Pelethenecus,monophyletic,internal_26,20,,,,0,0,
Pelethomonas,monophyletic,internal_43,49,,,,0,0,
Pelethosoma,monophyletic,internal_24,5,,,,0,0,
Pelethousia,monophyletic,internal_40,8,,,,0,0,
Pelolinea,monophyletic,internal_48,19,,,,0,0,
Pelomicrobium,monophyletic,internal_43,3,,,,0,0,
Pelomonas,monophyletic,internal_35,47,,,,0,0,
Peloplasma,monophyletic,internal_26,38,,,,0,0,
Pelosinus,monophyletic,internal_28,11,,,,0,0,
Pelotalea,monophyletic,internal_24,3,,,,0,0,
Pelotomaculum_B,monophyletic,internal_36,4,,,,0,0,
Pelotomaculum_C,monophyletic,internal_34,4,,,,0,0,
Pelotomaculum_D,monophyletic,internal_35,2,,,,0,0,
Pelovirga,monophyletic,internal_31,9,,,,0,0,
Pendulispora,monophyletic,internal_34,3,,,,0,0,
Pengzhenrongella,monophyletic,internal_49,9,,,,0,0,
Peptacetobacter,monophyletic,internal_35,5,,,,0,0,
Peptidiphaga,monophyletic,internal_56,6,,,,0,0,
Peptoanaerobacter,monophyletic,internal_28,6,,,,0,0,
Peptoclostridium,monophyletic,internal_29,2,,,,0,0,
Peptoclostridium_A,monophyletic,internal_29,2,,,,0,0,
Peptococcus,monophyletic,internal_25,4,,,,0,0,
Peptoniphilus,monophyletic,internal_37,4,,,,0,0,
Peptoniphilus_A,monophyletic,internal_36,22,,,,0,0,
Peptoniphilus_B,monophyletic,internal_35,5,,,,0,0,
Peptoniphilus_E,monophyletic,internal_39,5,,,,0,0,
Peptostreptococcus,monophyletic,internal_36,15,,,,0,0,
Peredibacter,monophyletic,internal_29,51,,,,0,0,
Peribacillus,monophyletic,internal_40,47,,,,0,0,
Peribacter,monophyletic,internal_33,9,,,,0,0,
Periweissella,monophyletic,internal_42,5,,,,0,0,
Perlabentimonas,monophyletic,internal_60,15,,,,0,0,
Perlucidibaca,monophyletic,internal_39,19,,,,0,0,
Permianibacter,monophyletic,internal_33,9,,,,0,0,
Pernthalerella,monophyletic,internal_35,57,,,,0,0,
Persebacter,monophyletic,internal_23,4,,,,0,0,
Persephonella,monophyletic,internal_24,2,,,,0,0,
Persephonella_A,monophyletic,internal_24,13,,,,0,0,
Persicitalea,monophyletic,internal_47,8,,,,0,0,
Persicobacter,monophyletic,internal_39,2,,,,0,0,
Peterkaempfera,monophyletic,internal_37,5,,,,0,0,
Petralouisia,monophyletic,internal_46,49,,,,0,0,
Petrimonas,monophyletic,internal_75,19,,,,0,0,
Petrocella,monophyletic,internal_32,6,,,,0,0,
Petrotoga,monophyletic,internal_21,6,,,,0,0,
Phaeobacter,monophyletic,internal_78,8,,,,0,0,
Phaeocystidibacter,monophyletic,internal_45,5,,,,0,0,
Phaeodactylibacter,monophyletic,internal_56,11,,,,0,0,
Phaeospirillum,monophyletic,internal_34,21,,,,0,0,
Phascolarctobacterium,monophyletic,internal_27,5,,,,0,0,
Phascolarctobacterium_A,monophyletic,internal_29,44,,,,0,0,
Phascolarctobacterium_B,monophyletic,internal_29,5,,,,0,0,
Phelpsiimicrobium,monophyletic,internal_32,3,,,,0,0,
Phenylobacterium,monophyletic,internal_41,197,,,,0,0,
Phil1,monophyletic,internal_42,16,,,,0,0,
Phnomibacter,monophyletic,internal_46,20,,,,0,0,
Phocaeicola,monophyletic,internal_64,109,,,,0,0,
Phocaeicola_A,monophyletic,internal_66,31,,,,0,0,
Phocicoccus,monophyletic,internal_38,2,,,,0,0,
Phocoenobacter,monophyletic,internal_41,3,,,,0,0,
Phoenicibacter,monophyletic,internal_29,4,,,,0,0,
Phoenicimicrobium,monophyletic,internal_18,2,,,,0,0,
Phorcysia,monophyletic,internal_23,3,,,,0,0,
Phormidesmis,monophyletic,internal_29,46,,,,0,0,
Phormidesmis_A,monophyletic,internal_26,8,,,,0,0,
Phosphitispora,monophyletic,internal_29,4,,,,0,0,
Phosphitivorax,monophyletic,internal_24,12,,,,0,0,
Phosphoribacter,monophyletic,internal_43,20,,,,0,0,
Photobacterium,monophyletic,internal_39,67,,,,0,0,
Photorhabdus,monophyletic,internal_43,16,,,,0,0,
Phototrophicus,monophyletic,internal_49,3,,,,0,0,
Phragmitibacter,monophyletic,internal_26,2,,,,0,0,
Phreatobacter,monophyletic,internal_37,22,,,,0,0,
Phycicoccus,monophyletic,internal_51,17,,,,0,0,
Phycicoccus_A,monophyletic,internal_48,4,,,,0,0,
Phycobacter,monophyletic,internal_78,5,,,,0,0,
Phycocordibacter,monophyletic,internal_53,33,,,,0,0,
Phyllobacterium,monophyletic,internal_43,31,,,,0,0,
Physcocola,monophyletic,internal_63,6,,,,0,0,
Physcousia,monophyletic,internal_69,179,,,,0,0,
Phytoactinopolyspora,monophyletic,internal_41,5,,,,0,0,
Phytobacter,monophyletic,internal_60,4,,,,0,0,
Phytohabitans,monophyletic,internal_42,11,,,,0,0,
Phytomonospora,monophyletic,internal_36,2,,,,0,0,
Phytoplasma,monophyletic,internal_23,40,,,,0,0,
Pigmentiphaga,monophyletic,internal_26,16,,,,0,0,
Pikeienuella,monophyletic,internal_34,15,,,,0,0,
Pilibacter,monophyletic,internal_42,2,,,,0,0,
Pilimelia,monophyletic,internal_41,3,,,,0,0,
Pilosibacter,monophyletic,internal_48,13,,,,0,0,
Pinibacter,monophyletic,internal_51,4,,,,0,0,
Pinirhizobacter,monophyletic,internal_36,3,,,,0,0,
Pinisolibacter,monophyletic,internal_42,5,,,,0,0,
Piscibacillus,monophyletic,internal_46,3,,,,0,0,
Piscinibacter,monophyletic,internal_38,14,,,,0,0,
Piscinibacterium,monophyletic,internal_26,5,,,,0,0,
Piscirickettsia,monophyletic,internal_31,3,,,,0,0,
Planctellipticum,monophyletic,internal_30,2,,,,0,0,
Planctobacterium,monophyletic,internal_42,5,,,,0,0,
Planctomicrobium,monophyletic,internal_29,9,,,,0,0,
Planctomonas,monophyletic,internal_52,3,,,,0,0,
Planctomyces_A,monophyletic,internal_26,2,,,,0,0,
Planctopirus,monophyletic,internal_28,5,,,,0,0,
Planifilum,monophyletic,internal_26,3,,,,0,0,
Planktomarina,monophyletic,internal_60,23,,,,0,0,
Planktophila,monophyletic,internal_38,299,,,,0,0,
Planktosalinus,monophyletic,internal_47,13,,,,0,0,
Planktotalea,monophyletic,internal_64,13,,,,0,0,
Planktothricoides,monophyletic,internal_26,2,,,,0,0,
Planktothrix,monophyletic,internal_26,12,,,,0,0,
Planobacterium,monophyletic,internal_58,2,,,,0,0,
Planobacterium_A,monophyletic,internal_59,4,,,,0,0,
Planobispora,monophyletic,internal_42,4,,,,0,0,
Planococcus,monophyletic,internal_33,66,,,,0,0,
Planomonospora,monophyletic,internal_41,2,,,,0,0,
Planomonospora_A,monophyletic,internal_42,2,,,,0,0,
Planomonospora_B,monophyletic,internal_39,2,,,,0,0,
Planosporangium,monophyletic,internal_40,7,,,,0,0,
Planotetraspora,monophyletic,internal_40,5,,,,0,0,
Plantactinospora,monophyletic,internal_44,18,,,,0,0,
Plantibacter,monophyletic,internal_54,11,,,,0,0,
Plantimonas,monophyletic,internal_40,9,,,,0,0,
Plasticicumulans,monophyletic,internal_28,2,,,,0,0,
Plastoroseomonas,monophyletic,internal_37,6,,,,0,0,
Pleionea,monophyletic,internal_37,8,,,,0,0,
Pleomorphochaeta,monophyletic,internal_31,16,,,,0,0,
Pleomorphomonas,monophyletic,internal_39,17,,,,0,0,
Pleomorphovibrio,monophyletic,internal_46,2,,,,0,0,
Plesiocystis,monophyletic,internal_28,11,,,,0,0,
Plesiomonas,monophyletic,internal_37,4,,,,0,0,
Pluralibacter,monophyletic,internal_57,2,,,,0,0,
Pluralincolimonas,monophyletic,internal_25,6,,,,0,0,
Plut-88900,monophyletic,internal_31,9,,,,0,0,
Poindextera,monophyletic,internal_41,18,,,,0,0,
Pokkaliibacter,monophyletic,internal_39,3,,,,0,0,
Polaribacter,monophyletic,internal_47,267,,,,0,0,
Polarisedimenticola,monophyletic,internal_19,4,,,,0,0,
Polaromonas,monophyletic,internal_36,204,,,,0,0,
Pollutiaquabacter,monophyletic,internal_52,9,,,,0,0,
Pollutibacter,monophyletic,internal_46,82,,,,0,0,
Polluticoccus,monophyletic,internal_48,22,,,,0,0,
Pollutimonas,monophyletic,internal_34,13,,,,0,0,
Polyangium,monophyletic,internal_34,15,,,,0,0,
Polycladomyces,monophyletic,internal_26,3,,,,0,0,
Polycyclovorans,monophyletic,internal_37,6,,,,0,0,
Polymorphobacter_A,monophyletic,internal_48,3,,,,0,0,
Polymorphobacter_B,monophyletic,internal_49,21,,,,0,0,
Polymorphospora,monophyletic,internal_45,2,,,,0,0,
Polynucleobacter,monophyletic,internal_27,241,,,,0,0,
Polystyrenella,monophyletic,internal_29,4,,,,0,0,
Pontibaca,monophyletic,internal_67,3,,,,0,0,
Pontibacillus,monophyletic,internal_42,9,,,,0,0,
Pontibacter,monophyletic,internal_40,63,,,,0,0,
Pontibacterium,monophyletic,internal_44,9,,,,0,0,
Ponticaulis,monophyletic,internal_37,10,,,,0,0,
Ponticoccus,monophyletic,internal_76,2,,,,0,0,
Pontiella,monophyletic,internal_21,53,,,,0,0,
Pontimicrobium,monophyletic,internal_60,7,,,,0,0,
Pontimonas,monophyletic,internal_47,38,,,,0,0,
Pontitalea,monophyletic,internal_61,2,,,,0,0,
Pontivivens,monophyletic,internal_39,6,,,,0,0,
Pontixanthobacter,monophyletic,internal_74,15,,,,0,0,
Porcincola,monophyletic,internal_41,20,,,,0,0,
Porcipelethomonas,monophyletic,internal_45,22,,,,0,0,
Poriferihabitans,monophyletic,internal_34,8,,,,0,0,
Poriferisocius,monophyletic,internal_33,40,,,,0,0,
Poriferisodalis,monophyletic,internal_37,32,,,,0,0,
Poriferisphaera,monophyletic,internal_31,3,,,,0,0,
Poriferisulfidus,monophyletic,internal_30,16,,,,0,0,
Poritiphilus,monophyletic,internal_58,2,,,,0,0,
Porphyromonas,monophyletic,internal_66,61,,,,0,0,
Porphyromonas_A,monophyletic,internal_66,25,,,,0,0,
Portibacter,monophyletic,internal_54,4,,,,0,0,
Porticoccus,monophyletic,internal_46,35,,,,0,0,
Portiera,monophyletic,internal_29,5,,,,0,0,
Poseidonibacter,monophyletic,internal_30,11,,,,0,0,
Poseidonocella,monophyletic,internal_59,2,,,,0,0,
Posidoniimonas,monophyletic,internal_41,2,,,,0,0,
Postechiella,monophyletic,internal_76,4,,,,0,0,
Prado023,monophyletic,internal_37,28,,,,0,0,
Pradoshia,monophyletic,internal_38,5,,,,0,0,
Praeruminimicrobium,monophyletic,internal_32,3,,,,0,0,
Prauserella,monophyletic,internal_46,7,,,,0,0,
Prauserella_A,monophyletic,internal_49,7,,,,0,0,
Prescottella,monophyletic,internal_41,17,,,,0,0,
Prevotella,monophyletic,internal_68,959,,,,0,0,
Pricia,monophyletic,internal_63,11,,,,0,0,
Priestia,monophyletic,internal_40,14,,,,0,0,
Primorskyibacter,monophyletic,internal_65,3,,,,0,0,
Pristimantibacillus,monophyletic,internal_40,74,,,,0,0,
Prochlorococcus,monophyletic,internal_32,5,,,,0,0,
Prochlorococcus_A,monophyletic,internal_43,285,,,,0,0,
Prochlorococcus_B,monophyletic,internal_43,42,,,,0,0,
Prochlorococcus_D,monophyletic,internal_44,3,,,,0,0,
Prochlorococcus_E,monophyletic,internal_43,15,,,,0,0,
Prochloron,monophyletic,internal_30,4,,,,0,0,
Prochlorothrix,monophyletic,internal_22,4,,,,0,0,
Proelusimicrobium,monophyletic,internal_35,34,,,,0,0,
Profftella,monophyletic,internal_25,2,,,,0,0,
Profftia,monophyletic,internal_43,3,,,,0,0,
Profundibacter,monophyletic,internal_59,14,,,,0,0,
Profundicola,monophyletic,internal_48,6,,,,0,0,
Profundicultor,monophyletic,internal_20,2,,,,0,0,
Prolixibacter,monophyletic,internal_60,4,,,,0,0,
Promicromonospora,monophyletic,internal_51,30,,,,0,0,
Promineifilum,monophyletic,internal_45,23,,,,0,0,
Propionibacterium,monophyletic,internal_48,9,,,,0,0,
Propioniciclava,monophyletic,internal_46,25,,,,0,0,
Propionicimonas,monophyletic,internal_46,68,,,,0,0,
Propionigenium,monophyletic,internal_19,2,,,,0,0,
Propionimicrobium,monophyletic,internal_51,2,,,,0,0,
Propionispira,monophyletic,internal_32,2,,,,0,0,
Propionispora,monophyletic,internal_28,3,,,,0,0,
Propionivibrio,monophyletic,internal_40,54,,,,0,0,
Propylenella,monophyletic,internal_37,2,,,,0,0,
Proruminimicrobium,monophyletic,internal_31,5,,,,0,0,
Prosthecobacter,monophyletic,internal_28,105,,,,0,0,
Prosthecochloris,monophyletic,internal_28,20,,,,0,0,
Prosthecodimorpha,monophyletic,internal_40,3,,,,0,0,
Proteiniborus,monophyletic,internal_31,8,,,,0,0,
Proteiniclasticum,monophyletic,internal_29,13,,,,0,0,
Proteiniphilum,monophyletic,internal_72,62,,,,0,0,
Proteinivorax,monophyletic,internal_21,2,,,,0,0,
Proteocatella,monophyletic,internal_29,5,,,,0,0,
Proteus,monophyletic,internal_44,21,,,,0,0,
Protochlamydia,monophyletic,internal_31,4,,,,0,0,
Protoclostridium,monophyletic,internal_32,17,,,,0,0,
Protofrankia,monophyletic,internal_30,7,,,,0,0,
Providencia,monophyletic,internal_46,24,,,,0,0,
Providencia_A,monophyletic,internal_48,2,,,,0,0,
Proximibacter,monophyletic,internal_35,12,,,,0,0,
Pseudacidobacterium,monophyletic,internal_33,4,,,,0,0,
Pseudactinotalea,monophyletic,internal_47,7,,,,0,0,
Pseudaeromonas,monophyletic,internal_38,12,,,,0,0,
Pseudaestuariivita,monophyletic,internal_60,2,,,,0,0,
Pseudahrensia,monophyletic,internal_39,31,,,,0,0,
Pseudalgibacter,monophyletic,internal_76,3,,,,0,0,
Pseudalkalibacillus,monophyletic,internal_40,12,,,,0,0,
Pseudaminobacter,monophyletic,internal_56,9,,,,0,0,
Pseudanabaena,monophyletic,internal_21,48,,,,0,0,
Pseudaquabacterium,monophyletic,internal_38,58,,,,0,0,
Pseudaquidulcibacter,monophyletic,internal_38,9,,,,0,0,
Pseudazoarcus,monophyletic,internal_42,6,,,,0,0,
Pseudelusimicrobium,monophyletic,internal_34,2,,,,0,0,
Pseudemcibacter,monophyletic,internal_43,18,,,,0,0,
Pseudescherichia,monophyletic,internal_56,9,,,,0,0,
Pseudidiomarina,monophyletic,internal_41,39,,,,0,0,
Pseudoalteromonas,monophyletic,internal_41,140,,,,0,0,
Pseudobacillus,monophyletic,internal_45,5,,,,0,0,
Pseudobacter,monophyletic,internal_50,7,,,,0,0,
Pseudobacteroides,monophyletic,internal_41,5,,,,0,0,
Pseudobdellovibrio,monophyletic,internal_32,52,,,,0,0,
Pseudobowmanella,monophyletic,internal_44,2,,,,0,0,
Pseudobutyricicoccus,monophyletic,internal_37,7,,,,0,0,
Pseudobutyrivibrio,monophyletic,internal_53,34,,,,0,0,
Pseudocalidococcus,monophyletic,internal_20,3,,,,0,0,
Pseudochelatococcus,monophyletic,internal_43,5,,,,0,0,
Pseudochrobactrum,monophyletic,internal_43,11,,,,0,0,
Pseudocitrobacter,monophyletic,internal_58,5,,,,0,0,
Pseudoclavibacter,monophyletic,internal_49,14,,,,0,0,
Pseudoclavibacter_A,monophyletic,internal_45,4,,,,0,0,
Pseudocolwellia,monophyletic,internal_46,5,,,,0,0,
Pseudodesulfovibrio,monophyletic,internal_28,42,,,,0,0,
Pseudodesulfuromonas,monophyletic,internal_29,2,,,,0,0,
Pseudodonghicola,monophyletic,internal_68,4,,,,0,0,
Pseudoflavonifractor,monophyletic,internal_48,11,,,,0,0,
Pseudoflavonifractor_A,monophyletic,internal_49,12,,,,0,0,
Pseudofrankia,monophyletic,internal_31,8,,,,0,0,
Pseudofulvimonas,monophyletic,internal_29,8,,,,0,0,
Pseudogemmatithrix,monophyletic,internal_23,55,,,,0,0,
Pseudogemmobacter,monophyletic,internal_62,26,,,,0,0,
Pseudoglutamicibacter,monophyletic,internal_49,3,,,,0,0,
Pseudogracilibacillus,monophyletic,internal_46,23,,,,0,0,
Pseudogulbenkiania,monophyletic,internal_41,4,,,,0,0,
Pseudohaliea,monophyletic,internal_47,5,,,,0,0,
Pseudohoeflea,monophyletic,internal_42,5,,,,0,0,
Pseudohongiella,monophyletic,internal_45,22,,,,0,0,
Pseudokineococcus,monophyletic,internal_40,6,,,,0,0,
Pseudolabrys,monophyletic,internal_43,228,,,,0,0,
Pseudolachnospira,monophyletic,internal_46,6,,,,0,0,
Pseudolactococcus,monophyletic,internal_45,13,,,,0,0,
Pseudoleptotrichia,monophyletic,internal_19,4,,,,0,0,
Pseudoluteimonas,monophyletic,internal_45,3,,,,0,0,
Pseudolysinimonas,monophyletic,internal_59,2,,,,0,0,
Pseudolysinimonas_A,monophyletic,internal_58,12,,,,0,0,
Pseudolysobacter,monophyletic,internal_33,5,,,,0,0,
Pseudomaricurvus,monophyletic,internal_51,11,,,,0,0,
Pseudomarimonas,monophyletic,internal_35,5,,,,0,0,
Pseudomethylobacillus,monophyletic,internal_41,2,,,,0,0,
Pseudomonas,monophyletic,internal_44,34,,,,0,0,
Pseudomonas_M,monophyletic,internal_46,2,,,,0,0,
Pseudomonas_O,monophyletic,internal_46,2,,,,0,0,
Pseudomonas_S,monophyletic,internal_43,2,,,,0,0,
Pseudomonas_T,monophyletic,internal_45,3,,,,0,0,
Pseudoneobacillus,monophyletic,internal_43,4,,,,0,0,
Pseudonocardia,monophyletic,internal_36,137,,,,0,0,
Pseudooceanicola,monophyletic,internal_63,29,,,,0,0,
Pseudopedobacter,monophyletic,internal_55,35,,,,0,0,
Pseudopelobacter,monophyletic,internal_26,4,,,,0,0,
Pseudophaeobacter,monophyletic,internal_78,15,,,,0,0,
Pseudopontixanthobacter,monophyletic,internal_74,2,,,,0,0,
Pseudoramibacter,monophyletic,internal_29,6,,,,0,0,
Pseudorhodobacter,monophyletic,internal_64,14,,,,0,0,
Pseudorhodoferax,monophyletic,internal_45,11,,,,0,0,
Pseudorhodoplanes,monophyletic,internal_41,30,,,,0,0,
Pseudoroseicyclus_A,monophyletic,internal_66,2,,,,0,0,
Pseudoroseomonas,monophyletic,internal_37,23,,,,0,0,
Pseudoruegeria,monophyletic,internal_61,4,,,,0,0,
Pseudoruminococcus,monophyletic,internal_42,4,,,,0,0,
Pseudoruminococcus_B,monophyletic,internal_42,3,,,,0,0,
Pseudoscardovia,monophyletic,internal_47,5,,,,0,0,
Pseudoscillospira,monophyletic,internal_42,7,,,,0,0,
Pseudosulfitobacter,monophyletic,internal_68,9,,,,0,0,
Pseudotabrizicola,monophyletic,internal_60,25,,,,0,0,
Pseudotamlana,monophyletic,internal_78,6,,,,0,0,
Pseudoteredinibacter,monophyletic,internal_50,6,,,,0,0,
Pseudothauera,monophyletic,internal_40,6,,,,0,0,
Pseudothermotoga,monophyletic,internal_22,2,,,,0,0,
Pseudothermotoga_A,monophyletic,internal_22,7,,,,0,0,
Pseudothermotoga_B,monophyletic,internal_21,8,,,,0,0,
Pseudothioclava,monophyletic,internal_63,3,,,,0,0,
Pseudothioglobus,monophyletic,internal_34,43,,,,0,0,
Pseudovibrio,monophyletic,internal_37,18,,,,0,0,
Pseudoxanthobacter,monophyletic,internal_39,4,,,,0,0,
Pseudoxanthomonas,monophyletic,internal_41,23,,,,0,0,
Pseudoxanthomonas_A,monophyletic,internal_39,78,,,,0,0,
Pseudoxanthomonas_B,monophyletic,internal_44,2,,,,0,0,
Psittacicella,monophyletic,internal_38,4,,,,0,0,
Psychrilyobacter,monophyletic,internal_17,11,,,,0,0,
Psychrobacillus,monophyletic,internal_36,29,,,,0,0,
Psychrobacter,monophyletic,internal_43,154,,,,0,0,
Psychrobium,monophyletic,internal_35,12,,,,0,0,
Psychroflexus,monophyletic,internal_50,41,,,,0,0,
Psychromarinibacter,monophyletic,internal_55,8,,,,0,0,
Psychromonas,monophyletic,internal_37,42,,,,0,0,
Psychroserpens,monophyletic,internal_66,39,,,,0,0,
Psychrosphaera,monophyletic,internal_42,13,,,,0,0,
Puerhibacterium,monophyletic,internal_52,2,,,,0,0,
Pueribacillus,monophyletic,internal_41,4,,,,0,0,
Puia,monophyletic,internal_46,104,,,,0,0,
Pukyongia,monophyletic,internal_53,8,,,,0,0,
Pukyongiella,monophyletic,internal_67,2,,,,0,0,
Pullibacteroides,monophyletic,internal_59,19,,,,0,0,
Pullichristensenella,monophyletic,internal_39,10,,,,0,0,
Pullilachnospira,monophyletic,internal_51,3,,,,0,0,
Pullilachnospira_A,monophyletic,internal_51,3,,,,0,0,
Pullulanibacillus,monophyletic,internal_43,2,,,,0,0,
Pumilibacter,monophyletic,internal_35,9,,,,0,0,
Puniceibacterium,monophyletic,internal_67,8,,,,0,0,
Puniceicoccus,monophyletic,internal_25,8,,,,0,0,
Puniceispirillum,monophyletic,internal_33,4,,,,0,0,
Purcelliella,monophyletic,internal_55,2,,,,0,0,
Pusillimonas,monophyletic,internal_38,5,,,,0,0,
Pusillimonas_C,monophyletic,internal_37,6,,,,0,0,
Putridiphycobacter,monophyletic,internal_44,9,,,,0,0,
Pygmaiobacter,monophyletic,internal_53,10,,,,0,0,
Pyramidobacter,monophyletic,internal_22,12,,,,0,0,
Pyranulibacter,monophyletic,internal_35,3,,,,0,0,
Pyrinomonas,monophyletic,internal_23,3,,,,0,0,
Pyruvatibacter,monophyletic,internal_39,9,,,,0,0,
QAKD01,monophyletic,internal_41,6,,,,0,0,
QAKL01,monophyletic,internal_25,3,,,,0,0,
QAKR01,monophyletic,internal_36,2,,,,0,0,
QAKW01,monophyletic,internal_34,30,,,,0,0,
QALR01,monophyletic,internal_39,16,,,,0,0,
QAMH01,monophyletic,internal_28,13,,,,0,0,
QAMX01,monophyletic,internal_38,5,,,,0,0,
QANA01,monophyletic,internal_37,14,,,,0,0,
QAND01,monophyletic,internal_31,2,,,,0,0,
QEUY01,monophyletic,internal_38,9,,,,0,0,
QFNR01,monophyletic,internal_43,6,,,,0,0,
QFOX01,monophyletic,internal_30,24,,,,0,0,
QGNO01,monophyletic,internal_39,2,,,,0,0,
QGON01,monophyletic,internal_40,8,,,,0,0,
QHBO01,monophyletic,internal_23,2,,,,0,0,
QHBQ01,monophyletic,internal_22,3,,,,0,0,
QHCA01,monophyletic,internal_26,6,,,,0,0,
QHCC01,monophyletic,internal_39,6,,,,0,0,
QHCD01,monophyletic,internal_32,2,,,,0,0,
QHCE01,monophyletic,internal_35,3,,,,0,0,
QHCF01,monophyletic,internal_28,2,,,,0,0,
QHMH01,monophyletic,internal_26,2,,,,0,0,
QHVH01,monophyletic,internal_26,2,,,,0,0,
QHVT01,monophyletic,internal_33,35,,,,0,0,
QHWF01,monophyletic,internal_33,5,,,,0,0,
QHWK01,monophyletic,internal_32,3,,,,0,0,
QHWT01,monophyletic,internal_25,5,,,,0,0,
QHXM01,monophyletic,internal_26,17,,,,0,0,
QHXN01,monophyletic,internal_30,37,,,,0,0,
QHXQ01,monophyletic,internal_26,8,,,,0,0,
QHXW01,monophyletic,internal_28,10,,,,0,0,
QHYU01,monophyletic,internal_28,3,,,,0,0,
QHZK01,monophyletic,internal_25,2,,,,0,0,
QHZQ01,monophyletic,internal_21,2,,,,0,0,
QIAB01,monophyletic,internal_34,2,,,,0,0,
QIAW01,monophyletic,internal_25,4,,,,0,0,
QIJE01,monophyletic,internal_16,2,,,,0,0,
QKMZ01,monophyletic,internal_21,13,,,,0,0,
QKTW01,monophyletic,internal_45,2,,,,0,0,
QNAD01,monophyletic,internal_32,2,,,,0,0,
QNBC01,monophyletic,internal_20,3,,,,0,0,
QNBT01,monophyletic,internal_33,3,,,,0,0,
QNDG01,monophyletic,internal_26,2,,,,0,0,
QNES01,monophyletic,internal_37,3,,,,0,0,
QNFC01,monophyletic,internal_23,5,,,,0,0,
QNFN01,monophyletic,internal_32,6,,,,0,0,
QNYK01,monophyletic,internal_28,9,,,,0,0,
QNYZ01,monophyletic,internal_34,4,,,,0,0,
QNZC01,monophyletic,internal_22,4,,,,0,0,
QNZR01,monophyletic,internal_23,6,,,,0,0,
QNZT01,monophyletic,internal_25,11,,,,0,0,
QNZU01,monophyletic,internal_28,4,,,,0,0,
QOAL01,monophyletic,internal_28,6,,,,0,0,
QOAS01,monophyletic,internal_19,8,,,,0,0,
QOAV01,monophyletic,internal_22,2,,,,0,0,
QPIN01,monophyletic,internal_42,23,,,,0,0,
QPJE01,monophyletic,internal_19,3,,,,0,0,
QQUD01,monophyletic,internal_46,2,,,,0,0,
QQUJ01,monophyletic,internal_31,2,,,,0,0,
QQUK01,monophyletic,internal_32,5,,,,0,0,
QQVM01,monophyletic,internal_55,6,,,,0,0,
QQWI01,monophyletic,internal_35,3,,,,0,0,
QS-5-54-17,monophyletic,internal_25,2,,,,0,0,
QS-5-72-10,monophyletic,internal_34,2,,,,0,0,
QS-8-64-10,monophyletic,internal_39,3,,,,0,0,
QUBU01,monophyletic,internal_38,15,,,,0,0,
QVMG01,monophyletic,internal_72,6,,,,0,0,
QVMH01,monophyletic,internal_70,6,,,,0,0,
QVMM01,monophyletic,internal_67,2,,,,0,0,
QVMP01,monophyletic,internal_70,2,,,,0,0,
QWHO01,monophyletic,internal_20,5,,,,0,0,
QWHP01,monophyletic,internal_21,2,,,,0,0,
QWOP01,monophyletic,internal_38,17,,,,0,0,
QWPN01,monophyletic,internal_36,68,,,,0,0,
QWPT01,monophyletic,internal_32,32,,,,0,0,
QWQI01,monophyletic,internal_23,8,,,,0,0,
QXHL01,monophyletic,internal_28,2,,,,0,0,
QXXE01,monophyletic,internal_40,5,,,,0,0,
QY30,monophyletic,internal_58,2,,,,0,0,
QYOJ01,monophyletic,internal_58,11,,,,0,0,
QYPD01,monophyletic,internal_51,4,,,,0,0,
QYPT01,monophyletic,internal_38,32,,,,0,0,
QYQD01,monophyletic,internal_19,7,,,,0,0,
QYQG01,monophyletic,internal_44,5,,,,0,0,
QYQL01,monophyletic,internal_31,17,,,,0,0,
QZKS01,monophyletic,internal_28,5,,,,0,0,
QZKY01,monophyletic,internal_29,7,,,,0,0,
QZLE01,monophyletic,internal_25,4,,,,0,0,
Qaidamihabitans,monophyletic,internal_45,2,,,,0,0,
Qingrenia,monophyletic,internal_36,5,,,,0,0,
Qipengyuania,monophyletic,internal_68,85,,,,0,0,
Qipengyuania_B,monophyletic,internal_72,3,,,,0,0,
Qipengyuania_C,monophyletic,internal_71,2,,,,0,0,
Quadrisphaera,monophyletic,internal_42,7,,,,0,0,
Quinella,monophyletic,internal_45,76,,,,0,0,
Quisquiliibacterium,monophyletic,internal_32,22,,,,0,0,
R-H-3,monophyletic,internal_41,5,,,,0,0,
R-RK-3,monophyletic,internal_38,5,,,,0,0,
R3-B46,monophyletic,internal_19,2,,,,0,0,
RAAP-1,monophyletic,internal_31,16,,,,0,0,
RAAP-2,monophyletic,internal_34,194,,,,0,0,
RACS-045,monophyletic,internal_36,23,,,,0,0,
RACS-047,monophyletic,internal_35,4,,,,0,0,
RAM1,monophyletic,internal_46,7,,,,0,0,
RBC038,monophyletic,internal_31,4,,,,0,0,
RBC074,monophyletic,internal_24,22,,,,0,0,
RBC101,monophyletic,internal_23,7,,,,0,0,
RBG-1,monophyletic,internal_21,2,,,,0,0,
RBG-13-36-15,monophyletic,internal_37,2,,,,0,0,
RBG-13-40-8-A,monophyletic,internal_30,2,,,,0,0,
RBG-13-43-14,monophyletic,internal_23,2,,,,0,0,
RBG-13-43-22,monophyletic,internal_23,14,,,,0,0,
RBG-13-49-15,monophyletic,internal_32,3,,,,0,0,
RBG-13-51-18,monophyletic,internal_50,18,,,,0,0,
RBG-13-51-36,monophyletic,internal_45,52,,,,0,0,
RBG-13-52-11,monophyletic,internal_27,2,,,,0,0,
RBG-13-53-26,monophyletic,internal_36,4,,,,0,0,
RBG-13-66-14,monophyletic,internal_13,6,,,,0,0,
RBG-13-68-16,monophyletic,internal_22,19,,,,0,0,
RBG-16-34-14,monophyletic,internal_37,10,,,,0,0,
RBG-16-40-8,monophyletic,internal_27,7,,,,0,0,
RBG-16-42-10,monophyletic,internal_18,2,,,,0,0,
RBG-16-42-24,monophyletic,internal_39,2,,,,0,0,
RBG-16-43-11,monophyletic,internal_23,4,,,,0,0,
RBG-16-43-9,monophyletic,internal_23,4,,,,0,0,
RBG-16-49-21,monophyletic,internal_11,17,,,,0,0,
RBG-16-49-23,monophyletic,internal_27,13,,,,0,0,
RBG-16-55-9,monophyletic,internal_22,2,,,,0,0,
RBG-16-57-11,monophyletic,internal_51,9,,,,0,0,
RBG-16-58-11,monophyletic,internal_39,12,,,,0,0,
RBG-16-60-22,monophyletic,internal_44,2,,,,0,0,
RBG-16-64-13,monophyletic,internal_22,16,,,,0,0,
RBG-16-64-22,monophyletic,internal_18,3,,,,0,0,
RBG-16-64-43,monophyletic,internal_41,6,,,,0,0,
RBG-16-66-20,monophyletic,internal_38,34,,,,0,0,
RBG-16-66-30,monophyletic,internal_28,42,,,,0,0,
RBG-16-68-21,monophyletic,internal_30,3,,,,0,0,
RBS10-35,monophyletic,internal_28,2,,,,0,0,
RCC1774,monophyletic,internal_21,4,,,,0,0,
RCC307,monophyletic,internal_27,8,,,,0,0,
RCIO01,monophyletic,internal_47,12,,,,0,0,
RDXE01,monophyletic,internal_28,2,,,,0,0,
RDXI01,monophyletic,internal_43,3,,,,0,0,
RDXT01,monophyletic,internal_34,3,,,,0,0,
RDXZ01,monophyletic,internal_44,3,,,,0,0,
RDYJ01,monophyletic,internal_40,4,,,,0,0,
RDYZ01,monophyletic,internal_28,5,,,,0,0,
RDZD01,monophyletic,internal_38,2,,,,0,0,
RDZH01,monophyletic,internal_34,2,,,,0,0,
REAG01,monophyletic,internal_44,3,,,,0,0,
REBA01,monophyletic,internal_42,2,,,,0,0,
REBR01,monophyletic,internal_40,2,,,,0,0,
RECG01,monophyletic,internal_25,5,,,,0,0,
RECH01,monophyletic,internal_26,4,,,,0,0,
RECM01,monophyletic,internal_31,3,,,,0,0,
RECO01,monophyletic,internal_39,3,,,,0,0,
RECY01,monophyletic,internal_35,2,,,,0,0,
REDI01,monophyletic,internal_28,5,,,,0,0,
REDP01,monophyletic,internal_20,2,,,,0,0,
REDSEA-S09-B13,monophyletic,internal_30,4,,,,0,0,
REEB161,monophyletic,internal_55,2,,,,0,0,
REEB354,monophyletic,internal_26,3,,,,0,0,
REEB421,monophyletic,internal_24,4,,,,0,0,
REEB422,monophyletic,internal_27,3,,,,0,0,
REEB426,monophyletic,internal_43,2,,,,0,0,
REEB460,monophyletic,internal_43,2,,,,0,0,
REEB470,monophyletic,internal_32,2,,,,0,0,
REEB48,monophyletic,internal_47,5,,,,0,0,
REEB481,monophyletic,internal_35,8,,,,0,0,
REEB506,monophyletic,internal_39,3,,,,0,0,
REEB509,monophyletic,internal_40,3,,,,0,0,
REEB52,monophyletic,internal_26,14,,,,0,0,
REEB67,monophyletic,internal_18,2,,,,0,0,
REEB76,monophyletic,internal_33,21,,,,0,0,
REEB77,monophyletic,internal_42,4,,,,0,0,
REEB80,monophyletic,internal_39,2,,,,0,0,
REEB91,monophyletic,internal_53,2,,,,0,0,
REEB95,monophyletic,internal_37,18,,,,0,0,
REEE01,monophyletic,internal_34,3,,,,0,0,
REEP01,monophyletic,internal_38,4,,,,0,0,
RFNJ01,monophyletic,internal_24,2,,,,0,0,
RFNO01,monophyletic,internal_25,5,,,,0,0,
RFOM01,monophyletic,internal_28,13,,,,0,0,
RFPC01,monophyletic,internal_25,4,,,,0,0,
RFPI01,monophyletic,internal_44,3,,,,0,0,
RFPW01,monophyletic,internal_28,4,,,,0,0,
RFQD01,monophyletic,internal_50,7,,,,0,0,
RFSX01,monophyletic,internal_57,24,,,,0,0,
RFTN01,monophyletic,internal_32,5,,,,0,0,
RFTO01,monophyletic,internal_36,5,,,,0,0,
RFTU01,monophyletic,internal_37,11,,,,0,0,
RFXV01,monophyletic,internal_43,7,,,,0,0,
RFYP01,monophyletic,internal_52,3,,,,0,0,
RFZI01,monophyletic,internal_70,6,,,,0,0,
RGDT01,monophyletic,internal_36,3,,,,0,0,
RGEC01,monophyletic,internal_39,12,,,,0,0,
RGIG10190,monophyletic,internal_66,6,,,,0,0,
RGIG10196,monophyletic,internal_21,3,,,,0,0,
RGIG10202,monophyletic,internal_40,2,,,,0,0,
RGIG10340,monophyletic,internal_57,3,,,,0,0,
RGIG1476,monophyletic,internal_47,7,,,,0,0,
RGIG1588,monophyletic,internal_36,2,,,,0,0,
RGIG1601,monophyletic,internal_27,4,,,,0,0,
RGIG1666,monophyletic,internal_37,8,,,,0,0,
RGIG1668,monophyletic,internal_42,2,,,,0,0,
RGIG1681,monophyletic,internal_34,21,,,,0,0,
RGIG1693,monophyletic,internal_41,3,,,,0,0,
RGIG1752,monophyletic,internal_23,5,,,,0,0,
RGIG1828,monophyletic,internal_34,16,,,,0,0,
RGIG1840,monophyletic,internal_19,2,,,,0,0,
RGIG1864,monophyletic,internal_36,4,,,,0,0,
RGIG1874,monophyletic,internal_63,2,,,,0,0,
RGIG1896,monophyletic,internal_23,5,,,,0,0,
RGIG1899,monophyletic,internal_33,3,,,,0,0,
RGIG1902,monophyletic,internal_39,9,,,,0,0,
RGIG1911,monophyletic,internal_34,3,,,,0,0,
RGIG1913,monophyletic,internal_38,3,,,,0,0,
RGIG1918,monophyletic,internal_23,5,,,,0,0,
RGIG1927,monophyletic,internal_38,10,,,,0,0,
RGIG1934,monophyletic,internal_42,3,,,,0,0,
RGIG1955,monophyletic,internal_37,3,,,,0,0,
RGIG1959,monophyletic,internal_38,12,,,,0,0,
RGIG1962,monophyletic,internal_27,4,,,,0,0,
RGIG1987,monophyletic,internal_21,2,,,,0,0,
RGIG1988,monophyletic,internal_40,12,,,,0,0,
RGIG1993,monophyletic,internal_40,10,,,,0,0,
RGIG1995,monophyletic,internal_39,12,,,,0,0,
RGIG2000,monophyletic,internal_41,50,,,,0,0,
RGIG2041,monophyletic,internal_36,6,,,,0,0,
RGIG2066,monophyletic,internal_37,2,,,,0,0,
RGIG2094,monophyletic,internal_32,4,,,,0,0,
RGIG2134,monophyletic,internal_25,8,,,,0,0,
RGIG2161,monophyletic,internal_38,4,,,,0,0,
RGIG2206,monophyletic,internal_41,14,,,,0,0,
RGIG2220,monophyletic,internal_36,2,,,,0,0,
RGIG2224,monophyletic,internal_36,4,,,,0,0,
RGIG250,monophyletic,internal_41,5,,,,0,0,
RGIG2560,monophyletic,internal_37,4,,,,0,0,
RGIG2707,monophyletic,internal_40,7,,,,0,0,
RGIG2774,monophyletic,internal_45,7,,,,0,0,
RGIG2893,monophyletic,internal_46,2,,,,0,0,
RGIG2945,monophyletic,internal_45,3,,,,0,0,
RGIG3002,monophyletic,internal_49,6,,,,0,0,
RGIG3009,monophyletic,internal_37,38,,,,0,0,
RGIG3013,monophyletic,internal_46,2,,,,0,0,
RGIG3040,monophyletic,internal_45,8,,,,0,0,
RGIG3077,monophyletic,internal_48,3,,,,0,0,
RGIG3091,monophyletic,internal_26,9,,,,0,0,
RGIG3096,monophyletic,internal_38,3,,,,0,0,
RGIG3102,monophyletic,internal_47,32,,,,0,0,
RGIG3135,monophyletic,internal_31,3,,,,0,0,
RGIG3155,monophyletic,internal_35,3,,,,0,0,
RGIG3159,monophyletic,internal_45,5,,,,0,0,
RGIG3178,monophyletic,internal_33,4,,,,0,0,
RGIG3315,monophyletic,internal_28,3,,,,0,0,
RGIG3456,monophyletic,internal_26,4,,,,0,0,
RGIG3506,monophyletic,internal_22,3,,,,0,0,
RGIG3513,monophyletic,internal_40,6,,,,0,0,
RGIG3528,monophyletic,internal_45,14,,,,0,0,
RGIG3544,monophyletic,internal_44,2,,,,0,0,
RGIG3566,monophyletic,internal_46,5,,,,0,0,
RGIG3636,monophyletic,internal_25,2,,,,0,0,
RGIG3641,monophyletic,internal_22,2,,,,0,0,
RGIG3701,monophyletic,internal_34,14,,,,0,0,
RGIG3732,monophyletic,internal_36,7,,,,0,0,
RGIG3872,monophyletic,internal_33,2,,,,0,0,
RGIG3925,monophyletic,internal_37,11,,,,0,0,
RGIG3994,monophyletic,internal_47,10,,,,0,0,
RGIG4034,monophyletic,internal_48,4,,,,0,0,
RGIG4057,monophyletic,internal_40,12,,,,0,0,
RGIG4074,monophyletic,internal_42,7,,,,0,0,
RGIG4076,monophyletic,internal_45,3,,,,0,0,
RGIG4079,monophyletic,internal_77,20,,,,0,0,
RGIG4097,monophyletic,internal_40,12,,,,0,0,
RGIG4103,monophyletic,internal_35,3,,,,0,0,
RGIG4131,monophyletic,internal_42,8,,,,0,0,
RGIG4140,monophyletic,internal_28,21,,,,0,0,
RGIG423,monophyletic,internal_44,3,,,,0,0,
RGIG426,monophyletic,internal_41,12,,,,0,0,
RGIG4266,monophyletic,internal_29,7,,,,0,0,
RGIG4284,monophyletic,internal_44,4,,,,0,0,
RGIG4310,monophyletic,internal_39,6,,,,0,0,
RGIG446,monophyletic,internal_34,5,,,,0,0,
RGIG4465,monophyletic,internal_33,3,,,,0,0,
RGIG4576,monophyletic,internal_74,8,,,,0,0,
RGIG4607,monophyletic,internal_21,4,,,,0,0,
RGIG4608,monophyletic,internal_47,23,,,,0,0,
RGIG464,monophyletic,internal_31,3,,,,0,0,
RGIG4694,monophyletic,internal_49,8,,,,0,0,
RGIG4708,monophyletic,internal_34,6,,,,0,0,
RGIG4790,monophyletic,internal_34,5,,,,0,0,
RGIG4822,monophyletic,internal_22,2,,,,0,0,
RGIG4930,monophyletic,internal_53,6,,,,0,0,
RGIG5050,monophyletic,internal_33,2,,,,0,0,
RGIG5057,monophyletic,internal_37,7,,,,0,0,
RGIG5270,monophyletic,internal_34,7,,,,0,0,
RGIG529,monophyletic,internal_37,5,,,,0,0,
RGIG5299,monophyletic,internal_33,5,,,,0,0,
RGIG5327,monophyletic,internal_28,4,,,,0,0,
RGIG5472,monophyletic,internal_44,4,,,,0,0,
RGIG5495,monophyletic,internal_39,3,,,,0,0,
RGIG5556,monophyletic,internal_21,2,,,,0,0,
RGIG5579,monophyletic,internal_37,20,,,,0,0,
RGIG5612,monophyletic,internal_37,34,,,,0,0,
RGIG5636,monophyletic,internal_44,2,,,,0,0,
RGIG5669,monophyletic,internal_28,5,,,,0,0,
RGIG5675,monophyletic,internal_50,2,,,,0,0,
RGIG5681,monophyletic,internal_25,3,,,,0,0,
RGIG5709,monophyletic,internal_24,2,,,,0,0,
RGIG577,monophyletic,internal_31,3,,,,0,0,
RGIG5952,monophyletic,internal_26,4,,,,0,0,
RGIG6076,monophyletic,internal_56,2,,,,0,0,
RGIG6105,monophyletic,internal_35,5,,,,0,0,
RGIG6154,monophyletic,internal_30,4,,,,0,0,
RGIG6165,monophyletic,internal_31,4,,,,0,0,
RGIG6178,monophyletic,internal_19,3,,,,0,0,
RGIG6291,monophyletic,internal_35,2,,,,0,0,
RGIG6307,monophyletic,internal_50,17,,,,0,0,
RGIG6353,monophyletic,internal_34,16,,,,0,0,
RGIG6374,monophyletic,internal_67,2,,,,0,0,
RGIG6375,monophyletic,internal_44,7,,,,0,0,
RGIG665,monophyletic,internal_38,2,,,,0,0,
RGIG6720,monophyletic,internal_34,2,,,,0,0,
RGIG6816,monophyletic,internal_38,4,,,,0,0,
RGIG6904,monophyletic,internal_48,2,,,,0,0,
RGIG6919,monophyletic,internal_44,4,,,,0,0,
RGIG7067,monophyletic,internal_37,2,,,,0,0,
RGIG7107,monophyletic,internal_47,3,,,,0,0,
RGIG7111,monophyletic,internal_38,3,,,,0,0,
RGIG7114,monophyletic,internal_51,7,,,,0,0,
RGIG7150,monophyletic,internal_57,8,,,,0,0,
RGIG7179,monophyletic,internal_46,12,,,,0,0,
RGIG7193,monophyletic,internal_44,9,,,,0,0,
RGIG7213,monophyletic,internal_38,11,,,,0,0,
RGIG7273,monophyletic,internal_37,2,,,,0,0,
RGIG7300,monophyletic,internal_42,10,,,,0,0,
RGIG7332,monophyletic,internal_36,5,,,,0,0,
RGIG7378,monophyletic,internal_31,4,,,,0,0,
RGIG7384,monophyletic,internal_47,4,,,,0,0,
RGIG7389,monophyletic,internal_40,2,,,,0,0,
RGIG7450,monophyletic,internal_34,6,,,,0,0,
RGIG7773,monophyletic,internal_31,2,,,,0,0,
RGIG7926,monophyletic,internal_51,7,,,,0,0,
RGIG7931,monophyletic,internal_24,3,,,,0,0,
RGIG7949,monophyletic,internal_44,4,,,,0,0,
RGIG7977,monophyletic,internal_22,2,,,,0,0,
RGIG8002,monophyletic,internal_31,4,,,,0,0,
RGIG8048,monophyletic,internal_47,2,,,,0,0,
RGIG8050,monophyletic,internal_33,19,,,,0,0,
RGIG8124,monophyletic,internal_37,4,,,,0,0,
RGIG8164,monophyletic,internal_21,2,,,,0,0,
RGIG8244,monophyletic,internal_29,4,,,,0,0,
RGIG8306,monophyletic,internal_43,2,,,,0,0,
RGIG8367,monophyletic,internal_39,2,,,,0,0,
RGIG8368,monophyletic,internal_28,5,,,,0,0,
RGIG8386,monophyletic,internal_21,3,,,,0,0,
RGIG8399,monophyletic,internal_36,2,,,,0,0,
RGIG8482,monophyletic,internal_45,27,,,,0,0,
RGIG8497,monophyletic,internal_30,2,,,,0,0,
RGIG8523,monophyletic,internal_30,2,,,,0,0,
RGIG8597,monophyletic,internal_16,5,,,,0,0,
RGIG8607,monophyletic,internal_41,5,,,,0,0,
RGIG8700,monophyletic,internal_32,4,,,,0,0,
RGIG8709,monophyletic,internal_38,5,,,,0,0,
RGIG8745,monophyletic,internal_71,5,,,,0,0,
RGIG8748,monophyletic,internal_35,14,,,,0,0,
RGIG8762,monophyletic,internal_40,3,,,,0,0,
RGIG8767,monophyletic,internal_49,8,,,,0,0,
RGIG8773,monophyletic,internal_46,32,,,,0,0,
RGIG8775,monophyletic,internal_47,14,,,,0,0,
RGIG8779,monophyletic,internal_36,3,,,,0,0,
RGIG8782,monophyletic,internal_29,3,,,,0,0,
RGIG8785,monophyletic,internal_30,2,,,,0,0,
RGIG9041,monophyletic,internal_35,12,,,,0,0,
RGIG9060,monophyletic,internal_27,7,,,,0,0,
RGIG9079,monophyletic,internal_62,3,,,,0,0,
RGIG9099,monophyletic,internal_33,3,,,,0,0,
RGIG9107,monophyletic,internal_29,4,,,,0,0,
RGIG9114,monophyletic,internal_34,2,,,,0,0,
RGIG9115,monophyletic,internal_41,11,,,,0,0,
RGIG9151,monophyletic,internal_32,8,,,,0,0,
RGIG9169,monophyletic,internal_27,2,,,,0,0,
RGIG9182,monophyletic,internal_31,2,,,,0,0,
RGIG9201,monophyletic,internal_47,3,,,,0,0,
RGIG9379,monophyletic,internal_66,4,,,,0,0,
RGIG9608,monophyletic,internal_66,6,,,,0,0,
RGIG9670,monophyletic,internal_33,3,,,,0,0,
RGIG982,monophyletic,internal_27,2,,,,0,0,
RGIG990,monophyletic,internal_26,5,,,,0,0,
RGIG995,monophyletic,internal_36,12,,,,0,0,
RGIG9985,monophyletic,internal_42,8,,,,0,0,
RGUW01,monophyletic,internal_31,11,,,,0,0,
RGVC01,monophyletic,internal_56,2,,,,0,0,
RGVD01,monophyletic,internal_52,5,,,,0,0,
RGVT01,monophyletic,internal_35,16,,,,0,0,
RGVZ01,monophyletic,internal_32,7,,,,0,0,
RGXB01,monophyletic,internal_20,7,,,,0,0,
RGZA01,monophyletic,internal_31,5,,,,0,0,
RH-AL1,monophyletic,internal_46,21,,,,0,0,
RH-chloro-G1,monophyletic,internal_31,5,,,,0,0,
RH2-MAG17b,monophyletic,internal_26,15,,,,0,0,
RHKK01,monophyletic,internal_42,6,,,,0,0,
RHKX01,monophyletic,internal_28,26,,,,0,0,
RHLJ01,monophyletic,internal_38,11,,,,0,0,
RI-106,monophyletic,internal_21,3,,,,0,0,
RI-121,monophyletic,internal_39,2,,,,0,0,
RI-153,monophyletic,internal_35,5,,,,0,0,
RI-182,monophyletic,internal_47,3,,,,0,0,
RI-211,monophyletic,internal_44,8,,,,0,0,
RI-231,monophyletic,internal_28,4,,,,0,0,
RI-242,monophyletic,internal_35,2,,,,0,0,
RI-283,monophyletic,internal_36,3,,,,0,0,
RI-34,monophyletic,internal_40,10,,,,0,0,
RI-43,monophyletic,internal_42,3,,,,0,0,
RI-55,monophyletic,internal_21,4,,,,0,0,
RI-92,monophyletic,internal_39,3,,,,0,0,
RPQJ01,monophyletic,internal_32,63,,,,0,0,
RPQK01,monophyletic,internal_19,3,,,,0,0,
RPQS01,monophyletic,internal_29,2,,,,0,0,
RPRB01,monophyletic,internal_31,13,,,,0,0,
RPRC01,monophyletic,internal_27,20,,,,0,0,
RPRI01,monophyletic,internal_32,17,,,,0,0,
RQCD01,monophyletic,internal_39,3,,,,0,0,
RQOF01,monophyletic,internal_28,6,,,,0,0,
RQZE01,monophyletic,internal_24,2,,,,0,0,
RS62,monophyletic,internal_35,17,,,,0,0,
RSA11,monophyletic,internal_30,3,,,,0,0,
RSA9,monophyletic,internal_26,3,,,,0,0,
RSF151,monophyletic,internal_27,3,,,,0,0,
RU20A,monophyletic,internal_46,2,,,,0,0,
RUG023,monophyletic,internal_32,6,,,,0,0,
RUG024,monophyletic,internal_43,2,,,,0,0,
RUG100,monophyletic,internal_44,5,,,,0,0,
RUG11130,monophyletic,internal_42,20,,,,0,0,
RUG11142,monophyletic,internal_41,2,,,,0,0,
RUG11198,monophyletic,internal_27,18,,,,0,0,
RUG11200,monophyletic,internal_41,2,,,,0,0,
RUG11204,monophyletic,internal_43,2,,,,0,0,
RUG11215,monophyletic,internal_27,2,,,,0,0,
RUG11237,monophyletic,internal_42,9,,,,0,0,
RUG11241,monophyletic,internal_27,4,,,,0,0,
RUG11247,monophyletic,internal_37,5,,,,0,0,
RUG11272,monophyletic,internal_42,13,,,,0,0,
RUG11420,monophyletic,internal_32,5,,,,0,0,
RUG11462,monophyletic,internal_40,12,,,,0,0,
RUG11551,monophyletic,internal_34,9,,,,0,0,
RUG11690,monophyletic,internal_58,10,,,,0,0,
RUG11783,monophyletic,internal_48,10,,,,0,0,
RUG11788,monophyletic,internal_28,11,,,,0,0,
RUG11792,monophyletic,internal_27,3,,,,0,0,
RUG11797,monophyletic,internal_34,5,,,,0,0,
RUG11857,monophyletic,internal_70,4,,,,0,0,
RUG11864,monophyletic,internal_54,3,,,,0,0,
RUG11867,monophyletic,internal_18,18,,,,0,0,
RUG11872,monophyletic,internal_21,3,,,,0,0,
RUG11894,monophyletic,internal_39,9,,,,0,0,
RUG11942,monophyletic,internal_57,2,,,,0,0,
RUG11977,monophyletic,internal_44,28,,,,0,0,
RUG12372,monophyletic,internal_43,11,,,,0,0,
RUG12395,monophyletic,internal_41,9,,,,0,0,
RUG12438,monophyletic,internal_28,8,,,,0,0,
RUG12461,monophyletic,internal_48,6,,,,0,0,
RUG12519,monophyletic,internal_44,11,,,,0,0,
RUG12783,monophyletic,internal_23,8,,,,0,0,
RUG12817,monophyletic,internal_28,3,,,,0,0,
RUG12826,monophyletic,internal_36,3,,,,0,0,
RUG12834,monophyletic,internal_24,5,,,,0,0,
RUG12867,monophyletic,internal_24,6,,,,0,0,
RUG12871,monophyletic,internal_36,2,,,,0,0,
RUG12931,monophyletic,internal_29,2,,,,0,0,
RUG12999,monophyletic,internal_34,5,,,,0,0,
RUG13038,monophyletic,internal_22,14,,,,0,0,
RUG13091,monophyletic,internal_31,12,,,,0,0,
RUG131,monophyletic,internal_21,7,,,,0,0,
RUG13160,monophyletic,internal_21,5,,,,0,0,
RUG13409,monophyletic,internal_40,20,,,,0,0,
RUG13583,monophyletic,internal_57,16,,,,0,0,
RUG13615,monophyletic,internal_45,2,,,,0,0,
RUG13868,monophyletic,internal_26,17,,,,0,0,
RUG14087,monophyletic,internal_27,3,,,,0,0,
RUG14106,monophyletic,internal_74,2,,,,0,0,
RUG14109,monophyletic,internal_39,6,,,,0,0,
RUG14121,monophyletic,internal_20,5,,,,0,0,
RUG14130,monophyletic,internal_37,9,,,,0,0,
RUG14156,monophyletic,internal_23,38,,,,0,0,
RUG14179,monophyletic,internal_34,4,,,,0,0,
RUG14186,monophyletic,internal_30,4,,,,0,0,
RUG14199,monophyletic,internal_43,8,,,,0,0,
RUG14215,monophyletic,internal_44,2,,,,0,0,
RUG14219,monophyletic,internal_27,4,,,,0,0,
RUG14223,monophyletic,internal_38,2,,,,0,0,
RUG14240,monophyletic,internal_48,3,,,,0,0,
RUG14243,monophyletic,internal_45,11,,,,0,0,
RUG14258,monophyletic,internal_33,3,,,,0,0,
RUG14300,monophyletic,internal_37,9,,,,0,0,
RUG14515,monophyletic,internal_32,23,,,,0,0,
RUG14670,monophyletic,internal_31,2,,,,0,0,
RUG14846,monophyletic,internal_36,3,,,,0,0,
RUG14871,monophyletic,internal_23,2,,,,0,0,
RUG14891,monophyletic,internal_36,6,,,,0,0,
RUG159,monophyletic,internal_30,4,,,,0,0,
RUG191,monophyletic,internal_52,9,,,,0,0,
RUG306,monophyletic,internal_54,8,,,,0,0,
RUG334,monophyletic,internal_15,7,,,,0,0,
RUG343,monophyletic,internal_34,5,,,,0,0,
RUG369,monophyletic,internal_37,32,,,,0,0,
RUG410,monophyletic,internal_25,50,,,,0,0,
RUG420,monophyletic,internal_46,20,,,,0,0,
RUG440,monophyletic,internal_32,16,,,,0,0,
RUG472,monophyletic,internal_40,17,,,,0,0,
RUG521,monophyletic,internal_22,10,,,,0,0,
RUG563,monophyletic,internal_39,39,,,,0,0,
RUG572,monophyletic,internal_34,33,,,,0,0,
RUG591,monophyletic,internal_23,23,,,,0,0,
RUG592,monophyletic,internal_43,23,,,,0,0,
RUG612,monophyletic,internal_44,2,,,,0,0,
RUG626,monophyletic,internal_49,38,,,,0,0,
RUG666,monophyletic,internal_34,3,,,,0,0,
RUG695,monophyletic,internal_37,8,,,,0,0,
RUG705,monophyletic,internal_26,15,,,,0,0,
RUG708,monophyletic,internal_37,5,,,,0,0,
RUG714,monophyletic,internal_40,8,,,,0,0,
RUG721,monophyletic,internal_33,6,,,,0,0,
RUG727,monophyletic,internal_25,3,,,,0,0,
RUG754,monophyletic,internal_46,10,,,,0,0,
RUG756,monophyletic,internal_41,7,,,,0,0,
RUG760,monophyletic,internal_31,8,,,,0,0,
RUG762,monophyletic,internal_39,20,,,,0,0,
RUG806,monophyletic,internal_45,58,,,,0,0,
RUG841,monophyletic,internal_24,12,,,,0,0,
RUG842,monophyletic,internal_42,4,,,,0,0,
RXIV01,monophyletic,internal_32,4,,,,0,0,
RXIX01,monophyletic,internal_30,2,,,,0,0,
RXOA01,monophyletic,internal_19,3,,,,0,0,
RYN-111,monophyletic,internal_32,23,,,,0,0,
RYN-117,monophyletic,internal_40,2,,,,0,0,
RYN-122,monophyletic,internal_33,4,,,,0,0,
RYN-124,monophyletic,internal_29,9,,,,0,0,
RYN-133,monophyletic,internal_43,9,,,,0,0,
RYN-170,monophyletic,internal_33,2,,,,0,0,
RYN-230,monophyletic,internal_33,39,,,,0,0,
RYN-405,monophyletic,internal_51,2,,,,0,0,
RYN-417,monophyletic,internal_31,3,,,,0,0,
RYN-428,monophyletic,internal_31,5,,,,0,0,
RYN-431,monophyletic,internal_26,4,,,,0,0,
RYN-433,monophyletic,internal_30,2,,,,0,0,
RYN-87,monophyletic,internal_59,2,,,,0,0,
RZYP01,monophyletic,internal_27,7,,,,0,0,
RZYX01,monophyletic,internal_42,5,,,,0,0,
RZYY01,monophyletic,internal_59,4,,,,0,0,
RZZS01,monophyletic,internal_38,4,,,,0,0,
Radiobacillus,monophyletic,internal_45,2,,,,0,0,
Rahnella,monophyletic,internal_50,19,,,,0,0,
Raineya,monophyletic,internal_40,7,,,,0,0,
Raineyella,monophyletic,internal_41,8,,,,0,0,
Ralstonia,monophyletic,internal_27,30,,,,0,0,
Ramlibacter,monophyletic,internal_42,118,,,,0,0,
Raoultibacter,monophyletic,internal_32,4,,,,0,0,
Raphidiopsis,monophyletic,internal_43,3,,,,0,0,
Rariglobus,monophyletic,internal_36,24,,,,0,0,
Rariloculus,monophyletic,internal_38,5,,,,0,0,
Rarobacter,monophyletic,internal_50,4,,,,0,0,
Raskinella,monophyletic,internal_36,3,,,,0,0,
Rathayibacter,monophyletic,internal_53,23,,,,0,0,
Rathayibacter_A,monophyletic,internal_57,4,,,,0,0,
Ravibacter,monophyletic,internal_43,6,,,,0,0,
Rectinema,monophyletic,internal_21,13,,,,0,0,
Reddybacter,monophyletic,internal_49,11,,,,0,0,
Regnicoccus,monophyletic,internal_31,4,,,,0,0,
Regnicoccus_A,monophyletic,internal_31,11,,,,0,0,
Rehaibacterium,monophyletic,internal_35,2,,,,0,0,
Reichenbachiella,monophyletic,internal_44,16,,,,0,0,
Reinekea,monophyletic,internal_43,10,,,,0,0,
Renibacterium,monophyletic,internal_49,7,,,,0,0,
Reyranella,monophyletic,internal_29,114,,,,0,0,
Rhabdaerophilum,monophyletic,internal_41,23,,,,0,0,
Rhabdochlamydia,monophyletic,internal_26,9,,,,0,0,
Rhabdonatronobacter,monophyletic,internal_54,5,,,,0,0,
Rhabdothermincola,monophyletic,internal_38,3,,,,0,0,
Rhabdothermincola_A,monophyletic,internal_35,5,,,,0,0,
Rhizobacter,monophyletic,internal_38,27,,,,0,0,
Rhizobium,monophyletic,internal_44,173,,,,0,0,
Rhizobium_E,monophyletic,internal_41,11,,,,0,0,
Rhizocola,monophyletic,internal_39,2,,,,0,0,
Rhizomicrobium,monophyletic,internal_28,229,,,,0,0,
Rhizonema,monophyletic,internal_34,5,,,,0,0,
Rhizorhabdus,monophyletic,internal_54,20,,,,0,0,
Rhizorhapis,monophyletic,internal_55,6,,,,0,0,
Rhizosphaericola,monophyletic,internal_49,4,,,,0,0,
Rhodanobacter,monophyletic,internal_42,96,,,,0,0,
Rhodanobacter_A,monophyletic,internal_41,20,,,,0,0,
Rhodobacter,monophyletic,internal_62,27,,,,0,0,
Rhodobacter_B,monophyletic,internal_58,2,,,,0,0,
Rhodobaculum,monophyletic,internal_52,6,,,,0,0,
Rhodobium,monophyletic,internal_35,4,,,,0,0,
Rhodoblastus,monophyletic,internal_44,26,,,,0,0,
Rhodocaloribacter,monophyletic,internal_40,2,,,,0,0,
Rhodocista,monophyletic,internal_29,2,,,,0,0,
Rhodococcoides,monophyletic,internal_38,47,,,,0,0,
Rhodococcus,monophyletic,internal_41,27,,,,0,0,
Rhodococcus_D,monophyletic,internal_34,3,,,,0,0,
Rhodococcus_F,monophyletic,internal_41,41,,,,0,0,
Rhodococcus_G,monophyletic,internal_41,15,,,,0,0,
Rhodocyclus,monophyletic,internal_37,3,,,,0,0,
Rhodocytophaga,monophyletic,internal_39,2,,,,0,0,
Rhodoferax,monophyletic,internal_48,144,,,,0,0,
Rhodoferax_A,monophyletic,internal_41,9,,,,0,0,
Rhodoferax_B,monophyletic,internal_45,16,,,,0,0,
Rhodoferax_D,monophyletic,internal_49,3,,,,0,0,
Rhodoflexus,monophyletic,internal_38,4,,,,0,0,
Rhodoglobus,monophyletic,internal_56,60,,,,0,0,
Rhodohalobacter,monophyletic,internal_33,41,,,,0,0,
Rhodoligotrophos,monophyletic,internal_32,3,,,,0,0,
Rhodoluna,monophyletic,internal_43,183,,,,0,0,
Rhodomicrobium,monophyletic,internal_37,39,,,,0,0,
Rhodonellum,monophyletic,internal_43,2,,,,0,0,
Rhodophyticola,monophyletic,internal_61,6,,,,0,0,
Rhodopila,monophyletic,internal_40,77,,,,0,0,
Rhodopirellula,monophyletic,internal_43,23,,,,0,0,
Rhodoplanes,monophyletic,internal_50,17,,,,0,0,
Rhodopseudomonas,monophyletic,internal_49,19,,,,0,0,
Rhodopseudomonas_A,monophyletic,internal_49,3,,,,0,0,
Rhodosalinus,monophyletic,internal_64,7,,,,0,0,
Rhodospira,monophyletic,internal_34,8,,,,0,0,
Rhodospirillum,monophyletic,internal_37,3,,,,0,0,
Rhodothermus,monophyletic,internal_30,7,,,,0,0,
Rhodovarius,monophyletic,internal_33,11,,,,0,0,
Rhodovastum,monophyletic,internal_38,11,,,,0,0,
Rhodovibrio,monophyletic,internal_37,4,,,,0,0,
Rhodovulum,monophyletic,internal_54,17,,,,0,0,
Richelia,monophyletic,internal_33,2,,,,0,0,
Rickettsia,monophyletic,internal_34,28,,,,0,0,
Rickettsiella_B,monophyletic,internal_46,2,,,,0,0,
Riemerella,monophyletic,internal_50,9,,,,0,0,
Riesia,monophyletic,internal_55,2,,,,0,0,
Rifleibacterium,monophyletic,internal_13,15,,,,0,0,
Rikenella,monophyletic,internal_58,14,,,,0,0,
Rippkaea,monophyletic,internal_33,8,,,,0,0,
Rivibacter,monophyletic,internal_33,2,,,,0,0,
Rivihabitans,monophyletic,internal_38,3,,,,0,0,
Rivularia,monophyletic,internal_32,27,,,,0,0,
Robbsia,monophyletic,internal_30,5,,,,0,0,
Robertkochia,monophyletic,internal_53,5,,,,0,0,
Robertmurraya,monophyletic,internal_43,8,,,,0,0,
Robertmurraya_A,monophyletic,internal_43,10,,,,0,0,
Robiginitalea,monophyletic,internal_58,26,,,,0,0,
Robiginitomaculum,monophyletic,internal_36,7,,,,0,0,
Robiginitomaculum_A,monophyletic,internal_35,18,,,,0,0,
Robiginitomaculum_B,monophyletic,internal_34,19,,,,0,0,
Robinsoniella,monophyletic,internal_44,4,,,,0,0,
Rodentibacter,monophyletic,internal_49,14,,,,0,0,
Rohdeia,monophyletic,internal_35,3,,,,0,0,
Romboutsia,monophyletic,internal_33,5,,,,0,0,
Romboutsia_C,monophyletic,internal_35,2,,,,0,0,
Romboutsia_D,monophyletic,internal_34,4,,,,0,0,
Romboutsia_E,monophyletic,internal_33,4,,,,0,0,
Romboutsia_F,monophyletic,internal_35,2,,,,0,0,
Romeriopsis,monophyletic,internal_26,4,,,,0,0,
Root112D2,monophyletic,internal_56,2,,,,0,0,
Roseateles,monophyletic,internal_36,29,,,,0,0,
Roseateles_B,monophyletic,internal_37,8,,,,0,0,
Roseateles_E,monophyletic,internal_39,3,,,,0,0,
Roseburia,monophyletic,internal_46,157,,,,0,0,
Roseburia_B,monophyletic,internal_46,27,,,,0,0,
Roseburia_C,monophyletic,internal_46,14,,,,0,0,
Roseburia_D,monophyletic,internal_44,5,,,,0,0,
Roseiarcus,monophyletic,internal_44,129,,,,0,0,
Roseibacillus,monophyletic,internal_29,9,,,,0,0,
Roseibacillus_B,monophyletic,internal_29,20,,,,0,0,
Roseibacterium,monophyletic,internal_64,9,,,,0,0,
Roseibium,monophyletic,internal_39,72,,,,0,0,
Roseicyclus,monophyletic,internal_65,17,,,,0,0,
Roseiflexus,monophyletic,internal_26,10,,,,0,0,
Roseilinea,monophyletic,internal_35,5,,,,0,0,
Roseimarinus,monophyletic,internal_61,14,,,,0,0,
Roseimaritima,monophyletic,internal_39,6,,,,0,0,
Roseimicrobium,monophyletic,internal_27,3,,,,0,0,
Roseinatronobacter,monophyletic,internal_54,44,,,,0,0,
Roseisolibacter,monophyletic,internal_23,3,,,,0,0,
Roseitalea,monophyletic,internal_43,6,,,,0,0,
Roseiterribacter,monophyletic,internal_30,2,,,,0,0,
Roseitranquillus,monophyletic,internal_51,7,,,,0,0,
Roseivirga,monophyletic,internal_38,36,,,,0,0,
Roseivivax,monophyletic,internal_69,10,,,,0,0,
Rosenbergiella,monophyletic,internal_54,7,,,,0,0,
Roseobacter,monophyletic,internal_69,34,,,,0,0,
Roseococcus,monophyletic,internal_33,32,,,,0,0,
Roseofilum,monophyletic,internal_22,7,,,,0,0,
Roseomonas,monophyletic,internal_37,25,,,,0,0,
Roseovarius,monophyletic,internal_61,147,,,,0,0,
Rosettibacter,monophyletic,internal_38,5,,,,0,0,
Rosistilla,monophyletic,internal_36,4,,,,0,0,
Roslinia,monophyletic,internal_36,2,,,,0,0,
Rossellomorea,monophyletic,internal_42,49,,,,0,0,
Rothia,monophyletic,internal_44,71,,,,0,0,
Rouxiella,monophyletic,internal_50,10,,,,0,0,
Rs1,monophyletic,internal_42,12,,,,0,0,
Ruania,monophyletic,internal_48,10,,,,0,0,
Rubellimicrobium,monophyletic,internal_68,8,,,,0,0,
Rubinisphaera,monophyletic,internal_29,15,,,,0,0,
Rubneribacter,monophyletic,internal_35,3,,,,0,0,
Rubricella,monophyletic,internal_38,3,,,,0,0,
Rubricoccus,monophyletic,internal_34,5,,,,0,0,
Rubrimentiphilum,monophyletic,internal_23,10,,,,0,0,
Rubrimonas,monophyletic,internal_31,8,,,,0,0,
Rubripirellula,monophyletic,internal_45,45,,,,0,0,
Rubritalea,monophyletic,internal_28,25,,,,0,0,
Rubrivirga,monophyletic,internal_36,21,,,,0,0,
Rubrivivax,monophyletic,internal_39,222,,,,0,0,
Rubrobacter,monophyletic,internal_21,3,,,,0,0,
Rubrobacter_A,monophyletic,internal_25,3,,,,0,0,
Rubrobacter_B,monophyletic,internal_19,3,,,,0,0,
Rubrobacter_D,monophyletic,internal_24,33,,,,0,0,
Rubrobacter_E,monophyletic,internal_19,2,,,,0,0,
Rubrobacter_F,monophyletic,internal_24,22,,,,0,0,
Rubrolithibacter,monophyletic,internal_60,2,,,,0,0,
Ructibacterium,monophyletic,internal_38,24,,,,0,0,
Rudaea,monophyletic,internal_33,55,,,,0,0,
Rudanella,monophyletic,internal_45,5,,,,0,0,
Ruegeria,monophyletic,internal_71,70,,,,0,0,
Ruegeria_B,monophyletic,internal_71,5,,,,0,0,
Ruegeria_C,monophyletic,internal_72,5,,,,0,0,
Ruficoccus,monophyletic,internal_23,5,,,,0,0,
Rugamonas,monophyletic,internal_43,119,,,,0,0,
Rugosibacter,monophyletic,internal_41,13,,,,0,0,
Rugosimonospora,monophyletic,internal_41,5,,,,0,0,
Ruicaihuangia,monophyletic,internal_56,4,,,,0,0,
Ruminiclostridium,monophyletic,internal_38,38,,,,0,0,
Ruminiclostridium_D,monophyletic,internal_34,3,,,,0,0,
Ruminiclostridium_E,monophyletic,internal_41,108,,,,0,0,
Ruminimicrobiellum,monophyletic,internal_33,14,,,,0,0,
Ruminobacter,monophyletic,internal_41,5,,,,0,0,
Ruminococcoides,monophyletic,internal_45,222,,,,0,0,
Ruminococcus,monophyletic,internal_48,162,,,,0,0,
Ruminococcus_C,monophyletic,internal_48,42,,,,0,0,
Ruminococcus_F,monophyletic,internal_46,3,,,,0,0,
Ruminococcus_G,monophyletic,internal_50,8,,,,0,0,
Rummeliibacillus,monophyletic,internal_38,9,,,,0,0,
Runella,monophyletic,internal_43,20,,,,0,0,
Ruoffia,monophyletic,internal_45,4,,,,0,0,
Rurimicrobium,monophyletic,internal_43,13,,,,0,0,
Ruthenibacterium,monophyletic,internal_51,37,,,,0,0,
Ruthia,monophyletic,internal_37,12,,,,0,0,
S009-33,monophyletic,internal_21,3,,,,0,0,
S010-17,monophyletic,internal_48,13,,,,0,0,
S010-25,monophyletic,internal_33,3,,,,0,0,
S010-51,monophyletic,internal_46,8,,,,0,0,
S010-53,monophyletic,internal_24,4,,,,0,0,
S012-109,monophyletic,internal_37,3,,,,0,0,
S012-113,monophyletic,internal_40,4,,,,0,0,
S012-128,monophyletic,internal_26,2,,,,0,0,
S012-135,monophyletic,internal_21,2,,,,0,0,
S012-138,monophyletic,internal_27,3,,,,0,0,
S012-15,monophyletic,internal_22,4,,,,0,0,
S012-47,monophyletic,internal_37,2,,,,0,0,
S012-89,monophyletic,internal_55,2,,,,0,0,
S012-90,monophyletic,internal_36,3,,,,0,0,
S014-18,monophyletic,internal_23,2,,,,0,0,
S014-63,monophyletic,internal_24,2,,,,0,0,
S015-18,monophyletic,internal_31,3,,,,0,0,
S015-6,monophyletic,internal_23,5,,,,0,0,
S016-13,monophyletic,internal_45,2,,,,0,0,
S016-19,monophyletic,internal_29,4,,,,0,0,
S016-27,monophyletic,internal_19,2,,,,0,0,
S016-38,monophyletic,internal_18,3,,,,0,0,
S016-54,monophyletic,internal_18,6,,,,0,0,
S016-85,monophyletic,internal_20,3,,,,0,0,
S016-97,monophyletic,internal_31,3,,,,0,0,
S017-3,monophyletic,internal_22,9,,,,0,0,
S139-149,monophyletic,internal_19,2,,,,0,0,
S139-169,monophyletic,internal_55,6,,,,0,0,
S139-18,monophyletic,internal_31,5,,,,0,0,
S139-23,monophyletic,internal_27,3,,,,0,0,
S139-57,monophyletic,internal_27,2,,,,0,0,
S139-71,monophyletic,internal_45,4,,,,0,0,
S139-92,monophyletic,internal_32,2,,,,0,0,
S140-43,monophyletic,internal_33,2,,,,0,0,
S141-23,monophyletic,internal_32,2,,,,0,0,
S141-3,monophyletic,internal_37,2,,,,0,0,
S141-38,monophyletic,internal_33,3,,,,0,0,
S141-43,monophyletic,internal_54,2,,,,0,0,
S141-55,monophyletic,internal_20,2,,,,0,0,
S141-66,monophyletic,internal_36,6,,,,0,0,
S143-107,monophyletic,internal_21,2,,,,0,0,
S143-145,monophyletic,internal_55,6,,,,0,0,
S143-32,monophyletic,internal_56,2,,,,0,0,
S143-33,monophyletic,internal_49,5,,,,0,0,
S143-34,monophyletic,internal_27,2,,,,0,0,
S143-66,monophyletic,internal_21,2,,,,0,0,
S143-82,monophyletic,internal_24,4,,,,0,0,
S144-17,monophyletic,internal_28,5,,,,0,0,
S144-22,monophyletic,internal_30,2,,,,0,0,
S144-34,monophyletic,internal_31,3,,,,0,0,
S144-45,monophyletic,internal_28,3,,,,0,0,
S144-5,monophyletic,internal_35,2,,,,0,0,
S144-51,monophyletic,internal_24,4,,,,0,0,
S145-15,monophyletic,internal_25,2,,,,0,0,
S145-22,monophyletic,internal_18,3,,,,0,0,
S145-28,monophyletic,internal_28,2,,,,0,0,
S145-42,monophyletic,internal_31,3,,,,0,0,
S146-30,monophyletic,internal_45,2,,,,0,0,
S146-42,monophyletic,internal_33,4,,,,0,0,
S15-B10,monophyletic,internal_30,4,,,,0,0,
S20-B6,monophyletic,internal_36,6,,,,0,0,
S34-282,monophyletic,internal_41,2,,,,0,0,
S36-B12,monophyletic,internal_43,20,,,,0,0,
S5-327,monophyletic,internal_45,7,,,,0,0,
S5-A14a,monophyletic,internal_43,8,,,,0,0,
S5-K13,monophyletic,internal_30,3,,,,0,0,
S5133MH16,monophyletic,internal_32,16,,,,0,0,
SABI01,monophyletic,internal_29,9,,,,0,0,
SABY01,monophyletic,internal_60,9,,,,0,0,
SACC01,monophyletic,internal_35,3,,,,0,0,
SAR202-VII-2,monophyletic,internal_30,3,,,,0,0,
SAR86A,monophyletic,internal_38,41,,,,0,0,
SAT2750,monophyletic,internal_38,3,,,,0,0,
SB11,monophyletic,internal_47,8,,,,0,0,
SB15,monophyletic,internal_42,3,,,,0,0,
SB21,monophyletic,internal_28,5,,,,0,0,
SB25,monophyletic,internal_57,8,,,,0,0,
SBAT01,monophyletic,internal_19,3,,,,0,0,
SBAX01,monophyletic,internal_37,5,,,,0,0,
SBAY01,monophyletic,internal_17,2,,,,0,0,
SBBG01,monophyletic,internal_34,2,,,,0,0,
SBBH01,monophyletic,internal_17,2,,,,0,0,
SBBT01,monophyletic,internal_30,2,,,,0,0,
SBBV01,monophyletic,internal_35,6,,,,0,0,
SCADC1-2-3,monophyletic,internal_31,4,,,,0,0,
SCAELEC01,monophyletic,internal_24,4,,,,0,0,
SCBR16-9,monophyletic,internal_19,2,,,,0,0,
SCGC-AAA003-L08,monophyletic,internal_29,2,,,,0,0,
SCGC-AAA076-P13,monophyletic,internal_38,25,,,,0,0,
SCGC-AG-212-J23,monophyletic,internal_37,71,,,,0,0,
SCKK01,monophyletic,internal_28,2,,,,0,0,
SCN-69-37,monophyletic,internal_28,4,,,,0,0,
SCN-70-22,monophyletic,internal_22,13,,,,0,0,
SCPX01,monophyletic,internal_20,2,,,,0,0,
SCQM01,monophyletic,internal_26,11,,,,0,0,
SCQP01,monophyletic,internal_22,16,,,,0,0,
SCQX01,monophyletic,internal_35,2,,,,0,0,
SCRA01,monophyletic,internal_14,5,,,,0,0,
SCRD01,monophyletic,internal_22,15,,,,0,0,
SCRT01,monophyletic,internal_34,3,,,,0,0,
SCSIO-12696,monophyletic,internal_44,3,,,,0,0,
SCSIO-59966,monophyletic,internal_39,3,,,,0,0,
SCSY01,monophyletic,internal_31,4,,,,0,0,
SCTA01,monophyletic,internal_22,2,,,,0,0,
SCTD01,monophyletic,internal_28,20,,,,0,0,
SCTG01,monophyletic,internal_27,7,,,,0,0,
SCTM01,monophyletic,internal_34,4,,,,0,0,
SCTT01,monophyletic,internal_37,3,,,,0,0,
SCTV01,monophyletic,internal_57,3,,,,0,0,
SCUB01,monophyletic,internal_41,2,,,,0,0,
SCUD01,monophyletic,internal_33,65,,,,0,0,
SCUK01,monophyletic,internal_53,4,,,,0,0,
SCUL01,monophyletic,internal_39,3,,,,0,0,
SCUN01,monophyletic,internal_21,6,,,,0,0,
SCUS01,monophyletic,internal_31,9,,,,0,0,
SCVQ01,monophyletic,internal_30,3,,,,0,0,
SDB,monophyletic,internal_28,2,,,,0,0,
SDRW01,monophyletic,internal_42,4,,,,0,0,
SEAL01,monophyletic,internal_40,2,,,,0,0,
SELP01,monophyletic,internal_71,2,,,,0,0,
SFDP01,monophyletic,internal_50,17,,,,0,0,
SFEB01,monophyletic,internal_35,6,,,,0,0,
SFEL01,monophyletic,internal_41,9,,,,0,0,
SFFI01,monophyletic,internal_34,5,,,,0,0,
SFGY01,monophyletic,internal_34,2,,,,0,0,
SFHK01,monophyletic,internal_38,10,,,,0,0,
SFHR01,monophyletic,internal_35,3,,,,0,0,
SFIE01,monophyletic,internal_61,2,,,,0,0,
SFJ001,monophyletic,internal_57,4,,,,0,0,
SFLA01,monophyletic,internal_37,10,,,,0,0,
SFMI01,monophyletic,internal_36,17,,,,0,0,
SFRY01,monophyletic,internal_77,2,,,,0,0,
SFTH01,monophyletic,internal_40,12,,,,0,0,
SFTJ01,monophyletic,internal_75,10,,,,0,0,
SFWF01,monophyletic,internal_47,28,,,,0,0,
SG-bin7,monophyletic,internal_26,2,,,,0,0,
SG-bin9,monophyletic,internal_45,5,,,,0,0,
SG8-13,monophyletic,internal_36,2,,,,0,0,
SG8-30,monophyletic,internal_33,16,,,,0,0,
SG8-38,monophyletic,internal_35,55,,,,0,0,
SG8-39,monophyletic,internal_35,5,,,,0,0,
SG8-4,monophyletic,internal_41,5,,,,0,0,
SG8-40,monophyletic,internal_48,8,,,,0,0,
SG8-41,monophyletic,internal_48,33,,,,0,0,
SGZJ01,monophyletic,internal_45,9,,,,0,0,
SH-MAG3,monophyletic,internal_28,8,,,,0,0,
SHAN690,monophyletic,internal_42,18,,,,0,0,
SHLJ01,monophyletic,internal_60,4,,,,0,0,
SHLN01,monophyletic,internal_22,8,,,,0,0,
SHLQ01,monophyletic,internal_34,26,,,,0,0,
SHND01,monophyletic,internal_24,9,,,,0,0,
SHNJ01,monophyletic,internal_24,3,,,,0,0,
SHUM01,monophyletic,internal_23,3,,,,0,0,
SHUY01,monophyletic,internal_36,2,,,,0,0,
SHUZ01,monophyletic,internal_34,3,,,,0,0,
SHVA01,monophyletic,internal_28,2,,,,0,0,
SHVJ01,monophyletic,internal_35,5,,,,0,0,
SHVO01,monophyletic,internal_35,27,,,,0,0,
SHVT01,monophyletic,internal_30,3,,,,0,0,
SHVV01,monophyletic,internal_36,3,,,,0,0,
SHVW01,monophyletic,internal_31,2,,,,0,0,
SHVZ01,monophyletic,internal_32,11,,,,0,0,
SHWB01,monophyletic,internal_36,2,,,,0,0,
SHWC01,monophyletic,internal_33,5,,,,0,0,
SHWF01,monophyletic,internal_39,2,,,,0,0,
SHXO01,monophyletic,internal_43,28,,,,0,0,
SHXR01,monophyletic,internal_34,4,,,,0,0,
SHXW01,monophyletic,internal_41,2,,,,0,0,
SHYE01,monophyletic,internal_29,2,,,,0,0,
SHYF01,monophyletic,internal_38,3,,,,0,0,
SHYG01,monophyletic,internal_40,3,,,,0,0,
SHYN01,monophyletic,internal_18,2,,,,0,0,
SHYP01,monophyletic,internal_30,2,,,,0,0,
SHYQ01,monophyletic,internal_33,8,,,,0,0,
SHYR01,monophyletic,internal_30,4,,,,0,0,
SHYY01,monophyletic,internal_31,2,,,,0,0,
SHZI01,monophyletic,internal_39,31,,,,0,0,
SHZL01,monophyletic,internal_34,6,,,,0,0,
SHZS01,monophyletic,internal_30,2,,,,0,0,
SHZT01,monophyletic,internal_21,3,,,,0,0,
SHZU01,monophyletic,internal_23,22,,,,0,0,
SIAF01,monophyletic,internal_32,4,,,,0,0,
SIAJ01,monophyletic,internal_31,5,,,,0,0,
SIAN01,monophyletic,internal_31,5,,,,0,0,
SIAQ01,monophyletic,internal_28,11,,,,0,0,
SIAT01,monophyletic,internal_31,3,,,,0,0,
SIBE01,monophyletic,internal_29,3,,,,0,0,
SIBH01,monophyletic,internal_27,2,,,,0,0,
SIBK01,monophyletic,internal_38,3,,,,0,0,
SIBU01,monophyletic,internal_58,7,,,,0,0,
SIBX01,monophyletic,internal_47,2,,,,0,0,
SICB01,monophyletic,internal_28,7,,,,0,0,
SICD01,monophyletic,internal_42,2,,,,0,0,
SICG01,monophyletic,internal_25,5,,,,0,0,
SICJ01,monophyletic,internal_54,8,,,,0,0,
SICM01,monophyletic,internal_23,2,,,,0,0,
SICN01,monophyletic,internal_28,6,,,,0,0,
SICP01,monophyletic,internal_22,2,,,,0,0,
SICQ01,monophyletic,internal_38,4,,,,0,0,
SIG200,monophyletic,internal_25,42,,,,0,0,
SIG204,monophyletic,internal_27,7,,,,0,0,
SIG205,monophyletic,internal_18,4,,,,0,0,
SIG208,monophyletic,internal_28,2,,,,0,0,
SIG220,monophyletic,internal_30,4,,,,0,0,
SIG223,monophyletic,internal_17,2,,,,0,0,
SIG230,monophyletic,internal_17,2,,,,0,0,
SIG280,monophyletic,internal_36,2,,,,0,0,
SIG291,monophyletic,internal_43,2,,,,0,0,
SIG292,monophyletic,internal_38,4,,,,0,0,
SIG293,monophyletic,internal_43,3,,,,0,0,
SIG299,monophyletic,internal_44,15,,,,0,0,
SIG30,monophyletic,internal_23,2,,,,0,0,
SIG300,monophyletic,internal_39,4,,,,0,0,
SIG301,monophyletic,internal_42,2,,,,0,0,
SIG307,monophyletic,internal_43,20,,,,0,0,
SIG308,monophyletic,internal_40,2,,,,0,0,
SIG32,monophyletic,internal_29,22,,,,0,0,
SIG333,monophyletic,internal_53,2,,,,0,0,
SIG336,monophyletic,internal_54,3,,,,0,0,
SIG350,monophyletic,internal_34,2,,,,0,0,
SIG351,monophyletic,internal_26,6,,,,0,0,
SIG371,monophyletic,internal_34,2,,,,0,0,
SIG381,monophyletic,internal_39,2,,,,0,0,
SIG402,monophyletic,internal_34,5,,,,0,0,
SIG42,monophyletic,internal_28,3,,,,0,0,
SIG423,monophyletic,internal_29,2,,,,0,0,
SIG424,monophyletic,internal_33,3,,,,0,0,
SIG430,monophyletic,internal_36,2,,,,0,0,
SIG435,monophyletic,internal_35,3,,,,0,0,
SIG437,monophyletic,internal_37,3,,,,0,0,
SIG438,monophyletic,internal_34,7,,,,0,0,
SIG440,monophyletic,internal_38,33,,,,0,0,
SIG447,monophyletic,internal_34,9,,,,0,0,
SIG450,monophyletic,internal_33,5,,,,0,0,
SIG452,monophyletic,internal_31,11,,,,0,0,
SIG454,monophyletic,internal_36,10,,,,0,0,
SIG455,monophyletic,internal_35,9,,,,0,0,
SIG459,monophyletic,internal_52,9,,,,0,0,
SIG469,monophyletic,internal_37,4,,,,0,0,
SIG471,monophyletic,internal_35,5,,,,0,0,
SIG480,monophyletic,internal_37,19,,,,0,0,
SIG483,monophyletic,internal_47,2,,,,0,0,
SIG488,monophyletic,internal_42,2,,,,0,0,
SIG495,monophyletic,internal_43,2,,,,0,0,
SIG499,monophyletic,internal_38,3,,,,0,0,
SIG510,monophyletic,internal_37,3,,,,0,0,
SIG526,monophyletic,internal_39,3,,,,0,0,
SIG565,monophyletic,internal_48,19,,,,0,0,
SIG575,monophyletic,internal_43,17,,,,0,0,
SIG578,monophyletic,internal_45,11,,,,0,0,
SIG587,monophyletic,internal_47,6,,,,0,0,
SIG588,monophyletic,internal_41,9,,,,0,0,
SIG589,monophyletic,internal_45,14,,,,0,0,
SIG598,monophyletic,internal_40,8,,,,0,0,
SIG603,monophyletic,internal_46,18,,,,0,0,
SIG607,monophyletic,internal_48,19,,,,0,0,
SIG622,monophyletic,internal_36,7,,,,0,0,
SIG627,monophyletic,internal_32,3,,,,0,0,
SIG636,monophyletic,internal_36,13,,,,0,0,
SIG640,monophyletic,internal_43,3,,,,0,0,
SIG644,monophyletic,internal_45,13,,,,0,0,
SIG653,monophyletic,internal_36,6,,,,0,0,
SIG655,monophyletic,internal_41,2,,,,0,0,
SIG672,monophyletic,internal_41,8,,,,0,0,
SIG673,monophyletic,internal_43,13,,,,0,0,
SIG685,monophyletic,internal_36,3,,,,0,0,
SIG693,monophyletic,internal_39,7,,,,0,0,
SIG701,monophyletic,internal_42,14,,,,0,0,
SIG704,monophyletic,internal_35,2,,,,0,0,
SIG710,monophyletic,internal_45,17,,,,0,0,
SIG714,monophyletic,internal_40,3,,,,0,0,
SIG77,monophyletic,internal_29,5,,,,0,0,
SIG78,monophyletic,internal_34,10,,,,0,0,
SIG79,monophyletic,internal_27,3,,,,0,0,
SIG94,monophyletic,internal_28,7,,,,0,0,
SIO1E4,monophyletic,internal_29,5,,,,0,0,
SIO3C6,monophyletic,internal_29,2,,,,0,0,
SIO3F2,monophyletic,internal_32,3,,,,0,0,
SIO4C1,monophyletic,internal_29,5,,,,0,0,
SIRX01,monophyletic,internal_25,9,,,,0,0,
SKGI01,monophyletic,internal_22,2,,,,0,0,
SKGN01,monophyletic,internal_22,3,,,,0,0,
SKJO01,monophyletic,internal_33,2,,,,0,0,
SKKC01,monophyletic,internal_21,4,,,,0,0,
SKKK01,monophyletic,internal_38,4,,,,0,0,
SKKL01,monophyletic,internal_31,5,,,,0,0,
SKKY01,monophyletic,internal_23,6,,,,0,0,
SKKZ01,monophyletic,internal_28,4,,,,0,0,
SKLC01,monophyletic,internal_30,2,,,,0,0,
SKLM01,monophyletic,internal_37,13,,,,0,0,
SKMY01,monophyletic,internal_27,2,,,,0,0,
SKNL01,monophyletic,internal_37,11,,,,0,0,
SKNW01,monophyletic,internal_30,5,,,,0,0,
SKOM01,monophyletic,internal_32,2,,,,0,0,
SKPH01,monophyletic,internal_34,2,,,,0,0,
SKPS01,monophyletic,internal_58,7,,,,0,0,
SKPT01,monophyletic,internal_33,2,,,,0,0,
SKRC01,monophyletic,internal_34,2,,,,0,0,
SKRR01,monophyletic,internal_39,2,,,,0,0,
SKRY01,monophyletic,internal_20,4,,,,0,0,
SKSP01,monophyletic,internal_38,2,,,,0,0,
SKTG01,monophyletic,internal_36,5,,,,0,0,
SKUL01,monophyletic,internal_42,5,,,,0,0,
SKVJ01,monophyletic,internal_44,16,,,,0,0,
SKVL01,monophyletic,internal_51,6,,,,0,0,
SKVR01,monophyletic,internal_53,22,,,,0,0,
SKVS01,monophyletic,internal_21,2,,,,0,0,
SKW135,monophyletic,internal_29,2,,,,0,0,
SKW32,monophyletic,internal_38,2,,,,0,0,
SKWV01,monophyletic,internal_23,2,,,,0,0,
SKXG01,monophyletic,internal_48,2,,,,0,0,
SKYB106,monophyletic,internal_7,5,,,,0,0,
SKYB132,monophyletic,internal_20,3,,,,0,0,
SKYB61,monophyletic,internal_10,6,,,,0,0,
SKYF01,monophyletic,internal_28,2,,,,0,0,
SKYL01,monophyletic,internal_30,2,,,,0,0,
SKZA01,monophyletic,internal_24,3,,,,0,0,
SKZB01,monophyletic,internal_31,3,,,,0,0,
SKZT01,monophyletic,internal_33,3,,,,0,0,
SLAA01,monophyletic,internal_23,5,,,,0,0,
SLAD01,monophyletic,internal_25,4,,,,0,0,
SLAK01,monophyletic,internal_33,2,,,,0,0,
SLAN01,monophyletic,internal_21,5,,,,0,0,
SLBA01,monophyletic,internal_30,3,,,,0,0,
SLCC01,monophyletic,internal_23,2,,,,0,0,
SLCH01,monophyletic,internal_30,4,,,,0,0,
SLCK01,monophyletic,internal_28,2,,,,0,0,
SLCP01,monophyletic,internal_26,2,,,,0,0,
SLDE01,monophyletic,internal_40,2,,,,0,0,
SLDF01,monophyletic,internal_50,5,,,,0,0,
SLFE01,monophyletic,internal_27,3,,,,0,0,
SLFH01,monophyletic,internal_34,4,,,,0,0,
SLFT01,monophyletic,internal_20,5,,,,0,0,
SLFX01,monophyletic,internal_22,2,,,,0,0,
SLGK01,monophyletic,internal_40,2,,,,0,0,
SLGQ01,monophyletic,internal_18,2,,,,0,0,
SLHA01,monophyletic,internal_28,2,,,,0,0,
SLHU01,monophyletic,internal_37,3,,,,0,0,
SLHW01,monophyletic,internal_36,5,,,,0,0,
SLID01,monophyletic,internal_25,4,,,,0,0,
SLIM01,monophyletic,internal_36,2,,,,0,0,
SLJK01,monophyletic,internal_27,2,,,,0,0,
SLJM01,monophyletic,internal_31,8,,,,0,0,
SLJN01,monophyletic,internal_32,3,,,,0,0,
SLJS01,monophyletic,internal_39,4,,,,0,0,
SLLF01,monophyletic,internal_25,2,,,,0,0,
SLLG01,monophyletic,internal_29,4,,,,0,0,
SLLR01,monophyletic,internal_29,2,,,,0,0,
SLLW01,monophyletic,internal_37,3,,,,0,0,
SLMC01,monophyletic,internal_28,2,,,,0,0,
SLMF01,monophyletic,internal_38,2,,,,0,0,
SLMJ01,monophyletic,internal_26,6,,,,0,0,
SLMS01,monophyletic,internal_15,2,,,,0,0,
SLNK01,monophyletic,internal_37,2,,,,0,0,
SLNP01,monophyletic,internal_59,6,,,,0,0,
SLOH01,monophyletic,internal_24,2,,,,0,0,
SLOW01,monophyletic,internal_25,3,,,,0,0,
SLOZ01,monophyletic,internal_24,2,,,,0,0,
SLQH01,monophyletic,internal_19,3,,,,0,0,
SLQM01,monophyletic,internal_35,2,,,,0,0,
SLQR01,monophyletic,internal_22,7,,,,0,0,
SLQV01,monophyletic,internal_32,2,,,,0,0,
SLRI01,monophyletic,internal_40,13,,,,0,0,
SLRW01,monophyletic,internal_28,2,,,,0,0,
SLSG01,monophyletic,internal_57,3,,,,0,0,
SLSQ01,monophyletic,internal_22,11,,,,0,0,
SLST01,monophyletic,internal_22,12,,,,0,0,
SLTB01,monophyletic,internal_44,6,,,,0,0,
SM1-46,monophyletic,internal_30,2,,,,0,0,
SM1-73,monophyletic,internal_22,3,,,,0,0,
SM1-B181,monophyletic,internal_26,2,,,,0,0,
SM23-28-2,monophyletic,internal_27,10,,,,0,0,
SM23-32,monophyletic,internal_29,2,,,,0,0,
SM23-42,monophyletic,internal_21,11,,,,0,0,
SM23-61,monophyletic,internal_25,5,,,,0,0,
SM23-62,monophyletic,internal_60,15,,,,0,0,
SM23-73-2,monophyletic,internal_22,2,,,,0,0,
SM23-73-3,monophyletic,internal_23,14,,,,0,0,
SM3-B62,monophyletic,internal_27,2,,,,0,0,
SMAG-U1939,monophyletic,internal_25,3,,,,0,0,
SMBSF63,monophyletic,internal_53,3,,,,0,0,
SMO-BIN1,monophyletic,internal_33,2,,,,0,0,
SMWC01,monophyletic,internal_40,8,,,,0,0,
SMWD01,monophyletic,internal_38,9,,,,0,0,
SMWK01,monophyletic,internal_55,3,,,,0,0,
SMWN01,monophyletic,internal_34,11,,,,0,0,
SMWT01,monophyletic,internal_32,2,,,,0,0,
SMWZ01,monophyletic,internal_26,2,,,,0,0,
SMXL01,monophyletic,internal_42,3,,,,0,0,
SMXQ01,monophyletic,internal_35,5,,,,0,0,
SMXR01,monophyletic,internal_44,4,,,,0,0,
SMXS01,monophyletic,internal_39,2,,,,0,0,
SMYC01,monophyletic,internal_21,5,,,,0,0,
SMYD01,monophyletic,internal_16,2,,,,0,0,
SNAP01,monophyletic,internal_60,2,,,,0,0,
SOIA01,monophyletic,internal_27,7,,,,0,0,
SOIL31,monophyletic,internal_20,11,,,,0,0,
SOIV01,monophyletic,internal_28,7,,,,0,0,
SOIY01,monophyletic,internal_25,2,,,,0,0,
SOJT01,monophyletic,internal_17,4,,,,0,0,
SOKD01,monophyletic,internal_20,2,,,,0,0,
SOKG01,monophyletic,internal_35,3,,,,0,0,
SORT01,monophyletic,internal_21,3,,,,0,0,
SP197,monophyletic,internal_36,23,,,,0,0,
SP202,monophyletic,internal_34,4,,,,0,0,
SP256,monophyletic,internal_39,3,,,,0,0,
SP4073,monophyletic,internal_27,2,,,,0,0,
SP4260,monophyletic,internal_36,10,,,,0,0,
SP5GCR1,monophyletic,internal_31,5,,,,0,0,
SPBW01,monophyletic,internal_21,8,,,,0,0,
SPCO01,monophyletic,internal_26,131,,,,0,0,
SPDF01,monophyletic,internal_25,17,,,,0,0,
SPGG2,monophyletic,internal_25,3,,,,0,0,
SPJN01,monophyletic,internal_39,2,,,,0,0,
SR-FBR-E99,monophyletic,internal_59,65,,,,0,0,
SRVP-36,monophyletic,internal_32,3,,,,0,0,
SSC3,monophyletic,internal_42,6,,,,0,0,
SSC4,monophyletic,internal_32,4,,,,0,0,
SSEF01,monophyletic,internal_33,15,,,,0,0,
SSF14,monophyletic,internal_37,3,,,,0,0,
SSF26,monophyletic,internal_36,7,,,,0,0,
SSF53,monophyletic,internal_15,2,,,,0,0,
SSGK01,monophyletic,internal_27,2,,,,0,0,
SSS58A,monophyletic,internal_25,16,,,,0,0,
SSSZ01,monophyletic,internal_39,5,,,,0,0,
STB-63,monophyletic,internal_51,2,,,,0,0,
STC-113,monophyletic,internal_26,3,,,,0,0,
STC-54,monophyletic,internal_28,3,,,,0,0,
STC-74,monophyletic,internal_30,5,,,,0,0,
STD1-117,monophyletic,internal_37,2,,,,0,0,
STD1-204,monophyletic,internal_37,2,,,,0,0,
STD1-80,monophyletic,internal_38,4,,,,0,0,
STD1-84,monophyletic,internal_45,2,,,,0,0,
STD2-102,monophyletic,internal_37,3,,,,0,0,
STD2-154,monophyletic,internal_36,2,,,,0,0,
STD2-77,monophyletic,internal_27,4,,,,0,0,
STF1-107,monophyletic,internal_36,2,,,,0,0,
STF1-138,monophyletic,internal_29,4,,,,0,0,
STF1-184,monophyletic,internal_35,2,,,,0,0,
STF2-111,monophyletic,internal_29,2,,,,0,0,
STF2-37,monophyletic,internal_33,2,,,,0,0,
SUG1106,monophyletic,internal_46,10,,,,0,0,
SUG1186,monophyletic,internal_30,2,,,,0,0,
SUG2458,monophyletic,internal_21,3,,,,0,0,
SUP05,monophyletic,internal_39,3,,,,0,0,
SURF-13,monophyletic,internal_31,4,,,,0,0,
SURF-16,monophyletic,internal_29,9,,,,0,0,
SURF-21,monophyletic,internal_20,10,,,,0,0,
SURF-23,monophyletic,internal_28,11,,,,0,0,
SURF-24,monophyletic,internal_32,2,,,,0,0,
SURF-25,monophyletic,internal_39,3,,,,0,0,
SURF-27,monophyletic,internal_41,6,,,,0,0,
SURF-28,monophyletic,internal_37,5,,,,0,0,
SURF-3,monophyletic,internal_27,14,,,,0,0,
SURF-32,monophyletic,internal_30,2,,,,0,0,
SURF-33,monophyletic,internal_27,3,,,,0,0,
SURF-40,monophyletic,internal_37,2,,,,0,0,
SURF-43,monophyletic,internal_35,6,,,,0,0,
SURF-52,monophyletic,internal_26,9,,,,0,0,
SURF-55,monophyletic,internal_31,4,,,,0,0,
SURF-57,monophyletic,internal_43,2,,,,0,0,
SURF-60,monophyletic,internal_32,2,,,,0,0,
SVCP01,monophyletic,internal_26,2,,,,0,0,
SVEL01,monophyletic,internal_42,16,,,,0,0,
SVFI01,monophyletic,internal_53,9,,,,0,0,
SVGT01,monophyletic,internal_40,3,,,,0,0,
SVKR01,monophyletic,internal_50,7,,,,0,0,
SVMC01,monophyletic,internal_46,9,,,,0,0,
SVQP01,monophyletic,internal_47,16,,,,0,0,
SVTX01,monophyletic,internal_48,39,,,,0,0,
SW-4-49-11,monophyletic,internal_24,2,,,,0,0,
SW-6-46-9,monophyletic,internal_53,2,,,,0,0,
SW10,monophyletic,internal_29,42,,,,0,0,
SW132,monophyletic,internal_34,12,,,,0,0,
SW4,monophyletic,internal_65,4,,,,0,0,
SXHM01,monophyletic,internal_48,8,,,,0,0,
SXIZ01,monophyletic,internal_41,5,,,,0,0,
SXJQ01,monophyletic,internal_27,3,,,,0,0,
SXKJ01,monophyletic,internal_28,21,,,,0,0,
SXLG01,monophyletic,internal_26,2,,,,0,0,
SXMI01,monophyletic,internal_37,7,,,,0,0,
SXND01,monophyletic,internal_25,2,,,,0,0,
SXNL01,monophyletic,internal_34,3,,,,0,0,
SXNM01,monophyletic,internal_31,3,,,,0,0,
SXOA01,monophyletic,internal_42,5,,,,0,0,
SXOB01,monophyletic,internal_28,2,,,,0,0,
SXOD01,monophyletic,internal_35,3,,,,0,0,
SXON01,monophyletic,internal_26,12,,,,0,0,
SXOO01,monophyletic,internal_29,3,,,,0,0,
SXPC01,monophyletic,internal_30,3,,,,0,0,
SXPK01,monophyletic,internal_37,5,,,,0,0,
SXQI01,monophyletic,internal_31,4,,,,0,0,
SXRF01,monophyletic,internal_30,9,,,,0,0,
SXRM01,monophyletic,internal_30,11,,,,0,0,
SXSI01,monophyletic,internal_33,2,,,,0,0,
SXTU01,monophyletic,internal_33,20,,,,0,0,
SXUL01,monophyletic,internal_28,3,,,,0,0,
SXVE01,monophyletic,internal_30,4,,,,0,0,
SXWH01,monophyletic,internal_35,30,,,,0,0,
SXXH01,monophyletic,internal_36,5,,,,0,0,
SXXK01,monophyletic,internal_30,54,,,,0,0,
SXXZ01,monophyletic,internal_37,24,,,,0,0,
SXZD01,monophyletic,internal_24,4,,,,0,0,
SY8519,monophyletic,internal_45,6,,,,0,0,
SYAC01,monophyletic,internal_33,21,,,,0,0,
SYAN01,monophyletic,internal_37,8,,,,0,0,
SYFI01,monophyletic,internal_24,28,,,,0,0,
SYFR01,monophyletic,internal_34,5,,,,0,0,
SYFT01,monophyletic,internal_22,20,,,,0,0,
SYFY01,monophyletic,internal_50,10,,,,0,0,
SYGM01,monophyletic,internal_36,2,,,,0,0,
SYGV01,monophyletic,internal_31,5,,,,0,0,
SYHX01,monophyletic,internal_38,12,,,,0,0,
SYIB01,monophyletic,internal_35,10,,,,0,0,
SYIM01,monophyletic,internal_33,14,,,,0,0,
SYKL01,monophyletic,internal_26,2,,,,0,0,
SYKU01,monophyletic,internal_26,3,,,,0,0,
SYLG01,monophyletic,internal_23,5,,,,0,0,
SYLI01,monophyletic,internal_24,2,,,,0,0,
SYLY01,monophyletic,internal_31,3,,,,0,0,
SYOC01,monophyletic,internal_27,6,,,,0,0,
SYPI01,monophyletic,internal_34,2,,,,0,0,
SZAS-103,monophyletic,internal_37,16,,,,0,0,
SZAS-15,monophyletic,internal_23,2,,,,0,0,
SZAS-17,monophyletic,internal_21,5,,,,0,0,
SZAS-18,monophyletic,internal_26,7,,,,0,0,
SZAS-3,monophyletic,internal_23,2,,,,0,0,
SZAS-30,monophyletic,internal_52,2,,,,0,0,
SZAS-7,monophyletic,internal_23,9,,,,0,0,
SZAS-79,monophyletic,internal_31,18,,,,0,0,
SZUA-100,monophyletic,internal_40,5,,,,0,0,
SZUA-104,monophyletic,internal_46,2,,,,0,0,
SZUA-1055,monophyletic,internal_36,2,,,,0,0,
SZUA-115,monophyletic,internal_21,2,,,,0,0,
SZUA-117,monophyletic,internal_40,23,,,,0,0,
SZUA-1377,monophyletic,internal_24,4,,,,0,0,
SZUA-140,monophyletic,internal_38,3,,,,0,0,
SZUA-1403,monophyletic,internal_27,6,,,,0,0,
SZUA-1433,monophyletic,internal_26,7,,,,0,0,
SZUA-146,monophyletic,internal_33,5,,,,0,0,
SZUA-147,monophyletic,internal_34,2,,,,0,0,
SZUA-149,monophyletic,internal_28,2,,,,0,0,
SZUA-150,monophyletic,internal_26,2,,,,0,0,
SZUA-152,monophyletic,internal_36,14,,,,0,0,
SZUA-161,monophyletic,internal_36,3,,,,0,0,
SZUA-178,monophyletic,internal_16,3,,,,0,0,
SZUA-181,monophyletic,internal_20,2,,,,0,0,
SZUA-185,monophyletic,internal_37,3,,,,0,0,
SZUA-186,monophyletic,internal_36,5,,,,0,0,
SZUA-21,monophyletic,internal_32,2,,,,0,0,
SZUA-217,monophyletic,internal_32,8,,,,0,0,
SZUA-22,monophyletic,internal_41,3,,,,0,0,
SZUA-224,monophyletic,internal_19,3,,,,0,0,
SZUA-226,monophyletic,internal_27,11,,,,0,0,
SZUA-229,monophyletic,internal_39,12,,,,0,0,
SZUA-230,monophyletic,internal_39,4,,,,0,0,
SZUA-232,monophyletic,internal_25,2,,,,0,0,
SZUA-24,monophyletic,internal_42,6,,,,0,0,
SZUA-252,monophyletic,internal_22,8,,,,0,0,
SZUA-254,monophyletic,internal_36,6,,,,0,0,
SZUA-259,monophyletic,internal_26,2,,,,0,0,
SZUA-265,monophyletic,internal_35,18,,,,0,0,
SZUA-287,monophyletic,internal_36,2,,,,0,0,
SZUA-3,monophyletic,internal_41,7,,,,0,0,
SZUA-309,monophyletic,internal_52,14,,,,0,0,
SZUA-318,monophyletic,internal_34,22,,,,0,0,
SZUA-320,monophyletic,internal_22,8,,,,0,0,
SZUA-33,monophyletic,internal_37,2,,,,0,0,
SZUA-35,monophyletic,internal_42,7,,,,0,0,
SZUA-359,monophyletic,internal_41,9,,,,0,0,
SZUA-36,monophyletic,internal_31,25,,,,0,0,
SZUA-365,monophyletic,internal_31,7,,,,0,0,
SZUA-368,monophyletic,internal_29,4,,,,0,0,
SZUA-37,monophyletic,internal_39,7,,,,0,0,
SZUA-370,monophyletic,internal_23,15,,,,0,0,
SZUA-371,monophyletic,internal_28,2,,,,0,0,
SZUA-378,monophyletic,internal_47,9,,,,0,0,
SZUA-38,monophyletic,internal_29,2,,,,0,0,
SZUA-415,monophyletic,internal_25,2,,,,0,0,
SZUA-426,monophyletic,internal_22,3,,,,0,0,
SZUA-430,monophyletic,internal_29,35,,,,0,0,
SZUA-442,monophyletic,internal_28,10,,,,0,0,
SZUA-444,monophyletic,internal_42,7,,,,0,0,
SZUA-448,monophyletic,internal_43,8,,,,0,0,
SZUA-451,monophyletic,internal_25,14,,,,0,0,
SZUA-46,monophyletic,internal_43,2,,,,0,0,
SZUA-47,monophyletic,internal_34,2,,,,0,0,
SZUA-472,monophyletic,internal_23,2,,,,0,0,
SZUA-5,monophyletic,internal_28,3,,,,0,0,
SZUA-51,monophyletic,internal_30,7,,,,0,0,
SZUA-521,monophyletic,internal_49,3,,,,0,0,
SZUA-540,monophyletic,internal_27,4,,,,0,0,
SZUA-544,monophyletic,internal_22,3,,,,0,0,
SZUA-545,monophyletic,internal_19,2,,,,0,0,
SZUA-547,monophyletic,internal_34,3,,,,0,0,
SZUA-575,monophyletic,internal_25,2,,,,0,0,
SZUA-580,monophyletic,internal_27,2,,,,0,0,
SZUA-582,monophyletic,internal_62,2,,,,0,0,
SZUA-584,monophyletic,internal_34,23,,,,0,0,
SZUA-592,monophyletic,internal_38,3,,,,0,0,
SZUA-6,monophyletic,internal_20,3,,,,0,0,
SZUA-76,monophyletic,internal_35,10,,,,0,0,
SZUA-82,monophyletic,internal_44,3,,,,0,0,
SZUA-87,monophyletic,internal_37,7,,,,0,0,
Sabulitectum,monophyletic,internal_20,19,,,,0,0,
Saccharibacillus,monophyletic,internal_38,24,,,,0,0,
Saccharibacter,monophyletic,internal_49,3,,,,0,0,
Saccharicenans,monophyletic,internal_26,26,,,,0,0,
Saccharicrinis,monophyletic,internal_60,23,,,,0,0,
Saccharimonas,monophyletic,internal_41,110,,,,0,0,
Sacchariniichlamydia,monophyletic,internal_21,10,,,,0,0,
Saccharococcus,monophyletic,internal_44,3,,,,0,0,
Saccharofermentans,monophyletic,internal_35,100,,,,0,0,
Saccharomonospora,monophyletic,internal_48,12,,,,0,0,
Saccharomonospora_A,monophyletic,internal_49,2,,,,0,0,
Saccharophagus,monophyletic,internal_47,2,,,,0,0,
Saccharopolyspora,monophyletic,internal_41,30,,,,0,0,
Saccharopolyspora_C,monophyletic,internal_40,7,,,,0,0,
Saccharopolyspora_D,monophyletic,internal_41,3,,,,0,0,
Saccharospirillum,monophyletic,internal_43,13,,,,0,0,
Saelkia,monophyletic,internal_25,2,,,,0,0,
Sagittula,monophyletic,internal_77,6,,,,0,0,
Salaquimonas,monophyletic,internal_40,13,,,,0,0,
Salegentibacter,monophyletic,internal_54,22,,,,0,0,
Salegentibacter_A,monophyletic,internal_54,3,,,,0,0,
Salibacter,monophyletic,internal_44,4,,,,0,0,
Salibacterium,monophyletic,internal_45,5,,,,0,0,
Salibaculum,monophyletic,internal_63,6,,,,0,0,
Salicibibacter,monophyletic,internal_45,4,,,,0,0,
Salifodinibacter,monophyletic,internal_31,2,,,,0,0,
Salimicrobium,monophyletic,internal_46,5,,,,0,0,
Salinarimonas,monophyletic,internal_43,7,,,,0,0,
Salinarimonas_A,monophyletic,internal_45,2,,,,0,0,
Salinibacillus,monophyletic,internal_44,4,,,,0,0,
Salinibacter,monophyletic,internal_43,33,,,,0,0,
Salinicoccus,monophyletic,internal_38,17,,,,0,0,
Salinicola,monophyletic,internal_42,18,,,,0,0,
Salinilacustrithrix,monophyletic,internal_30,23,,,,0,0,
Salinimicrobium,monophyletic,internal_49,27,,,,0,0,
Saliniramus,monophyletic,internal_43,7,,,,0,0,
Salinisphaera,monophyletic,internal_31,21,,,,0,0,
Salinispira,monophyletic,internal_21,3,,,,0,0,
Salinispirillum,monophyletic,internal_43,3,,,,0,0,
Salinivibrio,monophyletic,internal_38,8,,,,0,0,
Salinivirga,monophyletic,internal_57,6,,,,0,0,
Salinivivens,monophyletic,internal_65,22,,,,0,0,
Salipaludibacillus,monophyletic,internal_44,9,,,,0,0,
Salipiger,monophyletic,internal_68,23,,,,0,0,
Salisediminibacterium,monophyletic,internal_43,3,,,,0,0,
Salivita,monophyletic,internal_46,7,,,,0,0,
Salmonella,monophyletic,internal_61,5,,,,0,0,
Salmonirosea,monophyletic,internal_47,2,,,,0,0,
Salsipaludibacter,monophyletic,internal_30,6,,,,0,0,
Salsuginibacillus,monophyletic,internal_42,2,,,,0,0,
Saltatorellus,monophyletic,internal_40,18,,,,0,0,
Sandaracinobacteroides,monophyletic,internal_47,19,,,,0,0,
Sandaracinomonas,monophyletic,internal_43,3,,,,0,0,
Sandaracinus,monophyletic,internal_32,5,,,,0,0,
Sandarakinorhabdus,monophyletic,internal_50,61,,,,0,0,
Sanguibacter,monophyletic,internal_49,7,,,,0,0,
Sansalvadorimonas,monophyletic,internal_44,8,,,,0,0,
Sanyastnella,monophyletic,internal_47,3,,,,0,0,
Saonia,monophyletic,internal_59,3,,,,0,0,
Saprospira,monophyletic,internal_42,12,,,,0,0,
Sarcina,monophyletic,internal_34,20,,,,0,0,
Savagea,monophyletic,internal_36,7,,,,0,0,
SbD1,monophyletic,internal_30,39,,,,0,0,
Scalindua,monophyletic,internal_25,20,,,,0,0,
Scalindua_A,monophyletic,internal_26,3,,,,0,0,
Scandinavium,monophyletic,internal_56,15,,,,0,0,
Scardovia,monophyletic,internal_47,3,,,,0,0,
Scatacola_A,monophyletic,internal_23,7,,,,0,0,
Scatavimonas,monophyletic,internal_44,4,,,,0,0,
Scatenecus,monophyletic,internal_29,18,,,,0,0,
Scatocola,monophyletic,internal_24,14,,,,0,0,
Scatolibacter,monophyletic,internal_47,3,,,,0,0,
Scatomonas,monophyletic,internal_45,9,,,,0,0,
Scatomorpha,monophyletic,internal_48,34,,,,0,0,
Scatonaster,monophyletic,internal_36,25,,,,0,0,
Scatoplasma,monophyletic,internal_22,10,,,,0,0,
Scatosoma,monophyletic,internal_42,124,,,,0,0,
Scatousia,monophyletic,internal_30,16,,,,0,0,
Scatovivens,monophyletic,internal_41,75,,,,0,0,
Schaedlerella,monophyletic,internal_48,29,,,,0,0,
Schauerella,monophyletic,internal_29,5,,,,0,0,
Schinkia,monophyletic,internal_37,5,,,,0,0,
Schlegelella_A,monophyletic,internal_44,49,,,,0,0,
Schleiferilactobacillus,monophyletic,internal_40,3,,,,0,0,
Schlesneria,monophyletic,internal_28,33,,,,0,0,
Schnuerera,monophyletic,internal_33,4,,,,0,0,
Schumannella,monophyletic,internal_55,5,,,,0,0,
Schwartzia,monophyletic,internal_43,2,,,,0,0,
Sciscionella,monophyletic,internal_39,2,,,,0,0,
Scleromatobacter,monophyletic,internal_38,14,,,,0,0,
Scopulibacillus_A,monophyletic,internal_43,2,,,,0,0,
Scrofimicrobium,monophyletic,internal_56,24,,,,0,0,
Scybalenecus,monophyletic,internal_41,3,,,,0,0,
Scybalocola_A,monophyletic,internal_40,3,,,,0,0,
Scybalomonas,monophyletic,internal_39,5,,,,0,0,
Scybalousia_A,monophyletic,internal_58,22,,,,0,0,
Scytonema,monophyletic,internal_33,4,,,,0,0,
Sebaldella,monophyletic,internal_17,4,,,,0,0,
Secundilactobacillus,monophyletic,internal_42,15,,,,0,0,
Sedimentibacter,monophyletic,internal_27,50,,,,0,0,
Sedimenticola,monophyletic,internal_39,10,,,,0,0,
Sedimenticola_A,monophyletic,internal_39,4,,,,0,0,
Sedimentisphaera,monophyletic,internal_30,3,,,,0,0,
Sedimentitalea,monophyletic,internal_66,9,,,,0,0,
Sediminibacillus,monophyletic,internal_48,5,,,,0,0,
Sediminibacterium,monophyletic,internal_49,281,,,,0,0,
Sediminicola,monophyletic,internal_59,8,,,,0,0,
Sediminicultor,monophyletic,internal_20,19,,,,0,0,
Sediminimonas,monophyletic,internal_63,4,,,,0,0,
Sediminispirochaeta,monophyletic,internal_24,3,,,,0,0,
Segetibacter,monophyletic,internal_46,30,,,,0,0,
Segeticoccus,monophyletic,internal_40,2,,,,0,0,
Segetimicrobium,monophyletic,internal_15,7,,,,0,0,
Segniliparus,monophyletic,internal_39,3,,,,0,0,
Seleniibacterium,monophyletic,internal_33,7,,,,0,0,
Seleniivibrio,monophyletic,internal_18,7,,,,0,0,
Selenomonas,monophyletic,internal_41,9,,,,0,0,
Selenomonas_A,monophyletic,internal_47,24,,,,0,0,
Selenomonas_B,monophyletic,internal_46,6,,,,0,0,
Selenomonas_C,monophyletic,internal_47,10,,,,0,0,
Sellimonas,monophyletic,internal_47,6,,,,0,0,
Senegalimassilia,monophyletic,internal_28,23,,,,0,0,
Senimuribacter,monophyletic,internal_44,26,,,,0,0,
Seohaeicola,monophyletic,internal_67,13,,,,0,0,
Seohaeicola_A,monophyletic,internal_67,3,,,,0,0,
Seonamhaeicola,monophyletic,internal_71,10,,,,0,0,
Seramator,monophyletic,internal_73,2,,,,0,0,
Seribacter,monophyletic,internal_26,44,,,,0,0,
Serpens,monophyletic,internal_49,6,,,,0,0,
Serpentinicella,monophyletic,internal_29,2,,,,0,0,
Serpentinimonas,monophyletic,internal_40,4,,,,0,0,
Serratia,monophyletic,internal_48,33,,,,0,0,
Serratia_B,monophyletic,internal_49,2,,,,0,0,
Serratia_F,monophyletic,internal_48,2,,,,0,0,
Sessilibacter,monophyletic,internal_50,2,,,,0,0,
Sharpea,monophyletic,internal_26,2,,,,0,0,
Sherwoodlollariibacterium,monophyletic,internal_48,11,,,,0,0,
Shewanella,monophyletic,internal_39,148,,,,0,0,
Shikimatogenerans,monophyletic,internal_49,14,,,,0,0,
Shimazuella,monophyletic,internal_28,3,,,,0,0,
Shimia,monophyletic,internal_68,34,,,,0,0,
Shimia_B,monophyletic,internal_60,15,,,,0,0,
Shimwellia,monophyletic,internal_54,2,,,,0,0,
Shinella,monophyletic,internal_44,30,,,,0,0,
Shivajiella,monophyletic,internal_49,2,,,,0,0,
Shouchella,monophyletic,internal_46,12,,,,0,0,
Shumkonia,monophyletic,internal_38,3,,,,0,0,
Shuttleworthia,monophyletic,internal_52,4,,,,0,0,
Siccibacter,monophyletic,internal_54,2,,,,0,0,
Siccirubricoccus,monophyletic,internal_39,3,,,,0,0,
Siculibacillus,monophyletic,internal_40,2,,,,0,0,
Sideroxyarcus,monophyletic,internal_40,69,,,,0,0,
Silanimonas,monophyletic,internal_36,13,,,,0,0,
Siliceabacter,monophyletic,internal_33,4,,,,0,0,
Silicimonas,monophyletic,internal_66,2,,,,0,0,
Silvanigrella,monophyletic,internal_26,13,,,,0,0,
Silvibacterium,monophyletic,internal_32,34,,,,0,0,
Silvimonas,monophyletic,internal_40,5,,,,0,0,
Simiduia,monophyletic,internal_47,5,,,,0,0,
Siminovitchia,monophyletic,internal_42,9,,,,0,0,
Simkania,monophyletic,internal_25,2,,,,0,0,
Simonsiella,monophyletic,internal_53,6,,,,0,0,
Simplicispira,monophyletic,internal_48,41,,,,0,0,
Singulisphaera,monophyletic,internal_32,3,,,,0,0,
Sinisalibacter,monophyletic,internal_62,12,,,,0,0,
Sinobacterium,monophyletic,internal_39,2,,,,0,0,
Sinomicrobium,monophyletic,internal_49,6,,,,0,0,
Sinomonas,monophyletic,internal_51,21,,,,0,0,
Sinorhizobium,monophyletic,internal_45,32,,,,0,0,
Sinosporangium,monophyletic,internal_37,2,,,,0,0,
Siphonobacter,monophyletic,internal_41,8,,,,0,0,
Site-B1,monophyletic,internal_61,6,,,,0,0,
Sivonenia,monophyletic,internal_14,3,,,,0,0,
Skermanella,monophyletic,internal_30,8,,,,0,0,
Skiveiella,monophyletic,internal_49,2,,,,0,0,
Slackia,monophyletic,internal_23,28,,,,0,0,
Smaragdicoccus,monophyletic,internal_43,2,,,,0,0,
Smithella,monophyletic,internal_33,36,,,,0,0,
Sneathia,monophyletic,internal_18,3,,,,0,0,
Sneathiella,monophyletic,internal_36,38,,,,0,0,
Snodgrassella,monophyletic,internal_45,13,,,,0,0,
Snowella,monophyletic,internal_33,6,,,,0,0,
Snuella,monophyletic,internal_67,2,,,,0,0,
Sodalinema,monophyletic,internal_29,9,,,,0,0,
Sodaliphilus,monophyletic,internal_75,133,,,,0,0,
Soehngenia,monophyletic,internal_35,4,,,,0,0,
Solibacillus,monophyletic,internal_44,20,,,,0,0,
Solibacter,monophyletic,internal_37,19,,,,0,0,
Solibaculum,monophyletic,internal_38,3,,,,0,0,
Solibaculum_A,monophyletic,internal_38,4,,,,0,0,
Solicola,monophyletic,internal_47,2,,,,0,0,
Solidesulfovibrio,monophyletic,internal_22,25,,,,0,0,
Solilutibacter,monophyletic,internal_44,24,,,,0,0,
Solimicrobium,monophyletic,internal_31,8,,,,0,0,
Solimonas,monophyletic,internal_37,29,,,,0,0,
Solimonas_A,monophyletic,internal_37,6,,,,0,0,
Solincola_A,monophyletic,internal_19,4,,,,0,0,
Solincola_B,monophyletic,internal_20,3,,,,0,0,
Solirhodobacter,monophyletic,internal_55,8,,,,0,0,
Solirubrobacter,monophyletic,internal_31,18,,,,0,0,
Solirubrum,monophyletic,internal_41,11,,,,0,0,
Solisphingomonas,monophyletic,internal_50,22,,,,0,0,
Solitalea,monophyletic,internal_51,5,,,,0,0,
Soonwooa,monophyletic,internal_54,6,,,,0,0,
Sorangium,monophyletic,internal_34,19,,,,0,0,
Sordicultor,monophyletic,internal_18,5,,,,0,0,
Sorlinia,monophyletic,internal_48,3,,,,0,0,
Soudan-30,monophyletic,internal_23,2,,,,0,0,
SpSt-1050,monophyletic,internal_19,4,,,,0,0,
SpSt-1165,monophyletic,internal_45,4,,,,0,0,
SpSt-1174,monophyletic,internal_29,3,,,,0,0,
SpSt-205,monophyletic,internal_28,14,,,,0,0,
SpSt-227,monophyletic,internal_42,3,,,,0,0,
SpSt-313,monophyletic,internal_26,2,,,,0,0,
SpSt-333,monophyletic,internal_38,5,,,,0,0,
SpSt-398,monophyletic,internal_52,5,,,,0,0,
SpSt-501,monophyletic,internal_30,27,,,,0,0,
SpSt-539,monophyletic,internal_28,4,,,,0,0,
SpSt-583,monophyletic,internal_41,3,,,,0,0,
SpSt-600,monophyletic,internal_27,8,,,,0,0,
SpSt-77,monophyletic,internal_35,14,,,,0,0,
Spartinivicinus,monophyletic,internal_41,3,,,,0,0,
Specibacter,monophyletic,internal_51,39,,,,0,0,
Spectribacter,monophyletic,internal_31,4,,,,0,0,
Sphaerimonospora,monophyletic,internal_43,3,,,,0,0,
Sphaerisporangium,monophyletic,internal_35,20,,,,0,0,
Sphaerobacter,monophyletic,internal_30,3,,,,0,0,
Sphaerochaeta,monophyletic,internal_31,48,,,,0,0,
Sphaerospermopsis,monophyletic,internal_43,2,,,,0,0,
Sphaerothrix,monophyletic,internal_27,3,,,,0,0,
Sphaerotilus,monophyletic,internal_31,33,,,,0,0,
Sphingoaurantiacus,monophyletic,internal_48,3,,,,0,0,
Sphingobacterium,monophyletic,internal_56,122,,,,0,0,
Sphingobium,monophyletic,internal_55,163,,,,0,0,
Sphingobium_A,monophyletic,internal_56,6,,,,0,0,
Sphingomicrobium,monophyletic,internal_50,271,,,,0,0,
Sphingomonas,monophyletic,internal_52,499,,,,0,0,
Sphingomonas_B,monophyletic,internal_55,9,,,,0,0,
Sphingomonas_D,monophyletic,internal_56,2,,,,0,0,
Sphingomonas_E,monophyletic,internal_54,4,,,,0,0,
Sphingomonas_I,monophyletic,internal_53,18,,,,0,0,
Sphingomonas_L,monophyletic,internal_56,3,,,,0,0,
Sphingomonas_O,monophyletic,internal_54,41,,,,0,0,
Sphingomonas_Q,monophyletic,internal_53,2,,,,0,0,
Sphingomonas_R,monophyletic,internal_55,4,,,,0,0,
Sphingopyxis,monophyletic,internal_57,136,,,,0,0,
Sphingorhabdus_B,monophyletic,internal_60,120,,,,0,0,
Sphingosinicella,monophyletic,internal_44,10,,,,0,0,
Spirabiliibacterium,monophyletic,internal_40,3,,,,0,0,
Spiribacter,monophyletic,internal_33,20,,,,0,0,
Spirillospora,monophyletic,internal_37,104,,,,0,0,
Spiro-02,monophyletic,internal_29,5,,,,0,0,
Spirochaeta_B,monophyletic,internal_19,4,,,,0,0,
Spirochaeta_F,monophyletic,internal_26,4,,,,0,0,
Spiroplasma,monophyletic,internal_23,21,,,,0,0,
Spiroplasma_A,monophyletic,internal_26,20,,,,0,0,
Spiroplasma_B,monophyletic,internal_25,3,,,,0,0,
Spiroplasma_D,monophyletic,internal_19,4,,,,0,0,
Spiroplasma_E,monophyletic,internal_19,11,,,,0,0,
Spirosoma,monophyletic,internal_45,54,,,,0,0,
Spirulina,monophyletic,internal_32,6,,,,0,0,
Spirulina_A,monophyletic,internal_29,2,,,,0,0,
Spongiactinospora,monophyletic,internal_40,3,,,,0,0,
Spongiibacter,monophyletic,internal_43,28,,,,0,0,
Spongiicolonus,monophyletic,internal_27,2,,,,0,0,
Spongiihabitans,monophyletic,internal_34,7,,,,0,0,
Spongiisocius,monophyletic,internal_27,12,,,,0,0,
Spongiivirga,monophyletic,internal_53,2,,,,0,0,
Sporanaerobacter,monophyletic,internal_31,2,,,,0,0,
Sporanaerobium,monophyletic,internal_35,3,,,,0,0,
Sporichthya,monophyletic,internal_32,5,,,,0,0,
Sporobacter,monophyletic,internal_43,15,,,,0,0,
Sporocytophaga,monophyletic,internal_42,5,,,,0,0,
Sporofaciens,monophyletic,internal_51,18,,,,0,0,
Sporolactobacillus,monophyletic,internal_44,23,,,,0,0,
Sporomusa,monophyletic,internal_29,16,,,,0,0,
Sporosarcina,monophyletic,internal_36,86,,,,0,0,
Sporotomaculum,monophyletic,internal_32,7,,,,0,0,
Spyradenecus,monophyletic,internal_28,28,,,,0,0,
Spyradocola,monophyletic,internal_33,8,,,,0,0,
Spyradomonas,monophyletic,internal_26,5,,,,0,0,
Spyradosoma,monophyletic,internal_23,19,,,,0,0,
Stackebrandtia,monophyletic,internal_36,8,,,,0,0,
Stagnihabitans,monophyletic,internal_66,33,,,,0,0,
Stagnimonas,monophyletic,internal_34,11,,,,0,0,
Stammera,monophyletic,internal_55,45,,,,0,0,
Stanieria,monophyletic,internal_32,3,,,,0,0,
Staphylococcus,monophyletic,internal_36,86,,,,0,0,
Stappia,monophyletic,internal_41,17,,,,0,0,
Stenomitos,monophyletic,internal_24,12,,,,0,0,
Stenotrophobium,monophyletic,internal_37,7,,,,0,0,
Stenotrophomonas,monophyletic,internal_46,147,,,,0,0,
Stenotrophomonas_A,monophyletic,internal_44,8,,,,0,0,
Stercoripulliclostridium_A,monophyletic,internal_39,22,,,,0,0,
Stercorousia,monophyletic,internal_29,61,,,,0,0,
Steroidobacter,monophyletic,internal_34,58,,,,0,0,
Sterolibacterium,monophyletic,internal_39,11,,,,0,0,
Stieleria,monophyletic,internal_44,19,,,,0,0,
Stigonema,monophyletic,internal_34,6,,,,0,0,
Stoquefichus,monophyletic,internal_31,2,,,,0,0,
Stramentimicrobium,monophyletic,internal_18,9,,,,0,0,
Streptacidiphilus,monophyletic,internal_37,23,,,,0,0,
Streptantibioticus_A,monophyletic,internal_41,5,,,,0,0,
Streptantibioticus_B,monophyletic,internal_41,2,,,,0,0,
Streptantibioticus_C,monophyletic,internal_40,5,,,,0,0,
Streptantibioticus_D,monophyletic,internal_40,2,,,,0,0,
Streptoalloteichus,monophyletic,internal_39,2,,,,0,0,
Streptobacillus,monophyletic,internal_17,5,,,,0,0,
Streptococcus,monophyletic,internal_44,761,,,,0,0,
Streptomonospora,monophyletic,internal_39,8,,,,0,0,
Streptomyces,monophyletic,internal_41,2311,,,,0,0,
Streptosporangium,monophyletic,internal_40,40,,,,0,0,
Stutzerimonas,monophyletic,internal_49,67,,,,0,0,
Stygibacter,monophyletic,internal_22,5,,,,0,0,
Stygiobacter,monophyletic,internal_37,14,,,,0,0,
Subteraquimicrobium,monophyletic,internal_21,3,,,,0,0,
Subtercola,monophyletic,internal_54,13,,,,0,0,
Succinatimonas,monophyletic,internal_42,2,,,,0,0,
Succiniclasticum,monophyletic,internal_27,19,,,,0,0,
Succinimonas,monophyletic,internal_39,5,,,,0,0,
Succinivibrio,monophyletic,internal_41,44,,,,0,0,
Suilimivivens,monophyletic,internal_52,68,,,,0,0,
Sulfidibacterium,monophyletic,internal_58,24,,,,0,0,
Sulfitobacter,monophyletic,internal_68,113,,,,0,0,
Sulfoacidibacillus,monophyletic,internal_25,3,,,,0,0,
Sulfobacillus,monophyletic,internal_29,9,,,,0,0,
Sulfobacillus_B,monophyletic,internal_31,9,,,,0,0,
Sulfobacillus_C,monophyletic,internal_30,5,,,,0,0,
Sulfobium,monophyletic,internal_36,8,,,,0,0,
Sulfomarinibacter,monophyletic,internal_26,25,,,,0,0,
Sulfonitrofixus,monophyletic,internal_23,16,,,,0,0,
Sulfopaludibacter,monophyletic,internal_37,8,,,,0,0,
Sulfotelmatobacter,monophyletic,internal_30,300,,,,0,0,
Sulfuricaulis,monophyletic,internal_26,21,,,,0,0,
Sulfuricella,monophyletic,internal_41,18,,,,0,0,
Sulfuricurvum,monophyletic,internal_20,66,,,,0,0,
Sulfuricystis,monophyletic,internal_40,38,,,,0,0,
Sulfuriferula,monophyletic,internal_39,27,,,,0,0,
Sulfuriflexus,monophyletic,internal_31,6,,,,0,0,
Sulfurihydrogenibium,monophyletic,internal_21,9,,,,0,0,
Sulfurimicrobium,monophyletic,internal_40,15,,,,0,0,
Sulfurimonas,monophyletic,internal_24,194,,,,0,0,
Sulfurirhabdus,monophyletic,internal_39,2,,,,0,0,
Sulfuriroseicoccus,monophyletic,internal_25,2,,,,0,0,
Sulfurisoma,monophyletic,internal_40,5,,,,0,0,
Sulfuritalea,monophyletic,internal_42,52,,,,0,0,
Sulfuritortus,monophyletic,internal_42,6,,,,0,0,
Sulfurivermis,monophyletic,internal_38,8,,,,0,0,
Sulfurivirga,monophyletic,internal_31,6,,,,0,0,
Sulfurospirillum,monophyletic,internal_22,28,,,,0,0,
Sulfurospirillum_A,monophyletic,internal_23,14,,,,0,0,
Sulfurospirillum_B,monophyletic,internal_24,2,,,,0,0,
Sulfurovum,monophyletic,internal_24,116,,,,0,0,
Sulfursilanivivens,monophyletic,internal_32,2,,,,0,0,
Sunxiuqinia,monophyletic,internal_62,12,,,,0,0,
Superficieibacter,monophyletic,internal_56,5,,,,0,0,
Susulua,monophyletic,internal_33,9,,,,0,0,
Sutcliffiella_A,monophyletic,internal_42,21,,,,0,0,
Sutterella,monophyletic,internal_31,42,,,,0,0,
Sva-07,monophyletic,internal_38,54,,,,0,0,
Sva-25,monophyletic,internal_36,13,,,,0,0,
Svornostia,monophyletic,internal_34,4,,,,0,0,
Symbiobacterium,monophyletic,internal_23,4,,,,0,0,
Symbiodolus,monophyletic,internal_37,2,,,,0,0,
Symbiopectobacterium,monophyletic,internal_49,13,,,,0,0,
Symmachiella,monophyletic,internal_33,5,,,,0,0,
Synchoanobacter,monophyletic,internal_45,2,,,,0,0,
Synechococcus,monophyletic,internal_24,2,,,,0,0,
Synechococcus_B,monophyletic,internal_25,10,,,,0,0,
Synechococcus_C,monophyletic,internal_30,46,,,,0,0,
Synechococcus_D,monophyletic,internal_27,7,,,,0,0,
Synechocystis,monophyletic,internal_34,14,,,,0,0,
Synergistes,monophyletic,internal_26,3,,,,0,0,
Syntrophaceticus,monophyletic,internal_32,6,,,,0,0,
Syntrophobacter,monophyletic,internal_32,3,,,,0,0,
Syntrophomonas,monophyletic,internal_40,4,,,,0,0,
Syntrophomonas_A,monophyletic,internal_40,3,,,,0,0,
Syntrophomonas_B,monophyletic,internal_35,8,,,,0,0,
Syntrophopropionicum,monophyletic,internal_36,10,,,,0,0,
Syntrophorhabdus,monophyletic,internal_24,9,,,,0,0,
Syntrophosphaera,monophyletic,internal_26,23,,,,0,0,
Syntrophotalea,monophyletic,internal_28,7,,,,0,0,
Syntrophotalea_A,monophyletic,internal_29,6,,,,0,0,
Syntrophothermus,monophyletic,internal_32,2,,,,0,0,
Syntrophus,monophyletic,internal_29,7,,,,0,0,
Sysuimicrobium,monophyletic,internal_15,3,,,,0,0,
Szabonella,monophyletic,internal_64,2,,,,0,0,
T1SED10-26,monophyletic,internal_16,5,,,,0,0,
T1SED10-78,monophyletic,internal_33,3,,,,0,0,
T1SED10-81,monophyletic,internal_22,6,,,,0,0,
T1SED10-84,monophyletic,internal_21,4,,,,0,0,
T1Sed10-126,monophyletic,internal_10,2,,,,0,0,
T1Sed10-49,monophyletic,internal_34,3,,,,0,0,
T1Sed10-7,monophyletic,internal_36,13,,,,0,0,
T3SED10-260,monophyletic,internal_19,3,,,,0,0,
T3SED10-47,monophyletic,internal_20,4,,,,0,0,
T3SED10-7,monophyletic,internal_35,8,,,,0,0,
T3Sed10-11,monophyletic,internal_29,6,,,,0,0,
T3Sed10-140,monophyletic,internal_32,5,,,,0,0,
T3Sed10-213,monophyletic,internal_32,7,,,,0,0,
T3Sed10-241,monophyletic,internal_45,5,,,,0,0,
T3Sed10-66,monophyletic,internal_30,2,,,,0,0,
TAE3-ERU5,monophyletic,internal_42,2,,,,0,0,
TC-15,monophyletic,internal_44,2,,,,0,0,
TCS-49,monophyletic,internal_19,4,,,,0,0,
TCS52,monophyletic,internal_26,5,,,,0,0,
TCS55,monophyletic,internal_32,20,,,,0,0,
TCS60,monophyletic,internal_19,2,,,,0,0,
TCS61,monophyletic,internal_27,5,,,,0,0,
TH-plancto1,monophyletic,internal_26,14,,,,0,0,
TIUS-1,monophyletic,internal_26,3,,,,0,0,
TK10-74A,monophyletic,internal_32,7,,,,0,0,
TMED-70,monophyletic,internal_37,13,,,,0,0,
TMED108,monophyletic,internal_34,8,,,,0,0,
TMED109,monophyletic,internal_37,10,,,,0,0,
TMED112,monophyletic,internal_31,30,,,,0,0,
TMED113,monophyletic,internal_39,2,,,,0,0,
TMED126,monophyletic,internal_18,2,,,,0,0,
TMED13,monophyletic,internal_27,4,,,,0,0,
TMED131,monophyletic,internal_39,8,,,,0,0,
TMED14,monophyletic,internal_46,34,,,,0,0,
TMED144,monophyletic,internal_34,3,,,,0,0,
TMED15,monophyletic,internal_18,3,,,,0,0,
TMED161,monophyletic,internal_30,6,,,,0,0,
TMED167,monophyletic,internal_35,2,,,,0,0,
TMED2,monophyletic,internal_27,3,,,,0,0,
TMED220,monophyletic,internal_50,4,,,,0,0,
TMED23,monophyletic,internal_33,12,,,,0,0,
TMED25,monophyletic,internal_31,15,,,,0,0,
TMED26,monophyletic,internal_27,3,,,,0,0,
TMED27,monophyletic,internal_42,21,,,,0,0,
TMED48,monophyletic,internal_45,16,,,,0,0,
TMED54,monophyletic,internal_30,14,,,,0,0,
TMED58,monophyletic,internal_19,6,,,,0,0,
TMED6,monophyletic,internal_30,4,,,,0,0,
TMED69,monophyletic,internal_37,6,,,,0,0,
TMED78,monophyletic,internal_38,2,,,,0,0,
TMED8,monophyletic,internal_38,8,,,,0,0,
TMED80,monophyletic,internal_31,9,,,,0,0,
TMED88,monophyletic,internal_39,4,,,,0,0,
TMED96,monophyletic,internal_50,9,,,,0,0,
TMP-24,monophyletic,internal_58,16,,,,0,0,
TMP-7,monophyletic,internal_29,9,,,,0,0,
TMP-86,monophyletic,internal_32,7,,,,0,0,
TNE-4,monophyletic,internal_39,3,,,,0,0,
TOLSYN,monophyletic,internal_29,22,,,,0,0,
TS1B11,monophyletic,internal_26,2,,,,0,0,
TTA-H9,monophyletic,internal_61,2,,,,0,0,
TWA4,monophyletic,internal_44,11,,,,0,0,
TYQ2,monophyletic,internal_45,2,,,,0,0,
Tabrizicola,monophyletic,internal_63,55,,,,0,0,
Tabrizicola_A,monophyletic,internal_63,10,,,,0,0,
Tagaea,monophyletic,internal_35,21,,,,0,0,
Tahibacter,monophyletic,internal_32,16,,,,0,0,
Taibaiella,monophyletic,internal_43,11,,,,0,0,
Taishania,monophyletic,internal_49,11,,,,0,0,
Taklimakanibacter,monophyletic,internal_41,11,,,,0,0,
Tamaricihabitans,monophyletic,internal_40,2,,,,0,0,
Tamlana,monophyletic,internal_71,2,,,,0,0,
Tangfeifania,monophyletic,internal_66,6,,,,0,0,
Tannerella,monophyletic,internal_67,47,,,,0,0,
Tannockella,monophyletic,internal_24,3,,,,0,0,
Tantalella,monophyletic,internal_25,2,,,,0,0,
Tardibacter,monophyletic,internal_46,2,,,,0,0,
Tardiphaga,monophyletic,internal_47,33,,,,0,0,
Tateyamaria,monophyletic,internal_65,42,,,,0,0,
Tatlockia,monophyletic,internal_45,24,,,,0,0,
Tatumella,monophyletic,internal_53,6,,,,0,0,
Taurinivorans,monophyletic,internal_31,12,,,,0,0,
Tautonia,monophyletic,internal_24,5,,,,0,0,
Taylorella,monophyletic,internal_27,10,,,,0,0,
Tc-Br11-B2g6-7,monophyletic,internal_36,4,,,,0,0,
Tectiglobus,monophyletic,internal_41,12,,,,0,0,
Telluria,monophyletic,internal_43,110,,,,0,0,
Telluria_A,monophyletic,internal_41,36,,,,0,0,
Telluribacter,monophyletic,internal_45,3,,,,0,0,
Telluricultor,monophyletic,internal_18,3,,,,0,0,
Tellurirhabdus,monophyletic,internal_41,2,,,,0,0,
Telmatobacter,monophyletic,internal_31,405,,,,0,0,
Telmatospirillum,monophyletic,internal_34,6,,,,0,0,
Temperatibacter,monophyletic,internal_44,2,,,,0,0,
Tenderia,monophyletic,internal_35,8,,,,0,0,
Tenebribacter,monophyletic,internal_27,14,,,,0,0,
Tenebrionibacter,monophyletic,internal_52,4,,,,0,0,
Tener-01,monophyletic,internal_22,4,,,,0,0,
Tenggerimyces,monophyletic,internal_37,2,,,,0,0,
Tenuifilum,monophyletic,internal_60,8,,,,0,0,
Tepidamorphus,monophyletic,internal_38,2,,,,0,0,
Tepidanaerobacter,monophyletic,internal_24,4,,,,0,0,
Tepidaquicella,monophyletic,internal_31,5,,,,0,0,
Tepidibacillus,monophyletic,internal_27,3,,,,0,0,
Tepidibacter,monophyletic,internal_30,2,,,,0,0,
Tepidibacter_A,monophyletic,internal_30,6,,,,0,0,
Tepidicaulis,monophyletic,internal_42,3,,,,0,0,
Tepidicella,monophyletic,internal_41,3,,,,0,0,
Tepidifontimicrobium,monophyletic,internal_15,8,,,,0,0,
Tepidiforma,monophyletic,internal_40,8,,,,0,0,
Tepidihabitans,monophyletic,internal_25,5,,,,0,0,
Tepidimicrobium,monophyletic,internal_33,2,,,,0,0,
Tepidimonas,monophyletic,internal_40,15,,,,0,0,
Tepidiphilus,monophyletic,internal_40,5,,,,0,0,
Terasakiella,monophyletic,internal_29,11,,,,0,0,
Teredinibacter,monophyletic,internal_47,8,,,,0,0,
Teretinema,monophyletic,internal_21,27,,,,0,0,
Termitidicoccus,monophyletic,internal_34,3,,,,0,0,
Termitinema,monophyletic,internal_23,8,,,,0,0,
Termititenax,monophyletic,internal_16,6,,,,0,0,
Terrabacter,monophyletic,internal_48,25,,,,0,0,
Terribacillus,monophyletic,internal_42,12,,,,0,0,
Terriglobus,monophyletic,internal_34,45,,,,0,0,
Terrilactibacillus,monophyletic,internal_43,2,,,,0,0,
Terrimesophilobacter,monophyletic,internal_59,20,,,,0,0,
Terrimicrobium,monophyletic,internal_30,3,,,,0,0,
Terrimonas,monophyletic,internal_60,5,,,,0,0,
Terrimonas_A,monophyletic,internal_59,7,,,,0,0,
Terrimonas_B,monophyletic,internal_59,12,,,,0,0,
Terripilifer,monophyletic,internal_42,65,,,,0,0,
Terrirubrum,monophyletic,internal_41,5,,,,0,0,
Terrisporobacter,monophyletic,internal_34,12,,,,0,0,
Tersicoccus,monophyletic,internal_46,4,,,,0,0,
Tetragenococcus,monophyletic,internal_50,11,,,,0,0,
Thainema,monophyletic,internal_24,2,,,,0,0,
Thalassobacillus,monophyletic,internal_43,6,,,,0,0,
Thalassobacterium,monophyletic,internal_32,19,,,,0,0,
Thalassobaculum,monophyletic,internal_32,11,,,,0,0,
Thalassobaculum_A,monophyletic,internal_30,6,,,,0,0,
Thalassobellus,monophyletic,internal_74,4,,,,0,0,
Thalassobius,monophyletic,internal_65,18,,,,0,0,
Thalassococcus,monophyletic,internal_68,2,,,,0,0,
Thalassoglobus,monophyletic,internal_29,7,,,,0,0,
Thalassolituus,monophyletic,internal_45,13,,,,0,0,
Thalassomonas,monophyletic,internal_41,4,,,,0,0,
Thalassospira,monophyletic,internal_28,37,,,,0,0,
Thalassospirochaeta,monophyletic,internal_25,6,,,,0,0,
Thalassotalea_A,monophyletic,internal_39,19,,,,0,0,
Thalassotalea_B,monophyletic,internal_44,4,,,,0,0,
Thalassotalea_C,monophyletic,internal_44,4,,,,0,0,
Thalassotalea_E,monophyletic,internal_45,3,,,,0,0,
Thalassotalea_F,monophyletic,internal_43,8,,,,0,0,
Thalassotalea_G,monophyletic,internal_44,3,,,,0,0,
Thalassotalea_H,monophyletic,internal_45,5,,,,0,0,
Thalassovivens,monophyletic,internal_63,2,,,,0,0,
Tharpella,monophyletic,internal_19,17,,,,0,0,
Thauera,monophyletic,internal_42,41,,,,0,0,
Thaumasiovibrio,monophyletic,internal_39,4,,,,0,0,
Thermaerobacter,monophyletic,internal_25,5,,,,0,0,
Thermalbibacter,monophyletic,internal_28,4,,,,0,0,
Thermanaeromonas,monophyletic,internal_32,2,,,,0,0,
Thermanaerosceptrum,monophyletic,internal_25,3,,,,0,0,
Thermanaerothrix,monophyletic,internal_55,4,,,,0,0,
Thermanaerovibrio,monophyletic,internal_21,3,,,,0,0,
Thermasporomyces,monophyletic,internal_38,6,,,,0,0,
Thermatribacter,monophyletic,internal_17,3,,,,0,0,
Thermaurantiacus,monophyletic,internal_47,7,,,,0,0,
Thermaurantimonas,monophyletic,internal_44,4,,,,0,0,
Thermoactinomyces,monophyletic,internal_28,5,,,,0,0,
Thermoanaerobacter,monophyletic,internal_21,10,,,,0,0,
Thermoanaerobacterium,monophyletic,internal_23,9,,,,0,0,
Thermoanaerobaculum,monophyletic,internal_17,5,,,,0,0,
Thermobacillus,monophyletic,internal_34,2,,,,0,0,
Thermobaculum,monophyletic,internal_23,2,,,,0,0,
Thermobifida,monophyletic,internal_38,4,,,,0,0,
Thermobrachium,monophyletic,internal_29,5,,,,0,0,
Thermocaproicibacter,monophyletic,internal_48,18,,,,0,0,
Thermochlorobacter,monophyletic,internal_29,4,,,,0,0,
Thermochromatium,monophyletic,internal_43,8,,,,0,0,
Thermoclostridium,monophyletic,internal_40,6,,,,0,0,
Thermoclostridium_A,monophyletic,internal_37,5,,,,0,0,
Thermocrinis,monophyletic,internal_24,11,,,,0,0,
Thermocrispum,monophyletic,internal_44,2,,,,0,0,
Thermodesulfatator,monophyletic,internal_22,8,,,,0,0,
Thermodesulfobacterium,monophyletic,internal_22,22,,,,0,0,
Thermodesulfobium,monophyletic,internal_13,4,,,,0,0,
Thermodesulfomicrobium,monophyletic,internal_23,3,,,,0,0,
Thermodesulfovibrio,monophyletic,internal_25,21,,,,0,0,
Thermoflavifilum,monophyletic,internal_41,5,,,,0,0,
Thermoflavimicrobium,monophyletic,internal_24,3,,,,0,0,
Thermoflexibacter,monophyletic,internal_39,4,,,,0,0,
Thermoflexus,monophyletic,internal_29,15,,,,0,0,
Thermofontimicrobium_A,monophyletic,internal_28,2,,,,0,0,
Thermogemmata,monophyletic,internal_30,2,,,,0,0,
Thermogemmatispora,monophyletic,internal_20,8,,,,0,0,
Thermogutta,monophyletic,internal_33,6,,,,0,0,
Thermohahella,monophyletic,internal_37,2,,,,0,0,
Thermohalobaculum,monophyletic,internal_33,61,,,,0,0,
Thermoleophilum,monophyletic,internal_27,2,,,,0,0,
Thermoleptolyngbya,monophyletic,internal_32,4,,,,0,0,
Thermomicrobium,monophyletic,internal_29,11,,,,0,0,
Thermomonas,monophyletic,internal_45,53,,,,0,0,
Thermomonospora,monophyletic,internal_37,6,,,,0,0,
Thermonema,monophyletic,internal_38,2,,,,0,0,
Thermopetrobacter,monophyletic,internal_33,14,,,,0,0,
Thermophagus,monophyletic,internal_62,2,,,,0,0,
Thermophilibacter,monophyletic,internal_32,39,,,,0,0,
Thermopolyspora,monophyletic,internal_34,4,,,,0,0,
Thermosaccharophagus,monophyletic,internal_19,4,,,,0,0,
Thermosediminibacter,monophyletic,internal_21,2,,,,0,0,
Thermosinus,monophyletic,internal_25,2,,,,0,0,
Thermosipho,monophyletic,internal_21,4,,,,0,0,
Thermosipho_A,monophyletic,internal_21,4,,,,0,0,
Thermospira,monophyletic,internal_8,4,,,,0,0,
Thermostichus,monophyletic,internal_18,12,,,,0,0,
Thermosulfidibacter,monophyletic,internal_20,5,,,,0,0,
Thermosulfurimonas_A,monophyletic,internal_22,7,,,,0,0,
Thermosynechococcus,monophyletic,internal_21,13,,,,0,0,
Thermosynergistes,monophyletic,internal_16,3,,,,0,0,
Thermosyntropha,monophyletic,internal_35,2,,,,0,0,
Thermotoga,monophyletic,internal_22,7,,,,0,0,
Thermotomaculum,monophyletic,internal_10,5,,,,0,0,
Thermovenabulum,monophyletic,internal_20,3,,,,0,0,
Thermovibrio,monophyletic,internal_23,4,,,,0,0,
Thermovirga,monophyletic,internal_21,2,,,,0,0,
Thermus,monophyletic,internal_17,32,,,,0,0,
Thermus_A,monophyletic,internal_17,2,,,,0,0,
Thioalbus,monophyletic,internal_31,2,,,,0,0,
Thioalkalivibrio,monophyletic,internal_31,35,,,,0,0,
Thioalkalivibrio_A,monophyletic,internal_31,6,,,,0,0,
Thiobacillus,monophyletic,internal_41,113,,,,0,0,
Thiobacter,monophyletic,internal_39,5,,,,0,0,
Thiocapsa,monophyletic,internal_38,14,,,,0,0,
Thioclava,monophyletic,internal_63,18,,,,0,0,
Thiodiazotropha,monophyletic,internal_41,45,,,,0,0,
Thiodictyon,monophyletic,internal_38,18,,,,0,0,
Thiodubiliella,monophyletic,internal_38,12,,,,0,0,
Thiofaba,monophyletic,internal_28,17,,,,0,0,
Thiofilum,monophyletic,internal_32,3,,,,0,0,
Thioglobus_A,monophyletic,internal_38,19,,,,0,0,
Thioglobus_B,monophyletic,internal_34,3,,,,0,0,
Thioglobus_C,monophyletic,internal_39,12,,,,0,0,
Thiogranum,monophyletic,internal_35,34,,,,0,0,
Thiohalobacter,monophyletic,internal_37,3,,,,0,0,
Thiohalocapsa,monophyletic,internal_38,16,,,,0,0,
Thiohalomonas,monophyletic,internal_37,4,,,,0,0,
Thiohalophilus,monophyletic,internal_39,9,,,,0,0,
Thiohalorhabdus,monophyletic,internal_16,7,,,,0,0,
Thiohalospira,monophyletic,internal_35,5,,,,0,0,
Thiolapillus,monophyletic,internal_37,20,,,,0,0,
Thiolinea,monophyletic,internal_31,19,,,,0,0,
Thiomargarita,monophyletic,internal_36,4,,,,0,0,
Thiomicrolovo,monophyletic,internal_24,10,,,,0,0,
Thiomicrorhabdus,monophyletic,internal_34,42,,,,0,0,
Thiomicrospira,monophyletic,internal_32,11,,,,0,0,
Thiomonas,monophyletic,internal_26,19,,,,0,0,
Thiomonas_A,monophyletic,internal_26,29,,,,0,0,
Thioploca,monophyletic,internal_32,2,,,,0,0,
Thiopontia,monophyletic,internal_30,15,,,,0,0,
Thiopseudomonas,monophyletic,internal_45,10,,,,0,0,
Thiorhodococcus,monophyletic,internal_41,4,,,,0,0,
Thiorhodovibrio,monophyletic,internal_38,3,,,,0,0,
Thiosocius,monophyletic,internal_40,24,,,,0,0,
Thiospirochaeta,monophyletic,internal_25,4,,,,0,0,
Thiosulfativibrio,monophyletic,internal_35,3,,,,0,0,
Thiosymbion,monophyletic,internal_36,7,,,,0,0,
Thiothrix,monophyletic,internal_32,28,,,,0,0,
Thiovibrio,monophyletic,internal_27,25,,,,0,0,
Thiovulum_A,monophyletic,internal_20,2,,,,0,0,
Thiovulum_C,monophyletic,internal_19,2,,,,0,0,
Thomasclavelia,monophyletic,internal_23,11,,,,0,0,
Thorsellia,monophyletic,internal_38,2,,,,0,0,
Tianweitania,monophyletic,internal_50,5,,,,0,0,
Tibeticola,monophyletic,internal_46,2,,,,0,0,
Tichowtungia,monophyletic,internal_20,33,,,,0,0,
Tidjanibacter,monophyletic,internal_66,47,,,,0,0,
Tigheibacillus,monophyletic,internal_47,2,,,,0,0,
Timaviella,monophyletic,internal_29,3,,,,0,0,
Timburyella,monophyletic,internal_38,3,,,,0,0,
Timonella,monophyletic,internal_52,5,,,,0,0,
Tindallia,monophyletic,internal_29,4,,,,0,0,
Tisiphia,monophyletic,internal_33,17,,,,0,0,
Tissierella,monophyletic,internal_34,8,,,,0,0,
Tissierella_A,monophyletic,internal_35,5,,,,0,0,
Tissierella_B,monophyletic,internal_36,7,,,,0,0,
Tistlia,monophyletic,internal_37,3,,,,0,0,
Tistrella,monophyletic,internal_33,3,,,,0,0,
Tolumonas,monophyletic,internal_37,11,,,,0,0,
Tomitella,monophyletic,internal_37,7,,,,0,0,
Tous-C4FEB,monophyletic,internal_36,18,,,,0,0,
Trabulsiella,monophyletic,internal_55,4,,,,0,0,
Tractidigestivibacter,monophyletic,internal_34,14,,,,0,0,
Tranquillimonas,monophyletic,internal_55,4,,,,0,0,
Traorella,monophyletic,internal_22,5,,,,0,0,
Trebonia,monophyletic,internal_36,44,,,,0,0,
Tremblaya,monophyletic,internal_27,2,,,,0,0,
Treponema,monophyletic,internal_20,19,,,,0,0,
Treponema_B,monophyletic,internal_20,27,,,,0,0,
Treponema_C,monophyletic,internal_27,7,,,,0,0,
Treponema_D,monophyletic,internal_23,338,,,,0,0,
Treponema_F,monophyletic,internal_24,16,,,,0,0,
Treponema_G,monophyletic,internal_25,2,,,,0,0,
Treponema_I,monophyletic,internal_23,12,,,,0,0,
Trichlorobacter,monophyletic,internal_21,28,,,,0,0,
Trichloromonas,monophyletic,internal_29,10,,,,0,0,
Trichococcus,monophyletic,internal_38,18,,,,0,0,
Trichocoleus,monophyletic,internal_21,4,,,,0,0,
Trichodesmium,monophyletic,internal_28,12,,,,0,0,
Trichofilum,monophyletic,internal_40,3,,,,0,0,
Trichorickettsia,monophyletic,internal_33,2,,,,0,0,
Trichormus,monophyletic,internal_33,18,,,,0,0,
Trichormus_B,monophyletic,internal_39,3,,,,0,0,
Trichothermofontia,monophyletic,internal_21,3,,,,0,0,
Trinickia,monophyletic,internal_34,33,,,,0,0,
Trinickia_A,monophyletic,internal_35,4,,,,0,0,
Tropicibacter,monophyletic,internal_78,2,,,,0,0,
Tropicimonas,monophyletic,internal_58,13,,,,0,0,
Tropicimonas_B,monophyletic,internal_59,2,,,,0,0,
Truepera,monophyletic,internal_21,6,,,,0,0,
Trueperella,monophyletic,internal_55,11,,,,0,0,
Trujillonella,monophyletic,internal_37,6,,,,0,0,
Tsukamurella,monophyletic,internal_39,21,,,,0,0,
Tsuneonella,monophyletic,internal_64,21,,,,0,0,
Tullyiplasma,monophyletic,internal_26,4,,,,0,0,
Tumebacillus,monophyletic,internal_25,5,,,,0,0,
Tumebacillus_A,monophyletic,internal_25,4,,,,0,0,
Tumidithrix,monophyletic,internal_21,2,,,,0,0,
Tumulicola,monophyletic,internal_25,15,,,,0,0,
Tundrisphaera,monophyletic,internal_29,6,,,,0,0,
Tunicatimonas,monophyletic,internal_42,16,,,,0,0,
Turicibacter,monophyletic,internal_16,7,,,,0,0,
Turicimonas,monophyletic,internal_32,3,,,,0,0,
Turneriella,monophyletic,internal_14,14,,,,0,0,
Tyloplasma,monophyletic,internal_23,7,,,,0,0,
Tyrphobacter,monophyletic,internal_23,11,,,,0,0,
Tyzzerella,monophyletic,internal_36,11,,,,0,0,
UA16,monophyletic,internal_48,29,,,,0,0,
UASB124,monophyletic,internal_23,4,,,,0,0,
UASB340,monophyletic,internal_22,4,,,,0,0,
UB1719,monophyletic,internal_26,7,,,,0,0,
UBA10001,monophyletic,internal_30,2,,,,0,0,
UBA10002,monophyletic,internal_59,21,,,,0,0,
UBA10003,monophyletic,internal_36,3,,,,0,0,
UBA10014,monophyletic,internal_43,2,,,,0,0,
UBA10015,monophyletic,internal_33,7,,,,0,0,
UBA1006,monophyletic,internal_53,18,,,,0,0,
UBA10066,monophyletic,internal_44,3,,,,0,0,
UBA10085,monophyletic,internal_22,3,,,,0,0,
UBA10092,monophyletic,internal_32,6,,,,0,0,
UBA10103,monophyletic,internal_56,116,,,,0,0,
UBA10108,monophyletic,internal_31,2,,,,0,0,
UBA10110,monophyletic,internal_21,6,,,,0,0,
UBA10119,monophyletic,internal_37,4,,,,0,0,
UBA10122,monophyletic,internal_38,2,,,,0,0,
UBA10133,monophyletic,internal_32,13,,,,0,0,
UBA10138,monophyletic,internal_31,3,,,,0,0,
UBA1014,monophyletic,internal_26,3,,,,0,0,
UBA10146,monophyletic,internal_35,2,,,,0,0,
UBA10151,monophyletic,internal_24,19,,,,0,0,
UBA10170,monophyletic,internal_22,2,,,,0,0,
UBA1018,monophyletic,internal_34,2,,,,0,0,
UBA10183,monophyletic,internal_24,13,,,,0,0,
UBA10190,monophyletic,internal_28,2,,,,0,0,
UBA1020,monophyletic,internal_42,20,,,,0,0,
UBA10212,monophyletic,internal_38,2,,,,0,0,
UBA10281,monophyletic,internal_40,40,,,,0,0,
UBA10324,monophyletic,internal_40,7,,,,0,0,
UBA10329,monophyletic,internal_51,22,,,,0,0,
UBA10347,monophyletic,internal_34,9,,,,0,0,
UBA10348,monophyletic,internal_42,6,,,,0,0,
UBA10349,monophyletic,internal_23,3,,,,0,0,
UBA10364,monophyletic,internal_47,41,,,,0,0,
UBA10365,monophyletic,internal_65,2,,,,0,0,
UBA1038,monophyletic,internal_39,13,,,,0,0,
UBA10428,monophyletic,internal_59,25,,,,0,0,
UBA10438,monophyletic,internal_35,29,,,,0,0,
UBA10449,monophyletic,internal_23,13,,,,0,0,
UBA10450,monophyletic,internal_36,4,,,,0,0,
UBA1046,monophyletic,internal_33,8,,,,0,0,
UBA1049,monophyletic,internal_37,6,,,,0,0,
UBA10511,monophyletic,internal_31,7,,,,0,0,
UBA10518,monophyletic,internal_25,8,,,,0,0,
UBA10566,monophyletic,internal_56,17,,,,0,0,
UBA1063,monophyletic,internal_20,7,,,,0,0,
UBA10646,monophyletic,internal_48,3,,,,0,0,
UBA10649,monophyletic,internal_44,33,,,,0,0,
UBA1067,monophyletic,internal_33,117,,,,0,0,
UBA10677,monophyletic,internal_36,16,,,,0,0,
UBA10799,monophyletic,internal_40,7,,,,0,0,
UBA10806,monophyletic,internal_21,3,,,,0,0,
UBA1081,monophyletic,internal_44,21,,,,0,0,
UBA10906,monophyletic,internal_51,25,,,,0,0,
UBA10908,monophyletic,internal_36,7,,,,0,0,
UBA10939,monophyletic,internal_25,2,,,,0,0,
UBA1096,monophyletic,internal_22,26,,,,0,0,
UBA10988,monophyletic,internal_18,2,,,,0,0,
UBA1100,monophyletic,internal_26,15,,,,0,0,
UBA11051,monophyletic,internal_26,9,,,,0,0,
UBA11073,monophyletic,internal_29,2,,,,0,0,
UBA11090,monophyletic,internal_29,3,,,,0,0,
UBA11098,monophyletic,internal_32,3,,,,0,0,
UBA11136,monophyletic,internal_32,4,,,,0,0,
UBA11164,monophyletic,internal_34,2,,,,0,0,
UBA11222,monophyletic,internal_40,10,,,,0,0,
UBA1123,monophyletic,internal_44,2,,,,0,0,
UBA11236,monophyletic,internal_28,12,,,,0,0,
UBA1124,monophyletic,internal_50,2,,,,0,0,
UBA1127,monophyletic,internal_37,13,,,,0,0,
UBA11320,monophyletic,internal_30,6,,,,0,0,
UBA11346,monophyletic,internal_23,7,,,,0,0,
UBA1135,monophyletic,internal_33,2,,,,0,0,
UBA11358,monophyletic,internal_32,163,,,,0,0,
UBA11359,monophyletic,internal_55,2,,,,0,0,
UBA11361,monophyletic,internal_25,5,,,,0,0,
UBA11373,monophyletic,internal_31,7,,,,0,0,
UBA1138,monophyletic,internal_39,5,,,,0,0,
UBA11386,monophyletic,internal_31,5,,,,0,0,
UBA11393,monophyletic,internal_30,3,,,,0,0,
UBA11398,monophyletic,internal_43,13,,,,0,0,
UBA1140,monophyletic,internal_22,40,,,,0,0,
UBA11400,monophyletic,internal_32,4,,,,0,0,
UBA11403,monophyletic,internal_47,2,,,,0,0,
UBA1141,monophyletic,internal_49,3,,,,0,0,
UBA1142,monophyletic,internal_38,7,,,,0,0,
UBA11426,monophyletic,internal_38,2,,,,0,0,
UBA1144,monophyletic,internal_19,3,,,,0,0,
UBA11452,monophyletic,internal_27,6,,,,0,0,
UBA1146,monophyletic,internal_28,6,,,,0,0,
UBA1147,monophyletic,internal_36,5,,,,0,0,
UBA11475,monophyletic,internal_40,6,,,,0,0,
UBA1149,monophyletic,internal_24,4,,,,0,0,
UBA11490,monophyletic,internal_37,41,,,,0,0,
UBA1151,monophyletic,internal_44,5,,,,0,0,
UBA11512,monophyletic,internal_41,7,,,,0,0,
UBA11524,monophyletic,internal_39,40,,,,0,0,
UBA11540,monophyletic,internal_39,3,,,,0,0,
UBA11549,monophyletic,internal_21,15,,,,0,0,
UBA11574,monophyletic,internal_32,16,,,,0,0,
UBA11579,monophyletic,internal_55,8,,,,0,0,
UBA11591,monophyletic,internal_40,2,,,,0,0,
UBA11600,monophyletic,internal_28,4,,,,0,0,
UBA11606,monophyletic,internal_41,16,,,,0,0,
UBA1161,monophyletic,internal_28,3,,,,0,0,
UBA11612,monophyletic,internal_35,6,,,,0,0,
UBA11618,monophyletic,internal_47,2,,,,0,0,
UBA1162,monophyletic,internal_45,6,,,,0,0,
UBA1163,monophyletic,internal_29,15,,,,0,0,
UBA11650,monophyletic,internal_46,4,,,,0,0,
UBA11657,monophyletic,internal_39,6,,,,0,0,
UBA11663,monophyletic,internal_47,25,,,,0,0,
UBA11682,monophyletic,internal_35,3,,,,0,0,
UBA11703,monophyletic,internal_43,2,,,,0,0,
UBA11704,monophyletic,internal_51,53,,,,0,0,
UBA11705,monophyletic,internal_34,2,,,,0,0,
UBA11707,monophyletic,internal_38,8,,,,0,0,
UBA11710,monophyletic,internal_45,2,,,,0,0,
UBA11712,monophyletic,internal_31,3,,,,0,0,
UBA11717,monophyletic,internal_38,3,,,,0,0,
UBA1172,monophyletic,internal_31,2,,,,0,0,
UBA11740,monophyletic,internal_23,45,,,,0,0,
UBA1177,monophyletic,internal_20,15,,,,0,0,
UBA11791,monophyletic,internal_29,5,,,,0,0,
UBA11795,monophyletic,internal_45,2,,,,0,0,
UBA1181,monophyletic,internal_65,30,,,,0,0,
UBA1183,monophyletic,internal_24,4,,,,0,0,
UBA11858,monophyletic,internal_48,3,,,,0,0,
UBA11865,monophyletic,internal_42,12,,,,0,0,
UBA11869,monophyletic,internal_38,7,,,,0,0,
UBA11872,monophyletic,internal_19,24,,,,0,0,
UBA11873,monophyletic,internal_36,11,,,,0,0,
UBA1188,monophyletic,internal_19,9,,,,0,0,
UBA11883,monophyletic,internal_39,3,,,,0,0,
UBA11889,monophyletic,internal_50,9,,,,0,0,
UBA1189,monophyletic,internal_66,31,,,,0,0,
UBA11891,monophyletic,internal_52,7,,,,0,0,
UBA1195,monophyletic,internal_55,5,,,,0,0,
UBA11957,monophyletic,internal_48,10,,,,0,0,
UBA11986,monophyletic,internal_37,4,,,,0,0,
UBA11996,monophyletic,internal_42,11,,,,0,0,
UBA1200,monophyletic,internal_28,2,,,,0,0,
UBA1201,monophyletic,internal_44,6,,,,0,0,
UBA12014,monophyletic,internal_30,10,,,,0,0,
UBA12015,monophyletic,internal_26,3,,,,0,0,
UBA12018,monophyletic,internal_65,4,,,,0,0,
UBA12026,monophyletic,internal_37,3,,,,0,0,
UBA1203,monophyletic,internal_23,3,,,,0,0,
UBA12042,monophyletic,internal_32,2,,,,0,0,
UBA1205,monophyletic,internal_56,8,,,,0,0,
UBA12053,monophyletic,internal_32,2,,,,0,0,
UBA12059,monophyletic,internal_22,2,,,,0,0,
UBA1206,monophyletic,internal_38,12,,,,0,0,
UBA12068,monophyletic,internal_34,9,,,,0,0,
UBA12077,monophyletic,internal_54,37,,,,0,0,
UBA12078,monophyletic,internal_26,9,,,,0,0,
UBA12079,monophyletic,internal_48,7,,,,0,0,
UBA12086,monophyletic,internal_48,4,,,,0,0,
UBA12087,monophyletic,internal_50,4,,,,0,0,
UBA12088,monophyletic,internal_56,10,,,,0,0,
UBA12090,monophyletic,internal_31,3,,,,0,0,
UBA1212,monophyletic,internal_30,8,,,,0,0,
UBA1213,monophyletic,internal_43,70,,,,0,0,
UBA12151,monophyletic,internal_30,4,,,,0,0,
UBA12158,monophyletic,internal_37,23,,,,0,0,
UBA12170,monophyletic,internal_56,16,,,,0,0,
UBA12178,monophyletic,internal_18,2,,,,0,0,
UBA1219,monophyletic,internal_58,6,,,,0,0,
UBA12191,monophyletic,internal_27,8,,,,0,0,
UBA12202,monophyletic,internal_30,11,,,,0,0,
UBA1221,monophyletic,internal_30,17,,,,0,0,
UBA1222,monophyletic,internal_39,2,,,,0,0,
UBA12223,monophyletic,internal_17,2,,,,0,0,
UBA12225,monophyletic,internal_19,5,,,,0,0,
UBA1224,monophyletic,internal_35,2,,,,0,0,
UBA1227,monophyletic,internal_46,18,,,,0,0,
UBA12270,monophyletic,internal_30,2,,,,0,0,
UBA1231,monophyletic,internal_22,5,,,,0,0,
UBA1234,monophyletic,internal_34,23,,,,0,0,
UBA1238,monophyletic,internal_28,2,,,,0,0,
UBA12395,monophyletic,internal_18,3,,,,0,0,
UBA1240,monophyletic,internal_21,10,,,,0,0,
UBA12402,monophyletic,internal_40,2,,,,0,0,
UBA12403,monophyletic,internal_43,5,,,,0,0,
UBA12409,monophyletic,internal_20,3,,,,0,0,
UBA12420,monophyletic,internal_28,3,,,,0,0,
UBA12445,monophyletic,internal_43,4,,,,0,0,
UBA12454,monophyletic,internal_29,12,,,,0,0,
UBA1246,monophyletic,internal_43,2,,,,0,0,
UBA12463,monophyletic,internal_28,5,,,,0,0,
UBA12465,monophyletic,internal_37,69,,,,0,0,
UBA12474,monophyletic,internal_17,3,,,,0,0,
UBA12478,monophyletic,internal_49,9,,,,0,0,
UBA1248,monophyletic,internal_37,12,,,,0,0,
UBA12480,monophyletic,internal_24,3,,,,0,0,
UBA12481,monophyletic,internal_55,19,,,,0,0,
UBA12489,monophyletic,internal_24,4,,,,0,0,
UBA12499,monophyletic,internal_25,4,,,,0,0,
UBA12532,monophyletic,internal_28,2,,,,0,0,
UBA1254,monophyletic,internal_25,12,,,,0,0,
UBA12545,monophyletic,internal_33,3,,,,0,0,
UBA1255,monophyletic,internal_33,8,,,,0,0,
UBA12567,monophyletic,internal_35,16,,,,0,0,
UBA12574,monophyletic,internal_29,2,,,,0,0,
UBA12578,monophyletic,internal_30,3,,,,0,0,
UBA1258,monophyletic,internal_55,31,,,,0,0,
UBA1259,monophyletic,internal_40,121,,,,0,0,
UBA1265,monophyletic,internal_36,4,,,,0,0,
UBA1267,monophyletic,internal_41,17,,,,0,0,
UBA1268,monophyletic,internal_36,21,,,,0,0,
UBA1275,monophyletic,internal_34,13,,,,0,0,
UBA1305,monophyletic,internal_39,3,,,,0,0,
UBA1306,monophyletic,internal_22,8,,,,0,0,
UBA1309,monophyletic,internal_70,5,,,,0,0,
UBA1313,monophyletic,internal_28,2,,,,0,0,
UBA1321,monophyletic,internal_24,3,,,,0,0,
UBA1351,monophyletic,internal_33,8,,,,0,0,
UBA1359,monophyletic,internal_33,11,,,,0,0,
UBA1361,monophyletic,internal_24,11,,,,0,0,
UBA1364,monophyletic,internal_38,15,,,,0,0,
UBA1366,monophyletic,internal_46,2,,,,0,0,
UBA1367,monophyletic,internal_32,19,,,,0,0,
UBA1368,monophyletic,internal_38,6,,,,0,0,
UBA1369,monophyletic,internal_35,3,,,,0,0,
UBA1370,monophyletic,internal_41,4,,,,0,0,
UBA1372,monophyletic,internal_32,3,,,,0,0,
UBA1381,monophyletic,internal_41,2,,,,0,0,
UBA1383,monophyletic,internal_49,5,,,,0,0,
UBA1384,monophyletic,internal_25,2,,,,0,0,
UBA1388,monophyletic,internal_41,3,,,,0,0,
UBA1396,monophyletic,internal_31,3,,,,0,0,
UBA1398,monophyletic,internal_19,2,,,,0,0,
UBA1402,monophyletic,internal_61,5,,,,0,0,
UBA1405,monophyletic,internal_41,5,,,,0,0,
UBA1406,monophyletic,internal_26,4,,,,0,0,
UBA1407,monophyletic,internal_28,5,,,,0,0,
UBA1412,monophyletic,internal_19,8,,,,0,0,
UBA1413,monophyletic,internal_61,19,,,,0,0,
UBA1419,monophyletic,internal_25,2,,,,0,0,
UBA1422,monophyletic,internal_40,6,,,,0,0,
UBA1424,monophyletic,internal_27,9,,,,0,0,
UBA1425,monophyletic,internal_43,14,,,,0,0,
UBA1426,monophyletic,internal_36,11,,,,0,0,
UBA1427,monophyletic,internal_20,2,,,,0,0,
UBA1429,monophyletic,internal_33,4,,,,0,0,
UBA1430,monophyletic,internal_35,2,,,,0,0,
UBA1431,monophyletic,internal_32,3,,,,0,0,
UBA1433,monophyletic,internal_24,6,,,,0,0,
UBA1435,monophyletic,internal_36,2,,,,0,0,
UBA1439,monophyletic,internal_17,3,,,,0,0,
UBA1440,monophyletic,internal_41,2,,,,0,0,
UBA1441,monophyletic,internal_30,2,,,,0,0,
UBA1443,monophyletic,internal_32,4,,,,0,0,
UBA1444,monophyletic,internal_22,12,,,,0,0,
UBA1447,monophyletic,internal_43,11,,,,0,0,
UBA1450,monophyletic,internal_38,14,,,,0,0,
UBA1479,monophyletic,internal_36,16,,,,0,0,
UBA1494,monophyletic,internal_42,2,,,,0,0,
UBA1511,monophyletic,internal_34,2,,,,0,0,
UBA1515,monophyletic,internal_45,2,,,,0,0,
UBA1532,monophyletic,internal_29,4,,,,0,0,
UBA1535,monophyletic,internal_27,8,,,,0,0,
UBA1543,monophyletic,internal_21,5,,,,0,0,
UBA1545,monophyletic,internal_25,11,,,,0,0,
UBA1546,monophyletic,internal_29,11,,,,0,0,
UBA1547,monophyletic,internal_39,62,,,,0,0,
UBA1550,monophyletic,internal_45,29,,,,0,0,
UBA1557,monophyletic,internal_48,7,,,,0,0,
UBA1561,monophyletic,internal_39,3,,,,0,0,
UBA1562,monophyletic,internal_37,7,,,,0,0,
UBA1563,monophyletic,internal_33,8,,,,0,0,
UBA1565,monophyletic,internal_37,3,,,,0,0,
UBA1568,monophyletic,internal_33,50,,,,0,0,
UBA1573,monophyletic,internal_36,19,,,,0,0,
UBA1609,monophyletic,internal_31,2,,,,0,0,
UBA1611,monophyletic,internal_31,2,,,,0,0,
UBA1660,monophyletic,internal_39,3,,,,0,0,
UBA1664,monophyletic,internal_34,7,,,,0,0,
UBA1668,monophyletic,internal_34,7,,,,0,0,
UBA1672,monophyletic,internal_42,27,,,,0,0,
UBA1685,monophyletic,internal_42,6,,,,0,0,
UBA1715,monophyletic,internal_56,14,,,,0,0,
UBA1723,monophyletic,internal_64,13,,,,0,0,
UBA1724,monophyletic,internal_27,12,,,,0,0,
UBA1731,monophyletic,internal_33,13,,,,0,0,
UBA1732,monophyletic,internal_29,16,,,,0,0,
UBA1737,monophyletic,internal_23,11,,,,0,0,
UBA1738,monophyletic,internal_38,20,,,,0,0,
UBA1739,monophyletic,internal_33,2,,,,0,0,
UBA1740,monophyletic,internal_41,213,,,,0,0,
UBA1753,monophyletic,internal_51,4,,,,0,0,
UBA1754,monophyletic,internal_65,2,,,,0,0,
UBA1756,monophyletic,internal_56,19,,,,0,0,
UBA1757,monophyletic,internal_61,10,,,,0,0,
UBA1762,monophyletic,internal_49,4,,,,0,0,
UBA1764,monophyletic,internal_37,6,,,,0,0,
UBA1765,monophyletic,internal_28,5,,,,0,0,
UBA1770,monophyletic,internal_47,2,,,,0,0,
UBA1774,monophyletic,internal_44,11,,,,0,0,
UBA1776,monophyletic,internal_38,2,,,,0,0,
UBA1783,monophyletic,internal_22,16,,,,0,0,
UBA1784,monophyletic,internal_39,52,,,,0,0,
UBA1794,monophyletic,internal_70,5,,,,0,0,
UBA1801,monophyletic,internal_17,4,,,,0,0,
UBA1822,monophyletic,internal_26,12,,,,0,0,
UBA1829,monophyletic,internal_26,11,,,,0,0,
UBA1845,monophyletic,internal_32,5,,,,0,0,
UBA1847,monophyletic,internal_37,154,,,,0,0,
UBA1850,monophyletic,internal_35,4,,,,0,0,
UBA1858,monophyletic,internal_31,16,,,,0,0,
UBA1876,monophyletic,internal_21,6,,,,0,0,
UBA1924,monophyletic,internal_38,37,,,,0,0,
UBA1926,monophyletic,internal_37,5,,,,0,0,
UBA1930,monophyletic,internal_54,17,,,,0,0,
UBA1934,monophyletic,internal_37,4,,,,0,0,
UBA1941,monophyletic,internal_42,11,,,,0,0,
UBA1952,monophyletic,internal_43,16,,,,0,0,
UBA1994,monophyletic,internal_59,4,,,,0,0,
UBA1997,monophyletic,internal_32,4,,,,0,0,
UBA2020,monophyletic,internal_36,9,,,,0,0,
UBA2022,monophyletic,internal_26,3,,,,0,0,
UBA2029,monophyletic,internal_49,9,,,,0,0,
UBA2030,monophyletic,internal_61,3,,,,0,0,
UBA2031,monophyletic,internal_39,21,,,,0,0,
UBA2033,monophyletic,internal_11,8,,,,0,0,
UBA2040,monophyletic,internal_51,11,,,,0,0,
UBA2093,monophyletic,internal_37,81,,,,0,0,
UBA2100,monophyletic,internal_54,11,,,,0,0,
UBA2108,monophyletic,internal_45,3,,,,0,0,
UBA2110,monophyletic,internal_40,7,,,,0,0,
UBA2112,monophyletic,internal_39,23,,,,0,0,
UBA2125,monophyletic,internal_30,4,,,,0,0,
UBA2126,monophyletic,internal_31,9,,,,0,0,
UBA2128,monophyletic,internal_27,4,,,,0,0,
UBA2134,monophyletic,internal_32,2,,,,0,0,
UBA2136,monophyletic,internal_17,4,,,,0,0,
UBA2137,monophyletic,internal_35,6,,,,0,0,
UBA2144,monophyletic,internal_31,8,,,,0,0,
UBA2146,monophyletic,internal_28,2,,,,0,0,
UBA2156,monophyletic,internal_31,3,,,,0,0,
UBA2160,monophyletic,internal_45,3,,,,0,0,
UBA2161,monophyletic,internal_27,2,,,,0,0,
UBA2163,monophyletic,internal_53,10,,,,0,0,
UBA2166,monophyletic,internal_22,5,,,,0,0,
UBA2169,monophyletic,internal_30,2,,,,0,0,
UBA2170,monophyletic,internal_32,8,,,,0,0,
UBA2174,monophyletic,internal_32,5,,,,0,0,
UBA2177,monophyletic,internal_28,14,,,,0,0,
UBA2185,monophyletic,internal_29,3,,,,0,0,
UBA2192,monophyletic,internal_26,18,,,,0,0,
UBA2193,monophyletic,internal_26,2,,,,0,0,
UBA2196,monophyletic,internal_29,2,,,,0,0,
UBA2197,monophyletic,internal_28,4,,,,0,0,
UBA2199,monophyletic,internal_21,28,,,,0,0,
UBA2200,monophyletic,internal_28,2,,,,0,0,
UBA2201,monophyletic,internal_17,2,,,,0,0,
UBA2202,monophyletic,internal_21,3,,,,0,0,
UBA2206,monophyletic,internal_31,9,,,,0,0,
UBA2207,monophyletic,internal_28,2,,,,0,0,
UBA2210,monophyletic,internal_31,14,,,,0,0,
UBA2211,monophyletic,internal_37,10,,,,0,0,
UBA2212,monophyletic,internal_23,21,,,,0,0,
UBA2214,monophyletic,internal_30,2,,,,0,0,
UBA2219,monophyletic,internal_23,6,,,,0,0,
UBA2224,monophyletic,internal_17,8,,,,0,0,
UBA2226,monophyletic,internal_18,5,,,,0,0,
UBA2227,monophyletic,internal_23,8,,,,0,0,
UBA2230,monophyletic,internal_37,2,,,,0,0,
UBA2231,monophyletic,internal_35,7,,,,0,0,
UBA2233,monophyletic,internal_12,2,,,,0,0,
UBA2239,monophyletic,internal_40,3,,,,0,0,
UBA2241,monophyletic,internal_25,13,,,,0,0,
UBA2245,monophyletic,internal_29,2,,,,0,0,
UBA2251,monophyletic,internal_31,3,,,,0,0,
UBA2252,monophyletic,internal_23,2,,,,0,0,
UBA2253,monophyletic,internal_24,6,,,,0,0,
UBA2255,monophyletic,internal_17,2,,,,0,0,
UBA2256,monophyletic,internal_26,8,,,,0,0,
UBA2258,monophyletic,internal_25,11,,,,0,0,
UBA2259,monophyletic,internal_28,15,,,,0,0,
UBA2264,monophyletic,internal_28,4,,,,0,0,
UBA2266,monophyletic,internal_38,3,,,,0,0,
UBA2268,monophyletic,internal_36,3,,,,0,0,
UBA2270,monophyletic,internal_24,21,,,,0,0,
UBA2272,monophyletic,internal_28,3,,,,0,0,
UBA2277,monophyletic,internal_32,10,,,,0,0,
UBA2279,monophyletic,internal_23,5,,,,0,0,
UBA228,monophyletic,internal_18,2,,,,0,0,
UBA2282,monophyletic,internal_35,3,,,,0,0,
UBA2283,monophyletic,internal_40,5,,,,0,0,
UBA2286,monophyletic,internal_27,7,,,,0,0,
UBA2287,monophyletic,internal_58,3,,,,0,0,
UBA2289,monophyletic,internal_21,17,,,,0,0,
UBA2316,monophyletic,internal_32,10,,,,0,0,
UBA2329,monophyletic,internal_55,5,,,,0,0,
UBA2330,monophyletic,internal_31,6,,,,0,0,
UBA2334,monophyletic,internal_36,12,,,,0,0,
UBA2336,monophyletic,internal_49,33,,,,0,0,
UBA2339,monophyletic,internal_31,2,,,,0,0,
UBA2353,monophyletic,internal_32,4,,,,0,0,
UBA2357,monophyletic,internal_42,5,,,,0,0,
UBA2359,monophyletic,internal_42,5,,,,0,0,
UBA2364,monophyletic,internal_27,3,,,,0,0,
UBA2365,monophyletic,internal_54,2,,,,0,0,
UBA2376,monophyletic,internal_39,17,,,,0,0,
UBA2377,monophyletic,internal_34,13,,,,0,0,
UBA2383,monophyletic,internal_32,12,,,,0,0,
UBA2385,monophyletic,internal_30,3,,,,0,0,
UBA2386,monophyletic,internal_40,13,,,,0,0,
UBA2387,monophyletic,internal_27,4,,,,0,0,
UBA2391,monophyletic,internal_30,5,,,,0,0,
UBA2392,monophyletic,internal_22,3,,,,0,0,
UBA2396,monophyletic,internal_40,7,,,,0,0,
UBA2402,monophyletic,internal_43,9,,,,0,0,
UBA2421,monophyletic,internal_29,2,,,,0,0,
UBA2450,monophyletic,internal_30,23,,,,0,0,
UBA2466,monophyletic,internal_26,6,,,,0,0,
UBA2521,monophyletic,internal_39,2,,,,0,0,
UBA2558,monophyletic,internal_37,8,,,,0,0,
UBA2561,monophyletic,internal_40,2,,,,0,0,
UBA2588,monophyletic,internal_39,4,,,,0,0,
UBA2589,monophyletic,internal_38,25,,,,0,0,
UBA2595,monophyletic,internal_27,2,,,,0,0,
UBA2632,monophyletic,internal_67,13,,,,0,0,
UBA2638,monophyletic,internal_40,5,,,,0,0,
UBA2645,monophyletic,internal_32,44,,,,0,0,
UBA2653,monophyletic,internal_44,6,,,,0,0,
UBA2658,monophyletic,internal_43,30,,,,0,0,
UBA2705,monophyletic,internal_36,5,,,,0,0,
UBA2730,monophyletic,internal_29,11,,,,0,0,
UBA2767,monophyletic,internal_38,11,,,,0,0,
UBA2772,monophyletic,internal_28,4,,,,0,0,
UBA2773,monophyletic,internal_27,5,,,,0,0,
UBA2774,monophyletic,internal_24,3,,,,0,0,
UBA2779,monophyletic,internal_28,14,,,,0,0,
UBA2780,monophyletic,internal_30,2,,,,0,0,
UBA2784,monophyletic,internal_30,2,,,,0,0,
UBA2796,monophyletic,internal_44,2,,,,0,0,
UBA2798,monophyletic,internal_44,4,,,,0,0,
UBA2804,monophyletic,internal_39,7,,,,0,0,
UBA2810,monophyletic,internal_38,2,,,,0,0,
UBA2821,monophyletic,internal_42,5,,,,0,0,
UBA2834,monophyletic,internal_42,59,,,,0,0,
UBA2862,monophyletic,internal_40,32,,,,0,0,
UBA2868,monophyletic,internal_51,50,,,,0,0,
UBA2882,monophyletic,internal_50,18,,,,0,0,
UBA2883,monophyletic,internal_27,14,,,,0,0,
UBA2897,monophyletic,internal_47,5,,,,0,0,
UBA2903,monophyletic,internal_21,8,,,,0,0,
UBA2912,monophyletic,internal_38,6,,,,0,0,
UBA2913,monophyletic,internal_46,2,,,,0,0,
UBA2922,monophyletic,internal_49,6,,,,0,0,
UBA2942,monophyletic,internal_45,4,,,,0,0,
UBA2943,monophyletic,internal_42,10,,,,0,0,
UBA2962,monophyletic,internal_46,5,,,,0,0,
UBA2963,monophyletic,internal_44,2,,,,0,0,
UBA2964,monophyletic,internal_38,12,,,,0,0,
UBA2965,monophyletic,internal_54,3,,,,0,0,
UBA2966,monophyletic,internal_35,6,,,,0,0,
UBA2968,monophyletic,internal_26,3,,,,0,0,
UBA2970,monophyletic,internal_22,11,,,,0,0,
UBA2979,monophyletic,internal_33,8,,,,0,0,
UBA2982,monophyletic,internal_37,11,,,,0,0,
UBA2985,monophyletic,internal_35,2,,,,0,0,
UBA2988,monophyletic,internal_29,7,,,,0,0,
UBA2991,monophyletic,internal_32,28,,,,0,0,
UBA2993,monophyletic,internal_24,2,,,,0,0,
UBA2994,monophyletic,internal_29,2,,,,0,0,
UBA2995,monophyletic,internal_23,7,,,,0,0,
UBA3006,monophyletic,internal_38,58,,,,0,0,
UBA3012,monophyletic,internal_35,8,,,,0,0,
UBA3054,monophyletic,internal_17,9,,,,0,0,
UBA3064,monophyletic,internal_31,6,,,,0,0,
UBA3065,monophyletic,internal_31,7,,,,0,0,
UBA3067,monophyletic,internal_34,3,,,,0,0,
UBA3069,monophyletic,internal_65,2,,,,0,0,
UBA3071,monophyletic,internal_28,3,,,,0,0,
UBA3073,monophyletic,internal_20,4,,,,0,0,
UBA3076,monophyletic,internal_27,18,,,,0,0,
UBA3077,monophyletic,internal_42,18,,,,0,0,
UBA3079,monophyletic,internal_24,2,,,,0,0,
UBA3084,monophyletic,internal_30,2,,,,0,0,
UBA3086,monophyletic,internal_24,2,,,,0,0,
UBA3102,monophyletic,internal_33,2,,,,0,0,
UBA3125,monophyletic,internal_37,8,,,,0,0,
UBA3206,monophyletic,internal_26,9,,,,0,0,
UBA3210,monophyletic,internal_22,15,,,,0,0,
UBA3212,monophyletic,internal_43,2,,,,0,0,
UBA3222,monophyletic,internal_24,5,,,,0,0,
UBA3254,monophyletic,internal_44,2,,,,0,0,
UBA3263,monophyletic,internal_78,23,,,,0,0,
UBA3282,monophyletic,internal_50,122,,,,0,0,
UBA3291,monophyletic,internal_31,10,,,,0,0,
UBA3305,monophyletic,internal_45,11,,,,0,0,
UBA3375,monophyletic,internal_15,2,,,,0,0,
UBA3402,monophyletic,internal_49,41,,,,0,0,
UBA3439,monophyletic,internal_33,20,,,,0,0,
UBA3465,monophyletic,internal_9,7,,,,0,0,
UBA3470,monophyletic,internal_38,7,,,,0,0,
UBA3478,monophyletic,internal_56,22,,,,0,0,
UBA3495,monophyletic,internal_45,3,,,,0,0,
UBA3496,monophyletic,internal_24,4,,,,0,0,
UBA3505,monophyletic,internal_28,2,,,,0,0,
UBA3537,monophyletic,internal_56,22,,,,0,0,
UBA3571,monophyletic,internal_18,6,,,,0,0,
UBA3574,monophyletic,internal_21,2,,,,0,0,
UBA3583,monophyletic,internal_35,4,,,,0,0,
UBA3631,monophyletic,internal_27,4,,,,0,0,
UBA3633,monophyletic,internal_44,13,,,,0,0,
UBA3636,monophyletic,internal_26,12,,,,0,0,
UBA3637,monophyletic,internal_25,21,,,,0,0,
UBA3680,monophyletic,internal_42,3,,,,0,0,
UBA3700,monophyletic,internal_38,7,,,,0,0,
UBA3738,monophyletic,internal_45,4,,,,0,0,
UBA3747,monophyletic,internal_69,2,,,,0,0,
UBA3766,monophyletic,internal_52,43,,,,0,0,
UBA3774,monophyletic,internal_45,8,,,,0,0,
UBA3775,monophyletic,internal_43,9,,,,0,0,
UBA3789,monophyletic,internal_36,47,,,,0,0,
UBA3792,monophyletic,internal_40,28,,,,0,0,
UBA3796,monophyletic,internal_45,4,,,,0,0,
UBA3818,monophyletic,internal_41,10,,,,0,0,
UBA3824,monophyletic,internal_56,25,,,,0,0,
UBA3830,monophyletic,internal_25,12,,,,0,0,
UBA3839,monophyletic,internal_72,17,,,,0,0,
UBA3855,monophyletic,internal_47,50,,,,0,0,
UBA3857,monophyletic,internal_40,14,,,,0,0,
UBA3869,monophyletic,internal_24,2,,,,0,0,
UBA3871,monophyletic,internal_43,4,,,,0,0,
UBA3900,monophyletic,internal_27,6,,,,0,0,
UBA3906,monophyletic,internal_25,2,,,,0,0,
UBA3907,monophyletic,internal_30,4,,,,0,0,
UBA3910,monophyletic,internal_28,2,,,,0,0,
UBA3913,monophyletic,internal_44,2,,,,0,0,
UBA3920,monophyletic,internal_25,3,,,,0,0,
UBA3937,monophyletic,internal_25,3,,,,0,0,
UBA3940,monophyletic,internal_40,2,,,,0,0,
UBA3941,monophyletic,internal_27,3,,,,0,0,
UBA3946,monophyletic,internal_24,3,,,,0,0,
UBA3951,monophyletic,internal_31,6,,,,0,0,
UBA4045,monophyletic,internal_32,4,,,,0,0,
UBA4053,monophyletic,internal_33,2,,,,0,0,
UBA4054,monophyletic,internal_28,2,,,,0,0,
UBA4055,monophyletic,internal_23,5,,,,0,0,
UBA4064,monophyletic,internal_31,3,,,,0,0,
UBA4066,monophyletic,internal_23,2,,,,0,0,
UBA4068,monophyletic,internal_29,2,,,,0,0,
UBA4085,monophyletic,internal_28,8,,,,0,0,
UBA4093,monophyletic,internal_15,3,,,,0,0,
UBA4116,monophyletic,internal_71,5,,,,0,0,
UBA4124,monophyletic,internal_50,51,,,,0,0,
UBA4132,monophyletic,internal_51,9,,,,0,0,
UBA4151,monophyletic,internal_21,2,,,,0,0,
UBA4207,monophyletic,internal_39,5,,,,0,0,
UBA4246,monophyletic,internal_39,10,,,,0,0,
UBA4248,monophyletic,internal_31,11,,,,0,0,
UBA4285,monophyletic,internal_44,14,,,,0,0,
UBA4292,monophyletic,internal_44,5,,,,0,0,
UBA4311,monophyletic,internal_29,8,,,,0,0,
UBA4312,monophyletic,internal_31,2,,,,0,0,
UBA4363,monophyletic,internal_66,6,,,,0,0,
UBA4408,monophyletic,internal_51,3,,,,0,0,
UBA4416,monophyletic,internal_57,53,,,,0,0,
UBA4417,monophyletic,internal_58,45,,,,0,0,
UBA4419,monophyletic,internal_44,3,,,,0,0,
UBA4421,monophyletic,internal_50,67,,,,0,0,
UBA4427,monophyletic,internal_34,31,,,,0,0,
UBA4457,monophyletic,internal_37,7,,,,0,0,
UBA4459,monophyletic,internal_61,6,,,,0,0,
UBA4465,monophyletic,internal_48,10,,,,0,0,
UBA4466,monophyletic,internal_46,56,,,,0,0,
UBA4479,monophyletic,internal_38,23,,,,0,0,
UBA4486,monophyletic,internal_34,3,,,,0,0,
UBA4572,monophyletic,internal_22,16,,,,0,0,
UBA4575,monophyletic,internal_30,3,,,,0,0,
UBA4581,monophyletic,internal_30,2,,,,0,0,
UBA4582,monophyletic,internal_48,12,,,,0,0,
UBA4588,monophyletic,internal_32,2,,,,0,0,
UBA4592,monophyletic,internal_42,22,,,,0,0,
UBA4615,monophyletic,internal_32,26,,,,0,0,
UBA4636,monophyletic,internal_40,23,,,,0,0,
UBA4644,monophyletic,internal_42,17,,,,0,0,
UBA4647,monophyletic,internal_34,2,,,,0,0,
UBA4655,monophyletic,internal_34,5,,,,0,0,
UBA4656,monophyletic,internal_36,5,,,,0,0,
UBA4658,monophyletic,internal_41,10,,,,0,0,
UBA4660,monophyletic,internal_42,2,,,,0,0,
UBA4664,monophyletic,internal_34,2,,,,0,0,
UBA4665,monophyletic,internal_40,10,,,,0,0,
UBA4675,monophyletic,internal_38,4,,,,0,0,
UBA4716,monophyletic,internal_42,5,,,,0,0,
UBA4717,monophyletic,internal_37,9,,,,0,0,
UBA4719,monophyletic,internal_42,23,,,,0,0,
UBA4720,monophyletic,internal_24,109,,,,0,0,
UBA4722,monophyletic,internal_44,6,,,,0,0,
UBA4729,monophyletic,internal_49,9,,,,0,0,
UBA4732,monophyletic,internal_33,5,,,,0,0,
UBA4733,monophyletic,internal_18,4,,,,0,0,
UBA4735,monophyletic,internal_20,24,,,,0,0,
UBA4742,monophyletic,internal_33,14,,,,0,0,
UBA4744,monophyletic,internal_22,10,,,,0,0,
UBA4781,monophyletic,internal_49,8,,,,0,0,
UBA4782,monophyletic,internal_51,7,,,,0,0,
UBA4787,monophyletic,internal_34,2,,,,0,0,
UBA4802,monophyletic,internal_10,9,,,,0,0,
UBA4810,monophyletic,internal_33,15,,,,0,0,
UBA4820,monophyletic,internal_13,3,,,,0,0,
UBA4823,monophyletic,internal_53,3,,,,0,0,
UBA4844,monophyletic,internal_40,9,,,,0,0,
UBA4874,monophyletic,internal_25,3,,,,0,0,
UBA4877,monophyletic,internal_21,2,,,,0,0,
UBA4882,monophyletic,internal_16,2,,,,0,0,
UBA4923,monophyletic,internal_34,23,,,,0,0,
UBA4951,monophyletic,internal_26,78,,,,0,0,
UBA4971,monophyletic,internal_18,8,,,,0,0,
UBA4975,monophyletic,internal_24,5,,,,0,0,
UBA4996,monophyletic,internal_29,2,,,,0,0,
UBA5004,monophyletic,internal_55,37,,,,0,0,
UBA5005,monophyletic,internal_40,4,,,,0,0,
UBA5009,monophyletic,internal_34,3,,,,0,0,
UBA5018,monophyletic,internal_33,10,,,,0,0,
UBA5026,monophyletic,internal_27,7,,,,0,0,
UBA5066,monophyletic,internal_21,17,,,,0,0,
UBA5069,monophyletic,internal_37,6,,,,0,0,
UBA5070,monophyletic,internal_22,10,,,,0,0,
UBA5072,monophyletic,internal_59,35,,,,0,0,
UBA5078,monophyletic,internal_45,26,,,,0,0,
UBA5109,monophyletic,internal_45,13,,,,0,0,
UBA5123,monophyletic,internal_25,4,,,,0,0,
UBA5124,monophyletic,internal_31,9,,,,0,0,
UBA5150,monophyletic,internal_55,4,,,,0,0,
UBA5158,monophyletic,internal_40,8,,,,0,0,
UBA5169,monophyletic,internal_33,7,,,,0,0,
UBA5186,monophyletic,internal_30,4,,,,0,0,
UBA5189,monophyletic,internal_25,66,,,,0,0,
UBA5195,monophyletic,internal_52,29,,,,0,0,
UBA5200,monophyletic,internal_24,4,,,,0,0,
UBA5202,monophyletic,internal_17,5,,,,0,0,
UBA5203,monophyletic,internal_51,3,,,,0,0,
UBA5206,monophyletic,internal_56,2,,,,0,0,
UBA5209,monophyletic,internal_26,10,,,,0,0,
UBA5216,monophyletic,internal_48,21,,,,0,0,
UBA5232,monophyletic,internal_28,23,,,,0,0,
UBA5239,monophyletic,internal_31,5,,,,0,0,
UBA5266,monophyletic,internal_55,8,,,,0,0,
UBA5272,monophyletic,internal_50,15,,,,0,0,
UBA5287,monophyletic,internal_70,2,,,,0,0,
UBA5314,monophyletic,internal_40,5,,,,0,0,
UBA5336,monophyletic,internal_40,19,,,,0,0,
UBA5342,monophyletic,internal_60,3,,,,0,0,
UBA5348,monophyletic,internal_23,3,,,,0,0,
UBA5352,monophyletic,internal_26,8,,,,0,0,
UBA5359,monophyletic,internal_12,3,,,,0,0,
UBA5364,monophyletic,internal_20,4,,,,0,0,
UBA5389,monophyletic,internal_23,6,,,,0,0,
UBA5399,monophyletic,internal_36,7,,,,0,0,
UBA5409,monophyletic,internal_20,3,,,,0,0,
UBA5420,monophyletic,internal_31,9,,,,0,0,
UBA5429,monophyletic,internal_56,7,,,,0,0,
UBA5436,monophyletic,internal_33,12,,,,0,0,
UBA5448,monophyletic,internal_34,2,,,,0,0,
UBA5453,monophyletic,internal_21,3,,,,0,0,
UBA5454,monophyletic,internal_29,3,,,,0,0,
UBA5455,monophyletic,internal_24,2,,,,0,0,
UBA5456,monophyletic,internal_26,24,,,,0,0,
UBA5486,monophyletic,internal_23,2,,,,0,0,
UBA5489,monophyletic,internal_37,8,,,,0,0,
UBA5500,monophyletic,internal_26,4,,,,0,0,
UBA5518,monophyletic,internal_42,16,,,,0,0,
UBA5536,monophyletic,internal_60,10,,,,0,0,
UBA5542,monophyletic,internal_27,2,,,,0,0,
UBA5543,monophyletic,internal_47,15,,,,0,0,
UBA5550,monophyletic,internal_12,6,,,,0,0,
UBA5559,monophyletic,internal_34,3,,,,0,0,
UBA5578,monophyletic,internal_31,20,,,,0,0,
UBA5603,monophyletic,internal_24,7,,,,0,0,
UBA5609,monophyletic,internal_23,7,,,,0,0,
UBA5614,monophyletic,internal_21,8,,,,0,0,
UBA5619,monophyletic,internal_32,16,,,,0,0,
UBA5623,monophyletic,internal_33,2,,,,0,0,
UBA5627,monophyletic,internal_37,12,,,,0,0,
UBA5629,monophyletic,internal_39,2,,,,0,0,
UBA5701,monophyletic,internal_43,4,,,,0,0,
UBA5704,monophyletic,internal_28,6,,,,0,0,
UBA5734,monophyletic,internal_38,8,,,,0,0,
UBA5738,monophyletic,internal_37,13,,,,0,0,
UBA5745,monophyletic,internal_23,2,,,,0,0,
UBA5754,monophyletic,internal_24,2,,,,0,0,
UBA5760,monophyletic,internal_40,15,,,,0,0,
UBA5767,monophyletic,internal_21,3,,,,0,0,
UBA5793,monophyletic,internal_26,7,,,,0,0,
UBA5794,monophyletic,internal_27,11,,,,0,0,
UBA5796,monophyletic,internal_46,3,,,,0,0,
UBA5799,monophyletic,internal_33,7,,,,0,0,
UBA5829,monophyletic,internal_28,5,,,,0,0,
UBA5851,monophyletic,internal_19,3,,,,0,0,
UBA5859,monophyletic,internal_21,2,,,,0,0,
UBA5861,monophyletic,internal_29,2,,,,0,0,
UBA5868,monophyletic,internal_49,6,,,,0,0,
UBA5884,monophyletic,internal_47,11,,,,0,0,
UBA5893,monophyletic,internal_36,20,,,,0,0,
UBA5905,monophyletic,internal_40,37,,,,0,0,
UBA5941,monophyletic,internal_38,3,,,,0,0,
UBA5951,monophyletic,internal_32,10,,,,0,0,
UBA5972,monophyletic,internal_44,19,,,,0,0,
UBA5976,monophyletic,internal_36,41,,,,0,0,
UBA6002,monophyletic,internal_41,5,,,,0,0,
UBA6016,monophyletic,internal_19,9,,,,0,0,
UBA6019,monophyletic,internal_24,6,,,,0,0,
UBA6022,monophyletic,internal_39,11,,,,0,0,
UBA6049,monophyletic,internal_43,3,,,,0,0,
UBA6053,monophyletic,internal_27,8,,,,0,0,
UBA6054,monophyletic,internal_38,10,,,,0,0,
UBA6055,monophyletic,internal_46,68,,,,0,0,
UBA6059,monophyletic,internal_43,5,,,,0,0,
UBA6065,monophyletic,internal_58,22,,,,0,0,
UBA6078,monophyletic,internal_31,8,,,,0,0,
UBA6080,monophyletic,internal_20,8,,,,0,0,
UBA6098,monophyletic,internal_21,3,,,,0,0,
UBA6099,monophyletic,internal_16,4,,,,0,0,
UBA6100,monophyletic,internal_26,7,,,,0,0,
UBA6103,monophyletic,internal_23,3,,,,0,0,
UBA6107,monophyletic,internal_55,51,,,,0,0,
UBA6109,monophyletic,internal_26,2,,,,0,0,
UBA6114,monophyletic,internal_35,3,,,,0,0,
UBA6115,monophyletic,internal_39,24,,,,0,0,
UBA6120,monophyletic,internal_22,5,,,,0,0,
UBA6126,monophyletic,internal_20,2,,,,0,0,
UBA6136,monophyletic,internal_39,20,,,,0,0,
UBA6140,monophyletic,internal_41,11,,,,0,0,
UBA6144,monophyletic,internal_28,11,,,,0,0,
UBA6145,monophyletic,internal_33,7,,,,0,0,
UBA6156,monophyletic,internal_24,5,,,,0,0,
UBA6163,monophyletic,internal_39,13,,,,0,0,
UBA6164,monophyletic,internal_28,12,,,,0,0,
UBA6165,monophyletic,internal_44,3,,,,0,0,
UBA6168,monophyletic,internal_51,34,,,,0,0,
UBA6170,monophyletic,internal_55,18,,,,0,0,
UBA6176,monophyletic,internal_38,17,,,,0,0,
UBA6181,monophyletic,internal_26,4,,,,0,0,
UBA6182,monophyletic,internal_23,11,,,,0,0,
UBA6183,monophyletic,internal_52,17,,,,0,0,
UBA6186,monophyletic,internal_41,5,,,,0,0,
UBA6191,monophyletic,internal_13,2,,,,0,0,
UBA6192,monophyletic,internal_60,3,,,,0,0,
UBA6197,monophyletic,internal_62,2,,,,0,0,
UBA6211,monophyletic,internal_20,5,,,,0,0,
UBA6213,monophyletic,internal_62,5,,,,0,0,
UBA6215,monophyletic,internal_25,8,,,,0,0,
UBA6220,monophyletic,internal_37,6,,,,0,0,
UBA6224,monophyletic,internal_43,5,,,,0,0,
UBA6230,monophyletic,internal_21,2,,,,0,0,
UBA6233,monophyletic,internal_49,10,,,,0,0,
UBA6240,monophyletic,internal_38,2,,,,0,0,
UBA6244,monophyletic,internal_60,9,,,,0,0,
UBA6249,monophyletic,internal_47,48,,,,0,0,
UBA6256,monophyletic,internal_19,9,,,,0,0,
UBA6262,monophyletic,internal_17,6,,,,0,0,
UBA6263,monophyletic,internal_30,5,,,,0,0,
UBA6264,monophyletic,internal_39,2,,,,0,0,
UBA6265,monophyletic,internal_29,14,,,,0,0,
UBA6266,monophyletic,internal_16,4,,,,0,0,
UBA6267,monophyletic,internal_58,15,,,,0,0,
UBA6345,monophyletic,internal_37,10,,,,0,0,
UBA6382,monophyletic,internal_69,29,,,,0,0,
UBA6398,monophyletic,internal_70,14,,,,0,0,
UBA6414,monophyletic,internal_25,4,,,,0,0,
UBA644,monophyletic,internal_37,4,,,,0,0,
UBA6448,monophyletic,internal_25,22,,,,0,0,
UBA646,monophyletic,internal_20,6,,,,0,0,
UBA647,monophyletic,internal_22,8,,,,0,0,
UBA6489,monophyletic,internal_27,3,,,,0,0,
UBA6502,monophyletic,internal_25,2,,,,0,0,
UBA6503,monophyletic,internal_17,2,,,,0,0,
UBA652,monophyletic,internal_28,2,,,,0,0,
UBA6522,monophyletic,internal_40,17,,,,0,0,
UBA6534,monophyletic,internal_55,2,,,,0,0,
UBA6544,monophyletic,internal_39,8,,,,0,0,
UBA6595,monophyletic,internal_18,3,,,,0,0,
UBA660,monophyletic,internal_16,3,,,,0,0,
UBA6601,monophyletic,internal_25,3,,,,0,0,
UBA6614,monophyletic,internal_25,4,,,,0,0,
UBA6615,monophyletic,internal_42,3,,,,0,0,
UBA6620,monophyletic,internal_26,2,,,,0,0,
UBA6623,monophyletic,internal_25,5,,,,0,0,
UBA6624,monophyletic,internal_15,6,,,,0,0,
UBA6626,monophyletic,internal_26,2,,,,0,0,
UBA6627,monophyletic,internal_34,4,,,,0,0,
UBA6659,monophyletic,internal_28,2,,,,0,0,
UBA6663,monophyletic,internal_40,5,,,,0,0,
UBA6669,monophyletic,internal_32,14,,,,0,0,
UBA668,monophyletic,internal_39,52,,,,0,0,
UBA6680,monophyletic,internal_54,3,,,,0,0,
UBA6688,monophyletic,internal_36,3,,,,0,0,
UBA6770,monophyletic,internal_46,6,,,,0,0,
UBA6772,monophyletic,internal_41,7,,,,0,0,
UBA6776,monophyletic,internal_30,2,,,,0,0,
UBA6803,monophyletic,internal_38,2,,,,0,0,
UBA6807,monophyletic,internal_28,2,,,,0,0,
UBA6808,monophyletic,internal_43,3,,,,0,0,
UBA6810,monophyletic,internal_23,3,,,,0,0,
UBA6814,monophyletic,internal_22,3,,,,0,0,
UBA6821,monophyletic,internal_25,23,,,,0,0,
UBA6824,monophyletic,internal_39,5,,,,0,0,
UBA685,monophyletic,internal_30,8,,,,0,0,
UBA6857,monophyletic,internal_45,117,,,,0,0,
UBA6894,monophyletic,internal_24,5,,,,0,0,
UBA6898,monophyletic,internal_33,13,,,,0,0,
UBA6901,monophyletic,internal_24,5,,,,0,0,
UBA6902,monophyletic,internal_35,7,,,,0,0,
UBA6910,monophyletic,internal_43,2,,,,0,0,
UBA6911,monophyletic,internal_24,30,,,,0,0,
UBA6912,monophyletic,internal_28,3,,,,0,0,
UBA6918,monophyletic,internal_43,15,,,,0,0,
UBA6920,monophyletic,internal_35,2,,,,0,0,
UBA6921,monophyletic,internal_34,6,,,,0,0,
UBA6926,monophyletic,internal_33,3,,,,0,0,
UBA6927,monophyletic,internal_38,2,,,,0,0,
UBA6929,monophyletic,internal_40,2,,,,0,0,
UBA693,monophyletic,internal_36,2,,,,0,0,
UBA6930,monophyletic,internal_28,3,,,,0,0,
UBA6944,monophyletic,internal_42,5,,,,0,0,
UBA695,monophyletic,internal_29,10,,,,0,0,
UBA6952,monophyletic,internal_36,4,,,,0,0,
UBA6955,monophyletic,internal_33,3,,,,0,0,
UBA6984,monophyletic,internal_25,21,,,,0,0,
UBA6985,monophyletic,internal_20,12,,,,0,0,
UBA6987,monophyletic,internal_46,19,,,,0,0,
UBA699,monophyletic,internal_31,4,,,,0,0,
UBA7067,monophyletic,internal_46,8,,,,0,0,
UBA710,monophyletic,internal_24,26,,,,0,0,
UBA7109,monophyletic,internal_51,2,,,,0,0,
UBA7173,monophyletic,internal_79,45,,,,0,0,
UBA7177,monophyletic,internal_55,3,,,,0,0,
UBA7185,monophyletic,internal_27,15,,,,0,0,
UBA721,monophyletic,internal_39,13,,,,0,0,
UBA7236,monophyletic,internal_38,17,,,,0,0,
UBA7239,monophyletic,internal_40,13,,,,0,0,
UBA724,monophyletic,internal_49,19,,,,0,0,
UBA729,monophyletic,internal_41,2,,,,0,0,
UBA7312,monophyletic,internal_37,4,,,,0,0,
UBA7317,monophyletic,internal_30,3,,,,0,0,
UBA7326,monophyletic,internal_33,6,,,,0,0,
UBA7328,monophyletic,internal_54,3,,,,0,0,
UBA7330,monophyletic,internal_47,9,,,,0,0,
UBA7332,monophyletic,internal_63,8,,,,0,0,
UBA7359,monophyletic,internal_38,23,,,,0,0,
UBA737,monophyletic,internal_47,212,,,,0,0,
UBA7374,monophyletic,internal_31,4,,,,0,0,
UBA7377,monophyletic,internal_21,9,,,,0,0,
UBA7378,monophyletic,internal_31,6,,,,0,0,
UBA7396,monophyletic,internal_25,10,,,,0,0,
UBA7398,monophyletic,internal_38,10,,,,0,0,
UBA7430,monophyletic,internal_43,3,,,,0,0,
UBA7434,monophyletic,internal_40,21,,,,0,0,
UBA7445,monophyletic,internal_29,7,,,,0,0,
UBA7446,monophyletic,internal_50,29,,,,0,0,
UBA7451,monophyletic,internal_48,2,,,,0,0,
UBA7455,monophyletic,internal_48,9,,,,0,0,
UBA7477,monophyletic,internal_46,11,,,,0,0,
UBA7485,monophyletic,internal_27,3,,,,0,0,
UBA7488,monophyletic,internal_27,6,,,,0,0,
UBA7523,monophyletic,internal_25,2,,,,0,0,
UBA7584,monophyletic,internal_33,13,,,,0,0,
UBA7640,monophyletic,internal_31,2,,,,0,0,
UBA7656,monophyletic,internal_22,3,,,,0,0,
UBA7657,monophyletic,internal_40,5,,,,0,0,
UBA7662,monophyletic,internal_38,4,,,,0,0,
UBA7672,monophyletic,internal_38,42,,,,0,0,
UBA7683,monophyletic,internal_30,5,,,,0,0,
UBA7692,monophyletic,internal_41,7,,,,0,0,
UBA7702,monophyletic,internal_26,7,,,,0,0,
UBA7703,monophyletic,internal_42,40,,,,0,0,
UBA7706,monophyletic,internal_24,2,,,,0,0,
UBA7707,monophyletic,internal_41,6,,,,0,0,
UBA7800,monophyletic,internal_25,5,,,,0,0,
UBA7803,monophyletic,internal_53,19,,,,0,0,
UBA7805,monophyletic,internal_30,9,,,,0,0,
UBA7862,monophyletic,internal_35,28,,,,0,0,
UBA7867,monophyletic,internal_34,17,,,,0,0,
UBA7868,monophyletic,internal_38,9,,,,0,0,
UBA7879,monophyletic,internal_25,3,,,,0,0,
UBA7887,monophyletic,internal_37,4,,,,0,0,
UBA7888,monophyletic,internal_34,2,,,,0,0,
UBA791,monophyletic,internal_25,7,,,,0,0,
UBA7916,monophyletic,internal_45,4,,,,0,0,
UBA7937,monophyletic,internal_25,7,,,,0,0,
UBA7950,monophyletic,internal_16,4,,,,0,0,
UBA7957,monophyletic,internal_33,4,,,,0,0,
UBA796,monophyletic,internal_26,6,,,,0,0,
UBA7960,monophyletic,internal_54,11,,,,0,0,
UBA7966,monophyletic,internal_32,2,,,,0,0,
UBA7971,monophyletic,internal_23,3,,,,0,0,
UBA7985,monophyletic,internal_25,11,,,,0,0,
UBA8079,monophyletic,internal_39,12,,,,0,0,
UBA8087,monophyletic,internal_30,6,,,,0,0,
UBA8106,monophyletic,internal_25,3,,,,0,0,
UBA8108,monophyletic,internal_28,10,,,,0,0,
UBA8110,monophyletic,internal_26,3,,,,0,0,
UBA8130,monophyletic,internal_27,3,,,,0,0,
UBA8131,monophyletic,internal_28,2,,,,0,0,
UBA8133,monophyletic,internal_37,2,,,,0,0,
UBA8154,monophyletic,internal_27,5,,,,0,0,
UBA8156,monophyletic,internal_20,2,,,,0,0,
UBA817,monophyletic,internal_19,5,,,,0,0,
UBA8190,monophyletic,internal_36,6,,,,0,0,
UBA8199,monophyletic,internal_39,5,,,,0,0,
UBA822,monophyletic,internal_32,12,,,,0,0,
UBA8229,monophyletic,internal_30,4,,,,0,0,
UBA8231,monophyletic,internal_29,10,,,,0,0,
UBA8248,monophyletic,internal_28,5,,,,0,0,
UBA826,monophyletic,internal_42,2,,,,0,0,
UBA8290,monophyletic,internal_23,10,,,,0,0,
UBA8296,monophyletic,internal_31,4,,,,0,0,
UBA830,monophyletic,internal_40,5,,,,0,0,
UBA8309,monophyletic,internal_30,22,,,,0,0,
UBA8316,monophyletic,internal_49,32,,,,0,0,
UBA8317,monophyletic,internal_27,2,,,,0,0,
UBA8337,monophyletic,internal_31,20,,,,0,0,
UBA8346,monophyletic,internal_23,9,,,,0,0,
UBA8363,monophyletic,internal_22,8,,,,0,0,
UBA8366,monophyletic,internal_37,4,,,,0,0,
UBA8389,monophyletic,internal_60,14,,,,0,0,
UBA8401,monophyletic,internal_38,20,,,,0,0,
UBA8403,monophyletic,internal_38,9,,,,0,0,
UBA8416,monophyletic,internal_32,6,,,,0,0,
UBA8437,monophyletic,internal_34,9,,,,0,0,
UBA8438,monophyletic,internal_31,7,,,,0,0,
UBA8444,monophyletic,internal_39,7,,,,0,0,
UBA845,monophyletic,internal_31,6,,,,0,0,
UBA8473,monophyletic,internal_20,7,,,,0,0,
UBA8475,monophyletic,internal_36,4,,,,0,0,
UBA8477,monophyletic,internal_26,3,,,,0,0,
UBA8498,monophyletic,internal_35,7,,,,0,0,
UBA8514,monophyletic,internal_38,4,,,,0,0,
UBA8515,monophyletic,internal_54,93,,,,0,0,
UBA8517,monophyletic,internal_40,8,,,,0,0,
UBA8518,monophyletic,internal_35,3,,,,0,0,
UBA8522,monophyletic,internal_26,9,,,,0,0,
UBA8524,monophyletic,internal_48,6,,,,0,0,
UBA8525,monophyletic,internal_32,3,,,,0,0,
UBA8529,monophyletic,internal_58,8,,,,0,0,
UBA854,monophyletic,internal_34,4,,,,0,0,
UBA8558,monophyletic,internal_22,2,,,,0,0,
UBA8592,monophyletic,internal_37,23,,,,0,0,
UBA8612,monophyletic,internal_44,32,,,,0,0,
UBA8649,monophyletic,internal_39,6,,,,0,0,
UBA8653,monophyletic,internal_32,6,,,,0,0,
UBA8670,monophyletic,internal_26,7,,,,0,0,
UBA868,monophyletic,internal_30,28,,,,0,0,
UBA8687,monophyletic,internal_26,17,,,,0,0,
UBA8752,monophyletic,internal_45,28,,,,0,0,
UBA876,monophyletic,internal_23,4,,,,0,0,
UBA877,monophyletic,internal_52,53,,,,0,0,
UBA8783,monophyletic,internal_30,3,,,,0,0,
UBA8828,monophyletic,internal_26,11,,,,0,0,
UBA8898,monophyletic,internal_24,3,,,,0,0,
UBA890,monophyletic,internal_18,5,,,,0,0,
UBA8904,monophyletic,internal_34,47,,,,0,0,
UBA8914,monophyletic,internal_36,10,,,,0,0,
UBA8919,monophyletic,internal_24,4,,,,0,0,
UBA8949,monophyletic,internal_38,8,,,,0,0,
UBA8950,monophyletic,internal_52,11,,,,0,0,
UBA8958,monophyletic,internal_29,12,,,,0,0,
UBA9002,monophyletic,internal_31,2,,,,0,0,
UBA9040,monophyletic,internal_39,3,,,,0,0,
UBA9042,monophyletic,internal_30,4,,,,0,0,
UBA9076,monophyletic,internal_24,5,,,,0,0,
UBA9087,monophyletic,internal_21,2,,,,0,0,
UBA910,monophyletic,internal_54,7,,,,0,0,
UBA912,monophyletic,internal_28,2,,,,0,0,
UBA9145,monophyletic,internal_44,133,,,,0,0,
UBA9148,monophyletic,internal_46,5,,,,0,0,
UBA9159,monophyletic,internal_30,2,,,,0,0,
UBA9160,monophyletic,internal_27,5,,,,0,0,
UBA917,monophyletic,internal_37,2,,,,0,0,
UBA920,monophyletic,internal_31,26,,,,0,0,
UBA9214,monophyletic,internal_37,37,,,,0,0,
UBA9215,monophyletic,internal_28,5,,,,0,0,
UBA922,monophyletic,internal_44,10,,,,0,0,
UBA924,monophyletic,internal_36,3,,,,0,0,
UBA9264,monophyletic,internal_39,4,,,,0,0,
UBA927,monophyletic,internal_30,18,,,,0,0,
UBA929,monophyletic,internal_39,8,,,,0,0,
UBA9294,monophyletic,internal_22,4,,,,0,0,
UBA9296,monophyletic,internal_25,3,,,,0,0,
UBA9300,monophyletic,internal_60,16,,,,0,0,
UBA931,monophyletic,internal_32,12,,,,0,0,
UBA9312,monophyletic,internal_28,4,,,,0,0,
UBA932,monophyletic,internal_62,5,,,,0,0,
UBA9320,monophyletic,internal_39,28,,,,0,0,
UBA933,monophyletic,internal_41,2,,,,0,0,
UBA9337,monophyletic,internal_33,9,,,,0,0,
UBA9339,monophyletic,internal_43,6,,,,0,0,
UBA935,monophyletic,internal_47,9,,,,0,0,
UBA937,monophyletic,internal_25,2,,,,0,0,
UBA940,monophyletic,internal_67,18,,,,0,0,
UBA9410,monophyletic,internal_37,20,,,,0,0,
UBA9414,monophyletic,internal_47,2,,,,0,0,
UBA944,monophyletic,internal_64,2,,,,0,0,
UBA946,monophyletic,internal_46,3,,,,0,0,
UBA9464,monophyletic,internal_37,13,,,,0,0,
UBA947,monophyletic,internal_24,4,,,,0,0,
UBA952,monophyletic,internal_48,164,,,,0,0,
UBA953,monophyletic,internal_26,96,,,,0,0,
UBA9547,monophyletic,internal_40,5,,,,0,0,
UBA955,monophyletic,internal_39,20,,,,0,0,
UBA9554,monophyletic,internal_67,6,,,,0,0,
UBA956,monophyletic,internal_28,16,,,,0,0,
UBA9570,monophyletic,internal_30,7,,,,0,0,
UBA9579,monophyletic,internal_19,2,,,,0,0,
UBA961,monophyletic,internal_32,13,,,,0,0,
UBA9611,monophyletic,internal_43,20,,,,0,0,
UBA9619,monophyletic,internal_30,3,,,,0,0,
UBA9620,monophyletic,internal_30,2,,,,0,0,
UBA9627,monophyletic,internal_24,2,,,,0,0,
UBA9628,monophyletic,internal_33,9,,,,0,0,
UBA963,monophyletic,internal_51,8,,,,0,0,
UBA9630,monophyletic,internal_31,14,,,,0,0,
UBA9631,monophyletic,internal_31,2,,,,0,0,
UBA9634,monophyletic,internal_37,3,,,,0,0,
UBA9636,monophyletic,internal_32,2,,,,0,0,
UBA9639,monophyletic,internal_35,2,,,,0,0,
UBA964,monophyletic,internal_37,65,,,,0,0,
UBA9644,monophyletic,internal_27,3,,,,0,0,
UBA9645,monophyletic,internal_27,2,,,,0,0,
UBA9647,monophyletic,internal_38,10,,,,0,0,
UBA965,monophyletic,internal_26,25,,,,0,0,
UBA9650,monophyletic,internal_37,2,,,,0,0,
UBA9655,monophyletic,internal_25,25,,,,0,0,
UBA9659,monophyletic,internal_48,29,,,,0,0,
UBA966,monophyletic,internal_32,30,,,,0,0,
UBA9662,monophyletic,internal_17,3,,,,0,0,
UBA9664,monophyletic,internal_33,2,,,,0,0,
UBA967,monophyletic,internal_28,41,,,,0,0,
UBA9673,monophyletic,internal_26,2,,,,0,0,
UBA9676,monophyletic,internal_33,11,,,,0,0,
UBA969,monophyletic,internal_24,12,,,,0,0,
UBA970,monophyletic,internal_22,18,,,,0,0,
UBA9715,monophyletic,internal_29,20,,,,0,0,
UBA9732,monophyletic,internal_33,27,,,,0,0,
UBA974,monophyletic,internal_47,18,,,,0,0,
UBA9786,monophyletic,internal_45,3,,,,0,0,
UBA981,monophyletic,internal_40,2,,,,0,0,
UBA9845,monophyletic,internal_38,7,,,,0,0,
UBA9848,monophyletic,internal_30,4,,,,0,0,
UBA9862,monophyletic,internal_28,5,,,,0,0,
UBA9865,monophyletic,internal_29,2,,,,0,0,
UBA987,monophyletic,internal_40,11,,,,0,0,
UBA9910,monophyletic,internal_20,3,,,,0,0,
UBA9926,monophyletic,internal_48,19,,,,0,0,
UBA993,monophyletic,internal_32,7,,,,0,0,
UBA9933,monophyletic,internal_47,4,,,,0,0,
UBA9934,monophyletic,internal_41,4,,,,0,0,
UBA994,monophyletic,internal_25,5,,,,0,0,
UBA9942,monophyletic,internal_20,4,,,,0,0,
UBA995,monophyletic,internal_27,3,,,,0,0,
UBA9959,monophyletic,internal_38,43,,,,0,0,
UBA996,monophyletic,internal_51,2,,,,0,0,
UBA9968,monophyletic,internal_26,4,,,,0,0,
UBA997,monophyletic,internal_42,2,,,,0,0,
UBA9971,monophyletic,internal_18,3,,,,0,0,
UBA9973,monophyletic,internal_54,212,,,,0,0,
UBA998,monophyletic,internal_31,3,,,,0,0,
UBA9980,monophyletic,internal_9,6,,,,0,0,
UBA9988,monophyletic,internal_44,3,,,,0,0,
UBA999,monophyletic,internal_20,2,,,,0,0,
UCB2,monophyletic,internal_36,4,,,,0,0,
UCB3,monophyletic,internal_29,2,,,,0,0,
UDEA-SF1,monophyletic,internal_36,2,,,,0,0,
UHCC-0190,monophyletic,internal_36,2,,,,0,0,
UJ101,monophyletic,internal_42,4,,,,0,0,
UKL13-2,monophyletic,internal_41,63,,,,0,0,
UKL13-3,monophyletic,internal_52,8,,,,0,0,
ULC077BIN1,monophyletic,internal_30,7,,,,0,0,
UM-FILTER-33-9,monophyletic,internal_35,2,,,,0,0,
UM-FILTER-34-12,monophyletic,internal_33,2,,,,0,0,
UM-FILTER-36-13,monophyletic,internal_32,2,,,,0,0,
UM-FILTER-37-12,monophyletic,internal_48,2,,,,0,0,
UM-FILTER-38-24,monophyletic,internal_36,6,,,,0,0,
UM-FILTER-39-64,monophyletic,internal_50,2,,,,0,0,
UM-FILTER-40-17,monophyletic,internal_46,5,,,,0,0,
UM-FILTER-41-21,monophyletic,internal_42,2,,,,0,0,
UM-FILTER-42-10,monophyletic,internal_26,2,,,,0,0,
UM-FILTER-42-14,monophyletic,internal_40,5,,,,0,0,
UM-FILTER-42-9,monophyletic,internal_30,2,,,,0,0,
UM-FILTER-47-13,monophyletic,internal_40,7,,,,0,0,
UM-FILTER-49-7,monophyletic,internal_11,6,,,,0,0,
UM-FILTER-50-9,monophyletic,internal_46,2,,,,0,0,
UMGS1002,monophyletic,internal_46,11,,,,0,0,
UMGS1045,monophyletic,internal_24,4,,,,0,0,
UMGS1052,monophyletic,internal_36,10,,,,0,0,
UMGS1071,monophyletic,internal_41,15,,,,0,0,
UMGS1109,monophyletic,internal_22,2,,,,0,0,
UMGS1124,monophyletic,internal_20,16,,,,0,0,
UMGS1224,monophyletic,internal_43,3,,,,0,0,
UMGS1225,monophyletic,internal_39,2,,,,0,0,
UMGS124,monophyletic,internal_26,9,,,,0,0,
UMGS1251,monophyletic,internal_43,2,,,,0,0,
UMGS1264,monophyletic,internal_50,4,,,,0,0,
UMGS1271,monophyletic,internal_29,2,,,,0,0,
UMGS1279,monophyletic,internal_45,20,,,,0,0,
UMGS1307,monophyletic,internal_35,4,,,,0,0,
UMGS1312,monophyletic,internal_42,7,,,,0,0,
UMGS1322,monophyletic,internal_29,21,,,,0,0,
UMGS1338,monophyletic,internal_30,4,,,,0,0,
UMGS1370,monophyletic,internal_47,12,,,,0,0,
UMGS1387,monophyletic,internal_35,14,,,,0,0,
UMGS1388,monophyletic,internal_33,2,,,,0,0,
UMGS1449,monophyletic,internal_25,17,,,,0,0,
UMGS1470,monophyletic,internal_36,3,,,,0,0,
UMGS1474,monophyletic,internal_36,3,,,,0,0,
UMGS1477,monophyletic,internal_25,5,,,,0,0,
UMGS1484,monophyletic,internal_40,15,,,,0,0,
UMGS1491,monophyletic,internal_46,36,,,,0,0,
UMGS1498,monophyletic,internal_26,4,,,,0,0,
UMGS1502,monophyletic,internal_30,6,,,,0,0,
UMGS1518,monophyletic,internal_33,2,,,,0,0,
UMGS1519,monophyletic,internal_27,7,,,,0,0,
UMGS1532,monophyletic,internal_46,13,,,,0,0,
UMGS1572,monophyletic,internal_26,3,,,,0,0,
UMGS1585,monophyletic,internal_27,12,,,,0,0,
UMGS1590,monophyletic,internal_26,12,,,,0,0,
UMGS1591,monophyletic,internal_40,2,,,,0,0,
UMGS1601,monophyletic,internal_42,19,,,,0,0,
UMGS1613,monophyletic,internal_29,27,,,,0,0,
UMGS1623,monophyletic,internal_40,6,,,,0,0,
UMGS1649,monophyletic,internal_37,13,,,,0,0,
UMGS1663,monophyletic,internal_46,42,,,,0,0,
UMGS1668,monophyletic,internal_39,36,,,,0,0,
UMGS1696,monophyletic,internal_42,53,,,,0,0,
UMGS172,monophyletic,internal_46,24,,,,0,0,
UMGS1754,monophyletic,internal_43,7,,,,0,0,
UMGS1766,monophyletic,internal_42,11,,,,0,0,
UMGS1781,monophyletic,internal_45,18,,,,0,0,
UMGS1783,monophyletic,internal_35,2,,,,0,0,
UMGS1810,monophyletic,internal_34,2,,,,0,0,
UMGS1820,monophyletic,internal_38,21,,,,0,0,
UMGS1840,monophyletic,internal_31,5,,,,0,0,
UMGS1864,monophyletic,internal_38,5,,,,0,0,
UMGS1865,monophyletic,internal_45,78,,,,0,0,
UMGS1883,monophyletic,internal_36,39,,,,0,0,
UMGS1889,monophyletic,internal_48,5,,,,0,0,
UMGS1901,monophyletic,internal_46,3,,,,0,0,
UMGS1908,monophyletic,internal_30,8,,,,0,0,
UMGS1933,monophyletic,internal_42,7,,,,0,0,
UMGS1958,monophyletic,internal_42,5,,,,0,0,
UMGS1975,monophyletic,internal_32,4,,,,0,0,
UMGS1976,monophyletic,internal_40,9,,,,0,0,
UMGS1994,monophyletic,internal_40,22,,,,0,0,
UMGS2016,monophyletic,internal_23,8,,,,0,0,
UMGS2037,monophyletic,internal_53,4,,,,0,0,
UMGS2068,monophyletic,internal_24,3,,,,0,0,
UMGS2069,monophyletic,internal_33,11,,,,0,0,
UMGS2070,monophyletic,internal_31,8,,,,0,0,
UMGS263,monophyletic,internal_42,6,,,,0,0,
UMGS363,monophyletic,internal_47,19,,,,0,0,
UMGS621,monophyletic,internal_38,3,,,,0,0,
UMGS687,monophyletic,internal_36,14,,,,0,0,
UMGS692,monophyletic,internal_36,2,,,,0,0,
UMGS731,monophyletic,internal_40,11,,,,0,0,
UMGS75,monophyletic,internal_21,7,,,,0,0,
UMGS755,monophyletic,internal_37,20,,,,0,0,
UMGS775,monophyletic,internal_38,8,,,,0,0,
UMGS856,monophyletic,internal_40,3,,,,0,0,
UMGS872,monophyletic,internal_27,4,,,,0,0,
UMGS882,monophyletic,internal_35,13,,,,0,0,
UMGS902,monophyletic,internal_41,20,,,,0,0,
UMGS911,monophyletic,internal_39,7,,,,0,0,
UMGS946,monophyletic,internal_39,4,,,,0,0,
UMGS973,monophyletic,internal_44,8,,,,0,0,
UMGS995,monophyletic,internal_29,17,,,,0,0,
UNRQ01,monophyletic,internal_27,2,,,,0,0,
UPXZ01,monophyletic,internal_71,20,,,,0,0,
UQRS01,monophyletic,internal_40,3,,,,0,0,
URHD0088,monophyletic,internal_33,4,,,,0,0,
URNF01,monophyletic,internal_40,10,,,,0,0,
URXU01,monophyletic,internal_29,6,,,,0,0,
USCg-Taylor,monophyletic,internal_33,9,,,,0,0,
UTBCD1,monophyletic,internal_52,8,,,,0,0,
UTCFX2,monophyletic,internal_51,6,,,,0,0,
UTCHB3,monophyletic,internal_36,11,,,,0,0,
UTPLA1,monophyletic,internal_30,5,,,,0,0,
UTPRO1,monophyletic,internal_26,9,,,,0,0,
UWMA-0277,monophyletic,internal_42,16,,,,0,0,
UWPOB-MICAV1,monophyletic,internal_37,2,,,,0,0,
Uabimicrobium,monophyletic,internal_23,2,,,,0,0,
Udaeobacter,monophyletic,internal_36,108,,,,0,0,
Uliginosibacterium,monophyletic,internal_37,12,,,,0,0,
Ulvibacter,monophyletic,internal_58,5,,,,0,0,
Ulvibacterium,monophyletic,internal_60,7,,,,0,0,
Umboniibacter,monophyletic,internal_38,4,,,,0,0,
Umezakia,monophyletic,internal_38,2,,,,0,0,
Umezawaea,monophyletic,internal_41,8,,,,0,0,
Undibacterium,monophyletic,internal_31,84,,,,0,0,
Undivivens,monophyletic,internal_38,5,,,,0,0,
UphvI-Ar2,monophyletic,internal_31,13,,,,0,0,
Urbifossiella,monophyletic,internal_30,13,,,,0,0,
Ureaplasma,monophyletic,internal_22,19,,,,0,0,
Urechidicola,monophyletic,internal_49,20,,,,0,0,
Ureibacillus,monophyletic,internal_40,32,,,,0,0,
Urinicoccus,monophyletic,internal_35,4,,,,0,0,
Ursidibacter,monophyletic,internal_50,2,,,,0,0,
Usitatibacter,monophyletic,internal_40,46,,,,0,0,
Utexia,monophyletic,internal_43,2,,,,0,0,
Uzinura,monophyletic,internal_46,2,,,,0,0,
V1-115,monophyletic,internal_29,3,,,,0,0,
V1-33,monophyletic,internal_26,14,,,,0,0,
V9D3004,monophyletic,internal_38,13,,,,0,0,
VAUL01,monophyletic,internal_25,8,,,,0,0,
VAXT01,monophyletic,internal_32,31,,,,0,0,
VAYN01,monophyletic,internal_30,185,,,,0,0,
VAZQ01,monophyletic,internal_44,74,,,,0,0,
VBAR01,monophyletic,internal_54,4,,,,0,0,
VBAS01,monophyletic,internal_54,22,,,,0,0,
VBAT01,monophyletic,internal_57,11,,,,0,0,
VBAU01,monophyletic,internal_53,10,,,,0,0,
VBCG01,monophyletic,internal_34,138,,,,0,0,
VBCK01,monophyletic,internal_33,7,,,,0,0,
VBDM01,monophyletic,internal_36,31,,,,0,0,
VBGR01,monophyletic,internal_21,2,,,,0,0,
VBKO01,monophyletic,internal_26,9,,,,0,0,
VBOC01,monophyletic,internal_38,4,,,,0,0,
VBWC01,monophyletic,internal_33,2,,,,0,0,
VBWE01,monophyletic,internal_52,2,,,,0,0,
VENG01,monophyletic,internal_31,2,,,,0,0,
VEOV01,monophyletic,internal_26,8,,,,0,0,
VEPF01,monophyletic,internal_29,2,,,,0,0,
VEQN01,monophyletic,internal_61,10,,,,0,0,
VEXD01,monophyletic,internal_39,2,,,,0,0,
VFBF01,monophyletic,internal_40,7,,,,0,0,
VFHP01,monophyletic,internal_37,3,,,,0,0,
VFJJ01,monophyletic,internal_21,2,,,,0,0,
VFJL01,monophyletic,internal_41,12,,,,0,0,
VFJN01,monophyletic,internal_31,30,,,,0,0,
VFJQ01,monophyletic,internal_36,3,,,,0,0,
VFJZ01,monophyletic,internal_28,5,,,,0,0,
VFKB01,monophyletic,internal_25,2,,,,0,0,
VFKE01,monophyletic,internal_26,7,,,,0,0,
VFKH01,monophyletic,internal_22,2,,,,0,0,
VFKI01,monophyletic,internal_45,3,,,,0,0,
VFKP01,monophyletic,internal_37,10,,,,0,0,
VFKU01,monophyletic,internal_17,5,,,,0,0,
VFLK01,monophyletic,internal_42,9,,,,0,0,
VFMC01,monophyletic,internal_36,29,,,,0,0,
VFZE01,monophyletic,internal_30,2,,,,0,0,
VFZK01,monophyletic,internal_23,3,,,,0,0,
VFZL01,monophyletic,internal_34,3,,,,0,0,
VFZN01,monophyletic,internal_20,20,,,,0,0,
VFZP01,monophyletic,internal_34,3,,,,0,0,
VFZS01,monophyletic,internal_26,3,,,,0,0,
VGAZ01,monophyletic,internal_24,3,,,,0,0,
VGBK01,monophyletic,internal_27,6,,,,0,0,
VGBO01,monophyletic,internal_35,2,,,,0,0,
VGBV01,monophyletic,internal_31,5,,,,0,0,
VGCC01,monophyletic,internal_43,6,,,,0,0,
VGCF01,monophyletic,internal_24,5,,,,0,0,
VGCI01,monophyletic,internal_28,7,,,,0,0,
VGCX01,monophyletic,internal_25,2,,,,0,0,
VGDP01,monophyletic,internal_35,3,,,,0,0,
VGEI01,monophyletic,internal_35,2,,,,0,0,
VGEM01,monophyletic,internal_34,3,,,,0,0,
VGFA01,monophyletic,internal_21,8,,,,0,0,
VGFC01,monophyletic,internal_22,2,,,,0,0,
VGIW01,monophyletic,internal_19,3,,,,0,0,
VGJV01,monophyletic,internal_53,5,,,,0,0,
VGJW01,monophyletic,internal_15,4,,,,0,0,
VGKF01,monophyletic,internal_38,3,,,,0,0,
VGKH01,monophyletic,internal_27,2,,,,0,0,
VGKU01,monophyletic,internal_46,5,,,,0,0,
VGLJ01,monophyletic,internal_29,3,,,,0,0,
VGLK01,monophyletic,internal_39,4,,,,0,0,
VGLO01,monophyletic,internal_47,26,,,,0,0,
VGLT01,monophyletic,internal_38,7,,,,0,0,
VGMA01,monophyletic,internal_19,2,,,,0,0,
VGMB01,monophyletic,internal_26,5,,,,0,0,
VGMD01,monophyletic,internal_23,5,,,,0,0,
VGNK01,monophyletic,internal_33,4,,,,0,0,
VGNO01,monophyletic,internal_50,2,,,,0,0,
VGNW01,monophyletic,internal_30,2,,,,0,0,
VGNY01,monophyletic,internal_41,3,,,,0,0,
VGOB01,monophyletic,internal_32,4,,,,0,0,
VGOE01,monophyletic,internal_37,2,,,,0,0,
VGOF01,monophyletic,internal_39,2,,,,0,0,
VGOW01,monophyletic,internal_38,7,,,,0,0,
VGOZ01,monophyletic,internal_25,2,,,,0,0,
VGPE01,monophyletic,internal_22,3,,,,0,0,
VGPF01,monophyletic,internal_32,2,,,,0,0,
VGPI01,monophyletic,internal_22,3,,,,0,0,
VGRA01,monophyletic,internal_31,2,,,,0,0,
VGRF01,monophyletic,internal_31,9,,,,0,0,
VGRW01,monophyletic,internal_26,12,,,,0,0,
VGSG01,monophyletic,internal_23,3,,,,0,0,
VGSO01,monophyletic,internal_28,2,,,,0,0,
VGSQ01,monophyletic,internal_29,2,,,,0,0,
VGSZ01,monophyletic,internal_24,6,,,,0,0,
VGTG01,monophyletic,internal_25,5,,,,0,0,
VGTJ01,monophyletic,internal_30,3,,,,0,0,
VGTK01,monophyletic,internal_26,3,,,,0,0,
VGWB01,monophyletic,internal_38,4,,,,0,0,
VGWF01,monophyletic,internal_25,4,,,,0,0,
VGWG01,monophyletic,internal_27,5,,,,0,0,
VGWX01,monophyletic,internal_36,2,,,,0,0,
VGWY01,monophyletic,internal_31,2,,,,0,0,
VGWZ01,monophyletic,internal_29,4,,,,0,0,
VGXG01,monophyletic,internal_31,2,,,,0,0,
VGXI01,monophyletic,internal_23,3,,,,0,0,
VGXK01,monophyletic,internal_33,4,,,,0,0,
VGXO01,monophyletic,internal_30,6,,,,0,0,
VGYC01,monophyletic,internal_25,2,,,,0,0,
VGZA01,monophyletic,internal_35,2,,,,0,0,
VGZR01,monophyletic,internal_45,2,,,,0,0,
VGZT01,monophyletic,internal_44,3,,,,0,0,
VHBT01,monophyletic,internal_16,2,,,,0,0,
VHCN01,monophyletic,internal_33,2,,,,0,0,
VHCZ01,monophyletic,internal_29,3,,,,0,0,
VIKH01,monophyletic,internal_40,3,,,,0,0,
VKGY01,monophyletic,internal_24,2,,,,0,0,
VKMB-3413,monophyletic,internal_44,2,,,,0,0,
VMCJ01,monophyletic,internal_32,10,,,,0,0,
VMCP01,monophyletic,internal_39,27,,,,0,0,
VMDH01,monophyletic,internal_34,3,,,,0,0,
VMDJ01,monophyletic,internal_42,5,,,,0,0,
VMDK01,monophyletic,internal_38,2,,,,0,0,
VMEP01,monophyletic,internal_48,4,,,,0,0,
VMFF01,monophyletic,internal_28,5,,,,0,0,
VMFP01,monophyletic,internal_23,2,,,,0,0,
VMFR01,monophyletic,internal_32,4,,,,0,0,
VMFU01,monophyletic,internal_28,2,,,,0,0,
VMFW01,monophyletic,internal_52,7,,,,0,0,
VMGT01,monophyletic,internal_50,2,,,,0,0,
VMGX01,monophyletic,internal_49,4,,,,0,0,
VMSU01,monophyletic,internal_26,6,,,,0,0,
VMTK01,monophyletic,internal_44,2,,,,0,0,
VRUB01,monophyletic,internal_25,2,,,,0,0,
VRUE01,monophyletic,internal_31,162,,,,0,0,
VRUG01,monophyletic,internal_37,2,,,,0,0,
VSJD01,monophyletic,internal_27,10,,,,0,0,
VSOB01,monophyletic,internal_50,19,,,,0,0,
VXLM01,monophyletic,internal_46,16,,,,0,0,
VXMF01,monophyletic,internal_27,31,,,,0,0,
VXMO01,monophyletic,internal_33,22,,,,0,0,
VXMT01,monophyletic,internal_29,19,,,,0,0,
VXNE01,monophyletic,internal_48,22,,,,0,0,
VXNF01,monophyletic,internal_37,18,,,,0,0,
VXNJ01,monophyletic,internal_21,7,,,,0,0,
VXOI01,monophyletic,internal_43,40,,,,0,0,
VXOZ01,monophyletic,internal_17,17,,,,0,0,
VXPQ01,monophyletic,internal_38,12,,,,0,0,
VXPW01,monophyletic,internal_35,12,,,,0,0,
VXRD01,monophyletic,internal_28,21,,,,0,0,
VXRJ01,monophyletic,internal_31,7,,,,0,0,
VXRN01,monophyletic,internal_43,30,,,,0,0,
VXYK01,monophyletic,internal_40,18,,,,0,0,
VXYL01,monophyletic,internal_49,32,,,,0,0,
VYDC01,monophyletic,internal_31,5,,,,0,0,
VYFG01,monophyletic,internal_30,13,,,,0,0,
Vacuolonema,monophyletic,internal_31,4,,,,0,0,
Vagococcus,monophyletic,internal_42,20,,,,0,0,
Vagococcus_A,monophyletic,internal_43,4,,,,0,0,
Vagococcus_D,monophyletic,internal_42,7,,,,0,0,
Vallitalea,monophyletic,internal_30,7,,,,0,0,
Vampirovibrio,monophyletic,internal_23,8,,,,0,0,
Vannielia,monophyletic,internal_58,8,,,,0,0,
Varibaculum,monophyletic,internal_56,11,,,,0,0,
Variovorax,monophyletic,internal_48,148,,,,0,0,
Vecturithrix,monophyletic,internal_19,2,,,,0,0,
Veillonella,monophyletic,internal_26,82,,,,0,0,
Veillonella_A,monophyletic,internal_28,12,,,,0,0,
Velamenicoccus,monophyletic,internal_33,5,,,,0,0,
Velocimicrobium,monophyletic,internal_39,3,,,,0,0,
Velthaea,monophyletic,internal_24,4,,,,0,0,
Venatoribacter,monophyletic,internal_46,16,,,,0,0,
Ventrenecus,monophyletic,internal_22,47,,,,0,0,
Ventricola,monophyletic,internal_34,50,,,,0,0,
Ventrousia,monophyletic,internal_38,6,,,,0,0,
Vermiculatibacterium,monophyletic,internal_48,25,,,,0,0,
Veronia,monophyletic,internal_39,2,,,,0,0,
Verruco-01,monophyletic,internal_28,4,,,,0,0,
Verrucolacustris,monophyletic,internal_23,32,,,,0,0,
Verrucomicrobium,monophyletic,internal_27,5,,,,0,0,
Versatilivorator,monophyletic,internal_18,14,,,,0,0,
Verticiella,monophyletic,internal_26,8,,,,0,0,
Vescimonas,monophyletic,internal_46,98,,,,0,0,
Vibrio,monophyletic,internal_39,285,,,,0,0,
Vicingus,monophyletic,internal_41,12,,,,0,0,
Vicinibacter,monophyletic,internal_55,36,,,,0,0,
Victivallis,monophyletic,internal_38,19,,,,0,0,
Villigracilis,monophyletic,internal_57,95,,,,0,0,
Vineibacter,monophyletic,internal_30,6,,,,0,0,
Virgibacillus,monophyletic,internal_49,8,,,,0,0,
Virgibacillus_E,monophyletic,internal_46,2,,,,0,0,
Virgibacillus_F,monophyletic,internal_45,5,,,,0,0,
Virgibacillus_K,monophyletic,internal_49,2,,,,0,0,
Virgibacillus_L,monophyletic,internal_49,4,,,,0,0,
Virgibacillus_N,monophyletic,internal_49,2,,,,0,0,
Virgibacillus_O,monophyletic,internal_49,2,,,,0,0,
Virgibacillus_Q,monophyletic,internal_47,2,,,,0,0,
Virgifigura,monophyletic,internal_33,2,,,,0,0,
Virgisporangium,monophyletic,internal_40,3,,,,0,0,
Viridibacillus,monophyletic,internal_37,5,,,,0,0,
Viridibacterium,monophyletic,internal_37,7,,,,0,0,
Viridilinea,monophyletic,internal_31,5,,,,0,0,
Vitreimonas,monophyletic,internal_42,80,,,,0,0,
Vitreoscilla,monophyletic,internal_43,2,,,,0,0,
Vogesella,monophyletic,internal_41,17,,,,0,0,
Volucribacter,monophyletic,internal_43,2,,,,0,0,
Vondammii,monophyletic,internal_39,5,,,,0,0,
Vreelandella,monophyletic,internal_45,101,,,,0,0,
Vulcanimicrobium,monophyletic,internal_23,44,,,,0,0,
Vulcanococcus,monophyletic,internal_31,45,,,,0,0,
Vulgatibacter,monophyletic,internal_25,3,,,,0,0,
W-Chloroflexi-9,monophyletic,internal_35,12,,,,0,0,
W0P28-013,monophyletic,internal_68,15,,,,0,0,
W0P31-042,monophyletic,internal_74,2,,,,0,0,
W0P33-017,monophyletic,internal_48,23,,,,0,0,
W1033,monophyletic,internal_44,2,,,,0,0,
W111,monophyletic,internal_37,2,,,,0,0,
W11650,monophyletic,internal_33,6,,,,0,0,
W1P20-047,monophyletic,internal_30,3,,,,0,0,
W2P13-069,monophyletic,internal_26,7,,,,0,0,
W3P20-009,monophyletic,internal_63,36,,,,0,0,
W425,monophyletic,internal_45,4,,,,0,0,
W498,monophyletic,internal_43,4,,,,0,0,
W589,monophyletic,internal_38,4,,,,0,0,
W693,monophyletic,internal_37,3,,,,0,0,
WACF01,monophyletic,internal_46,2,,,,0,0,
WARW01,monophyletic,internal_37,38,,,,0,0,
WFPA01,monophyletic,internal_52,2,,,,0,0,
WFQV01,monophyletic,internal_40,4,,,,0,0,
WFSH01,monophyletic,internal_16,3,,,,0,0,
WFSI01,monophyletic,internal_19,3,,,,0,0,
WFTC01,monophyletic,internal_31,2,,,,0,0,
WFTH01,monophyletic,internal_39,2,,,,0,0,
WFTX01,monophyletic,internal_27,3,,,,0,0,
WFVA01,monophyletic,internal_59,4,,,,0,0,
WFWF01,monophyletic,internal_23,4,,,,0,0,
WFWG01,monophyletic,internal_26,3,,,,0,0,
WFXC01,monophyletic,internal_27,3,,,,0,0,
WFXD01,monophyletic,internal_36,6,,,,0,0,
WFXV01,monophyletic,internal_18,9,,,,0,0,
WFYI01,monophyletic,internal_24,2,,,,0,0,
WFYJ01,monophyletic,internal_52,3,,,,0,0,
WFZT01,monophyletic,internal_21,6,,,,0,0,
WG-1,monophyletic,internal_41,2,,,,0,0,
WGA-3G,monophyletic,internal_21,65,,,,0,0,
WGAB01,monophyletic,internal_20,3,,,,0,0,
WGAI01,monophyletic,internal_22,3,,,,0,0,
WGAL01,monophyletic,internal_37,9,,,,0,0,
WGAO01,monophyletic,internal_21,3,,,,0,0,
WGBN01,monophyletic,internal_51,3,,,,0,0,
WGBX01,monophyletic,internal_45,14,,,,0,0,
WGCX01,monophyletic,internal_27,2,,,,0,0,
WGFY01,monophyletic,internal_17,2,,,,0,0,
WGMI01,monophyletic,internal_43,2,,,,0,0,
WGMK01,monophyletic,internal_21,3,,,,0,0,
WGNA01,monophyletic,internal_39,2,,,,0,0,
WGOA01,monophyletic,internal_36,5,,,,0,0,
WHSM01,monophyletic,internal_36,7,,,,0,0,
WHSO01,monophyletic,internal_36,8,,,,0,0,
WHSP01,monophyletic,internal_22,8,,,,0,0,
WHST01,monophyletic,internal_27,4,,,,0,0,
WHSV01,monophyletic,internal_25,9,,,,0,0,
WHSW01,monophyletic,internal_30,39,,,,0,0,
WHSY01,monophyletic,internal_36,3,,,,0,0,
WHTB01,monophyletic,internal_40,2,,,,0,0,
WHTF01,monophyletic,internal_29,8,,,,0,0,
WHTG01,monophyletic,internal_28,2,,,,0,0,
WHTI01,monophyletic,internal_23,5,,,,0,0,
WHTK01,monophyletic,internal_28,18,,,,0,0,
WHTL01,monophyletic,internal_28,2,,,,0,0,
WHTT01,monophyletic,internal_21,3,,,,0,0,
WHTX01,monophyletic,internal_35,2,,,,0,0,
WHUA01,monophyletic,internal_38,3,,,,0,0,
WJIR01,monophyletic,internal_22,2,,,,0,0,
WJIX01,monophyletic,internal_19,2,,,,0,0,
WJJO01,monophyletic,internal_21,2,,,,0,0,
WJJR01,monophyletic,internal_24,2,,,,0,0,
WJJZ01,monophyletic,internal_45,2,,,,0,0,
WJKA01,monophyletic,internal_28,2,,,,0,0,
WJKG01,monophyletic,internal_29,3,,,,0,0,
WJKK01,monophyletic,internal_30,3,,,,0,0,
WJKP01,monophyletic,internal_34,2,,,,0,0,
WJKQ01,monophyletic,internal_38,2,,,,0,0,
WJLG01,monophyletic,internal_37,2,,,,0,0,
WJLY01,monophyletic,internal_19,5,,,,0,0,
WJMB01,monophyletic,internal_15,2,,,,0,0,
WJMD01,monophyletic,internal_19,2,,,,0,0,
WJMH01,monophyletic,internal_25,2,,,,0,0,
WJMS01,monophyletic,internal_29,3,,,,0,0,
WJMT01,monophyletic,internal_28,9,,,,0,0,
WLJO01,monophyletic,internal_31,6,,,,0,0,
WLMZ01,monophyletic,internal_35,23,,,,0,0,
WLND01,monophyletic,internal_43,8,,,,0,0,
WLNJ01,monophyletic,internal_29,10,,,,0,0,
WLNW01,monophyletic,internal_32,4,,,,0,0,
WLQV01,monophyletic,internal_37,2,,,,0,0,
WLWS01,monophyletic,internal_35,6,,,,0,0,
WLWV01,monophyletic,internal_31,2,,,,0,0,
WLWX01,monophyletic,internal_54,2,,,,0,0,
WLXB01,monophyletic,internal_35,9,,,,0,0,
WLXD01,monophyletic,internal_18,3,,,,0,0,
WM-3-3,monophyletic,internal_42,2,,,,0,0,
WM01,monophyletic,internal_39,3,,,,0,0,
WMHbin7,monophyletic,internal_30,5,,,,0,0,
WO2-35-19,monophyletic,internal_60,17,,,,0,0,
WO2-40-15,monophyletic,internal_28,2,,,,0,0,
WO2-46-25,monophyletic,internal_37,2,,,,0,0,
WO2-54-10,monophyletic,internal_42,4,,,,0,0,
WO2-FULL-40-11,monophyletic,internal_28,3,,,,0,0,
WOFB19,monophyletic,internal_26,10,,,,0,0,
WOUP01,monophyletic,internal_28,2,,,,0,0,
WOZL01,monophyletic,internal_25,4,,,,0,0,
WQRX01,monophyletic,internal_43,5,,,,0,0,
WQSK01,monophyletic,internal_33,2,,,,0,0,
WQTU01,monophyletic,internal_20,5,,,,0,0,
WQTX01,monophyletic,internal_55,3,,,,0,0,
WQUF01,monophyletic,internal_26,3,,,,0,0,
WQUG01,monophyletic,internal_20,3,,,,0,0,
WQUV01,monophyletic,internal_43,4,,,,0,0,
WQVC01,monophyletic,internal_44,10,,,,0,0,
WQVN01,monophyletic,internal_22,2,,,,0,0,
WQWV01,monophyletic,internal_23,3,,,,0,0,
WQXA01,monophyletic,internal_38,3,,,,0,0,
WQXF01,monophyletic,internal_35,4,,,,0,0,
WQXH01,monophyletic,internal_27,6,,,,0,0,
WQXN01,monophyletic,internal_23,4,,,,0,0,
WQXQ01,monophyletic,internal_28,40,,,,0,0,
WQXZ01,monophyletic,internal_28,4,,,,0,0,
WQYJ01,monophyletic,internal_44,20,,,,0,0,
WQZF01,monophyletic,internal_36,2,,,,0,0,
WRAA01,monophyletic,internal_40,2,,,,0,0,
WRAB01,monophyletic,internal_40,4,,,,0,0,
WRAD01,monophyletic,internal_33,5,,,,0,0,
WRAF01,monophyletic,internal_36,2,,,,0,0,
WRAH01,monophyletic,internal_44,2,,,,0,0,
WRAI01,monophyletic,internal_38,2,,,,0,0,
WRAN01,monophyletic,internal_43,3,,,,0,0,
WRAP01,monophyletic,internal_33,3,,,,0,0,
WRAU01,monophyletic,internal_23,4,,,,0,0,
WRAV01,monophyletic,internal_41,15,,,,0,0,
WRAX01,monophyletic,internal_45,3,,,,0,0,
WRAY01,monophyletic,internal_33,2,,,,0,0,
WRBG01,monophyletic,internal_61,4,,,,0,0,
WRBJ01,monophyletic,internal_45,2,,,,0,0,
WRBK01,monophyletic,internal_43,3,,,,0,0,
WRBW01,monophyletic,internal_22,3,,,,0,0,
WRCA01,monophyletic,internal_28,8,,,,0,0,
WRCC01,monophyletic,internal_28,2,,,,0,0,
WRCH01,monophyletic,internal_28,2,,,,0,0,
WRCT01,monophyletic,internal_38,2,,,,0,0,
WRDF01,monophyletic,internal_65,8,,,,0,0,
WRDL01,monophyletic,internal_20,2,,,,0,0,
WRDS01,monophyletic,internal_29,2,,,,0,0,
WRFC01,monophyletic,internal_27,2,,,,0,0,
WRFF01,monophyletic,internal_41,3,,,,0,0,
WRFX01,monophyletic,internal_27,3,,,,0,0,
WRGA01,monophyletic,internal_62,4,,,,0,0,
WRGC01,monophyletic,internal_32,2,,,,0,0,
WRGS01,monophyletic,internal_68,3,,,,0,0,
WRGT01,monophyletic,internal_13,8,,,,0,0,
WRGU01,monophyletic,internal_38,2,,,,0,0,
WRGV01,monophyletic,internal_48,8,,,,0,0,
WRHT01,monophyletic,internal_30,8,,,,0,0,
WRHU01,monophyletic,internal_27,2,,,,0,0,
WRHW01,monophyletic,internal_16,4,,,,0,0,
WRIP01,monophyletic,internal_49,3,,,,0,0,
WRIS01,monophyletic,internal_32,6,,,,0,0,
WRIV01,monophyletic,internal_26,5,,,,0,0,
WRJC01,monophyletic,internal_30,3,,,,0,0,
WRJI01,monophyletic,internal_25,3,,,,0,0,
WRJK01,monophyletic,internal_38,2,,,,0,0,
WRJS01,monophyletic,internal_30,2,,,,0,0,
WRKB01,monophyletic,internal_28,3,,,,0,0,
WRKG01,monophyletic,internal_42,2,,,,0,0,
WRKJ01,monophyletic,internal_15,2,,,,0,0,
WRKP01,monophyletic,internal_37,25,,,,0,0,
WRKR01,monophyletic,internal_26,3,,,,0,0,
WRKT01,monophyletic,internal_27,5,,,,0,0,
WRKV01,monophyletic,internal_57,5,,,,0,0,
WRKW01,monophyletic,internal_28,5,,,,0,0,
WRKY01,monophyletic,internal_45,5,,,,0,0,
WRLA01,monophyletic,internal_58,3,,,,0,0,
WRLB01,monophyletic,internal_37,2,,,,0,0,
WRLJ01,monophyletic,internal_41,3,,,,0,0,
WRLZ01,monophyletic,internal_39,2,,,,0,0,
WRME01,monophyletic,internal_38,2,,,,0,0,
WRMG01,monophyletic,internal_37,4,,,,0,0,
WRMH01,monophyletic,internal_42,19,,,,0,0,
WRMI01,monophyletic,internal_61,2,,,,0,0,
WRMQ01,monophyletic,internal_44,16,,,,0,0,
WRMR01,monophyletic,internal_34,5,,,,0,0,
WRMS01,monophyletic,internal_25,6,,,,0,0,
WRMW01,monophyletic,internal_41,4,,,,0,0,
WRNG01,monophyletic,internal_41,4,,,,0,0,
WRNP01,monophyletic,internal_39,2,,,,0,0,
WRNQ01,monophyletic,internal_24,2,,,,0,0,
WRNU01,monophyletic,internal_44,22,,,,0,0,
WRNX01,monophyletic,internal_57,7,,,,0,0,
WS-11,monophyletic,internal_27,8,,,,0,0,
WS-2,monophyletic,internal_27,4,,,,0,0,
WS-7,monophyletic,internal_20,13,,,,0,0,
WS-8,monophyletic,internal_27,2,,,,0,0,
WS-9,monophyletic,internal_21,10,,,,0,0,
WSXY01,monophyletic,internal_27,2,,,,0,0,
WSZJ01,monophyletic,internal_20,8,,,,0,0,
WSZY01,monophyletic,internal_23,9,,,,0,0,
WTAK01,monophyletic,internal_21,3,,,,0,0,
WTAW01,monophyletic,internal_28,8,,,,0,0,
WTBG01,monophyletic,internal_26,2,,,,0,0,
WTBX01,monophyletic,internal_42,8,,,,0,0,
WTFV01,monophyletic,internal_31,15,,,,0,0,
WTFY01,monophyletic,internal_30,13,,,,0,0,
WTGA01,monophyletic,internal_33,3,,,,0,0,
WTGJ01,monophyletic,internal_40,3,,,,0,0,
WTGU01,monophyletic,internal_38,21,,,,0,0,
WTJD01,monophyletic,internal_34,3,,,,0,0,
WTJH01,monophyletic,internal_51,3,,,,0,0,
WTJO01,monophyletic,internal_33,3,,,,0,0,
WTJX01,monophyletic,internal_37,2,,,,0,0,
WTJY01,monophyletic,internal_36,9,,,,0,0,
WTJZ01,monophyletic,internal_31,6,,,,0,0,
WTKD01,monophyletic,internal_19,2,,,,0,0,
WTKG01,monophyletic,internal_42,3,,,,0,0,
WTXA01,monophyletic,internal_22,7,,,,0,0,
WVWN01,monophyletic,internal_15,10,,,,0,0,
WVWW01,monophyletic,internal_22,2,,,,0,0,
WVXK01,monophyletic,internal_19,3,,,,0,0,
WVXP01,monophyletic,internal_25,3,,,,0,0,
WVXT01,monophyletic,internal_20,6,,,,0,0,
WVYX01,monophyletic,internal_28,11,,,,0,0,
WVZH01,monophyletic,internal_47,6,,,,0,0,
WVZL01,monophyletic,internal_24,2,,,,0,0,
WYBA01,monophyletic,internal_37,3,,,,0,0,
WYBB01,monophyletic,internal_29,3,,,,0,0,
WYBJ01,monophyletic,internal_41,6,,,,0,0,
WYBL01,monophyletic,internal_25,3,,,,0,0,
WYBT01,monophyletic,internal_35,4,,,,0,0,
WYBW01,monophyletic,internal_35,4,,,,0,0,
WYEG01,monophyletic,internal_23,4,,,,0,0,
Waddlia,monophyletic,internal_27,3,,,,0,0,
Wagnerdoeblera,monophyletic,internal_58,7,,,,0,0,
Walczuchella,monophyletic,internal_46,2,,,,0,0,
Wandonia,monophyletic,internal_44,2,,,,0,0,
Waterburya,monophyletic,internal_34,39,,,,0,0,
Weeksella,monophyletic,internal_48,3,,,,0,0,
Weimeria,monophyletic,internal_53,14,,,,0,0,
Weissella,monophyletic,internal_43,31,,,,0,0,
Weizmannia,monophyletic,internal_42,5,,,,0,0,
Wenjunlia,monophyletic,internal_36,2,,,,0,0,
Wenxinia,monophyletic,internal_66,2,,,,0,0,
Wenyingzhuangia,monophyletic,internal_50,8,,,,0,0,
Wenzhouxiangella,monophyletic,internal_32,59,,,,0,0,
Westeberhardia,monophyletic,internal_51,3,,,,0,0,
Wigglesworthia,monophyletic,internal_53,3,,,,0,0,
Williamsia,monophyletic,internal_42,11,,,,0,0,
Williamsia_A,monophyletic,internal_42,11,,,,0,0,
Williamsoniiplasma,monophyletic,internal_25,4,,,,0,0,
Williamwhitmania,monophyletic,internal_54,3,,,,0,0,
Winkia,monophyletic,internal_54,3,,,,0,0,
Winmispira,monophyletic,internal_16,2,,,,0,0,
Winogradskyella,monophyletic,internal_70,97,,,,0,0,
Winogradskyella_A,monophyletic,internal_70,2,,,,0,0,
Wocania_A,monophyletic,internal_71,6,,,,0,0,
Woeseia,monophyletic,internal_42,10,,,,0,0,
Wohlfahrtiimonas,monophyletic,internal_28,9,,,,0,0,
Wolbachia,monophyletic,internal_29,60,,,,0,0,
Wolinella,monophyletic,internal_24,4,,,,0,0,
Woodwardiibium,monophyletic,internal_37,3,,,,0,0,
Woronichinia,monophyletic,internal_34,3,,,,0,0,
Wukongibacter,monophyletic,internal_33,2,,,,0,0,
Wunengus,monophyletic,internal_28,8,,,,0,0,
Ww85,monophyletic,internal_28,2,,,,0,0,
X156,monophyletic,internal_34,3,,,,0,0,
X23,monophyletic,internal_37,2,,,,0,0,
XBB1006,monophyletic,internal_48,13,,,,0,0,
XBB2008,monophyletic,internal_54,8,,,,0,0,
XBD2001,monophyletic,internal_52,4,,,,0,0,
XN24,monophyletic,internal_34,15,,,,0,0,
XYA2-FULL-43-15,monophyletic,internal_34,2,,,,0,0,
XYA2-FULL-47-19,monophyletic,internal_46,2,,,,0,0,
XYB1-40-15,monophyletic,internal_45,3,,,,0,0,
XYB1-FULL-32-11,monophyletic,internal_47,4,,,,0,0,
XYB1-FULL-42-16,monophyletic,internal_50,2,,,,0,0,
XYB1-FULL-44-23,monophyletic,internal_33,2,,,,0,0,
XYB1-FULL-47-11,monophyletic,internal_31,7,,,,0,0,
XYB2-FULL-45-11,monophyletic,internal_43,8,,,,0,0,
XYB2-FULL-45-9,monophyletic,internal_17,4,,,,0,0,
XYC1-FULL-37-79,monophyletic,internal_32,2,,,,0,0,
XYC2-FULL-35-21,monophyletic,internal_35,4,,,,0,0,
XYC2-FULL-41-22,monophyletic,internal_27,2,,,,0,0,
XYD1-37-29,monophyletic,internal_36,6,,,,0,0,
XYD1-FULL-39-28,monophyletic,internal_46,26,,,,0,0,
XYD1-FULL-44-32,monophyletic,internal_50,5,,,,0,0,
XYD1-FULL-55-31,monophyletic,internal_38,2,,,,0,0,
XYD12-FULL-36-8,monophyletic,internal_36,6,,,,0,0,
XYD2-FULL-39-9,monophyletic,internal_44,16,,,,0,0,
XYD2-FULL-41-14,monophyletic,internal_43,2,,,,0,0,
Xanthobacter,monophyletic,internal_40,32,,,,0,0,
Xanthocytophaga,monophyletic,internal_41,6,,,,0,0,
Xanthomarina,monophyletic,internal_65,10,,,,0,0,
Xanthomonas,monophyletic,internal_47,41,,,,0,0,
Xanthomonas_A,monophyletic,internal_46,22,,,,0,0,
Xanthomonas_B,monophyletic,internal_42,3,,,,0,0,
Xaviernesmea,monophyletic,internal_47,2,,,,0,0,
Xenobium,monophyletic,internal_21,4,,,,0,0,
Xenococcus,monophyletic,internal_35,3,,,,0,0,
Xenophilus,monophyletic,internal_47,16,,,,0,0,
Xenorhabdus,monophyletic,internal_43,36,,,,0,0,
Xiamenia,monophyletic,internal_29,7,,,,0,0,
Xianfuyuplasma,monophyletic,internal_24,8,,,,0,0,
Xiheibacterium,monophyletic,internal_26,11,,,,0,0,
Xiheicaenibacterium,monophyletic,internal_37,11,,,,0,0,
Xiheicaenimonas,monophyletic,internal_28,4,,,,0,0,
Xiheimicrobium,monophyletic,internal_33,13,,,,0,0,
Xiphinematobacter,monophyletic,internal_26,5,,,,0,0,
Xylanibacillus,monophyletic,internal_31,2,,,,0,0,
Xylanimonas,monophyletic,internal_52,13,,,,0,0,
Xylella,monophyletic,internal_42,2,,,,0,0,
Xylocopilactobacillus,monophyletic,internal_37,4,,,,0,0,
Xylophilus,monophyletic,internal_45,9,,,,0,0,
YA12-FULL-48-11,monophyletic,internal_26,2,,,,0,0,
YA12-FULL-51-18,monophyletic,internal_37,7,,,,0,0,
YB1-3,monophyletic,internal_31,5,,,,0,0,
YC12-FULL-57-11,monophyletic,internal_46,9,,,,0,0,
YC2-FULL-38-9,monophyletic,internal_36,8,,,,0,0,
YD12-FULL-61-37,monophyletic,internal_33,2,,,,0,0,
YE71,monophyletic,internal_46,16,,,,0,0,
YIM-78166,monophyletic,internal_29,3,,,,0,0,
Yanghanlia,monophyletic,internal_32,14,,,,0,0,
Yaniella,monophyletic,internal_52,15,,,,0,0,
Yanshouia,monophyletic,internal_45,20,,,,0,0,
Yeosuana,monophyletic,internal_65,13,,,,0,0,
Yersinia,monophyletic,internal_43,28,,,,0,0,
Yes70-04,monophyletic,internal_19,2,,,,0,0,
Yes71-27,monophyletic,internal_30,2,,,,0,0,
Yimella,monophyletic,internal_45,4,,,,0,0,
Yinghuangia,monophyletic,internal_34,8,,,,0,0,
Yoonia,monophyletic,internal_66,102,,,,0,0,
Youngiibacter,monophyletic,internal_28,5,,,,0,0,
Z2-YC6860,monophyletic,internal_47,28,,,,0,0,
ZC3RG03,monophyletic,internal_41,4,,,,0,0,
ZC4RG17,monophyletic,internal_31,6,,,,0,0,
ZC4RG19,monophyletic,internal_33,28,,,,0,0,
ZC4RG20,monophyletic,internal_41,10,,,,0,0,
ZC4RG25,monophyletic,internal_40,11,,,,0,0,
ZC4RG29,monophyletic,internal_50,8,,,,0,0,
ZC4RG30,monophyletic,internal_35,38,,,,0,0,
ZC4RG35,monophyletic,internal_32,12,,,,0,0,
ZC4RG36,monophyletic,internal_46,3,,,,0,0,
ZC4RG37,monophyletic,internal_25,2,,,,0,0,
ZC4RG38,monophyletic,internal_21,2,,,,0,0,
ZC4RG40,monophyletic,internal_24,2,,,,0,0,
ZC4RG42,monophyletic,internal_34,3,,,,0,0,
ZCTH02-B3,monophyletic,internal_34,2,,,,0,0,
ZCTH02-B6,monophyletic,internal_24,6,,,,0,0,
ZJ293,monophyletic,internal_53,2,,,,0,0,
ZLKRG04,monophyletic,internal_30,3,,,,0,0,
ZLKRG08,monophyletic,internal_36,20,,,,0,0,
ZLKRG44,monophyletic,internal_34,5,,,,0,0,
ZLKRG46,monophyletic,internal_33,2,,,,0,0,
ZOR0006,monophyletic,internal_14,4,,,,0,0,
ZYF759,monophyletic,internal_50,2,,,,0,0,
Zafaria,monophyletic,internal_50,2,,,,0,0,
Zag111,monophyletic,internal_27,76,,,,0,0,
Zapsychrus_A,monophyletic,internal_36,2,,,,0,0,
Zarconia,monophyletic,internal_29,2,,,,0,0,
Zavarzinella,monophyletic,internal_31,3,,,,0,0,
Zavarzinia,monophyletic,internal_38,8,,,,0,0,
Zeaxanthinibacter,monophyletic,internal_57,6,,,,0,0,
Zeimonas,monophyletic,internal_33,36,,,,0,0,
Zemelea,monophyletic,internal_26,2,,,,0,0,
Zestofontihabitans,monophyletic,internal_26,3,,,,0,0,
Zhengella,monophyletic,internal_43,6,,,,0,0,
Zhenhengia,monophyletic,internal_36,2,,,,0,0,
Zhihengliuella,monophyletic,internal_48,6,,,,0,0,
Zhouia,monophyletic,internal_51,2,,,,0,0,
Zhuqueibacter,monophyletic,internal_27,8,,,,0,0,
Zipacnadum,monophyletic,internal_25,4,,,,0,0,
Zobellia,monophyletic,internal_62,10,,,,0,0,
Zongyangia,monophyletic,internal_39,2,,,,0,0,
Zoogloea,monophyletic,internal_34,33,,,,0,0,
Zooshikella,monophyletic,internal_41,3,,,,0,0,
Zophobacter,monophyletic,internal_20,4,,,,0,0,
Zrk6,monophyletic,internal_18,2,,,,0,0,
Zth2,monophyletic,internal_31,2,,,,0,0,
Zunongwangia,monophyletic,internal_51,7,,,,0,0,
Zwartia,monophyletic,internal_29,55,,,,0,0,
Zymobacter,monophyletic,internal_42,2,,,,0,0,
Zymogenus,monophyletic,internal_19,3,,,,0,0,
Zymomonas,monophyletic,internal_53,4,,,,0,0,
