id,domain,phylum,class,order,family,genus
genome_000000,Domain_01,Phylum_00,Class_000,Order_000,Family_0000,Genus_0000
genome_000001,Domain_01,Phylum_00,Class_000,Order_000,Family_0000,Genus_0000
genome_000002,Domain_01,Phylum_00,Class_000,Order_000,Family_0000,Genus_0000
genome_000003,Domain_01,Phylum_00,Class_000,Order_000,Family_0000,Genus_0000
genome_000004,Domain_01,Phylum_00,Class_000,Order_000,Family_0000,Genus_0000
genome_000005,Domain_01,Phylum_00,Class_000,Order_000,Family_0000,Genus_0000
genome_000006,Domain_01,Phylum_00,Class_000,Order_000,Family_0000,Genus_0000
genome_000007,Domain_01,Phylum_00,Class_000,Order_000,Family_0000,Genus_0000
genome_000008,Domain_01,Phylum_00,Class_000,Order_000,Family_0000,Genus_0001
genome_000009,Domain_01,Phylum_00,Class_000,Order_000,Family_0000,Genus_0001
genome_000010,Domain_01,Phylum_00,Class_000,Order_000,Family_0000,Genus_0001
genome_000011,Domain_01,Phylum_00,Class_000,Order_000,Family_0000,Genus_0001
genome_000012,Domain_01,Phylum_00,Class_000,Order_000,Family_0000,Genus_0001
genome_000013,Domain_01,Phylum_00,Class_000,Order_000,Family_0000,Genus_0001
genome_000014,Domain_01,Phylum_00,Class_000,Order_000,Family_0000,Genus_0001
genome_000015,Domain_01,Phylum_00,Class_000,Order_000,Family_0000,Genus_0001
genome_000016,Domain_01,Phylum_00,Class_000,Order_000,Family_0001,Genus_0002
genome_000017,Domain_01,Phylum_00,Class_000,Order_000,Family_0001,Genus_0002
genome_000018,Domain_01,Phylum_00,Class_000,Order_000,Family_0001,Genus_0002
genome_000019,Domain_01,Phylum_00,Class_000,Order_000,Family_0001,Genus_0002
genome_000020,Domain_01,Phylum_00,Class_000,Order_000,Family_0001,Genus_0002
genome_000021,Domain_01,Phylum_00,Class_000,Order_000,Family_0001,Genus_0002
genome_000022,Domain_01,Phylum_00,Class_000,Order_000,Family_0001,Genus_0002
genome_000023,Domain_01,Phylum_00,Class_000,Order_000,Family_0001,Genus_0002
genome_000024,Domain_01,Phylum_00,Class_000,Order_000,Family_0001,Genus_0003
genome_000025,Domain_01,Phylum_00,Class_000,Order_000,Family_0001,Genus_0003
genome_000026,Domain_01,Phylum_00,Class_000,Order_000,Family_0001,Genus_0003
genome_000027,Domain_01,Phylum_00,Class_000,Order_000,Family_0001,Genus_0003
genome_000028,Domain_01,Phylum_00,Class_000,Order_000,Family_0001,Genus_0003
genome_000029,Domain_01,Phylum_00,Class_000,Order_000,Family_0001,Genus_0003
genome_000030,Domain_01,Phylum_00,Class_000,Order_000,Family_0001,Genus_0003
genome_000031,Domain_01,Phylum_00,Class_000,Order_000,Family_0001,Genus_0003
genome_000032,Domain_01,Phylum_00,Class_000,Order_000,Family_0002,Genus_0004
genome_000033,Domain_01,Phylum_00,Class_000,Order_000,Family_0002,Genus_0004
genome_000034,Domain_01,Phylum_00,Class_000,Order_000,Family_0002,Genus_0004
genome_000035,Domain_01,Phylum_00,Class_000,Order_000,Family_0002,Genus_0004
genome_000036,Domain_01,Phylum_00,Class_000,Order_000,Family_0002,Genus_0004
genome_000037,Domain_01,Phylum_00,Class_000,Order_000,Family_0002,Genus_0004
genome_000038,Domain_01,Phylum_00,Class_000,Order_000,Family_0002,Genus_0004
genome_000039,Domain_01,Phylum_00,Class_000,Order_000,Family_0002,Genus_0004
genome_000040,Domain_01,Phylum_00,Class_000,Order_000,Family_0002,Genus_0005
genome_000041,Domain_01,Phylum_00,Class_000,Order_000,Family_0002,Genus_0005
genome_000042,Domain_01,Phylum_00,Class_000,Order_000,Family_0002,Genus_0005
genome_000043,Domain_01,Phylum_00,Class_000,Order_000,Family_0002,Genus_0005
genome_000044,Domain_01,Phylum_00,Class_000,Order_000,Family_0002,Genus_0005
genome_000045,Domain_01,Phylum_00,Class_000,Order_000,Family_0002,Genus_0005
genome_000046,Domain_01,Phylum_00,Class_000,Order_000,Family_0002,Genus_0005
genome_000047,Domain_01,Phylum_00,Class_000,Order_000,Family_0002,Genus_0005
genome_000048,Domain_01,Phylum_00,Class_000,Order_000,Family_0003,Genus_0006
genome_000049,Domain_01,Phylum_00,Class_000,Order_000,Family_0003,Genus_0006
genome_000050,Domain_01,Phylum_00,Class_000,Order_000,Family_0003,Genus_0006
genome_000051,Domain_01,Phylum_00,Class_000,Order_000,Family_0003,Genus_0006
genome_000052,Domain_01,Phylum_00,Class_000,Order_000,Family_0003,Genus_0006
genome_000053,Domain_01,Phylum_00,Class_000,Order_000,Family_0003,Genus_0006
genome_000054,Domain_01,Phylum_00,Class_000,Order_000,Family_0003,Genus_0006
genome_000055,Domain_01,Phylum_00,Class_000,Order_000,Family_0003,Genus_0006
genome_000056,Domain_01,Phylum_00,Class_000,Order_000,Family_0003,Genus_0007
genome_000057,Domain_01,Phylum_00,Class_000,Order_000,Family_0003,Genus_0007
genome_000058,Domain_01,Phylum_00,Class_000,Order_000,Family_0003,Genus_0007
genome_000059,Domain_01,Phylum_00,Class_000,Order_000,Family_0003,Genus_0007
genome_000060,Domain_01,Phylum_00,Class_000,Order_000,Family_0003,Genus_0007
genome_000061,Domain_01,Phylum_00,Class_000,Order_000,Family_0003,Genus_0007
genome_000062,Domain_01,Phylum_00,Class_000,Order_000,Family_0003,Genus_0007
genome_000063,Domain_01,Phylum_00,Class_000,Order_000,Family_0003,Genus_0007
genome_000064,Domain_01,Phylum_00,Class_000,Order_001,Family_0004,Genus_0008
genome_000065,Domain_01,Phylum_00,Class_000,Order_001,Family_0004,Genus_0008
genome_000066,Domain_01,Phylum_00,Class_000,Order_001,Family_0004,Genus_0008
genome_000067,Domain_01,Phylum_00,Class_000,Order_001,Family_0004,Genus_0008
genome_000068,Domain_01,Phylum_00,Class_000,Order_001,Family_0004,Genus_0008
genome_000069,Domain_01,Phylum_00,Class_000,Order_001,Family_0004,Genus_0008
genome_000070,Domain_01,Phylum_00,Class_000,Order_001,Family_0004,Genus_0008
genome_000071,Domain_01,Phylum_00,Class_000,Order_001,Family_0004,Genus_0008
genome_000072,Domain_01,Phylum_00,Class_000,Order_001,Family_0004,Genus_0009
genome_000073,Domain_01,Phylum_00,Class_000,Order_001,Family_0004,Genus_0009
genome_000074,Domain_01,Phylum_00,Class_000,Order_001,Family_0004,Genus_0009
genome_000075,Domain_01,Phylum_00,Class_000,Order_001,Family_0004,Genus_0009
genome_000076,Domain_01,Phylum_00,Class_000,Order_001,Family_0004,Genus_0009
genome_000077,Domain_01,Phylum_00,Class_000,Order_001,Family_0004,Genus_0009
genome_000078,Domain_01,Phylum_00,Class_000,Order_001,Family_0004,Genus_0009
genome_000079,Domain_01,Phylum_00,Class_000,Order_001,Family_0004,Genus_0009
genome_000080,Domain_01,Phylum_00,Class_000,Order_001,Family_0005,Genus_0010
genome_000081,Domain_01,Phylum_00,Class_000,Order_001,Family_0005,Genus_0010
genome_000082,Domain_01,Phylum_00,Class_000,Order_001,Family_0005,Genus_0010
genome_000083,Domain_01,Phylum_00,Class_000,Order_001,Family_0005,Genus_0010
genome_000084,Domain_01,Phylum_00,Class_000,Order_001,Family_0005,Genus_0010
genome_000085,Domain_01,Phylum_00,Class_000,Order_001,Family_0005,Genus_0010
genome_000086,Domain_01,Phylum_00,Class_000,Order_001,Family_0005,Genus_0010
genome_000087,Domain_01,Phylum_00,Class_000,Order_001,Family_0005,Genus_0010
genome_000088,Domain_01,Phylum_00,Class_000,Order_001,Family_0005,Genus_0011
genome_000089,Domain_01,Phylum_00,Class_000,Order_001,Family_0005,Genus_0011
genome_000090,Domain_01,Phylum_00,Class_000,Order_001,Family_0005,Genus_0011
genome_000091,Domain_01,Phylum_00,Class_000,Order_001,Family_0005,Genus_0011
genome_000092,Domain_01,Phylum_00,Class_000,Order_001,Family_0005,Genus_0011
genome_000093,Domain_01,Phylum_00,Class_000,Order_001,Family_0005,Genus_0011
genome_000094,Domain_01,Phylum_00,Class_000,Order_001,Family_0005,Genus_0011
genome_000095,Domain_01,Phylum_00,Class_000,Order_001,Family_0005,Genus_0011
genome_000096,Domain_01,Phylum_00,Class_000,Order_001,Family_0006,Genus_0012
genome_000097,Domain_01,Phylum_00,Class_000,Order_001,Family_0006,Genus_0012
genome_000098,Domain_01,Phylum_00,Class_000,Order_001,Family_0006,Genus_0012
genome_000099,Domain_01,Phylum_00,Class_000,Order_001,Family_0006,Genus_0012
genome_000100,Domain_01,Phylum_00,Class_000,Order_001,Family_0006,Genus_0012
genome_000101,Domain_01,Phylum_00,Class_000,Order_001,Family_0006,Genus_0012
genome_000102,Domain_01,Phylum_00,Class_000,Order_001,Family_0006,Genus_0012
genome_000103,Domain_01,Phylum_00,Class_000,Order_001,Family_0006,Genus_0012
genome_000104,Domain_01,Phylum_00,Class_000,Order_001,Family_0006,Genus_0013
genome_000105,Domain_01,Phylum_00,Class_000,Order_001,Family_0006,Genus_0013
genome_000106,Domain_01,Phylum_00,Class_000,Order_001,Family_0006,Genus_0013
genome_000107,Domain_01,Phylum_00,Class_000,Order_001,Family_0006,Genus_0013
genome_000108,Domain_01,Phylum_00,Class_000,Order_001,Family_0006,Genus_0013
genome_000109,Domain_01,Phylum_00,Class_000,Order_001,Family_0006,Genus_0013
genome_000110,Domain_01,Phylum_00,Class_000,Order_001,Family_0006,Genus_0013
genome_000111,Domain_01,Phylum_00,Class_000,Order_001,Family_0006,Genus_0013
genome_000112,Domain_01,Phylum_00,Class_000,Order_001,Family_0007,Genus_0014
genome_000113,Domain_01,Phylum_00,Class_000,Order_001,Family_0007,Genus_0014
genome_000114,Domain_01,Phylum_00,Class_000,Order_001,Family_0007,Genus_0014
genome_000115,Domain_01,Phylum_00,Class_000,Order_001,Family_0007,Genus_0014
genome_000116,Domain_01,Phylum_00,Class_000,Order_001,Family_0007,Genus_0014
genome_000117,Domain_01,Phylum_00,Class_000,Order_001,Family_0007,Genus_0014
genome_000118,Domain_01,Phylum_00,Class_000,Order_001,Family_0007,Genus_0014
genome_000119,Domain_01,Phylum_00,Class_000,Order_001,Family_0007,Genus_0014
genome_000120,Domain_01,Phylum_00,Class_000,Order_001,Family_0007,Genus_0015
genome_000121,Domain_01,Phylum_00,Class_000,Order_001,Family_0007,Genus_0015
genome_000122,Domain_01,Phylum_00,Class_000,Order_001,Family_0007,Genus_0015
genome_000123,Domain_01,Phylum_00,Class_000,Order_001,Family_0007,Genus_problematic_A
genome_000124,Domain_01,Phylum_00,Class_000,Order_001,Family_0007,Genus_0015
genome_000125,Domain_01,Phylum_00,Class_000,Order_001,Family_0007,Genus_0015
genome_000126,Domain_01,Phylum_00,Class_000,Order_001,Family_0007,Genus_0015
genome_000127,Domain_01,Phylum_00,Class_000,Order_001,Family_0007,Genus_0015
genome_000128,Domain_01,Phylum_00,Class_000,Order_002,Family_0008,Genus_0016
genome_000129,Domain_01,Phylum_00,Class_000,Order_002,Family_0008,Genus_0016
genome_000130,Domain_01,Phylum_00,Class_000,Order_002,Family_0008,Genus_0016
genome_000131,Domain_01,Phylum_00,Class_000,Order_002,Family_0008,Genus_0016
genome_000132,Domain_01,Phylum_00,Class_000,Order_002,Family_0008,Genus_0016
genome_000133,Domain_01,Phylum_00,Class_000,Order_002,Family_0008,Genus_0016
genome_000134,Domain_01,Phylum_00,Class_000,Order_002,Family_0008,Genus_0016
genome_000135,Domain_01,Phylum_00,Class_000,Order_002,Family_0008,Genus_0016
genome_000136,Domain_01,Phylum_00,Class_000,Order_002,Family_0008,Genus_0017
genome_000137,Domain_01,Phylum_00,Class_000,Order_002,Family_0008,Genus_0017
genome_000138,Domain_01,Phylum_00,Class_000,Order_002,Family_0008,Genus_0017
genome_000139,Domain_01,Phylum_00,Class_000,Order_002,Family_0008,Genus_0017
genome_000140,Domain_01,Phylum_00,Class_000,Order_002,Family_0008,Genus_0017
genome_000141,Domain_01,Phylum_00,Class_000,Order_002,Family_0008,Genus_0017
genome_000142,Domain_01,Phylum_00,Class_000,Order_002,Family_0008,Genus_0017
genome_000143,Domain_01,Phylum_00,Class_000,Order_002,Family_0008,Genus_0017
genome_000144,Domain_01,Phylum_00,Class_000,Order_002,Family_0009,Genus_0018
genome_000145,Domain_01,Phylum_00,Class_000,Order_002,Family_0009,Genus_0018
genome_000146,Domain_01,Phylum_00,Class_000,Order_002,Family_0009,Genus_0018
genome_000147,Domain_01,Phylum_00,Class_000,Order_002,Family_0009,Genus_0018
genome_000148,Domain_01,Phylum_00,Class_000,Order_002,Family_0009,Genus_0018
genome_000149,Domain_01,Phylum_00,Class_000,Order_002,Family_0009,Genus_0018
genome_000150,Domain_01,Phylum_00,Class_000,Order_002,Family_0009,Genus_0018
genome_000151,Domain_01,Phylum_00,Class_000,Order_002,Family_0009,Genus_0018
genome_000152,Domain_01,Phylum_00,Class_000,Order_002,Family_0009,Genus_0019
genome_000153,Domain_01,Phylum_00,Class_000,Order_002,Family_0009,Genus_0019
genome_000154,Domain_01,Phylum_00,Class_000,Order_002,Family_0009,Genus_0019
genome_000155,Domain_01,Phylum_00,Class_000,Order_002,Family_0009,Genus_0019
genome_000156,Domain_01,Phylum_00,Class_000,Order_002,Family_0009,Genus_0019
genome_000157,Domain_01,Phylum_00,Class_000,Order_002,Family_0009,Genus_0019
genome_000158,Domain_01,Phylum_00,Class_000,Order_002,Family_0009,Genus_0019
genome_000159,Domain_01,Phylum_00,Class_000,Order_002,Family_0009,Genus_0019
genome_000160,Domain_01,Phylum_00,Class_000,Order_002,Family_0010,Genus_0020
genome_000161,Domain_01,Phylum_00,Class_000,Order_002,Family_0010,Genus_0020
genome_000162,Domain_01,Phylum_00,Class_000,Order_002,Family_0010,Genus_0020
genome_000163,Domain_01,Phylum_00,Class_000,Order_002,Family_0010,Genus_0020
genome_000164,Domain_01,Phylum_00,Class_000,Order_002,Family_0010,Genus_0020
genome_000165,Domain_01,Phylum_00,Class_000,Order_002,Family_0010,Genus_0020
genome_000166,Domain_01,Phylum_00,Class_000,Order_002,Family_0010,Genus_0020
genome_000167,Domain_01,Phylum_00,Class_000,Order_002,Family_0010,Genus_0020
genome_000168,Domain_01,Phylum_00,Class_000,Order_002,Family_0010,Genus_0021
genome_000169,Domain_01,Phylum_00,Class_000,Order_002,Family_0010,Genus_0021
genome_000170,Domain_01,Phylum_00,Class_000,Order_002,Family_0010,Genus_0021
genome_000171,Domain_01,Phylum_00,Class_000,Order_002,Family_0010,Genus_0021
genome_000172,Domain_01,Phylum_00,Class_000,Order_002,Family_0010,Genus_0021
genome_000173,Domain_01,Phylum_00,Class_000,Order_002,Family_0010,Genus_0021
genome_000174,Domain_01,Phylum_00,Class_000,Order_002,Family_0010,Genus_0021
genome_000175,Domain_01,Phylum_00,Class_000,Order_002,Family_0010,Genus_0021
genome_000176,Domain_01,Phylum_00,Class_000,Order_002,Family_0011,Genus_0022
genome_000177,Domain_01,Phylum_00,Class_000,Order_002,Family_0011,Genus_0022
genome_000178,Domain_01,Phylum_00,Class_000,Order_002,Family_0011,Genus_0022
genome_000179,Domain_01,Phylum_00,Class_000,Order_002,Family_0011,Genus_0022
genome_000180,Domain_01,Phylum_00,Class_000,Order_002,Family_0011,Genus_0022
genome_000181,Domain_01,Phylum_00,Class_000,Order_002,Family_0011,Genus_0022
genome_000182,Domain_01,Phylum_00,Class_000,Order_002,Family_0011,Genus_0022
genome_000183,Domain_01,Phylum_00,Class_000,Order_002,Family_0011,Genus_0022
genome_000184,Domain_01,Phylum_00,Class_000,Order_002,Family_0011,Genus_0023
genome_000185,Domain_01,Phylum_00,Class_000,Order_002,Family_0011,Genus_0023
genome_000186,Domain_01,Phylum_00,Class_000,Order_002,Family_0011,Genus_0023
genome_000187,Domain_01,Phylum_00,Class_000,Order_002,Family_0011,Genus_0023
genome_000188,Domain_01,Phylum_00,Class_000,Order_002,Family_0011,Genus_0023
genome_000189,Domain_01,Phylum_00,Class_000,Order_002,Family_0011,Genus_0023
genome_000190,Domain_01,Phylum_00,Class_000,Order_002,Family_0011,Genus_0023
genome_000191,Domain_01,Phylum_00,Class_000,Order_002,Family_0011,Genus_0023
genome_000192,Domain_01,Phylum_00,Class_001,Order_003,Family_0012,Genus_0024
genome_000193,Domain_01,Phylum_00,Class_001,Order_003,Family_0012,Genus_0024
genome_000194,Domain_01,Phylum_00,Class_001,Order_003,Family_0012,Genus_0024
genome_000195,Domain_01,Phylum_00,Class_001,Order_003,Family_0012,Genus_0024
genome_000196,Domain_01,Phylum_00,Class_001,Order_003,Family_0012,Genus_0024
genome_000197,Domain_01,Phylum_00,Class_001,Order_003,Family_0012,Genus_0024
genome_000198,Domain_01,Phylum_00,Class_001,Order_003,Family_0012,Genus_0024
genome_000199,Domain_01,Phylum_00,Class_001,Order_003,Family_0012,Genus_0024
genome_000200,Domain_01,Phylum_00,Class_001,Order_003,Family_0012,Genus_0025
genome_000201,Domain_01,Phylum_00,Class_001,Order_003,Family_0012,Genus_0025
genome_000202,Domain_01,Phylum_00,Class_001,Order_003,Family_0012,Genus_0025
genome_000203,Domain_01,Phylum_00,Class_001,Order_003,Family_0012,Genus_0025
genome_000204,Domain_01,Phylum_00,Class_001,Order_003,Family_0012,Genus_0025
genome_000205,Domain_01,Phylum_00,Class_001,Order_003,Family_0012,Genus_0025
genome_000206,Domain_01,Phylum_00,Class_001,Order_003,Family_0012,Genus_0025
genome_000207,Domain_01,Phylum_00,Class_001,Order_003,Family_0012,Genus_0025
genome_000208,Domain_01,Phylum_00,Class_001,Order_003,Family_0013,Genus_0026
genome_000209,Domain_01,Phylum_00,Class_001,Order_003,Family_0013,Genus_0026
genome_000210,Domain_01,Phylum_00,Class_001,Order_003,Family_0013,Genus_0026
genome_000211,Domain_01,Phylum_00,Class_001,Order_003,Family_0013,Genus_0026
genome_000212,Domain_01,Phylum_00,Class_001,Order_003,Family_0013,Genus_0026
genome_000213,Domain_01,Phylum_00,Class_001,Order_003,Family_0013,Genus_0026
genome_000214,Domain_01,Phylum_00,Class_001,Order_003,Family_0013,Genus_0026
genome_000215,Domain_01,Phylum_00,Class_001,Order_003,Family_0013,Genus_0026
genome_000216,Domain_01,Phylum_00,Class_001,Order_003,Family_0013,Genus_0027
genome_000217,Domain_01,Phylum_00,Class_001,Order_003,Family_0013,Genus_0027
genome_000218,Domain_01,Phylum_00,Class_001,Order_003,Family_0013,Genus_0027
genome_000219,Domain_01,Phylum_00,Class_001,Order_003,Family_0013,Genus_0027
genome_000220,Domain_01,Phylum_00,Class_001,Order_003,Family_0013,Genus_0027
genome_000221,Domain_01,Phylum_00,Class_001,Order_003,Family_0013,Genus_0027
genome_000222,Domain_01,Phylum_00,Class_001,Order_003,Family_0013,Genus_0027
genome_000223,Domain_01,Phylum_00,Class_001,Order_003,Family_0013,Genus_0027
genome_000224,Domain_01,Phylum_00,Class_001,Order_003,Family_0014,Genus_0028
genome_000225,Domain_01,Phylum_00,Class_001,Order_003,Family_0014,Genus_0028
genome_000226,Domain_01,Phylum_00,Class_001,Order_003,Family_0014,Genus_0028
genome_000227,Domain_01,Phylum_00,Class_001,Order_003,Family_0014,Genus_0028
genome_000228,Domain_01,Phylum_00,Class_001,Order_003,Family_0014,Genus_0028
genome_000229,Domain_01,Phylum_00,Class_001,Order_003,Family_0014,Genus_0028
genome_000230,Domain_01,Phylum_00,Class_001,Order_003,Family_0014,Genus_0028
genome_000231,Domain_01,Phylum_00,Class_001,Order_003,Family_0014,Genus_0028
genome_000232,Domain_01,Phylum_00,Class_001,Order_003,Family_0014,Genus_0029
genome_000233,Domain_01,Phylum_00,Class_001,Order_003,Family_0014,Genus_0029
genome_000234,Domain_01,Phylum_00,Class_001,Order_003,Family_0014,Genus_0029
genome_000235,Domain_01,Phylum_00,Class_001,Order_003,Family_0014,Genus_0029
genome_000236,Domain_01,Phylum_00,Class_001,Order_003,Family_0014,Genus_0029
genome_000237,Domain_01,Phylum_00,Class_001,Order_003,Family_0014,Genus_0029
genome_000238,Domain_01,Phylum_00,Class_001,Order_003,Family_0014,Genus_0029
genome_000239,Domain_01,Phylum_00,Class_001,Order_003,Family_0014,Genus_0029
genome_000240,Domain_01,Phylum_00,Class_001,Order_003,Family_0015,Genus_0030
genome_000241,Domain_01,Phylum_00,Class_001,Order_003,Family_0015,Genus_0030
genome_000242,Domain_01,Phylum_00,Class_001,Order_003,Family_0015,Genus_0030
genome_000243,Domain_01,Phylum_00,Class_001,Order_003,Family_0015,Genus_0030
genome_000244,Domain_01,Phylum_00,Class_001,Order_003,Family_0015,Genus_0030
genome_000245,Domain_01,Phylum_00,Class_001,Order_003,Family_0015,Genus_0030
genome_000246,Domain_01,Phylum_00,Class_001,Order_003,Family_0015,Genus_0030
genome_000247,Domain_01,Phylum_00,Class_001,Order_003,Family_0015,Genus_0030
genome_000248,Domain_01,Phylum_00,Class_001,Order_003,Family_0015,Genus_0031
genome_000249,Domain_01,Phylum_00,Class_001,Order_003,Family_0015,Genus_0031
genome_000250,Domain_01,Phylum_00,Class_001,Order_003,Family_0015,Genus_0031
genome_000251,Domain_01,Phylum_00,Class_001,Order_003,Family_0015,Genus_0031
genome_000252,Domain_01,Phylum_00,Class_001,Order_003,Family_0015,Genus_0031
genome_000253,Domain_01,Phylum_00,Class_001,Order_003,Family_0015,Genus_0031
genome_000254,Domain_01,Phylum_00,Class_001,Order_003,Family_0015,Genus_0031
genome_000255,Domain_01,Phylum_00,Class_001,Order_003,Family_0015,Genus_0031
genome_000256,Domain_01,Phylum_00,Class_001,Order_004,Family_0016,Genus_0032
genome_000257,Domain_01,Phylum_00,Class_001,Order_004,Family_0016,Genus_0032
genome_000258,Domain_01,Phylum_00,Class_001,Order_004,Family_0016,Genus_0032
genome_000259,Domain_01,Phylum_00,Class_001,Order_004,Family_0016,Genus_0032
genome_000260,Domain_01,Phylum_00,Class_001,Order_004,Family_0016,Genus_0032
genome_000261,Domain_01,Phylum_00,Class_001,Order_004,Family_0016,Genus_0032
genome_000262,Domain_01,Phylum_00,Class_001,Order_004,Family_0016,Genus_0032
genome_000263,Domain_01,Phylum_00,Class_001,Order_004,Family_0016,Genus_0032
genome_000264,Domain_01,Phylum_00,Class_001,Order_004,Family_0016,Genus_0033
genome_000265,Domain_01,Phylum_00,Class_001,Order_004,Family_0016,Genus_0033
genome_000266,Domain_01,Phylum_00,Class_001,Order_004,Family_0016,Genus_0033
genome_000267,Domain_01,Phylum_00,Class_001,Order_004,Family_0016,Genus_0033
genome_000268,Domain_01,Phylum_00,Class_001,Order_004,Family_0016,Genus_0033
genome_000269,Domain_01,Phylum_00,Class_001,Order_004,Family_0016,Genus_0033
genome_000270,Domain_01,Phylum_00,Class_001,Order_004,Family_0016,Genus_0033
genome_000271,Domain_01,Phylum_00,Class_001,Order_004,Family_0016,Genus_0033
genome_000272,Domain_01,Phylum_00,Class_001,Order_004,Family_0017,Genus_0034
genome_000273,Domain_01,Phylum_00,Class_001,Order_004,Family_0017,Genus_0034
genome_000274,Domain_01,Phylum_00,Class_001,Order_004,Family_0017,Genus_0034
genome_000275,Domain_01,Phylum_00,Class_001,Order_004,Family_0017,Genus_0034
genome_000276,Domain_01,Phylum_00,Class_001,Order_004,Family_0017,Genus_0034
genome_000277,Domain_01,Phylum_00,Class_001,Order_004,Family_0017,Genus_0034
genome_000278,Domain_01,Phylum_00,Class_001,Order_004,Family_0017,Genus_0034
genome_000279,Domain_01,Phylum_00,Class_001,Order_004,Family_0017,Genus_0034
genome_000280,Domain_01,Phylum_00,Class_001,Order_004,Family_0017,Genus_0035
genome_000281,Domain_01,Phylum_00,Class_001,Order_004,Family_0017,Genus_0035
genome_000282,Domain_01,Phylum_00,Class_001,Order_004,Family_0017,Genus_0035
genome_000283,Domain_01,Phylum_00,Class_001,Order_004,Family_0017,Genus_0035
genome_000284,Domain_01,Phylum_00,Class_001,Order_004,Family_0017,Genus_0035
genome_000285,Domain_01,Phylum_00,Class_001,Order_004,Family_0017,Genus_0035
genome_000286,Domain_01,Phylum_00,Class_001,Order_004,Family_0017,Genus_0035
genome_000287,Domain_01,Phylum_00,Class_001,Order_004,Family_0017,Genus_0035
genome_000288,Domain_01,Phylum_00,Class_001,Order_004,Family_0018,Genus_0036
genome_000289,Domain_01,Phylum_00,Class_001,Order_004,Family_0018,Genus_0036
genome_000290,Domain_01,Phylum_00,Class_001,Order_004,Family_0018,Genus_0036
genome_000291,Domain_01,Phylum_00,Class_001,Order_004,Family_0018,Genus_0036
genome_000292,Domain_01,Phylum_00,Class_001,Order_004,Family_0018,Genus_0036
genome_000293,Domain_01,Phylum_00,Class_001,Order_004,Family_0018,Genus_0036
genome_000294,Domain_01,Phylum_00,Class_001,Order_004,Family_0018,Genus_0036
genome_000295,Domain_01,Phylum_00,Class_001,Order_004,Family_0018,Genus_0036
genome_000296,Domain_01,Phylum_00,Class_001,Order_004,Family_0018,Genus_0037
genome_000297,Domain_01,Phylum_00,Class_001,Order_004,Family_0018,Genus_0037
genome_000298,Domain_01,Phylum_00,Class_001,Order_004,Family_0018,Genus_0037
genome_000299,Domain_01,Phylum_00,Class_001,Order_004,Family_0018,Genus_0037
genome_000300,Domain_01,Phylum_00,Class_001,Order_004,Family_0018,Genus_0037
genome_000301,Domain_01,Phylum_00,Class_001,Order_004,Family_0018,Genus_0037
genome_000302,Domain_01,Phylum_00,Class_001,Order_004,Family_0018,Genus_0037
genome_000303,Domain_01,Phylum_00,Class_001,Order_004,Family_0018,Genus_0037
genome_000304,Domain_01,Phylum_00,Class_001,Order_004,Family_0019,Genus_0038
genome_000305,Domain_01,Phylum_00,Class_001,Order_004,Family_0019,Genus_0038
genome_000306,Domain_01,Phylum_00,Class_001,Order_004,Family_0019,Genus_0038
genome_000307,Domain_01,Phylum_00,Class_001,Order_004,Family_0019,Genus_0038
genome_000308,Domain_01,Phylum_00,Class_001,Order_004,Family_0019,Genus_0038
genome_000309,Domain_01,Phylum_00,Class_001,Order_004,Family_0019,Genus_0038
genome_000310,Domain_01,Phylum_00,Class_001,Order_004,Family_0019,Genus_0038
genome_000311,Domain_01,Phylum_00,Class_001,Order_004,Family_0019,Genus_0038
genome_000312,Domain_01,Phylum_00,Class_001,Order_004,Family_0019,Genus_0039
genome_000313,Domain_01,Phylum_00,Class_001,Order_004,Family_0019,Genus_0039
genome_000314,Domain_01,Phylum_00,Class_001,Order_004,Family_0019,Genus_0039
genome_000315,Domain_01,Phylum_00,Class_001,Order_004,Family_0019,Genus_0039
genome_000316,Domain_01,Phylum_00,Class_001,Order_004,Family_0019,Genus_0039
genome_000317,Domain_01,Phylum_00,Class_001,Order_004,Family_0019,Genus_0039
genome_000318,Domain_01,Phylum_00,Class_001,Order_004,Family_0019,Genus_0039
genome_000319,Domain_01,Phylum_00,Class_001,Order_004,Family_0019,Genus_0039
genome_000320,Domain_01,Phylum_00,Class_001,Order_005,Family_0020,Genus_0040
genome_000321,Domain_01,Phylum_00,Class_001,Order_005,Family_0020,Genus_0040
genome_000322,Domain_01,Phylum_00,Class_001,Order_005,Family_0020,Genus_0040
genome_000323,Domain_01,Phylum_00,Class_001,Order_005,Family_0020,Genus_0040
genome_000324,Domain_01,Phylum_00,Class_001,Order_005,Family_0020,Genus_0040
genome_000325,Domain_01,Phylum_00,Class_001,Order_005,Family_0020,Genus_0040
genome_000326,Domain_01,Phylum_00,Class_001,Order_005,Family_0020,Genus_0040
genome_000327,Domain_01,Phylum_00,Class_001,Order_005,Family_0020,Genus_0040
genome_000328,Domain_01,Phylum_00,Class_001,Order_005,Family_0020,Genus_0041
genome_000329,Domain_01,Phylum_00,Class_001,Order_005,Family_0020,Genus_0041
genome_000330,Domain_01,Phylum_00,Class_001,Order_005,Family_0020,Genus_0041
genome_000331,Domain_01,Phylum_00,Class_001,Order_005,Family_0020,Genus_0041
genome_000332,Domain_01,Phylum_00,Class_001,Order_005,Family_0020,Genus_0041
genome_000333,Domain_01,Phylum_00,Class_001,Order_005,Family_0020,Genus_0041
genome_000334,Domain_01,Phylum_00,Class_001,Order_005,Family_0020,Genus_0041
genome_000335,Domain_01,Phylum_00,Class_001,Order_005,Family_0020,Genus_0041
genome_000336,Domain_01,Phylum_00,Class_001,Order_005,Family_0021,Genus_0042
genome_000337,Domain_01,Phylum_00,Class_001,Order_005,Family_0021,Genus_0042
genome_000338,Domain_01,Phylum_00,Class_001,Order_005,Family_0021,Genus_0042
genome_000339,Domain_01,Phylum_00,Class_001,Order_005,Family_0021,Genus_0042
genome_000340,Domain_01,Phylum_00,Class_001,Order_005,Family_0021,Genus_0042
genome_000341,Domain_01,Phylum_00,Class_001,Order_005,Family_0021,Genus_0042
genome_000342,Domain_01,Phylum_00,Class_001,Order_005,Family_0021,Genus_0042
genome_000343,Domain_01,Phylum_00,Class_001,Order_005,Family_0021,Genus_0042
genome_000344,Domain_01,Phylum_00,Class_001,Order_005,Family_0021,Genus_0043
genome_000345,Domain_01,Phylum_00,Class_001,Order_005,Family_0021,Genus_0043
genome_000346,Domain_01,Phylum_00,Class_001,Order_005,Family_0021,Genus_0043
genome_000347,Domain_01,Phylum_00,Class_001,Order_005,Family_0021,Genus_0043
genome_000348,Domain_01,Phylum_00,Class_001,Order_005,Family_0021,Genus_0043
genome_000349,Domain_01,Phylum_00,Class_001,Order_005,Family_0021,Genus_0043
genome_000350,Domain_01,Phylum_00,Class_001,Order_005,Family_0021,Genus_0043
genome_000351,Domain_01,Phylum_00,Class_001,Order_005,Family_0021,Genus_0043
genome_000352,Domain_01,Phylum_00,Class_001,Order_005,Family_0022,Genus_0044
genome_000353,Domain_01,Phylum_00,Class_001,Order_005,Family_0022,Genus_0044
genome_000354,Domain_01,Phylum_00,Class_001,Order_005,Family_0022,Genus_0044
genome_000355,Domain_01,Phylum_00,Class_001,Order_005,Family_0022,Genus_0044
genome_000356,Domain_01,Phylum_00,Class_001,Order_005,Family_0022,Genus_0044
genome_000357,Domain_01,Phylum_00,Class_001,Order_005,Family_0022,Genus_0044
genome_000358,Domain_01,Phylum_00,Class_001,Order_005,Family_0022,Genus_0044
genome_000359,Domain_01,Phylum_00,Class_001,Order_005,Family_0022,Genus_0044
genome_000360,Domain_01,Phylum_00,Class_001,Order_005,Family_0022,Genus_0045
genome_000361,Domain_01,Phylum_00,Class_001,Order_005,Family_0022,Genus_0045
genome_000362,Domain_01,Phylum_00,Class_001,Order_005,Family_0022,Genus_0045
genome_000363,Domain_01,Phylum_00,Class_001,Order_005,Family_0022,Genus_0045
genome_000364,Domain_01,Phylum_00,Class_001,Order_005,Family_0022,Genus_0045
genome_000365,Domain_01,Phylum_00,Class_001,Order_005,Family_0022,Genus_0045
genome_000366,Domain_01,Phylum_00,Class_001,Order_005,Family_0022,Genus_0045
genome_000367,Domain_01,Phylum_00,Class_001,Order_005,Family_0022,Genus_0045
genome_000368,Domain_01,Phylum_00,Class_001,Order_005,Family_0023,Genus_0046
genome_000369,Domain_01,Phylum_00,Class_001,Order_005,Family_0023,Genus_0046
genome_000370,Domain_01,Phylum_00,Class_001,Order_005,Family_0023,Genus_0046
genome_000371,Domain_01,Phylum_00,Class_001,Order_005,Family_0023,Genus_0046
genome_000372,Domain_01,Phylum_00,Class_001,Order_005,Family_0023,Genus_0046
genome_000373,Domain_01,Phylum_00,Class_001,Order_005,Family_0023,Genus_0046
genome_000374,Domain_01,Phylum_00,Class_001,Order_005,Family_0023,Genus_0046
genome_000375,Domain_01,Phylum_00,Class_001,Order_005,Family_0023,Genus_0046
genome_000376,Domain_01,Phylum_00,Class_001,Order_005,Family_0023,Genus_0047
genome_000377,Domain_01,Phylum_00,Class_001,Order_005,Family_0023,Genus_0047
genome_000378,Domain_01,Phylum_00,Class_001,Order_005,Family_0023,Genus_0047
genome_000379,Domain_01,Phylum_00,Class_001,Order_005,Family_0023,Genus_0047
genome_000380,Domain_01,Phylum_00,Class_001,Order_005,Family_0023,Genus_0047
genome_000381,Domain_01,Phylum_00,Class_001,Order_005,Family_0023,Genus_0047
genome_000382,Domain_01,Phylum_00,Class_001,Order_005,Family_0023,Genus_0047
genome_000383,Domain_01,Phylum_00,Class_001,Order_005,Family_0023,Genus_0047
genome_000384,Domain_01,Phylum_00,Class_002,Order_006,Family_0024,Genus_0048
genome_000385,Domain_01,Phylum_00,Class_002,Order_006,Family_0024,Genus_0048
genome_000386,Domain_01,Phylum_00,Class_002,Order_006,Family_0024,Genus_0048
genome_000387,Domain_01,Phylum_00,Class_002,Order_006,Family_0024,Genus_0048
genome_000388,Domain_01,Phylum_00,Class_002,Order_006,Family_0024,Genus_0048
genome_000389,Domain_01,Phylum_00,Class_002,Order_006,Family_0024,Genus_0048
genome_000390,Domain_01,Phylum_00,Class_002,Order_006,Family_0024,Genus_0048
genome_000391,Domain_01,Phylum_00,Class_002,Order_006,Family_0024,Genus_0048
genome_000392,Domain_01,Phylum_00,Class_002,Order_006,Family_0024,Genus_0049
genome_000393,Domain_01,Phylum_00,Class_002,Order_006,Family_0024,Genus_0049
genome_000394,Domain_01,Phylum_00,Class_002,Order_006,Family_0024,Genus_0049
genome_000395,Domain_01,Phylum_00,Class_002,Order_006,Family_0024,Genus_0049
genome_000396,Domain_01,Phylum_00,Class_002,Order_006,Family_0024,Genus_0049
genome_000397,Domain_01,Phylum_00,Class_002,Order_006,Family_0024,Genus_0049
genome_000398,Domain_01,Phylum_00,Class_002,Order_006,Family_0024,Genus_0049
genome_000399,Domain_01,Phylum_00,Class_002,Order_006,Family_0024,Genus_0049
genome_000400,Domain_01,Phylum_00,Class_002,Order_006,Family_0025,Genus_0050
genome_000401,Domain_01,Phylum_00,Class_002,Order_006,Family_0025,Genus_0050
genome_000402,Domain_01,Phylum_00,Class_002,Order_006,Family_0025,Genus_0050
genome_000403,Domain_01,Phylum_00,Class_002,Order_006,Family_0025,Genus_0050
genome_000404,Domain_01,Phylum_00,Class_002,Order_006,Family_0025,Genus_0050
genome_000405,Domain_01,Phylum_00,Class_002,Order_006,Family_0025,Genus_0050
genome_000406,Domain_01,Phylum_00,Class_002,Order_006,Family_0025,Genus_0050
genome_000407,Domain_01,Phylum_00,Class_002,Order_006,Family_0025,Genus_0050
genome_000408,Domain_01,Phylum_00,Class_002,Order_006,Family_0025,Genus_0051
genome_000409,Domain_01,Phylum_00,Class_002,Order_006,Family_0025,Genus_0051
genome_000410,Domain_01,Phylum_00,Class_002,Order_006,Family_0025,Genus_0051
genome_000411,Domain_01,Phylum_00,Class_002,Order_006,Family_0025,Genus_0051
genome_000412,Domain_01,Phylum_00,Class_002,Order_006,Family_0025,Genus_0051
genome_000413,Domain_01,Phylum_00,Class_002,Order_006,Family_0025,Genus_0051
genome_000414,Domain_01,Phylum_00,Class_002,Order_006,Family_0025,Genus_0051
genome_000415,Domain_01,Phylum_00,Class_002,Order_006,Family_0025,Genus_0051
genome_000416,Domain_01,Phylum_00,Class_002,Order_006,Family_0026,Genus_0052
genome_000417,Domain_01,Phylum_00,Class_002,Order_006,Family_0026,Genus_0052
genome_000418,Domain_01,Phylum_00,Class_002,Order_006,Family_0026,Genus_0052
genome_000419,Domain_01,Phylum_00,Class_002,Order_006,Family_0026,Genus_0052
genome_000420,Domain_01,Phylum_00,Class_002,Order_006,Family_0026,Genus_0052
genome_000421,Domain_01,Phylum_00,Class_002,Order_006,Family_0026,Genus_0052
genome_000422,Domain_01,Phylum_00,Class_002,Order_006,Family_0026,Genus_0052
genome_000423,Domain_01,Phylum_00,Class_002,Order_006,Family_0026,Genus_0052
genome_000424,Domain_01,Phylum_00,Class_002,Order_006,Family_0026,Genus_0053
genome_000425,Domain_01,Phylum_00,Class_002,Order_006,Family_0026,Genus_0053
genome_000426,Domain_01,Phylum_00,Class_002,Order_006,Family_0026,Genus_0053
genome_000427,Domain_01,Phylum_00,Class_002,Order_006,Family_0026,Genus_0053
genome_000428,Domain_01,Phylum_00,Class_002,Order_006,Family_0026,Genus_0053
genome_000429,Domain_01,Phylum_00,Class_002,Order_006,Family_0026,Genus_0053
genome_000430,Domain_01,Phylum_00,Class_002,Order_006,Family_0026,Genus_0053
genome_000431,Domain_01,Phylum_00,Class_002,Order_006,Family_0026,Genus_0053
genome_000432,Domain_01,Phylum_00,Class_002,Order_006,Family_0027,Genus_0054
genome_000433,Domain_01,Phylum_00,Class_002,Order_006,Family_0027,Genus_0054
genome_000434,Domain_01,Phylum_00,Class_002,Order_006,Family_0027,Genus_0054
genome_000435,Domain_01,Phylum_00,Class_002,Order_006,Family_0027,Genus_0054
genome_000436,Domain_01,Phylum_00,Class_002,Order_006,Family_0027,Genus_0054
genome_000437,Domain_01,Phylum_00,Class_002,Order_006,Family_0027,Genus_0054
genome_000438,Domain_01,Phylum_00,Class_002,Order_006,Family_0027,Genus_0054
genome_000439,Domain_01,Phylum_00,Class_002,Order_006,Family_0027,Genus_0054
genome_000440,Domain_01,Phylum_00,Class_002,Order_006,Family_0027,Genus_0055
genome_000441,Domain_01,Phylum_00,Class_002,Order_006,Family_0027,Genus_0055
genome_000442,Domain_01,Phylum_00,Class_002,Order_006,Family_0027,Genus_0055
genome_000443,Domain_01,Phylum_00,Class_002,Order_006,Family_0027,Genus_0055
genome_000444,Domain_01,Phylum_00,Class_002,Order_006,Family_0027,Genus_0055
genome_000445,Domain_01,Phylum_00,Class_002,Order_006,Family_0027,Genus_0055
genome_000446,Domain_01,Phylum_00,Class_002,Order_006,Family_0027,Genus_0055
genome_000447,Domain_01,Phylum_00,Class_002,Order_006,Family_0027,Genus_0055
genome_000448,Domain_01,Phylum_00,Class_002,Order_007,Family_0028,Genus_0056
genome_000449,Domain_01,Phylum_00,Class_002,Order_007,Family_0028,Genus_0056
genome_000450,Domain_01,Phylum_00,Class_002,Order_007,Family_0028,Genus_0056
genome_000451,Domain_01,Phylum_00,Class_002,Order_007,Family_0028,Genus_0056
genome_000452,Domain_01,Phylum_00,Class_002,Order_007,Family_0028,Genus_0056
genome_000453,Domain_01,Phylum_00,Class_002,Order_007,Family_0028,Genus_0056
genome_000454,Domain_01,Phylum_00,Class_002,Order_007,Family_0028,Genus_0056
genome_000455,Domain_01,Phylum_00,Class_002,Order_007,Family_0028,Genus_0056
genome_000456,Domain_01,Phylum_00,Class_002,Order_007,Family_0028,Genus_problematic_B
genome_000457,Domain_01,Phylum_00,Class_002,Order_007,Family_0028,Genus_0057
genome_000458,Domain_01,Phylum_00,Class_002,Order_007,Family_0028,Genus_0057
genome_000459,Domain_01,Phylum_00,Class_002,Order_007,Family_0028,Genus_0057
genome_000460,Domain_01,Phylum_00,Class_002,Order_007,Family_0028,Genus_0057
genome_000461,Domain_01,Phylum_00,Class_002,Order_007,Family_0028,Genus_0057
genome_000462,Domain_01,Phylum_00,Class_002,Order_007,Family_0028,Genus_0057
genome_000463,Domain_01,Phylum_00,Class_002,Order_007,Family_0028,Genus_0057
genome_000464,Domain_01,Phylum_00,Class_002,Order_007,Family_0029,Genus_0058
genome_000465,Domain_01,Phylum_00,Class_002,Order_007,Family_0029,Genus_0058
genome_000466,Domain_01,Phylum_00,Class_002,Order_007,Family_0029,Genus_0058
genome_000467,Domain_01,Phylum_00,Class_002,Order_007,Family_0029,Genus_0058
genome_000468,Domain_01,Phylum_00,Class_002,Order_007,Family_0029,Genus_0058
genome_000469,Domain_01,Phylum_00,Class_002,Order_007,Family_0029,Genus_0058
genome_000470,Domain_01,Phylum_00,Class_002,Order_007,Family_0029,Genus_0058
genome_000471,Domain_01,Phylum_00,Class_002,Order_007,Family_0029,Genus_0058
genome_000472,Domain_01,Phylum_00,Class_002,Order_007,Family_0029,Genus_0059
genome_000473,Domain_01,Phylum_00,Class_002,Order_007,Family_0029,Genus_0059
genome_000474,Domain_01,Phylum_00,Class_002,Order_007,Family_0029,Genus_0059
genome_000475,Domain_01,Phylum_00,Class_002,Order_007,Family_0029,Genus_0059
genome_000476,Domain_01,Phylum_00,Class_002,Order_007,Family_0029,Genus_0059
genome_000477,Domain_01,Phylum_00,Class_002,Order_007,Family_0029,Genus_0059
genome_000478,Domain_01,Phylum_00,Class_002,Order_007,Family_0029,Genus_0059
genome_000479,Domain_01,Phylum_00,Class_002,Order_007,Family_0029,Genus_0059
genome_000480,Domain_01,Phylum_00,Class_002,Order_007,Family_0030,Genus_0060
genome_000481,Domain_01,Phylum_00,Class_002,Order_007,Family_0030,Genus_0060
genome_000482,Domain_01,Phylum_00,Class_002,Order_007,Family_0030,Genus_0060
genome_000483,Domain_01,Phylum_00,Class_002,Order_007,Family_0030,Genus_0060
genome_000484,Domain_01,Phylum_00,Class_002,Order_007,Family_0030,Genus_0060
genome_000485,Domain_01,Phylum_00,Class_002,Order_007,Family_0030,Genus_0060
genome_000486,Domain_01,Phylum_00,Class_002,Order_007,Family_0030,Genus_0060
genome_000487,Domain_01,Phylum_00,Class_002,Order_007,Family_0030,Genus_0060
genome_000488,Domain_01,Phylum_00,Class_002,Order_007,Family_0030,Genus_0061
genome_000489,Domain_01,Phylum_00,Class_002,Order_007,Family_0030,Genus_0061
genome_000490,Domain_01,Phylum_00,Class_002,Order_007,Family_0030,Genus_0061
genome_000491,Domain_01,Phylum_00,Class_002,Order_007,Family_0030,Genus_0061
genome_000492,Domain_01,Phylum_00,Class_002,Order_007,Family_0030,Genus_0061
genome_000493,Domain_01,Phylum_00,Class_002,Order_007,Family_0030,Genus_0061
genome_000494,Domain_01,Phylum_00,Class_002,Order_007,Family_0030,Genus_0061
genome_000495,Domain_01,Phylum_00,Class_002,Order_007,Family_0030,Genus_0061
genome_000496,Domain_01,Phylum_00,Class_002,Order_007,Family_0031,Genus_0062
genome_000497,Domain_01,Phylum_00,Class_002,Order_007,Family_0031,Genus_0062
genome_000498,Domain_01,Phylum_00,Class_002,Order_007,Family_0031,Genus_0062
genome_000499,Domain_01,Phylum_00,Class_002,Order_007,Family_0031,Genus_0062
genome_000500,Domain_01,Phylum_00,Class_002,Order_007,Family_0031,Genus_0062
genome_000501,Domain_01,Phylum_00,Class_002,Order_007,Family_0031,Genus_0062
genome_000502,Domain_01,Phylum_00,Class_002,Order_007,Family_0031,Genus_0062
genome_000503,Domain_01,Phylum_00,Class_002,Order_007,Family_0031,Genus_0062
genome_000504,Domain_01,Phylum_00,Class_002,Order_007,Family_0031,Genus_0063
genome_000505,Domain_01,Phylum_00,Class_002,Order_007,Family_0031,Genus_0063
genome_000506,Domain_01,Phylum_00,Class_002,Order_007,Family_0031,Genus_0063
genome_000507,Domain_01,Phylum_00,Class_002,Order_007,Family_0031,Genus_0063
genome_000508,Domain_01,Phylum_00,Class_002,Order_007,Family_0031,Genus_0063
genome_000509,Domain_01,Phylum_00,Class_002,Order_007,Family_0031,Genus_0063
genome_000510,Domain_01,Phylum_00,Class_002,Order_007,Family_0031,Genus_0063
genome_000511,Domain_01,Phylum_00,Class_002,Order_007,Family_0031,Genus_0063
genome_000512,Domain_01,Phylum_00,Class_002,Order_008,Family_0032,Genus_0064
genome_000513,Domain_01,Phylum_00,Class_002,Order_008,Family_0032,Genus_0064
genome_000514,Domain_01,Phylum_00,Class_002,Order_008,Family_0032,Genus_0064
genome_000515,Domain_01,Phylum_00,Class_002,Order_008,Family_0032,Genus_0064
genome_000516,Domain_01,Phylum_00,Class_002,Order_008,Family_0032,Genus_0064
genome_000517,Domain_01,Phylum_00,Class_002,Order_008,Family_0032,Genus_0064
genome_000518,Domain_01,Phylum_00,Class_002,Order_008,Family_0032,Genus_0064
genome_000519,Domain_01,Phylum_00,Class_002,Order_008,Family_0032,Genus_0064
genome_000520,Domain_01,Phylum_00,Class_002,Order_008,Family_0032,Genus_0065
genome_000521,Domain_01,Phylum_00,Class_002,Order_008,Family_0032,Genus_0065
genome_000522,Domain_01,Phylum_00,Class_002,Order_008,Family_0032,Genus_0065
genome_000523,Domain_01,Phylum_00,Class_002,Order_008,Family_0032,Genus_0065
genome_000524,Domain_01,Phylum_00,Class_002,Order_008,Family_0032,Genus_0065
genome_000525,Domain_01,Phylum_00,Class_002,Order_008,Family_0032,Genus_0065
genome_000526,Domain_01,Phylum_00,Class_002,Order_008,Family_0032,Genus_0065
genome_000527,Domain_01,Phylum_00,Class_002,Order_008,Family_0032,Genus_0065
genome_000528,Domain_01,Phylum_00,Class_002,Order_008,Family_0033,Genus_0066
genome_000529,Domain_01,Phylum_00,Class_002,Order_008,Family_0033,Genus_0066
genome_000530,Domain_01,Phylum_00,Class_002,Order_008,Family_0033,Genus_0066
genome_000531,Domain_01,Phylum_00,Class_002,Order_008,Family_0033,Genus_0066
genome_000532,Domain_01,Phylum_00,Class_002,Order_008,Family_0033,Genus_0066
genome_000533,Domain_01,Phylum_00,Class_002,Order_008,Family_0033,Genus_0066
genome_000534,Domain_01,Phylum_00,Class_002,Order_008,Family_0033,Genus_0066
genome_000535,Domain_01,Phylum_00,Class_002,Order_008,Family_0033,Genus_0066
genome_000536,Domain_01,Phylum_00,Class_002,Order_008,Family_0033,Genus_0067
genome_000537,Domain_01,Phylum_00,Class_002,Order_008,Family_0033,Genus_0067
genome_000538,Domain_01,Phylum_00,Class_002,Order_008,Family_0033,Genus_0067
genome_000539,Domain_01,Phylum_00,Class_002,Order_008,Family_0033,Genus_0067
genome_000540,Domain_01,Phylum_00,Class_002,Order_008,Family_0033,Genus_0067
genome_000541,Domain_01,Phylum_00,Class_002,Order_008,Family_0033,Genus_0067
genome_000542,Domain_01,Phylum_00,Class_002,Order_008,Family_0033,Genus_0067
genome_000543,Domain_01,Phylum_00,Class_002,Order_008,Family_0033,Genus_0067
genome_000544,Domain_01,Phylum_00,Class_002,Order_008,Family_0034,Genus_0068
genome_000545,Domain_01,Phylum_00,Class_002,Order_008,Family_0034,Genus_0068
genome_000546,Domain_01,Phylum_00,Class_002,Order_008,Family_0034,Genus_0068
genome_000547,Domain_01,Phylum_00,Class_002,Order_008,Family_0034,Genus_0068
genome_000548,Domain_01,Phylum_00,Class_002,Order_008,Family_0034,Genus_0068
genome_000549,Domain_01,Phylum_00,Class_002,Order_008,Family_0034,Genus_0068
genome_000550,Domain_01,Phylum_00,Class_002,Order_008,Family_0034,Genus_0068
genome_000551,Domain_01,Phylum_00,Class_002,Order_008,Family_0034,Genus_0068
genome_000552,Domain_01,Phylum_00,Class_002,Order_008,Family_0034,Genus_0069
genome_000553,Domain_01,Phylum_00,Class_002,Order_008,Family_0034,Genus_0069
genome_000554,Domain_01,Phylum_00,Class_002,Order_008,Family_0034,Genus_0069
genome_000555,Domain_01,Phylum_00,Class_002,Order_008,Family_0034,Genus_0069
genome_000556,Domain_01,Phylum_00,Class_002,Order_008,Family_0034,Genus_0069
genome_000557,Domain_01,Phylum_00,Class_002,Order_008,Family_0034,Genus_0069
genome_000558,Domain_01,Phylum_00,Class_002,Order_008,Family_0034,Genus_0069
genome_000559,Domain_01,Phylum_00,Class_002,Order_008,Family_0034,Genus_0069
genome_000560,Domain_01,Phylum_00,Class_002,Order_008,Family_0035,Genus_0070
genome_000561,Domain_01,Phylum_00,Class_002,Order_008,Family_0035,Genus_0070
genome_000562,Domain_01,Phylum_00,Class_002,Order_008,Family_0035,Genus_0070
genome_000563,Domain_01,Phylum_00,Class_002,Order_008,Family_0035,Genus_0070
genome_000564,Domain_01,Phylum_00,Class_002,Order_008,Family_0035,Genus_0070
genome_000565,Domain_01,Phylum_00,Class_002,Order_008,Family_0035,Genus_0070
genome_000566,Domain_01,Phylum_00,Class_002,Order_008,Family_0035,Genus_0070
genome_000567,Domain_01,Phylum_00,Class_002,Order_008,Family_0035,Genus_0070
genome_000568,Domain_01,Phylum_00,Class_002,Order_008,Family_0035,Genus_0071
genome_000569,Domain_01,Phylum_00,Class_002,Order_008,Family_0035,Genus_0071
genome_000570,Domain_01,Phylum_00,Class_002,Order_008,Family_0035,Genus_0071
genome_000571,Domain_01,Phylum_00,Class_002,Order_008,Family_0035,Genus_0071
genome_000572,Domain_01,Phylum_00,Class_002,Order_008,Family_0035,Genus_0071
genome_000573,Domain_01,Phylum_00,Class_002,Order_008,Family_0035,Genus_0071
genome_000574,Domain_01,Phylum_00,Class_002,Order_008,Family_0035,Genus_0071
genome_000575,Domain_01,Phylum_00,Class_002,Order_008,Family_0035,Genus_0071
genome_000576,Domain_01,Phylum_01,Class_003,Order_009,Family_0036,Genus_0072
genome_000577,Domain_01,Phylum_01,Class_003,Order_009,Family_0036,Genus_0072
genome_000578,Domain_01,Phylum_01,Class_003,Order_009,Family_0036,Genus_0072
genome_000579,Domain_01,Phylum_01,Class_003,Order_009,Family_0036,Genus_0072
genome_000580,Domain_01,Phylum_01,Class_003,Order_009,Family_0036,Genus_0072
genome_000581,Domain_01,Phylum_01,Class_003,Order_009,Family_0036,Genus_0072
genome_000582,Domain_01,Phylum_01,Class_003,Order_009,Family_0036,Genus_0072
genome_000583,Domain_01,Phylum_01,Class_003,Order_009,Family_0036,Genus_0072
genome_000584,Domain_01,Phylum_01,Class_003,Order_009,Family_0036,Genus_0073
genome_000585,Domain_01,Phylum_01,Class_003,Order_009,Family_0036,Genus_0073
genome_000586,Domain_01,Phylum_01,Class_003,Order_009,Family_0036,Genus_0073
genome_000587,Domain_01,Phylum_01,Class_003,Order_009,Family_0036,Genus_0073
genome_000588,Domain_01,Phylum_01,Class_003,Order_009,Family_0036,Genus_0073
genome_000589,Domain_01,Phylum_01,Class_003,Order_009,Family_0036,Genus_0073
genome_000590,Domain_01,Phylum_01,Class_003,Order_009,Family_0036,Genus_0073
genome_000591,Domain_01,Phylum_01,Class_003,Order_009,Family_0036,Genus_0073
genome_000592,Domain_01,Phylum_01,Class_003,Order_009,Family_0037,Genus_0074
genome_000593,Domain_01,Phylum_01,Class_003,Order_009,Family_0037,Genus_0074
genome_000594,Domain_01,Phylum_01,Class_003,Order_009,Family_0037,Genus_0074
genome_000595,Domain_01,Phylum_01,Class_003,Order_009,Family_0037,Genus_0074
genome_000596,Domain_01,Phylum_01,Class_003,Order_009,Family_0037,Genus_0074
genome_000597,Domain_01,Phylum_01,Class_003,Order_009,Family_0037,Genus_0074
genome_000598,Domain_01,Phylum_01,Class_003,Order_009,Family_0037,Genus_0074
genome_000599,Domain_01,Phylum_01,Class_003,Order_009,Family_0037,Genus_0074
genome_000600,Domain_01,Phylum_01,Class_003,Order_009,Family_0037,Genus_0075
genome_000601,Domain_01,Phylum_01,Class_003,Order_009,Family_0037,Genus_0075
genome_000602,Domain_01,Phylum_01,Class_003,Order_009,Family_0037,Genus_0075
genome_000603,Domain_01,Phylum_01,Class_003,Order_009,Family_0037,Genus_0075
genome_000604,Domain_01,Phylum_01,Class_003,Order_009,Family_0037,Genus_0075
genome_000605,Domain_01,Phylum_01,Class_003,Order_009,Family_0037,Genus_0075
genome_000606,Domain_01,Phylum_01,Class_003,Order_009,Family_0037,Genus_0075
genome_000607,Domain_01,Phylum_01,Class_003,Order_009,Family_0037,Genus_0075
genome_000608,Domain_01,Phylum_01,Class_003,Order_009,Family_0038,Genus_0076
genome_000609,Domain_01,Phylum_01,Class_003,Order_009,Family_0038,Genus_0076
genome_000610,Domain_01,Phylum_01,Class_003,Order_009,Family_0038,Genus_0076
genome_000611,Domain_01,Phylum_01,Class_003,Order_009,Family_0038,Genus_0076
genome_000612,Domain_01,Phylum_01,Class_003,Order_009,Family_0038,Genus_0076
genome_000613,Domain_01,Phylum_01,Class_003,Order_009,Family_0038,Genus_0076
genome_000614,Domain_01,Phylum_01,Class_003,Order_009,Family_0038,Genus_0076
genome_000615,Domain_01,Phylum_01,Class_003,Order_009,Family_0038,Genus_0076
genome_000616,Domain_01,Phylum_01,Class_003,Order_009,Family_0038,Genus_0077
genome_000617,Domain_01,Phylum_01,Class_003,Order_009,Family_0038,Genus_0077
genome_000618,Domain_01,Phylum_01,Class_003,Order_009,Family_0038,Genus_0077
genome_000619,Domain_01,Phylum_01,Class_003,Order_009,Family_0038,Genus_0077
genome_000620,Domain_01,Phylum_01,Class_003,Order_009,Family_0038,Genus_0077
genome_000621,Domain_01,Phylum_01,Class_003,Order_009,Family_0038,Genus_0077
genome_000622,Domain_01,Phylum_01,Class_003,Order_009,Family_0038,Genus_0077
genome_000623,Domain_01,Phylum_01,Class_003,Order_009,Family_0038,Genus_0077
genome_000624,Domain_01,Phylum_01,Class_003,Order_009,Family_0039,Genus_0078
genome_000625,Domain_01,Phylum_01,Class_003,Order_009,Family_0039,Genus_0078
genome_000626,Domain_01,Phylum_01,Class_003,Order_009,Family_0039,Genus_0078
genome_000627,Domain_01,Phylum_01,Class_003,Order_009,Family_0039,Genus_0078
genome_000628,Domain_01,Phylum_01,Class_003,Order_009,Family_0039,Genus_0078
genome_000629,Domain_01,Phylum_01,Class_003,Order_009,Family_0039,Genus_0078
genome_000630,Domain_01,Phylum_01,Class_003,Order_009,Family_0039,Genus_0078
genome_000631,Domain_01,Phylum_01,Class_003,Order_009,Family_0039,Genus_0078
genome_000632,Domain_01,Phylum_01,Class_003,Order_009,Family_0039,Genus_0079
genome_000633,Domain_01,Phylum_01,Class_003,Order_009,Family_0039,Genus_0079
genome_000634,Domain_01,Phylum_01,Class_003,Order_009,Family_0039,Genus_0079
genome_000635,Domain_01,Phylum_01,Class_003,Order_009,Family_0039,Genus_0079
genome_000636,Domain_01,Phylum_01,Class_003,Order_009,Family_0039,Genus_0079
genome_000637,Domain_01,Phylum_01,Class_003,Order_009,Family_0039,Genus_0079
genome_000638,Domain_01,Phylum_01,Class_003,Order_009,Family_0039,Genus_0079
genome_000639,Domain_01,Phylum_01,Class_003,Order_009,Family_0039,Genus_0079
genome_000640,Domain_01,Phylum_01,Class_003,Order_010,Family_0040,Genus_0080
genome_000641,Domain_01,Phylum_01,Class_003,Order_010,Family_0040,Genus_0080
genome_000642,Domain_01,Phylum_01,Class_003,Order_010,Family_0040,Genus_0080
genome_000643,Domain_01,Phylum_01,Class_003,Order_010,Family_0040,Genus_0080
genome_000644,Domain_01,Phylum_01,Class_003,Order_010,Family_0040,Genus_0080
genome_000645,Domain_01,Phylum_01,Class_003,Order_010,Family_0040,Genus_0080
genome_000646,Domain_01,Phylum_01,Class_003,Order_010,Family_0040,Genus_0080
genome_000647,Domain_01,Phylum_01,Class_003,Order_010,Family_0040,Genus_0080
genome_000648,Domain_01,Phylum_01,Class_003,Order_010,Family_0040,Genus_0081
genome_000649,Domain_01,Phylum_01,Class_003,Order_010,Family_0040,Genus_0081
genome_000650,Domain_01,Phylum_01,Class_003,Order_010,Family_0040,Genus_0081
genome_000651,Domain_01,Phylum_01,Class_003,Order_010,Family_0040,Genus_0081
genome_000652,Domain_01,Phylum_01,Class_003,Order_010,Family_0040,Genus_0081
genome_000653,Domain_01,Phylum_01,Class_003,Order_010,Family_0040,Genus_0081
genome_000654,Domain_01,Phylum_01,Class_003,Order_010,Family_0040,Genus_0081
genome_000655,Domain_01,Phylum_01,Class_003,Order_010,Family_0040,Genus_0081
genome_000656,Domain_01,Phylum_01,Class_003,Order_010,Family_0041,Genus_0082
genome_000657,Domain_01,Phylum_01,Class_003,Order_010,Family_0041,Genus_0082
genome_000658,Domain_01,Phylum_01,Class_003,Order_010,Family_0041,Genus_0082
genome_000659,Domain_01,Phylum_01,Class_003,Order_010,Family_0041,Genus_0082
genome_000660,Domain_01,Phylum_01,Class_003,Order_010,Family_0041,Genus_0082
genome_000661,Domain_01,Phylum_01,Class_003,Order_010,Family_0041,Genus_0082
genome_000662,Domain_01,Phylum_01,Class_003,Order_010,Family_0041,Genus_0082
genome_000663,Domain_01,Phylum_01,Class_003,Order_010,Family_0041,Genus_0082
genome_000664,Domain_01,Phylum_01,Class_003,Order_010,Family_0041,Genus_0083
genome_000665,Domain_01,Phylum_01,Class_003,Order_010,Family_0041,Genus_0083
genome_000666,Domain_01,Phylum_01,Class_003,Order_010,Family_0041,Genus_0083
genome_000667,Domain_01,Phylum_01,Class_003,Order_010,Family_0041,Genus_0083
genome_000668,Domain_01,Phylum_01,Class_003,Order_010,Family_0041,Genus_0083
genome_000669,Domain_01,Phylum_01,Class_003,Order_010,Family_0041,Genus_0083
genome_000670,Domain_01,Phylum_01,Class_003,Order_010,Family_0041,Genus_0083
genome_000671,Domain_01,Phylum_01,Class_003,Order_010,Family_0041,Genus_0083
genome_000672,Domain_01,Phylum_01,Class_003,Order_010,Family_0042,Genus_0084
genome_000673,Domain_01,Phylum_01,Class_003,Order_010,Family_0042,Genus_0084
genome_000674,Domain_01,Phylum_01,Class_003,Order_010,Family_0042,Genus_0084
genome_000675,Domain_01,Phylum_01,Class_003,Order_010,Family_0042,Genus_0084
genome_000676,Domain_01,Phylum_01,Class_003,Order_010,Family_0042,Genus_0084
genome_000677,Domain_01,Phylum_01,Class_003,Order_010,Family_0042,Genus_0084
genome_000678,Domain_01,Phylum_01,Class_003,Order_010,Family_0042,Genus_0084
genome_000679,Domain_01,Phylum_01,Class_003,Order_010,Family_0042,Genus_0084
genome_000680,Domain_01,Phylum_01,Class_003,Order_010,Family_0042,Genus_0085
genome_000681,Domain_01,Phylum_01,Class_003,Order_010,Family_0042,Genus_0085
genome_000682,Domain_01,Phylum_01,Class_003,Order_010,Family_0042,Genus_0085
genome_000683,Domain_01,Phylum_01,Class_003,Order_010,Family_0042,Genus_0085
genome_000684,Domain_01,Phylum_01,Class_003,Order_010,Family_0042,Genus_0085
genome_000685,Domain_01,Phylum_01,Class_003,Order_010,Family_0042,Genus_0085
genome_000686,Domain_01,Phylum_01,Class_003,Order_010,Family_0042,Genus_0085
genome_000687,Domain_01,Phylum_01,Class_003,Order_010,Family_0042,Genus_0085
genome_000688,Domain_01,Phylum_01,Class_003,Order_010,Family_0043,Genus_0086
genome_000689,Domain_01,Phylum_01,Class_003,Order_010,Family_0043,Genus_0086
genome_000690,Domain_01,Phylum_01,Class_003,Order_010,Family_0043,Genus_0086
genome_000691,Domain_01,Phylum_01,Class_003,Order_010,Family_0043,Genus_0086
genome_000692,Domain_01,Phylum_01,Class_003,Order_010,Family_0043,Genus_0086
genome_000693,Domain_01,Phylum_01,Class_003,Order_010,Family_0043,Genus_0086
genome_000694,Domain_01,Phylum_01,Class_003,Order_010,Family_0043,Genus_0086
genome_000695,Domain_01,Phylum_01,Class_003,Order_010,Family_0043,Genus_0086
genome_000696,Domain_01,Phylum_01,Class_003,Order_010,Family_0043,Genus_0087
genome_000697,Domain_01,Phylum_01,Class_003,Order_010,Family_0043,Genus_0087
genome_000698,Domain_01,Phylum_01,Class_003,Order_010,Family_0043,Genus_0087
genome_000699,Domain_01,Phylum_01,Class_003,Order_010,Family_0043,Genus_0087
genome_000700,Domain_01,Phylum_01,Class_003,Order_010,Family_0043,Genus_0087
genome_000701,Domain_01,Phylum_01,Class_003,Order_010,Family_0043,Genus_0087
genome_000702,Domain_01,Phylum_01,Class_003,Order_010,Family_0043,Genus_0087
genome_000703,Domain_01,Phylum_01,Class_003,Order_010,Family_0043,Genus_0087
genome_000704,Domain_01,Phylum_01,Class_003,Order_011,Family_0044,Genus_0088
genome_000705,Domain_01,Phylum_01,Class_003,Order_011,Family_0044,Genus_0088
genome_000706,Domain_01,Phylum_01,Class_003,Order_011,Family_0044,Genus_0088
genome_000707,Domain_01,Phylum_01,Class_003,Order_011,Family_0044,Genus_0088
genome_000708,Domain_01,Phylum_01,Class_003,Order_011,Family_0044,Genus_0088
genome_000709,Domain_01,Phylum_01,Class_003,Order_011,Family_0044,Genus_0088
genome_000710,Domain_01,Phylum_01,Class_003,Order_011,Family_0044,Genus_0088
genome_000711,Domain_01,Phylum_01,Class_003,Order_011,Family_0044,Genus_0088
genome_000712,Domain_01,Phylum_01,Class_003,Order_011,Family_0044,Genus_0089
genome_000713,Domain_01,Phylum_01,Class_003,Order_011,Family_0044,Genus_0089
genome_000714,Domain_01,Phylum_01,Class_003,Order_011,Family_0044,Genus_0089
genome_000715,Domain_01,Phylum_01,Class_003,Order_011,Family_0044,Genus_0089
genome_000716,Domain_01,Phylum_01,Class_003,Order_011,Family_0044,Genus_0089
genome_000717,Domain_01,Phylum_01,Class_003,Order_011,Family_0044,Genus_0089
genome_000718,Domain_01,Phylum_01,Class_003,Order_011,Family_0044,Genus_0089
genome_000719,Domain_01,Phylum_01,Class_003,Order_011,Family_0044,Genus_0089
genome_000720,Domain_01,Phylum_01,Class_003,Order_011,Family_0045,Genus_0090
genome_000721,Domain_01,Phylum_01,Class_003,Order_011,Family_0045,Genus_0090
genome_000722,Domain_01,Phylum_01,Class_003,Order_011,Family_0045,Genus_0090
genome_000723,Domain_01,Phylum_01,Class_003,Order_011,Family_0045,Genus_0090
genome_000724,Domain_01,Phylum_01,Class_003,Order_011,Family_0045,Genus_0090
genome_000725,Domain_01,Phylum_01,Class_003,Order_011,Family_0045,Genus_0090
genome_000726,Domain_01,Phylum_01,Class_003,Order_011,Family_0045,Genus_0090
genome_000727,Domain_01,Phylum_01,Class_003,Order_011,Family_0045,Genus_0090
genome_000728,Domain_01,Phylum_01,Class_003,Order_011,Family_0045,Genus_0091
genome_000729,Domain_01,Phylum_01,Class_003,Order_011,Family_0045,Genus_0091
genome_000730,Domain_01,Phylum_01,Class_003,Order_011,Family_0045,Genus_0091
genome_000731,Domain_01,Phylum_01,Class_003,Order_011,Family_0045,Genus_0091
genome_000732,Domain_01,Phylum_01,Class_003,Order_011,Family_0045,Genus_0091
genome_000733,Domain_01,Phylum_01,Class_003,Order_011,Family_0045,Genus_0091
genome_000734,Domain_01,Phylum_01,Class_003,Order_011,Family_0045,Genus_0091
genome_000735,Domain_01,Phylum_01,Class_003,Order_011,Family_0045,Genus_0091
genome_000736,Domain_01,Phylum_01,Class_003,Order_011,Family_0046,Genus_0092
genome_000737,Domain_01,Phylum_01,Class_003,Order_011,Family_0046,Genus_0092
genome_000738,Domain_01,Phylum_01,Class_003,Order_011,Family_0046,Genus_0092
genome_000739,Domain_01,Phylum_01,Class_003,Order_011,Family_0046,Genus_0092
genome_000740,Domain_01,Phylum_01,Class_003,Order_011,Family_0046,Genus_0092
genome_000741,Domain_01,Phylum_01,Class_003,Order_011,Family_0046,Genus_0092
genome_000742,Domain_01,Phylum_01,Class_003,Order_011,Family_0046,Genus_0092
genome_000743,Domain_01,Phylum_01,Class_003,Order_011,Family_0046,Genus_0092
genome_000744,Domain_01,Phylum_01,Class_003,Order_011,Family_0046,Genus_0093
genome_000745,Domain_01,Phylum_01,Class_003,Order_011,Family_0046,Genus_0093
genome_000746,Domain_01,Phylum_01,Class_003,Order_011,Family_0046,Genus_0093
genome_000747,Domain_01,Phylum_01,Class_003,Order_011,Family_0046,Genus_0093
genome_000748,Domain_01,Phylum_01,Class_003,Order_011,Family_0046,Genus_0093
genome_000749,Domain_01,Phylum_01,Class_003,Order_011,Family_0046,Genus_0093
genome_000750,Domain_01,Phylum_01,Class_003,Order_011,Family_0046,Genus_0093
genome_000751,Domain_01,Phylum_01,Class_003,Order_011,Family_0046,Genus_0093
genome_000752,Domain_01,Phylum_01,Class_003,Order_011,Family_0047,Genus_0094
genome_000753,Domain_01,Phylum_01,Class_003,Order_011,Family_0047,Genus_0094
genome_000754,Domain_01,Phylum_01,Class_003,Order_011,Family_0047,Genus_0094
genome_000755,Domain_01,Phylum_01,Class_003,Order_011,Family_0047,Genus_0094
genome_000756,Domain_01,Phylum_01,Class_003,Order_011,Family_0047,Genus_0094
genome_000757,Domain_01,Phylum_01,Class_003,Order_011,Family_0047,Genus_0094
genome_000758,Domain_01,Phylum_01,Class_003,Order_011,Family_0047,Genus_0094
genome_000759,Domain_01,Phylum_01,Class_003,Order_011,Family_0047,Genus_0094
genome_000760,Domain_01,Phylum_01,Class_003,Order_011,Family_0047,Genus_0095
genome_000761,Domain_01,Phylum_01,Class_003,Order_011,Family_0047,Genus_0095
genome_000762,Domain_01,Phylum_01,Class_003,Order_011,Family_0047,Genus_0095
genome_000763,Domain_01,Phylum_01,Class_003,Order_011,Family_0047,Genus_0095
genome_000764,Domain_01,Phylum_01,Class_003,Order_011,Family_0047,Genus_0095
genome_000765,Domain_01,Phylum_01,Class_003,Order_011,Family_0047,Genus_0095
genome_000766,Domain_01,Phylum_01,Class_003,Order_011,Family_0047,Genus_0095
genome_000767,Domain_01,Phylum_01,Class_003,Order_011,Family_0047,Genus_0095
genome_000768,Domain_01,Phylum_01,Class_004,Order_012,Family_0048,Genus_0096
genome_000769,Domain_01,Phylum_01,Class_004,Order_012,Family_0048,Genus_0096
genome_000770,Domain_01,Phylum_01,Class_004,Order_012,Family_0048,Genus_0096
genome_000771,Domain_01,Phylum_01,Class_004,Order_012,Family_0048,Genus_0096
genome_000772,Domain_01,Phylum_01,Class_004,Order_012,Family_0048,Genus_0096
genome_000773,Domain_01,Phylum_01,Class_004,Order_012,Family_0048,Genus_0096
genome_000774,Domain_01,Phylum_01,Class_004,Order_012,Family_0048,Genus_0096
genome_000775,Domain_01,Phylum_01,Class_004,Order_012,Family_0048,Genus_0096
genome_000776,Domain_01,Phylum_01,Class_004,Order_012,Family_0048,Genus_0097
genome_000777,Domain_01,Phylum_01,Class_004,Order_012,Family_0048,Genus_0097
genome_000778,Domain_01,Phylum_01,Class_004,Order_012,Family_0048,Genus_0097
genome_000779,Domain_01,Phylum_01,Class_004,Order_012,Family_0048,Genus_0097
genome_000780,Domain_01,Phylum_01,Class_004,Order_012,Family_0048,Genus_0097
genome_000781,Domain_01,Phylum_01,Class_004,Order_012,Family_0048,Genus_0097
genome_000782,Domain_01,Phylum_01,Class_004,Order_012,Family_0048,Genus_0097
genome_000783,Domain_01,Phylum_01,Class_004,Order_012,Family_0048,Genus_0097
genome_000784,Domain_01,Phylum_01,Class_004,Order_012,Family_0049,Genus_0098
genome_000785,Domain_01,Phylum_01,Class_004,Order_012,Family_0049,Genus_0098
genome_000786,Domain_01,Phylum_01,Class_004,Order_012,Family_0049,Genus_0098
genome_000787,Domain_01,Phylum_01,Class_004,Order_012,Family_0049,Genus_0098
genome_000788,Domain_01,Phylum_01,Class_004,Order_012,Family_0049,Genus_0098
genome_000789,Domain_01,Phylum_01,Class_004,Order_012,Family_0049,Genus_0098
genome_000790,Domain_01,Phylum_01,Class_004,Order_012,Family_0049,Genus_0098
genome_000791,Domain_01,Phylum_01,Class_004,Order_012,Family_0049,Genus_0098
genome_000792,Domain_01,Phylum_01,Class_004,Order_012,Family_0049,Genus_0099
genome_000793,Domain_01,Phylum_01,Class_004,Order_012,Family_0049,Genus_0099
genome_000794,Domain_01,Phylum_01,Class_004,Order_012,Family_0049,Genus_0099
genome_000795,Domain_01,Phylum_01,Class_004,Order_012,Family_0049,Genus_0099
genome_000796,Domain_01,Phylum_01,Class_004,Order_012,Family_0049,Genus_0099
genome_000797,Domain_01,Phylum_01,Class_004,Order_012,Family_0049,Genus_0099
genome_000798,Domain_01,Phylum_01,Class_004,Order_012,Family_0049,Genus_0099
genome_000799,Domain_01,Phylum_01,Class_004,Order_012,Family_0049,Genus_0099
genome_000800,Domain_01,Phylum_01,Class_004,Order_012,Family_0050,Genus_0100
genome_000801,Domain_01,Phylum_01,Class_004,Order_012,Family_0050,Genus_0100
genome_000802,Domain_01,Phylum_01,Class_004,Order_012,Family_0050,Genus_0100
genome_000803,Domain_01,Phylum_01,Class_004,Order_012,Family_0050,Genus_0100
genome_000804,Domain_01,Phylum_01,Class_004,Order_012,Family_0050,Genus_0100
genome_000805,Domain_01,Phylum_01,Class_004,Order_012,Family_0050,Genus_0100
genome_000806,Domain_01,Phylum_01,Class_004,Order_012,Family_0050,Genus_0100
genome_000807,Domain_01,Phylum_01,Class_004,Order_012,Family_0050,Genus_0100
genome_000808,Domain_01,Phylum_01,Class_004,Order_012,Family_0050,Genus_0101
genome_000809,Domain_01,Phylum_01,Class_004,Order_012,Family_0050,Genus_0101
genome_000810,Domain_01,Phylum_01,Class_004,Order_012,Family_0050,Genus_0101
genome_000811,Domain_01,Phylum_01,Class_004,Order_012,Family_0050,Genus_0101
genome_000812,Domain_01,Phylum_01,Class_004,Order_012,Family_0050,Genus_0101
genome_000813,Domain_01,Phylum_01,Class_004,Order_012,Family_0050,Genus_0101
genome_000814,Domain_01,Phylum_01,Class_004,Order_012,Family_0050,Genus_0101
genome_000815,Domain_01,Phylum_01,Class_004,Order_012,Family_0050,Genus_0101
genome_000816,Domain_01,Phylum_01,Class_004,Order_012,Family_0051,Genus_0102
genome_000817,Domain_01,Phylum_01,Class_004,Order_012,Family_0051,Genus_0102
genome_000818,Domain_01,Phylum_01,Class_004,Order_012,Family_0051,Genus_0102
genome_000819,Domain_01,Phylum_01,Class_004,Order_012,Family_0051,Genus_0102
genome_000820,Domain_01,Phylum_01,Class_004,Order_012,Family_0051,Genus_0102
genome_000821,Domain_01,Phylum_01,Class_004,Order_012,Family_0051,Genus_0102
genome_000822,Domain_01,Phylum_01,Class_004,Order_012,Family_0051,Genus_0102
genome_000823,Domain_01,Phylum_01,Class_004,Order_012,Family_0051,Genus_0102
genome_000824,Domain_01,Phylum_01,Class_004,Order_012,Family_0051,Genus_0103
genome_000825,Domain_01,Phylum_01,Class_004,Order_012,Family_0051,Genus_0103
genome_000826,Domain_01,Phylum_01,Class_004,Order_012,Family_0051,Genus_0103
genome_000827,Domain_01,Phylum_01,Class_004,Order_012,Family_0051,Genus_0103
genome_000828,Domain_01,Phylum_01,Class_004,Order_012,Family_0051,Genus_0103
genome_000829,Domain_01,Phylum_01,Class_004,Order_012,Family_0051,Genus_0103
genome_000830,Domain_01,Phylum_01,Class_004,Order_012,Family_0051,Genus_0103
genome_000831,Domain_01,Phylum_01,Class_004,Order_012,Family_0051,Genus_0103
genome_000832,Domain_01,Phylum_01,Class_004,Order_013,Family_0052,Genus_0104
genome_000833,Domain_01,Phylum_01,Class_004,Order_013,Family_0052,Genus_0104
genome_000834,Domain_01,Phylum_01,Class_004,Order_013,Family_0052,Genus_0104
genome_000835,Domain_01,Phylum_01,Class_004,Order_013,Family_0052,Genus_0104
genome_000836,Domain_01,Phylum_01,Class_004,Order_013,Family_0052,Genus_0104
genome_000837,Domain_01,Phylum_01,Class_004,Order_013,Family_0052,Genus_0104
genome_000838,Domain_01,Phylum_01,Class_004,Order_013,Family_0052,Genus_0104
genome_000839,Domain_01,Phylum_01,Class_004,Order_013,Family_0052,Genus_0104
genome_000840,Domain_01,Phylum_01,Class_004,Order_013,Family_0052,Genus_0105
genome_000841,Domain_01,Phylum_01,Class_004,Order_013,Family_0052,Genus_0105
genome_000842,Domain_01,Phylum_01,Class_004,Order_013,Family_0052,Genus_0105
genome_000843,Domain_01,Phylum_01,Class_004,Order_013,Family_0052,Genus_0105
genome_000844,Domain_01,Phylum_01,Class_004,Order_013,Family_0052,Genus_0105
genome_000845,Domain_01,Phylum_01,Class_004,Order_013,Family_0052,Genus_0105
genome_000846,Domain_01,Phylum_01,Class_004,Order_013,Family_0052,Genus_0105
genome_000847,Domain_01,Phylum_01,Class_004,Order_013,Family_0052,Genus_0105
genome_000848,Domain_01,Phylum_01,Class_004,Order_013,Family_0053,Genus_0106
genome_000849,Domain_01,Phylum_01,Class_004,Order_013,Family_0053,Genus_0106
genome_000850,Domain_01,Phylum_01,Class_004,Order_013,Family_0053,Genus_0106
genome_000851,Domain_01,Phylum_01,Class_004,Order_013,Family_0053,Genus_0106
genome_000852,Domain_01,Phylum_01,Class_004,Order_013,Family_0053,Genus_0106
genome_000853,Domain_01,Phylum_01,Class_004,Order_013,Family_0053,Genus_0106
genome_000854,Domain_01,Phylum_01,Class_004,Order_013,Family_0053,Genus_0106
genome_000855,Domain_01,Phylum_01,Class_004,Order_013,Family_0053,Genus_0106
genome_000856,Domain_01,Phylum_01,Class_004,Order_013,Family_0053,Genus_0107
genome_000857,Domain_01,Phylum_01,Class_004,Order_013,Family_0053,Genus_0107
genome_000858,Domain_01,Phylum_01,Class_004,Order_013,Family_0053,Genus_0107
genome_000859,Domain_01,Phylum_01,Class_004,Order_013,Family_0053,Genus_0107
genome_000860,Domain_01,Phylum_01,Class_004,Order_013,Family_0053,Genus_0107
genome_000861,Domain_01,Phylum_01,Class_004,Order_013,Family_0053,Genus_0107
genome_000862,Domain_01,Phylum_01,Class_004,Order_013,Family_0053,Genus_0107
genome_000863,Domain_01,Phylum_01,Class_004,Order_013,Family_0053,Genus_0107
genome_000864,Domain_01,Phylum_01,Class_004,Order_013,Family_0054,Genus_0108
genome_000865,Domain_01,Phylum_01,Class_004,Order_013,Family_0054,Genus_0108
genome_000866,Domain_01,Phylum_01,Class_004,Order_013,Family_0054,Genus_0108
genome_000867,Domain_01,Phylum_01,Class_004,Order_013,Family_0054,Genus_0108
genome_000868,Domain_01,Phylum_01,Class_004,Order_013,Family_0054,Genus_0108
genome_000869,Domain_01,Phylum_01,Class_004,Order_013,Family_0054,Genus_0108
genome_000870,Domain_01,Phylum_01,Class_004,Order_013,Family_0054,Genus_0108
genome_000871,Domain_01,Phylum_01,Class_004,Order_013,Family_0054,Genus_0108
genome_000872,Domain_01,Phylum_01,Class_004,Order_013,Family_0054,Genus_0109
genome_000873,Domain_01,Phylum_01,Class_004,Order_013,Family_0054,Genus_0109
genome_000874,Domain_01,Phylum_01,Class_004,Order_013,Family_0054,Genus_0109
genome_000875,Domain_01,Phylum_01,Class_004,Order_013,Family_0054,Genus_0109
genome_000876,Domain_01,Phylum_01,Class_004,Order_013,Family_0054,Genus_0109
genome_000877,Domain_01,Phylum_01,Class_004,Order_013,Family_0054,Genus_0109
genome_000878,Domain_01,Phylum_01,Class_004,Order_013,Family_0054,Genus_0109
genome_000879,Domain_01,Phylum_01,Class_004,Order_013,Family_0054,Genus_0109
genome_000880,Domain_01,Phylum_01,Class_004,Order_013,Family_0055,Genus_0110
genome_000881,Domain_01,Phylum_01,Class_004,Order_013,Family_0055,Genus_0110
genome_000882,Domain_01,Phylum_01,Class_004,Order_013,Family_0055,Genus_0110
genome_000883,Domain_01,Phylum_01,Class_004,Order_013,Family_0055,Genus_0110
genome_000884,Domain_01,Phylum_01,Class_004,Order_013,Family_0055,Genus_0110
genome_000885,Domain_01,Phylum_01,Class_004,Order_013,Family_0055,Genus_0110
genome_000886,Domain_01,Phylum_01,Class_004,Order_013,Family_0055,Genus_0110
genome_000887,Domain_01,Phylum_01,Class_004,Order_013,Family_0055,Genus_0110
genome_000888,Domain_01,Phylum_01,Class_004,Order_013,Family_0055,Genus_0111
genome_000889,Domain_01,Phylum_01,Class_004,Order_013,Family_0055,Genus_0111
genome_000890,Domain_01,Phylum_01,Class_004,Order_013,Family_0055,Genus_0111
genome_000891,Domain_01,Phylum_01,Class_004,Order_013,Family_0055,Genus_0111
genome_000892,Domain_01,Phylum_01,Class_004,Order_013,Family_0055,Genus_0111
genome_000893,Domain_01,Phylum_01,Class_004,Order_013,Family_0055,Genus_0111
genome_000894,Domain_01,Phylum_01,Class_004,Order_013,Family_0055,Genus_0111
genome_000895,Domain_01,Phylum_01,Class_004,Order_013,Family_0055,Genus_0111
genome_000896,Domain_01,Phylum_01,Class_004,Order_014,Family_0056,Genus_0112
genome_000897,Domain_01,Phylum_01,Class_004,Order_014,Family_0056,Genus_0112
genome_000898,Domain_01,Phylum_01,Class_004,Order_014,Family_0056,Genus_0112
genome_000899,Domain_01,Phylum_01,Class_004,Order_014,Family_0056,Genus_0112
genome_000900,Domain_01,Phylum_01,Class_004,Order_014,Family_0056,Genus_0112
genome_000901,Domain_01,Phylum_01,Class_004,Order_014,Family_0056,Genus_0112
genome_000902,Domain_01,Phylum_01,Class_004,Order_014,Family_0056,Genus_0112
genome_000903,Domain_01,Phylum_01,Class_004,Order_014,Family_0056,Genus_0112
genome_000904,Domain_01,Phylum_01,Class_004,Order_014,Family_0056,Genus_0113
genome_000905,Domain_01,Phylum_01,Class_004,Order_014,Family_0056,Genus_0113
genome_000906,Domain_01,Phylum_01,Class_004,Order_014,Family_0056,Genus_0113
genome_000907,Domain_01,Phylum_01,Class_004,Order_014,Family_0056,Genus_0113
genome_000908,Domain_01,Phylum_01,Class_004,Order_014,Family_0056,Genus_0113
genome_000909,Domain_01,Phylum_01,Class_004,Order_014,Family_0056,Genus_0113
genome_000910,Domain_01,Phylum_01,Class_004,Order_014,Family_0056,Genus_0113
genome_000911,Domain_01,Phylum_01,Class_004,Order_014,Family_0056,Genus_0113
genome_000912,Domain_01,Phylum_01,Class_004,Order_014,Family_0057,Genus_0114
genome_000913,Domain_01,Phylum_01,Class_004,Order_014,Family_0057,Genus_0114
genome_000914,Domain_01,Phylum_01,Class_004,Order_014,Family_0057,Genus_0114
genome_000915,Domain_01,Phylum_01,Class_004,Order_014,Family_0057,Genus_0114
genome_000916,Domain_01,Phylum_01,Class_004,Order_014,Family_0057,Genus_0114
genome_000917,Domain_01,Phylum_01,Class_004,Order_014,Family_0057,Genus_0114
genome_000918,Domain_01,Phylum_01,Class_004,Order_014,Family_0057,Genus_0114
genome_000919,Domain_01,Phylum_01,Class_004,Order_014,Family_0057,Genus_0114
genome_000920,Domain_01,Phylum_01,Class_004,Order_014,Family_0057,Genus_0115
genome_000921,Domain_01,Phylum_01,Class_004,Order_014,Family_0057,Genus_0115
genome_000922,Domain_01,Phylum_01,Class_004,Order_014,Family_0057,Genus_0115
genome_000923,Domain_01,Phylum_01,Class_004,Order_014,Family_0057,Genus_0115
genome_000924,Domain_01,Phylum_01,Class_004,Order_014,Family_0057,Genus_0115
genome_000925,Domain_01,Phylum_01,Class_004,Order_014,Family_0057,Genus_0115
genome_000926,Domain_01,Phylum_01,Class_004,Order_014,Family_0057,Genus_0115
genome_000927,Domain_01,Phylum_01,Class_004,Order_014,Family_0057,Genus_0115
genome_000928,Domain_01,Phylum_01,Class_004,Order_014,Family_0058,Genus_0116
genome_000929,Domain_01,Phylum_01,Class_004,Order_014,Family_0058,Genus_0116
genome_000930,Domain_01,Phylum_01,Class_004,Order_014,Family_0058,Genus_0116
genome_000931,Domain_01,Phylum_01,Class_004,Order_014,Family_0058,Genus_0116
genome_000932,Domain_01,Phylum_01,Class_004,Order_014,Family_0058,Genus_0116
genome_000933,Domain_01,Phylum_01,Class_004,Order_014,Family_0058,Genus_0116
genome_000934,Domain_01,Phylum_01,Class_004,Order_014,Family_0058,Genus_0116
genome_000935,Domain_01,Phylum_01,Class_004,Order_014,Family_0058,Genus_0116
genome_000936,Domain_01,Phylum_01,Class_004,Order_014,Family_0058,Genus_0117
genome_000937,Domain_01,Phylum_01,Class_004,Order_014,Family_0058,Genus_0117
genome_000938,Domain_01,Phylum_01,Class_004,Order_014,Family_0058,Genus_0117
genome_000939,Domain_01,Phylum_01,Class_004,Order_014,Family_0058,Genus_0117
genome_000940,Domain_01,Phylum_01,Class_004,Order_014,Family_0058,Genus_0117
genome_000941,Domain_01,Phylum_01,Class_004,Order_014,Family_0058,Genus_0117
genome_000942,Domain_01,Phylum_01,Class_004,Order_014,Family_0058,Genus_0117
genome_000943,Domain_01,Phylum_01,Class_004,Order_014,Family_0058,Genus_0117
genome_000944,Domain_01,Phylum_01,Class_004,Order_014,Family_0059,Genus_0118
genome_000945,Domain_01,Phylum_01,Class_004,Order_014,Family_0059,Genus_0118
genome_000946,Domain_01,Phylum_01,Class_004,Order_014,Family_0059,Genus_0118
genome_000947,Domain_01,Phylum_01,Class_004,Order_014,Family_0059,Genus_0118
genome_000948,Domain_01,Phylum_01,Class_004,Order_014,Family_0059,Genus_0118
genome_000949,Domain_01,Phylum_01,Class_004,Order_014,Family_0059,Genus_0118
genome_000950,Domain_01,Phylum_01,Class_004,Order_014,Family_0059,Genus_0118
genome_000951,Domain_01,Phylum_01,Class_004,Order_014,Family_0059,Genus_0118
genome_000952,Domain_01,Phylum_01,Class_004,Order_014,Family_0059,Genus_0119
genome_000953,Domain_01,Phylum_01,Class_004,Order_014,Family_0059,Genus_0119
genome_000954,Domain_01,Phylum_01,Class_004,Order_014,Family_0059,Genus_0119
genome_000955,Domain_01,Phylum_01,Class_004,Order_014,Family_0059,Genus_0119
genome_000956,Domain_01,Phylum_01,Class_004,Order_014,Family_0059,Genus_0119
genome_000957,Domain_01,Phylum_01,Class_004,Order_014,Family_0059,Genus_0119
genome_000958,Domain_01,Phylum_01,Class_004,Order_014,Family_0059,Genus_0119
genome_000959,Domain_01,Phylum_01,Class_004,Order_014,Family_0059,Genus_0119
genome_000960,Domain_01,Phylum_01,Class_005,Order_015,Family_0060,Genus_0120
genome_000961,Domain_01,Phylum_01,Class_005,Order_015,Family_0060,Genus_0120
genome_000962,Domain_01,Phylum_01,Class_005,Order_015,Family_0060,Genus_0120
genome_000963,Domain_01,Phylum_01,Class_005,Order_015,Family_0060,Genus_0120
genome_000964,Domain_01,Phylum_01,Class_005,Order_015,Family_0060,Genus_0120
genome_000965,Domain_01,Phylum_01,Class_005,Order_015,Family_0060,Genus_0120
genome_000966,Domain_01,Phylum_01,Class_005,Order_015,Family_0060,Genus_0120
genome_000967,Domain_01,Phylum_01,Class_005,Order_015,Family_0060,Genus_0120
genome_000968,Domain_01,Phylum_01,Class_005,Order_015,Family_0060,Genus_0121
genome_000969,Domain_01,Phylum_01,Class_005,Order_015,Family_0060,Genus_0121
genome_000970,Domain_01,Phylum_01,Class_005,Order_015,Family_0060,Genus_0121
genome_000971,Domain_01,Phylum_01,Class_005,Order_015,Family_0060,Genus_0121
genome_000972,Domain_01,Phylum_01,Class_005,Order_015,Family_0060,Genus_0121
genome_000973,Domain_01,Phylum_01,Class_005,Order_015,Family_0060,Genus_0121
genome_000974,Domain_01,Phylum_01,Class_005,Order_015,Family_0060,Genus_0121
genome_000975,Domain_01,Phylum_01,Class_005,Order_015,Family_0060,Genus_0121
genome_000976,Domain_01,Phylum_01,Class_005,Order_015,Family_0061,Genus_0122
genome_000977,Domain_01,Phylum_01,Class_005,Order_015,Family_0061,Genus_0122
genome_000978,Domain_01,Phylum_01,Class_005,Order_015,Family_0061,Genus_0122
genome_000979,Domain_01,Phylum_01,Class_005,Order_015,Family_0061,Genus_0122
genome_000980,Domain_01,Phylum_01,Class_005,Order_015,Family_0061,Genus_0122
genome_000981,Domain_01,Phylum_01,Class_005,Order_015,Family_0061,Genus_0122
genome_000982,Domain_01,Phylum_01,Class_005,Order_015,Family_0061,Genus_0122
genome_000983,Domain_01,Phylum_01,Class_005,Order_015,Family_0061,Genus_0122
genome_000984,Domain_01,Phylum_01,Class_005,Order_015,Family_0061,Genus_0123
genome_000985,Domain_01,Phylum_01,Class_005,Order_015,Family_0061,Genus_0123
genome_000986,Domain_01,Phylum_01,Class_005,Order_015,Family_0061,Genus_0123
genome_000987,Domain_01,Phylum_01,Class_005,Order_015,Family_0061,Genus_0123
genome_000988,Domain_01,Phylum_01,Class_005,Order_015,Family_0061,Genus_0123
genome_000989,Domain_01,Phylum_01,Class_005,Order_015,Family_0061,Genus_0123
genome_000990,Domain_01,Phylum_01,Class_005,Order_015,Family_0061,Genus_0123
genome_000991,Domain_01,Phylum_01,Class_005,Order_015,Family_0061,Genus_0123
genome_000992,Domain_01,Phylum_01,Class_005,Order_015,Family_0062,Genus_0124
genome_000993,Domain_01,Phylum_01,Class_005,Order_015,Family_0062,Genus_0124
genome_000994,Domain_01,Phylum_01,Class_005,Order_015,Family_0062,Genus_0124
genome_000995,Domain_01,Phylum_01,Class_005,Order_015,Family_0062,Genus_0124
genome_000996,Domain_01,Phylum_01,Class_005,Order_015,Family_0062,Genus_0124
genome_000997,Domain_01,Phylum_01,Class_005,Order_015,Family_0062,Genus_0124
genome_000998,Domain_01,Phylum_01,Class_005,Order_015,Family_0062,Genus_0124
genome_000999,Domain_01,Phylum_01,Class_005,Order_015,Family_0062,Genus_0124
genome_001000,Domain_01,Phylum_01,Class_005,Order_015,Family_0062,Genus_0125
genome_001001,Domain_01,Phylum_01,Class_005,Order_015,Family_0062,Genus_0125
genome_001002,Domain_01,Phylum_01,Class_005,Order_015,Family_0062,Genus_0125
genome_001003,Domain_01,Phylum_01,Class_005,Order_015,Family_0062,Genus_0125
genome_001004,Domain_01,Phylum_01,Class_005,Order_015,Family_0062,Genus_0125
genome_001005,Domain_01,Phylum_01,Class_005,Order_015,Family_0062,Genus_0125
genome_001006,Domain_01,Phylum_01,Class_005,Order_015,Family_0062,Genus_0125
genome_001007,Domain_01,Phylum_01,Class_005,Order_015,Family_0062,Genus_0125
genome_001008,Domain_01,Phylum_01,Class_005,Order_015,Family_0063,Genus_0126
genome_001009,Domain_01,Phylum_01,Class_005,Order_015,Family_0063,Genus_0126
genome_001010,Domain_01,Phylum_01,Class_005,Order_015,Family_0063,Genus_0126
genome_001011,Domain_01,Phylum_01,Class_005,Order_015,Family_0063,Genus_0126
genome_001012,Domain_01,Phylum_01,Class_005,Order_015,Family_0063,Genus_0126
genome_001013,Domain_01,Phylum_01,Class_005,Order_015,Family_0063,Genus_0126
genome_001014,Domain_01,Phylum_01,Class_005,Order_015,Family_0063,Genus_0126
genome_001015,Domain_01,Phylum_01,Class_005,Order_015,Family_0063,Genus_0126
genome_001016,Domain_01,Phylum_01,Class_005,Order_015,Family_0063,Genus_0127
genome_001017,Domain_01,Phylum_01,Class_005,Order_015,Family_0063,Genus_0127
genome_001018,Domain_01,Phylum_01,Class_005,Order_015,Family_0063,Genus_0127
genome_001019,Domain_01,Phylum_01,Class_005,Order_015,Family_0063,Genus_0127
genome_001020,Domain_01,Phylum_01,Class_005,Order_015,Family_0063,Genus_0127
genome_001021,Domain_01,Phylum_01,Class_005,Order_015,Family_0063,Genus_0127
genome_001022,Domain_01,Phylum_01,Class_005,Order_015,Family_0063,Genus_0127
genome_001023,Domain_01,Phylum_01,Class_005,Order_015,Family_0063,Genus_0127
genome_001024,Domain_01,Phylum_01,Class_005,Order_016,Family_0064,Genus_0128
genome_001025,Domain_01,Phylum_01,Class_005,Order_016,Family_0064,Genus_0128
genome_001026,Domain_01,Phylum_01,Class_005,Order_016,Family_0064,Genus_0128
genome_001027,Domain_01,Phylum_01,Class_005,Order_016,Family_0064,Genus_0128
genome_001028,Domain_01,Phylum_01,Class_005,Order_016,Family_0064,Genus_0128
genome_001029,Domain_01,Phylum_01,Class_005,Order_016,Family_0064,Genus_0128
genome_001030,Domain_01,Phylum_01,Class_005,Order_016,Family_0064,Genus_0128
genome_001031,Domain_01,Phylum_01,Class_005,Order_016,Family_0064,Genus_0128
genome_001032,Domain_01,Phylum_01,Class_005,Order_016,Family_0064,Genus_0129
genome_001033,Domain_01,Phylum_01,Class_005,Order_016,Family_0064,Genus_0129
genome_001034,Domain_01,Phylum_01,Class_005,Order_016,Family_0064,Genus_0129
genome_001035,Domain_01,Phylum_01,Class_005,Order_016,Family_0064,Genus_0129
genome_001036,Domain_01,Phylum_01,Class_005,Order_016,Family_0064,Genus_0129
genome_001037,Domain_01,Phylum_01,Class_005,Order_016,Family_0064,Genus_0129
genome_001038,Domain_01,Phylum_01,Class_005,Order_016,Family_0064,Genus_0129
genome_001039,Domain_01,Phylum_01,Class_005,Order_016,Family_0064,Genus_0129
genome_001040,Domain_01,Phylum_01,Class_005,Order_016,Family_0065,Genus_0130
genome_001041,Domain_01,Phylum_01,Class_005,Order_016,Family_0065,Genus_0130
genome_001042,Domain_01,Phylum_01,Class_005,Order_016,Family_0065,Genus_0130
genome_001043,Domain_01,Phylum_01,Class_005,Order_016,Family_0065,Genus_0130
genome_001044,Domain_01,Phylum_01,Class_005,Order_016,Family_0065,Genus_0130
genome_001045,Domain_01,Phylum_01,Class_005,Order_016,Family_0065,Genus_0130
genome_001046,Domain_01,Phylum_01,Class_005,Order_016,Family_0065,Genus_0130
genome_001047,Domain_01,Phylum_01,Class_005,Order_016,Family_0065,Genus_0130
genome_001048,Domain_01,Phylum_01,Class_005,Order_016,Family_0065,Genus_0131
genome_001049,Domain_01,Phylum_01,Class_005,Order_016,Family_0065,Genus_0131
genome_001050,Domain_01,Phylum_01,Class_005,Order_016,Family_0065,Genus_0131
genome_001051,Domain_01,Phylum_01,Class_005,Order_016,Family_0065,Genus_0131
genome_001052,Domain_01,Phylum_01,Class_005,Order_016,Family_0065,Genus_0131
genome_001053,Domain_01,Phylum_01,Class_005,Order_016,Family_0065,Genus_0131
genome_001054,Domain_01,Phylum_01,Class_005,Order_016,Family_0065,Genus_0131
genome_001055,Domain_01,Phylum_01,Class_005,Order_016,Family_0065,Genus_0131
genome_001056,Domain_01,Phylum_01,Class_005,Order_016,Family_0066,Genus_0132
genome_001057,Domain_01,Phylum_01,Class_005,Order_016,Family_0066,Genus_0132
genome_001058,Domain_01,Phylum_01,Class_005,Order_016,Family_0066,Genus_0132
genome_001059,Domain_01,Phylum_01,Class_005,Order_016,Family_0066,Genus_0132
genome_001060,Domain_01,Phylum_01,Class_005,Order_016,Family_0066,Genus_0132
genome_001061,Domain_01,Phylum_01,Class_005,Order_016,Family_0066,Genus_0132
genome_001062,Domain_01,Phylum_01,Class_005,Order_016,Family_0066,Genus_0132
genome_001063,Domain_01,Phylum_01,Class_005,Order_016,Family_0066,Genus_0132
genome_001064,Domain_01,Phylum_01,Class_005,Order_016,Family_0066,Genus_0133
genome_001065,Domain_01,Phylum_01,Class_005,Order_016,Family_0066,Genus_0133
genome_001066,Domain_01,Phylum_01,Class_005,Order_016,Family_0066,Genus_0133
genome_001067,Domain_01,Phylum_01,Class_005,Order_016,Family_0066,Genus_0133
genome_001068,Domain_01,Phylum_01,Class_005,Order_016,Family_0066,Genus_0133
genome_001069,Domain_01,Phylum_01,Class_005,Order_016,Family_0066,Genus_0133
genome_001070,Domain_01,Phylum_01,Class_005,Order_016,Family_0066,Genus_0133
genome_001071,Domain_01,Phylum_01,Class_005,Order_016,Family_0066,Genus_0133
genome_001072,Domain_01,Phylum_01,Class_005,Order_016,Family_0067,Genus_0134
genome_001073,Domain_01,Phylum_01,Class_005,Order_016,Family_0067,Genus_0134
genome_001074,Domain_01,Phylum_01,Class_005,Order_016,Family_0067,Genus_0134
genome_001075,Domain_01,Phylum_01,Class_005,Order_016,Family_0067,Genus_0134
genome_001076,Domain_01,Phylum_01,Class_005,Order_016,Family_0067,Genus_0134
genome_001077,Domain_01,Phylum_01,Class_005,Order_016,Family_0067,Genus_0134
genome_001078,Domain_01,Phylum_01,Class_005,Order_016,Family_0067,Genus_0134
genome_001079,Domain_01,Phylum_01,Class_005,Order_016,Family_0067,Genus_0134
genome_001080,Domain_01,Phylum_01,Class_005,Order_016,Family_0067,Genus_0135
genome_001081,Domain_01,Phylum_01,Class_005,Order_016,Family_0067,Genus_0135
genome_001082,Domain_01,Phylum_01,Class_005,Order_016,Family_0067,Genus_0135
genome_001083,Domain_01,Phylum_01,Class_005,Order_016,Family_0067,Genus_0135
genome_001084,Domain_01,Phylum_01,Class_005,Order_016,Family_0067,Genus_0135
genome_001085,Domain_01,Phylum_01,Class_005,Order_016,Family_0067,Genus_0135
genome_001086,Domain_01,Phylum_01,Class_005,Order_016,Family_0067,Genus_0135
genome_001087,Domain_01,Phylum_01,Class_005,Order_016,Family_0067,Genus_0135
genome_001088,Domain_01,Phylum_01,Class_005,Order_017,Family_0068,Genus_0136
genome_001089,Domain_01,Phylum_01,Class_005,Order_017,Family_0068,Genus_0136
genome_001090,Domain_01,Phylum_01,Class_005,Order_017,Family_0068,Genus_0136
genome_001091,Domain_01,Phylum_01,Class_005,Order_017,Family_0068,Genus_0136
genome_001092,Domain_01,Phylum_01,Class_005,Order_017,Family_0068,Genus_0136
genome_001093,Domain_01,Phylum_01,Class_005,Order_017,Family_0068,Genus_0136
genome_001094,Domain_01,Phylum_01,Class_005,Order_017,Family_0068,Genus_0136
genome_001095,Domain_01,Phylum_01,Class_005,Order_017,Family_0068,Genus_0136
genome_001096,Domain_01,Phylum_01,Class_005,Order_017,Family_0068,Genus_0137
genome_001097,Domain_01,Phylum_01,Class_005,Order_017,Family_0068,Genus_0137
genome_001098,Domain_01,Phylum_01,Class_005,Order_017,Family_0068,Genus_0137
genome_001099,Domain_01,Phylum_01,Class_005,Order_017,Family_0068,Genus_0137
genome_001100,Domain_01,Phylum_01,Class_005,Order_017,Family_0068,Genus_0137
genome_001101,Domain_01,Phylum_01,Class_005,Order_017,Family_0068,Genus_0137
genome_001102,Domain_01,Phylum_01,Class_005,Order_017,Family_0068,Genus_0137
genome_001103,Domain_01,Phylum_01,Class_005,Order_017,Family_0068,Genus_0137
genome_001104,Domain_01,Phylum_01,Class_005,Order_017,Family_0069,Genus_0138
genome_001105,Domain_01,Phylum_01,Class_005,Order_017,Family_0069,Genus_0138
genome_001106,Domain_01,Phylum_01,Class_005,Order_017,Family_0069,Genus_0138
genome_001107,Domain_01,Phylum_01,Class_005,Order_017,Family_0069,Genus_0138
genome_001108,Domain_01,Phylum_01,Class_005,Order_017,Family_0069,Genus_0138
genome_001109,Domain_01,Phylum_01,Class_005,Order_017,Family_0069,Genus_0138
genome_001110,Domain_01,Phylum_01,Class_005,Order_017,Family_0069,Genus_0138
genome_001111,Domain_01,Phylum_01,Class_005,Order_017,Family_0069,Genus_0138
genome_001112,Domain_01,Phylum_01,Class_005,Order_017,Family_0069,Genus_0139
genome_001113,Domain_01,Phylum_01,Class_005,Order_017,Family_0069,Genus_0139
genome_001114,Domain_01,Phylum_01,Class_005,Order_017,Family_0069,Genus_0139
genome_001115,Domain_01,Phylum_01,Class_005,Order_017,Family_0069,Genus_0139
genome_001116,Domain_01,Phylum_01,Class_005,Order_017,Family_0069,Genus_0139
genome_001117,Domain_01,Phylum_01,Class_005,Order_017,Family_0069,Genus_0139
genome_001118,Domain_01,Phylum_01,Class_005,Order_017,Family_0069,Genus_0139
genome_001119,Domain_01,Phylum_01,Class_005,Order_017,Family_0069,Genus_0139
genome_001120,Domain_01,Phylum_01,Class_005,Order_017,Family_0070,Genus_0140
genome_001121,Domain_01,Phylum_01,Class_005,Order_017,Family_0070,Genus_0140
genome_001122,Domain_01,Phylum_01,Class_005,Order_017,Family_0070,Genus_0140
genome_001123,Domain_01,Phylum_01,Class_005,Order_017,Family_0070,Genus_0140
genome_001124,Domain_01,Phylum_01,Class_005,Order_017,Family_0070,Genus_0140
genome_001125,Domain_01,Phylum_01,Class_005,Order_017,Family_0070,Genus_0140
genome_001126,Domain_01,Phylum_01,Class_005,Order_017,Family_0070,Genus_0140
genome_001127,Domain_01,Phylum_01,Class_005,Order_017,Family_0070,Genus_0140
genome_001128,Domain_01,Phylum_01,Class_005,Order_017,Family_0070,Genus_0141
genome_001129,Domain_01,Phylum_01,Class_005,Order_017,Family_0070,Genus_0141
genome_001130,Domain_01,Phylum_01,Class_005,Order_017,Family_0070,Genus_0141
genome_001131,Domain_01,Phylum_01,Class_005,Order_017,Family_0070,Genus_0141
genome_001132,Domain_01,Phylum_01,Class_005,Order_017,Family_0070,Genus_0141
genome_001133,Domain_01,Phylum_01,Class_005,Order_017,Family_0070,Genus_0141
genome_001134,Domain_01,Phylum_01,Class_005,Order_017,Family_0070,Genus_0141
genome_001135,Domain_01,Phylum_01,Class_005,Order_017,Family_0070,Genus_0141
genome_001136,Domain_01,Phylum_01,Class_005,Order_017,Family_0071,Genus_0142
genome_001137,Domain_01,Phylum_01,Class_005,Order_017,Family_0071,Genus_0142
genome_001138,Domain_01,Phylum_01,Class_005,Order_017,Family_0071,Genus_0142
genome_001139,Domain_01,Phylum_01,Class_005,Order_017,Family_0071,Genus_0142
genome_001140,Domain_01,Phylum_01,Class_005,Order_017,Family_0071,Genus_0142
genome_001141,Domain_01,Phylum_01,Class_005,Order_017,Family_0071,Genus_0142
genome_001142,Domain_01,Phylum_01,Class_005,Order_017,Family_0071,Genus_0142
genome_001143,Domain_01,Phylum_01,Class_005,Order_017,Family_0071,Genus_0142
genome_001144,Domain_01,Phylum_01,Class_005,Order_017,Family_0071,Genus_0143
genome_001145,Domain_01,Phylum_01,Class_005,Order_017,Family_0071,Genus_0143
genome_001146,Domain_01,Phylum_01,Class_005,Order_017,Family_0071,Genus_0143
genome_001147,Domain_01,Phylum_01,Class_005,Order_017,Family_0071,Genus_0143
genome_001148,Domain_01,Phylum_01,Class_005,Order_017,Family_0071,Genus_0143
genome_001149,Domain_01,Phylum_01,Class_005,Order_017,Family_0071,Genus_0143
genome_001150,Domain_01,Phylum_01,Class_005,Order_017,Family_0071,Genus_0143
genome_001151,Domain_01,Phylum_01,Class_005,Order_017,Family_0071,Genus_0143
genome_001152,Domain_01,Phylum_02,Class_006,Order_018,Family_0072,Genus_0144
genome_001153,Domain_01,Phylum_02,Class_006,Order_018,Family_0072,Genus_0144
genome_001154,Domain_01,Phylum_02,Class_006,Order_018,Family_0072,Genus_0144
genome_001155,Domain_01,Phylum_02,Class_006,Order_018,Family_0072,Genus_0144
genome_001156,Domain_01,Phylum_02,Class_006,Order_018,Family_0072,Genus_0144
genome_001157,Domain_01,Phylum_02,Class_006,Order_018,Family_0072,Genus_0144
genome_001158,Domain_01,Phylum_02,Class_006,Order_018,Family_0072,Genus_0144
genome_001159,Domain_01,Phylum_02,Class_006,Order_018,Family_0072,Genus_0144
genome_001160,Domain_01,Phylum_02,Class_006,Order_018,Family_0072,Genus_0145
genome_001161,Domain_01,Phylum_02,Class_006,Order_018,Family_0072,Genus_0145
genome_001162,Domain_01,Phylum_02,Class_006,Order_018,Family_0072,Genus_0145
genome_001163,Domain_01,Phylum_02,Class_006,Order_018,Family_0072,Genus_0145
genome_001164,Domain_01,Phylum_02,Class_006,Order_018,Family_0072,Genus_0145
genome_001165,Domain_01,Phylum_02,Class_006,Order_018,Family_0072,Genus_0145
genome_001166,Domain_01,Phylum_02,Class_006,Order_018,Family_0072,Genus_0145
genome_001167,Domain_01,Phylum_02,Class_006,Order_018,Family_0072,Genus_0145
genome_001168,Domain_01,Phylum_02,Class_006,Order_018,Family_0073,Genus_0146
genome_001169,Domain_01,Phylum_02,Class_006,Order_018,Family_0073,Genus_0146
genome_001170,Domain_01,Phylum_02,Class_006,Order_018,Family_0073,Genus_0146
genome_001171,Domain_01,Phylum_02,Class_006,Order_018,Family_0073,Genus_0146
genome_001172,Domain_01,Phylum_02,Class_006,Order_018,Family_0073,Genus_0146
genome_001173,Domain_01,Phylum_02,Class_006,Order_018,Family_0073,Genus_0146
genome_001174,Domain_01,Phylum_02,Class_006,Order_018,Family_0073,Genus_0146
genome_001175,Domain_01,Phylum_02,Class_006,Order_018,Family_0073,Genus_0146
genome_001176,Domain_01,Phylum_02,Class_006,Order_018,Family_0073,Genus_0147
genome_001177,Domain_01,Phylum_02,Class_006,Order_018,Family_0073,Genus_0147
genome_001178,Domain_01,Phylum_02,Class_006,Order_018,Family_0073,Genus_0147
genome_001179,Domain_01,Phylum_02,Class_006,Order_018,Family_0073,Genus_0147
genome_001180,Domain_01,Phylum_02,Class_006,Order_018,Family_0073,Genus_0147
genome_001181,Domain_01,Phylum_02,Class_006,Order_018,Family_0073,Genus_0147
genome_001182,Domain_01,Phylum_02,Class_006,Order_018,Family_0073,Genus_0147
genome_001183,Domain_01,Phylum_02,Class_006,Order_018,Family_0073,Genus_0147
genome_001184,Domain_01,Phylum_02,Class_006,Order_018,Family_0074,Genus_0148
genome_001185,Domain_01,Phylum_02,Class_006,Order_018,Family_0074,Genus_0148
genome_001186,Domain_01,Phylum_02,Class_006,Order_018,Family_0074,Genus_0148
genome_001187,Domain_01,Phylum_02,Class_006,Order_018,Family_0074,Genus_0148
genome_001188,Domain_01,Phylum_02,Class_006,Order_018,Family_0074,Genus_0148
genome_001189,Domain_01,Phylum_02,Class_006,Order_018,Family_0074,Genus_0148
genome_001190,Domain_01,Phylum_02,Class_006,Order_018,Family_0074,Genus_0148
genome_001191,Domain_01,Phylum_02,Class_006,Order_018,Family_0074,Genus_0148
genome_001192,Domain_01,Phylum_02,Class_006,Order_018,Family_0074,Genus_0149
genome_001193,Domain_01,Phylum_02,Class_006,Order_018,Family_0074,Genus_0149
genome_001194,Domain_01,Phylum_02,Class_006,Order_018,Family_0074,Genus_0149
genome_001195,Domain_01,Phylum_02,Class_006,Order_018,Family_0074,Genus_0149
genome_001196,Domain_01,Phylum_02,Class_006,Order_018,Family_0074,Genus_0149
genome_001197,Domain_01,Phylum_02,Class_006,Order_018,Family_0074,Genus_0149
genome_001198,Domain_01,Phylum_02,Class_006,Order_018,Family_0074,Genus_0149
genome_001199,Domain_01,Phylum_02,Class_006,Order_018,Family_0074,Genus_0149
genome_001200,Domain_01,Phylum_02,Class_006,Order_018,Family_0075,Genus_0150
genome_001201,Domain_01,Phylum_02,Class_006,Order_018,Family_0075,Genus_0150
genome_001202,Domain_01,Phylum_02,Class_006,Order_018,Family_0075,Genus_0150
genome_001203,Domain_01,Phylum_02,Class_006,Order_018,Family_0075,Genus_0150
genome_001204,Domain_01,Phylum_02,Class_006,Order_018,Family_0075,Genus_0150
genome_001205,Domain_01,Phylum_02,Class_006,Order_018,Family_0075,Genus_0150
genome_001206,Domain_01,Phylum_02,Class_006,Order_018,Family_0075,Genus_0150
genome_001207,Domain_01,Phylum_02,Class_006,Order_018,Family_0075,Genus_0150
genome_001208,Domain_01,Phylum_02,Class_006,Order_018,Family_0075,Genus_0151
genome_001209,Domain_01,Phylum_02,Class_006,Order_018,Family_0075,Genus_0151
genome_001210,Domain_01,Phylum_02,Class_006,Order_018,Family_0075,Genus_0151
genome_001211,Domain_01,Phylum_02,Class_006,Order_018,Family_0075,Genus_0151
genome_001212,Domain_01,Phylum_02,Class_006,Order_018,Family_0075,Genus_0151
genome_001213,Domain_01,Phylum_02,Class_006,Order_018,Family_0075,Genus_0151
genome_001214,Domain_01,Phylum_02,Class_006,Order_018,Family_0075,Genus_0151
genome_001215,Domain_01,Phylum_02,Class_006,Order_018,Family_0075,Genus_0151
genome_001216,Domain_01,Phylum_02,Class_006,Order_019,Family_0076,Genus_0152
genome_001217,Domain_01,Phylum_02,Class_006,Order_019,Family_0076,Genus_0152
genome_001218,Domain_01,Phylum_02,Class_006,Order_019,Family_0076,Genus_0152
genome_001219,Domain_01,Phylum_02,Class_006,Order_019,Family_0076,Genus_0152
genome_001220,Domain_01,Phylum_02,Class_006,Order_019,Family_0076,Genus_0152
genome_001221,Domain_01,Phylum_02,Class_006,Order_019,Family_0076,Genus_0152
genome_001222,Domain_01,Phylum_02,Class_006,Order_019,Family_0076,Genus_0152
genome_001223,Domain_01,Phylum_02,Class_006,Order_019,Family_0076,Genus_0152
genome_001224,Domain_01,Phylum_02,Class_006,Order_019,Family_0076,Genus_0153
genome_001225,Domain_01,Phylum_02,Class_006,Order_019,Family_0076,Genus_0153
genome_001226,Domain_01,Phylum_02,Class_006,Order_019,Family_0076,Genus_0153
genome_001227,Domain_01,Phylum_02,Class_006,Order_019,Family_0076,Genus_0153
genome_001228,Domain_01,Phylum_02,Class_006,Order_019,Family_0076,Genus_0153
genome_001229,Domain_01,Phylum_02,Class_006,Order_019,Family_0076,Genus_0153
genome_001230,Domain_01,Phylum_02,Class_006,Order_019,Family_0076,Genus_0153
genome_001231,Domain_01,Phylum_02,Class_006,Order_019,Family_0076,Genus_0153
genome_001232,Domain_01,Phylum_02,Class_006,Order_019,Family_0077,Genus_0154
genome_001233,Domain_01,Phylum_02,Class_006,Order_019,Family_0077,Genus_0154
genome_001234,Domain_01,Phylum_02,Class_006,Order_019,Family_0077,Genus_0154
genome_001235,Domain_01,Phylum_02,Class_006,Order_019,Family_0077,Genus_0154
genome_001236,Domain_01,Phylum_02,Class_006,Order_019,Family_0077,Genus_0154
genome_001237,Domain_01,Phylum_02,Class_006,Order_019,Family_0077,Genus_0154
genome_001238,Domain_01,Phylum_02,Class_006,Order_019,Family_0077,Genus_0154
genome_001239,Domain_01,Phylum_02,Class_006,Order_019,Family_0077,Genus_0154
genome_001240,Domain_01,Phylum_02,Class_006,Order_019,Family_0077,Genus_0155
genome_001241,Domain_01,Phylum_02,Class_006,Order_019,Family_0077,Genus_0155
genome_001242,Domain_01,Phylum_02,Class_006,Order_019,Family_0077,Genus_0155
genome_001243,Domain_01,Phylum_02,Class_006,Order_019,Family_0077,Genus_0155
genome_001244,Domain_01,Phylum_02,Class_006,Order_019,Family_0077,Genus_0155
genome_001245,Domain_01,Phylum_02,Class_006,Order_019,Family_0077,Genus_0155
genome_001246,Domain_01,Phylum_02,Class_006,Order_019,Family_0077,Genus_0155
genome_001247,Domain_01,Phylum_02,Class_006,Order_019,Family_0077,Genus_0155
genome_001248,Domain_01,Phylum_02,Class_006,Order_019,Family_0078,Genus_0156
genome_001249,Domain_01,Phylum_02,Class_006,Order_019,Family_0078,Genus_0156
genome_001250,Domain_01,Phylum_02,Class_006,Order_019,Family_0078,Genus_0156
genome_001251,Domain_01,Phylum_02,Class_006,Order_019,Family_0078,Genus_0156
genome_001252,Domain_01,Phylum_02,Class_006,Order_019,Family_0078,Genus_0156
genome_001253,Domain_01,Phylum_02,Class_006,Order_019,Family_0078,Genus_0156
genome_001254,Domain_01,Phylum_02,Class_006,Order_019,Family_0078,Genus_0156
genome_001255,Domain_01,Phylum_02,Class_006,Order_019,Family_0078,Genus_0156
genome_001256,Domain_01,Phylum_02,Class_006,Order_019,Family_0078,Genus_0157
genome_001257,Domain_01,Phylum_02,Class_006,Order_019,Family_0078,Genus_0157
genome_001258,Domain_01,Phylum_02,Class_006,Order_019,Family_0078,Genus_0157
genome_001259,Domain_01,Phylum_02,Class_006,Order_019,Family_0078,Genus_0157
genome_001260,Domain_01,Phylum_02,Class_006,Order_019,Family_0078,Genus_0157
genome_001261,Domain_01,Phylum_02,Class_006,Order_019,Family_0078,Genus_0157
genome_001262,Domain_01,Phylum_02,Class_006,Order_019,Family_0078,Genus_0157
genome_001263,Domain_01,Phylum_02,Class_006,Order_019,Family_0078,Genus_0157
genome_001264,Domain_01,Phylum_02,Class_006,Order_019,Family_0079,Genus_0158
genome_001265,Domain_01,Phylum_02,Class_006,Order_019,Family_0079,Genus_0158
genome_001266,Domain_01,Phylum_02,Class_006,Order_019,Family_0079,Genus_0158
genome_001267,Domain_01,Phylum_02,Class_006,Order_019,Family_0079,Genus_0158
genome_001268,Domain_01,Phylum_02,Class_006,Order_019,Family_0079,Genus_0158
genome_001269,Domain_01,Phylum_02,Class_006,Order_019,Family_0079,Genus_0158
genome_001270,Domain_01,Phylum_02,Class_006,Order_019,Family_0079,Genus_0158
genome_001271,Domain_01,Phylum_02,Class_006,Order_019,Family_0079,Genus_0158
genome_001272,Domain_01,Phylum_02,Class_006,Order_019,Family_0079,Genus_0159
genome_001273,Domain_01,Phylum_02,Class_006,Order_019,Family_0079,Genus_0159
genome_001274,Domain_01,Phylum_02,Class_006,Order_019,Family_0079,Genus_0159
genome_001275,Domain_01,Phylum_02,Class_006,Order_019,Family_0079,Genus_0159
genome_001276,Domain_01,Phylum_02,Class_006,Order_019,Family_0079,Genus_0159
genome_001277,Domain_01,Phylum_02,Class_006,Order_019,Family_0079,Genus_0159
genome_001278,Domain_01,Phylum_02,Class_006,Order_019,Family_0079,Genus_0159
genome_001279,Domain_01,Phylum_02,Class_006,Order_019,Family_0079,Genus_0159
genome_001280,Domain_01,Phylum_02,Class_006,Order_020,Family_0080,Genus_0160
genome_001281,Domain_01,Phylum_02,Class_006,Order_020,Family_0080,Genus_0160
genome_001282,Domain_01,Phylum_02,Class_006,Order_020,Family_0080,Genus_0160
genome_001283,Domain_01,Phylum_02,Class_006,Order_020,Family_0080,Genus_0160
genome_001284,Domain_01,Phylum_02,Class_006,Order_020,Family_0080,Genus_0160
genome_001285,Domain_01,Phylum_02,Class_006,Order_020,Family_0080,Genus_0160
genome_001286,Domain_01,Phylum_02,Class_006,Order_020,Family_0080,Genus_0160
genome_001287,Domain_01,Phylum_02,Class_006,Order_020,Family_0080,Genus_0160
genome_001288,Domain_01,Phylum_02,Class_006,Order_020,Family_0080,Genus_0161
genome_001289,Domain_01,Phylum_02,Class_006,Order_020,Family_0080,Genus_0161
genome_001290,Domain_01,Phylum_02,Class_006,Order_020,Family_0080,Genus_0161
genome_001291,Domain_01,Phylum_02,Class_006,Order_020,Family_0080,Genus_0161
genome_001292,Domain_01,Phylum_02,Class_006,Order_020,Family_0080,Genus_0161
genome_001293,Domain_01,Phylum_02,Class_006,Order_020,Family_0080,Genus_0161
genome_001294,Domain_01,Phylum_02,Class_006,Order_020,Family_0080,Genus_0161
genome_001295,Domain_01,Phylum_02,Class_006,Order_020,Family_0080,Genus_0161
genome_001296,Domain_01,Phylum_02,Class_006,Order_020,Family_0081,Genus_0162
genome_001297,Domain_01,Phylum_02,Class_006,Order_020,Family_0081,Genus_0162
genome_001298,Domain_01,Phylum_02,Class_006,Order_020,Family_0081,Genus_0162
genome_001299,Domain_01,Phylum_02,Class_006,Order_020,Family_0081,Genus_0162
genome_001300,Domain_01,Phylum_02,Class_006,Order_020,Family_0081,Genus_0162
genome_001301,Domain_01,Phylum_02,Class_006,Order_020,Family_0081,Genus_0162
genome_001302,Domain_01,Phylum_02,Class_006,Order_020,Family_0081,Genus_0162
genome_001303,Domain_01,Phylum_02,Class_006,Order_020,Family_0081,Genus_0162
genome_001304,Domain_01,Phylum_02,Class_006,Order_020,Family_0081,Genus_0163
genome_001305,Domain_01,Phylum_02,Class_006,Order_020,Family_0081,Genus_0163
genome_001306,Domain_01,Phylum_02,Class_006,Order_020,Family_0081,Genus_0163
genome_001307,Domain_01,Phylum_02,Class_006,Order_020,Family_0081,Genus_0163
genome_001308,Domain_01,Phylum_02,Class_006,Order_020,Family_0081,Genus_0163
genome_001309,Domain_01,Phylum_02,Class_006,Order_020,Family_0081,Genus_0163
genome_001310,Domain_01,Phylum_02,Class_006,Order_020,Family_0081,Genus_0163
genome_001311,Domain_01,Phylum_02,Class_006,Order_020,Family_0081,Genus_0163
genome_001312,Domain_01,Phylum_02,Class_006,Order_020,Family_0082,Genus_0164
genome_001313,Domain_01,Phylum_02,Class_006,Order_020,Family_0082,Genus_0164
genome_001314,Domain_01,Phylum_02,Class_006,Order_020,Family_0082,Genus_0164
genome_001315,Domain_01,Phylum_02,Class_006,Order_020,Family_0082,Genus_0164
genome_001316,Domain_01,Phylum_02,Class_006,Order_020,Family_0082,Genus_0164
genome_001317,Domain_01,Phylum_02,Class_006,Order_020,Family_0082,Genus_0164
genome_001318,Domain_01,Phylum_02,Class_006,Order_020,Family_0082,Genus_0164
genome_001319,Domain_01,Phylum_02,Class_006,Order_020,Family_0082,Genus_0164
genome_001320,Domain_01,Phylum_02,Class_006,Order_020,Family_0082,Genus_0165
genome_001321,Domain_01,Phylum_02,Class_006,Order_020,Family_0082,Genus_0165
genome_001322,Domain_01,Phylum_02,Class_006,Order_020,Family_0082,Genus_0165
genome_001323,Domain_01,Phylum_02,Class_006,Order_020,Family_0082,Genus_0165
genome_001324,Domain_01,Phylum_02,Class_006,Order_020,Family_0082,Genus_0165
genome_001325,Domain_01,Phylum_02,Class_006,Order_020,Family_0082,Genus_0165
genome_001326,Domain_01,Phylum_02,Class_006,Order_020,Family_0082,Genus_0165
genome_001327,Domain_01,Phylum_02,Class_006,Order_020,Family_0082,Genus_0165
genome_001328,Domain_01,Phylum_02,Class_006,Order_020,Family_0083,Genus_0166
genome_001329,Domain_01,Phylum_02,Class_006,Order_020,Family_0083,Genus_0166
genome_001330,Domain_01,Phylum_02,Class_006,Order_020,Family_0083,Genus_0166
genome_001331,Domain_01,Phylum_02,Class_006,Order_020,Family_0083,Genus_0166
genome_001332,Domain_01,Phylum_02,Class_006,Order_020,Family_0083,Genus_0166
genome_001333,Domain_01,Phylum_02,Class_006,Order_020,Family_0083,Genus_0166
genome_001334,Domain_01,Phylum_02,Class_006,Order_020,Family_0083,Genus_0166
genome_001335,Domain_01,Phylum_02,Class_006,Order_020,Family_0083,Genus_0166
genome_001336,Domain_01,Phylum_02,Class_006,Order_020,Family_0083,Genus_0167
genome_001337,Domain_01,Phylum_02,Class_006,Order_020,Family_0083,Genus_0167
genome_001338,Domain_01,Phylum_02,Class_006,Order_020,Family_0083,Genus_0167
genome_001339,Domain_01,Phylum_02,Class_006,Order_020,Family_0083,Genus_0167
genome_001340,Domain_01,Phylum_02,Class_006,Order_020,Family_0083,Genus_0167
genome_001341,Domain_01,Phylum_02,Class_006,Order_020,Family_0083,Genus_0167
genome_001342,Domain_01,Phylum_02,Class_006,Order_020,Family_0083,Genus_0167
genome_001343,Domain_01,Phylum_02,Class_006,Order_020,Family_0083,Genus_0167
genome_001344,Domain_01,Phylum_02,Class_007,Order_021,Family_0084,Genus_0168
genome_001345,Domain_01,Phylum_02,Class_007,Order_021,Family_0084,Genus_0168
genome_001346,Domain_01,Phylum_02,Class_007,Order_021,Family_0084,Genus_0168
genome_001347,Domain_01,Phylum_02,Class_007,Order_021,Family_0084,Genus_0168
genome_001348,Domain_01,Phylum_02,Class_007,Order_021,Family_0084,Genus_0168
genome_001349,Domain_01,Phylum_02,Class_007,Order_021,Family_0084,Genus_0168
genome_001350,Domain_01,Phylum_02,Class_007,Order_021,Family_0084,Genus_0168
genome_001351,Domain_01,Phylum_02,Class_007,Order_021,Family_0084,Genus_0168
genome_001352,Domain_01,Phylum_02,Class_007,Order_021,Family_0084,Genus_0169
genome_001353,Domain_01,Phylum_02,Class_007,Order_021,Family_0084,Genus_0169
genome_001354,Domain_01,Phylum_02,Class_007,Order_021,Family_0084,Genus_0169
genome_001355,Domain_01,Phylum_02,Class_007,Order_021,Family_0084,Genus_0169
genome_001356,Domain_01,Phylum_02,Class_007,Order_021,Family_0084,Genus_0169
genome_001357,Domain_01,Phylum_02,Class_007,Order_021,Family_0084,Genus_0169
genome_001358,Domain_01,Phylum_02,Class_007,Order_021,Family_0084,Genus_0169
genome_001359,Domain_01,Phylum_02,Class_007,Order_021,Family_0084,Genus_0169
genome_001360,Domain_01,Phylum_02,Class_007,Order_021,Family_0085,Genus_0170
genome_001361,Domain_01,Phylum_02,Class_007,Order_021,Family_0085,Genus_0170
genome_001362,Domain_01,Phylum_02,Class_007,Order_021,Family_0085,Genus_0170
genome_001363,Domain_01,Phylum_02,Class_007,Order_021,Family_0085,Genus_0170
genome_001364,Domain_01,Phylum_02,Class_007,Order_021,Family_0085,Genus_0170
genome_001365,Domain_01,Phylum_02,Class_007,Order_021,Family_0085,Genus_0170
genome_001366,Domain_01,Phylum_02,Class_007,Order_021,Family_0085,Genus_0170
genome_001367,Domain_01,Phylum_02,Class_007,Order_021,Family_0085,Genus_0170
genome_001368,Domain_01,Phylum_02,Class_007,Order_021,Family_0085,Genus_0171
genome_001369,Domain_01,Phylum_02,Class_007,Order_021,Family_0085,Genus_0171
genome_001370,Domain_01,Phylum_02,Class_007,Order_021,Family_0085,Genus_0171
genome_001371,Domain_01,Phylum_02,Class_007,Order_021,Family_0085,Genus_0171
genome_001372,Domain_01,Phylum_02,Class_007,Order_021,Family_0085,Genus_0171
genome_001373,Domain_01,Phylum_02,Class_007,Order_021,Family_0085,Genus_0171
genome_001374,Domain_01,Phylum_02,Class_007,Order_021,Family_0085,Genus_0171
genome_001375,Domain_01,Phylum_02,Class_007,Order_021,Family_0085,Genus_0171
genome_001376,Domain_01,Phylum_02,Class_007,Order_021,Family_0086,Genus_0172
genome_001377,Domain_01,Phylum_02,Class_007,Order_021,Family_0086,Genus_0172
genome_001378,Domain_01,Phylum_02,Class_007,Order_021,Family_0086,Genus_0172
genome_001379,Domain_01,Phylum_02,Class_007,Order_021,Family_0086,Genus_0172
genome_001380,Domain_01,Phylum_02,Class_007,Order_021,Family_0086,Genus_0172
genome_001381,Domain_01,Phylum_02,Class_007,Order_021,Family_0086,Genus_0172
genome_001382,Domain_01,Phylum_02,Class_007,Order_021,Family_0086,Genus_0172
genome_001383,Domain_01,Phylum_02,Class_007,Order_021,Family_0086,Genus_0172
genome_001384,Domain_01,Phylum_02,Class_007,Order_021,Family_0086,Genus_0173
genome_001385,Domain_01,Phylum_02,Class_007,Order_021,Family_0086,Genus_0173
genome_001386,Domain_01,Phylum_02,Class_007,Order_021,Family_0086,Genus_0173
genome_001387,Domain_01,Phylum_02,Class_007,Order_021,Family_0086,Genus_0173
genome_001388,Domain_01,Phylum_02,Class_007,Order_021,Family_0086,Genus_0173
genome_001389,Domain_01,Phylum_02,Class_007,Order_021,Family_0086,Genus_0173
genome_001390,Domain_01,Phylum_02,Class_007,Order_021,Family_0086,Genus_0173
genome_001391,Domain_01,Phylum_02,Class_007,Order_021,Family_0086,Genus_0173
genome_001392,Domain_01,Phylum_02,Class_007,Order_021,Family_0087,Genus_0174
genome_001393,Domain_01,Phylum_02,Class_007,Order_021,Family_0087,Genus_0174
genome_001394,Domain_01,Phylum_02,Class_007,Order_021,Family_0087,Genus_0174
genome_001395,Domain_01,Phylum_02,Class_007,Order_021,Family_0087,Genus_0174
genome_001396,Domain_01,Phylum_02,Class_007,Order_021,Family_0087,Genus_0174
genome_001397,Domain_01,Phylum_02,Class_007,Order_021,Family_0087,Genus_0174
genome_001398,Domain_01,Phylum_02,Class_007,Order_021,Family_0087,Genus_0174
genome_001399,Domain_01,Phylum_02,Class_007,Order_021,Family_0087,Genus_0174
genome_001400,Domain_01,Phylum_02,Class_007,Order_021,Family_0087,Genus_0175
genome_001401,Domain_01,Phylum_02,Class_007,Order_021,Family_0087,Genus_0175
genome_001402,Domain_01,Phylum_02,Class_007,Order_021,Family_0087,Genus_0175
genome_001403,Domain_01,Phylum_02,Class_007,Order_021,Family_0087,Genus_0175
genome_001404,Domain_01,Phylum_02,Class_007,Order_021,Family_0087,Genus_0175
genome_001405,Domain_01,Phylum_02,Class_007,Order_021,Family_0087,Genus_0175
genome_001406,Domain_01,Phylum_02,Class_007,Order_021,Family_0087,Genus_0175
genome_001407,Domain_01,Phylum_02,Class_007,Order_021,Family_0087,Genus_0175
genome_001408,Domain_01,Phylum_02,Class_007,Order_022,Family_0088,Genus_0176
genome_001409,Domain_01,Phylum_02,Class_007,Order_022,Family_0088,Genus_0176
genome_001410,Domain_01,Phylum_02,Class_007,Order_022,Family_0088,Genus_0176
genome_001411,Domain_01,Phylum_02,Class_007,Order_022,Family_0088,Genus_0176
genome_001412,Domain_01,Phylum_02,Class_007,Order_022,Family_0088,Genus_0176
genome_001413,Domain_01,Phylum_02,Class_007,Order_022,Family_0088,Genus_0176
genome_001414,Domain_01,Phylum_02,Class_007,Order_022,Family_0088,Genus_0176
genome_001415,Domain_01,Phylum_02,Class_007,Order_022,Family_0088,Genus_0176
genome_001416,Domain_01,Phylum_02,Class_007,Order_022,Family_0088,Genus_0177
genome_001417,Domain_01,Phylum_02,Class_007,Order_022,Family_0088,Genus_0177
genome_001418,Domain_01,Phylum_02,Class_007,Order_022,Family_0088,Genus_0177
genome_001419,Domain_01,Phylum_02,Class_007,Order_022,Family_0088,Genus_0177
genome_001420,Domain_01,Phylum_02,Class_007,Order_022,Family_0088,Genus_0177
genome_001421,Domain_01,Phylum_02,Class_007,Order_022,Family_0088,Genus_0177
genome_001422,Domain_01,Phylum_02,Class_007,Order_022,Family_0088,Genus_0177
genome_001423,Domain_01,Phylum_02,Class_007,Order_022,Family_0088,Genus_0177
genome_001424,Domain_01,Phylum_02,Class_007,Order_022,Family_0089,Genus_0178
genome_001425,Domain_01,Phylum_02,Class_007,Order_022,Family_0089,Genus_0178
genome_001426,Domain_01,Phylum_02,Class_007,Order_022,Family_0089,Genus_0178
genome_001427,Domain_01,Phylum_02,Class_007,Order_022,Family_0089,Genus_0178
genome_001428,Domain_01,Phylum_02,Class_007,Order_022,Family_0089,Genus_0178
genome_001429,Domain_01,Phylum_02,Class_007,Order_022,Family_0089,Genus_0178
genome_001430,Domain_01,Phylum_02,Class_007,Order_022,Family_0089,Genus_0178
genome_001431,Domain_01,Phylum_02,Class_007,Order_022,Family_0089,Genus_0178
genome_001432,Domain_01,Phylum_02,Class_007,Order_022,Family_0089,Genus_0179
genome_001433,Domain_01,Phylum_02,Class_007,Order_022,Family_0089,Genus_0179
genome_001434,Domain_01,Phylum_02,Class_007,Order_022,Family_0089,Genus_0179
genome_001435,Domain_01,Phylum_02,Class_007,Order_022,Family_0089,Genus_0179
genome_001436,Domain_01,Phylum_02,Class_007,Order_022,Family_0089,Genus_0179
genome_001437,Domain_01,Phylum_02,Class_007,Order_022,Family_0089,Genus_0179
genome_001438,Domain_01,Phylum_02,Class_007,Order_022,Family_0089,Genus_0179
genome_001439,Domain_01,Phylum_02,Class_007,Order_022,Family_0089,Genus_0179
genome_001440,Domain_01,Phylum_02,Class_007,Order_022,Family_0090,Genus_0180
genome_001441,Domain_01,Phylum_02,Class_007,Order_022,Family_0090,Genus_0180
genome_001442,Domain_01,Phylum_02,Class_007,Order_022,Family_0090,Genus_0180
genome_001443,Domain_01,Phylum_02,Class_007,Order_022,Family_0090,Genus_0180
genome_001444,Domain_01,Phylum_02,Class_007,Order_022,Family_0090,Genus_0180
genome_001445,Domain_01,Phylum_02,Class_007,Order_022,Family_0090,Genus_0180
genome_001446,Domain_01,Phylum_02,Class_007,Order_022,Family_0090,Genus_0180
genome_001447,Domain_01,Phylum_02,Class_007,Order_022,Family_0090,Genus_0180
genome_001448,Domain_01,Phylum_02,Class_007,Order_022,Family_0090,Genus_0181
genome_001449,Domain_01,Phylum_02,Class_007,Order_022,Family_0090,Genus_0181
genome_001450,Domain_01,Phylum_02,Class_007,Order_022,Family_0090,Genus_0181
genome_001451,Domain_01,Phylum_02,Class_007,Order_022,Family_0090,Genus_0181
genome_001452,Domain_01,Phylum_02,Class_007,Order_022,Family_0090,Genus_0181
genome_001453,Domain_01,Phylum_02,Class_007,Order_022,Family_0090,Genus_0181
genome_001454,Domain_01,Phylum_02,Class_007,Order_022,Family_0090,Genus_0181
genome_001455,Domain_01,Phylum_02,Class_007,Order_022,Family_0090,Genus_0181
genome_001456,Domain_01,Phylum_02,Class_007,Order_022,Family_0091,Genus_0182
genome_001457,Domain_01,Phylum_02,Class_007,Order_022,Family_0091,Genus_0182
genome_001458,Domain_01,Phylum_02,Class_007,Order_022,Family_0091,Genus_0182
genome_001459,Domain_01,Phylum_02,Class_007,Order_022,Family_0091,Genus_0182
genome_001460,Domain_01,Phylum_02,Class_007,Order_022,Family_0091,Genus_0182
genome_001461,Domain_01,Phylum_02,Class_007,Order_022,Family_0091,Genus_0182
genome_001462,Domain_01,Phylum_02,Class_007,Order_022,Family_0091,Genus_0182
genome_001463,Domain_01,Phylum_02,Class_007,Order_022,Family_0091,Genus_0182
genome_001464,Domain_01,Phylum_02,Class_007,Order_022,Family_0091,Genus_0183
genome_001465,Domain_01,Phylum_02,Class_007,Order_022,Family_0091,Genus_0183
genome_001466,Domain_01,Phylum_02,Class_007,Order_022,Family_0091,Genus_0183
genome_001467,Domain_01,Phylum_02,Class_007,Order_022,Family_0091,Genus_0183
genome_001468,Domain_01,Phylum_02,Class_007,Order_022,Family_0091,Genus_0183
genome_001469,Domain_01,Phylum_02,Class_007,Order_022,Family_0091,Genus_0183
genome_001470,Domain_01,Phylum_02,Class_007,Order_022,Family_0091,Genus_0183
genome_001471,Domain_01,Phylum_02,Class_007,Order_022,Family_0091,Genus_0183
genome_001472,Domain_01,Phylum_02,Class_007,Order_023,Family_0092,Genus_0184
genome_001473,Domain_01,Phylum_02,Class_007,Order_023,Family_0092,Genus_0184
genome_001474,Domain_01,Phylum_02,Class_007,Order_023,Family_0092,Genus_0184
genome_001475,Domain_01,Phylum_02,Class_007,Order_023,Family_0092,Genus_0184
genome_001476,Domain_01,Phylum_02,Class_007,Order_023,Family_0092,Genus_0184
genome_001477,Domain_01,Phylum_02,Class_007,Order_023,Family_0092,Genus_0184
genome_001478,Domain_01,Phylum_02,Class_007,Order_023,Family_0092,Genus_0184
genome_001479,Domain_01,Phylum_02,Class_007,Order_023,Family_0092,Genus_0184
genome_001480,Domain_01,Phylum_02,Class_007,Order_023,Family_0092,Genus_0185
genome_001481,Domain_01,Phylum_02,Class_007,Order_023,Family_0092,Genus_0185
genome_001482,Domain_01,Phylum_02,Class_007,Order_023,Family_0092,Genus_0185
genome_001483,Domain_01,Phylum_02,Class_007,Order_023,Family_0092,Genus_0185
genome_001484,Domain_01,Phylum_02,Class_007,Order_023,Family_0092,Genus_0185
genome_001485,Domain_01,Phylum_02,Class_007,Order_023,Family_0092,Genus_0185
genome_001486,Domain_01,Phylum_02,Class_007,Order_023,Family_0092,Genus_0185
genome_001487,Domain_01,Phylum_02,Class_007,Order_023,Family_0092,Genus_0185
genome_001488,Domain_01,Phylum_02,Class_007,Order_023,Family_0093,Genus_0186
genome_001489,Domain_01,Phylum_02,Class_007,Order_023,Family_0093,Genus_0186
genome_001490,Domain_01,Phylum_02,Class_007,Order_023,Family_0093,Genus_0186
genome_001491,Domain_01,Phylum_02,Class_007,Order_023,Family_0093,Genus_0186
genome_001492,Domain_01,Phylum_02,Class_007,Order_023,Family_0093,Genus_0186
genome_001493,Domain_01,Phylum_02,Class_007,Order_023,Family_0093,Genus_0186
genome_001494,Domain_01,Phylum_02,Class_007,Order_023,Family_0093,Genus_0186
genome_001495,Domain_01,Phylum_02,Class_007,Order_023,Family_0093,Genus_0186
genome_001496,Domain_01,Phylum_02,Class_007,Order_023,Family_0093,Genus_0187
genome_001497,Domain_01,Phylum_02,Class_007,Order_023,Family_0093,Genus_0187
genome_001498,Domain_01,Phylum_02,Class_007,Order_023,Family_0093,Genus_0187
genome_001499,Domain_01,Phylum_02,Class_007,Order_023,Family_0093,Genus_0187
genome_001500,Domain_01,Phylum_02,Class_007,Order_023,Family_0093,Genus_0187
genome_001501,Domain_01,Phylum_02,Class_007,Order_023,Family_0093,Genus_0187
genome_001502,Domain_01,Phylum_02,Class_007,Order_023,Family_0093,Genus_0187
genome_001503,Domain_01,Phylum_02,Class_007,Order_023,Family_0093,Genus_0187
genome_001504,Domain_01,Phylum_02,Class_007,Order_023,Family_0094,Genus_0188
genome_001505,Domain_01,Phylum_02,Class_007,Order_023,Family_0094,Genus_0188
genome_001506,Domain_01,Phylum_02,Class_007,Order_023,Family_0094,Genus_0188
genome_001507,Domain_01,Phylum_02,Class_007,Order_023,Family_0094,Genus_0188
genome_001508,Domain_01,Phylum_02,Class_007,Order_023,Family_0094,Genus_0188
genome_001509,Domain_01,Phylum_02,Class_007,Order_023,Family_0094,Genus_0188
genome_001510,Domain_01,Phylum_02,Class_007,Order_023,Family_0094,Genus_0188
genome_001511,Domain_01,Phylum_02,Class_007,Order_023,Family_0094,Genus_0188
genome_001512,Domain_01,Phylum_02,Class_007,Order_023,Family_0094,Genus_0189
genome_001513,Domain_01,Phylum_02,Class_007,Order_023,Family_0094,Genus_0189
genome_001514,Domain_01,Phylum_02,Class_007,Order_023,Family_0094,Genus_0189
genome_001515,Domain_01,Phylum_02,Class_007,Order_023,Family_0094,Genus_0189
genome_001516,Domain_01,Phylum_02,Class_007,Order_023,Family_0094,Genus_0189
genome_001517,Domain_01,Phylum_02,Class_007,Order_023,Family_0094,Genus_0189
genome_001518,Domain_01,Phylum_02,Class_007,Order_023,Family_0094,Genus_0189
genome_001519,Domain_01,Phylum_02,Class_007,Order_023,Family_0094,Genus_0189
genome_001520,Domain_01,Phylum_02,Class_007,Order_023,Family_0095,Genus_0190
genome_001521,Domain_01,Phylum_02,Class_007,Order_023,Family_0095,Genus_0190
genome_001522,Domain_01,Phylum_02,Class_007,Order_023,Family_0095,Genus_0190
genome_001523,Domain_01,Phylum_02,Class_007,Order_023,Family_0095,Genus_0190
genome_001524,Domain_01,Phylum_02,Class_007,Order_023,Family_0095,Genus_0190
genome_001525,Domain_01,Phylum_02,Class_007,Order_023,Family_0095,Genus_0190
genome_001526,Domain_01,Phylum_02,Class_007,Order_023,Family_0095,Genus_0190
genome_001527,Domain_01,Phylum_02,Class_007,Order_023,Family_0095,Genus_0190
genome_001528,Domain_01,Phylum_02,Class_007,Order_023,Family_0095,Genus_0191
genome_001529,Domain_01,Phylum_02,Class_007,Order_023,Family_0095,Genus_0191
genome_001530,Domain_01,Phylum_02,Class_007,Order_023,Family_0095,Genus_0191
genome_001531,Domain_01,Phylum_02,Class_007,Order_023,Family_0095,Genus_0191
genome_001532,Domain_01,Phylum_02,Class_007,Order_023,Family_0095,Genus_0191
genome_001533,Domain_01,Phylum_02,Class_007,Order_023,Family_0095,Genus_0191
genome_001534,Domain_01,Phylum_02,Class_007,Order_023,Family_0095,Genus_0191
genome_001535,Domain_01,Phylum_02,Class_007,Order_023,Family_0095,Genus_0191
genome_001536,Domain_01,Phylum_02,Class_008,Order_024,Family_0096,Genus_0192
genome_001537,Domain_01,Phylum_02,Class_008,Order_024,Family_0096,Genus_0192
genome_001538,Domain_01,Phylum_02,Class_008,Order_024,Family_0096,Genus_0192
genome_001539,Domain_01,Phylum_02,Class_008,Order_024,Family_0096,Genus_0192
genome_001540,Domain_01,Phylum_02,Class_008,Order_024,Family_0096,Genus_0192
genome_001541,Domain_01,Phylum_02,Class_008,Order_024,Family_0096,Genus_0192
genome_001542,Domain_01,Phylum_02,Class_008,Order_024,Family_0096,Genus_0192
genome_001543,Domain_01,Phylum_02,Class_008,Order_024,Family_0096,Genus_0192
genome_001544,Domain_01,Phylum_02,Class_008,Order_024,Family_0096,Genus_0193
genome_001545,Domain_01,Phylum_02,Class_008,Order_024,Family_0096,Genus_0193
genome_001546,Domain_01,Phylum_02,Class_008,Order_024,Family_0096,Genus_0193
genome_001547,Domain_01,Phylum_02,Class_008,Order_024,Family_0096,Genus_0193
genome_001548,Domain_01,Phylum_02,Class_008,Order_024,Family_0096,Genus_0193
genome_001549,Domain_01,Phylum_02,Class_008,Order_024,Family_0096,Genus_0193
genome_001550,Domain_01,Phylum_02,Class_008,Order_024,Family_0096,Genus_0193
genome_001551,Domain_01,Phylum_02,Class_008,Order_024,Family_0096,Genus_0193
genome_001552,Domain_01,Phylum_02,Class_008,Order_024,Family_0097,Genus_0194
genome_001553,Domain_01,Phylum_02,Class_008,Order_024,Family_0097,Genus_0194
genome_001554,Domain_01,Phylum_02,Class_008,Order_024,Family_0097,Genus_0194
genome_001555,Domain_01,Phylum_02,Class_008,Order_024,Family_0097,Genus_0194
genome_001556,Domain_01,Phylum_02,Class_008,Order_024,Family_0097,Genus_0194
genome_001557,Domain_01,Phylum_02,Class_008,Order_024,Family_0097,Genus_0194
genome_001558,Domain_01,Phylum_02,Class_008,Order_024,Family_0097,Genus_0194
genome_001559,Domain_01,Phylum_02,Class_008,Order_024,Family_0097,Genus_0194
genome_001560,Domain_01,Phylum_02,Class_008,Order_024,Family_0097,Genus_0195
genome_001561,Domain_01,Phylum_02,Class_008,Order_024,Family_0097,Genus_0195
genome_001562,Domain_01,Phylum_02,Class_008,Order_024,Family_0097,Genus_0195
genome_001563,Domain_01,Phylum_02,Class_008,Order_024,Family_0097,Genus_0195
genome_001564,Domain_01,Phylum_02,Class_008,Order_024,Family_0097,Genus_0195
genome_001565,Domain_01,Phylum_02,Class_008,Order_024,Family_0097,Genus_0195
genome_001566,Domain_01,Phylum_02,Class_008,Order_024,Family_0097,Genus_0195
genome_001567,Domain_01,Phylum_02,Class_008,Order_024,Family_0097,Genus_0195
genome_001568,Domain_01,Phylum_02,Class_008,Order_024,Family_0098,Genus_0196
genome_001569,Domain_01,Phylum_02,Class_008,Order_024,Family_0098,Genus_0196
genome_001570,Domain_01,Phylum_02,Class_008,Order_024,Family_0098,Genus_0196
genome_001571,Domain_01,Phylum_02,Class_008,Order_024,Family_0098,Genus_0196
genome_001572,Domain_01,Phylum_02,Class_008,Order_024,Family_0098,Genus_0196
genome_001573,Domain_01,Phylum_02,Class_008,Order_024,Family_0098,Genus_0196
genome_001574,Domain_01,Phylum_02,Class_008,Order_024,Family_0098,Genus_0196
genome_001575,Domain_01,Phylum_02,Class_008,Order_024,Family_0098,Genus_0196
genome_001576,Domain_01,Phylum_02,Class_008,Order_024,Family_0098,Genus_0197
genome_001577,Domain_01,Phylum_02,Class_008,Order_024,Family_0098,Genus_0197
genome_001578,Domain_01,Phylum_02,Class_008,Order_024,Family_0098,Genus_0197
genome_001579,Domain_01,Phylum_02,Class_008,Order_024,Family_0098,Genus_0197
genome_001580,Domain_01,Phylum_02,Class_008,Order_024,Family_0098,Genus_0197
genome_001581,Domain_01,Phylum_02,Class_008,Order_024,Family_0098,Genus_0197
genome_001582,Domain_01,Phylum_02,Class_008,Order_024,Family_0098,Genus_0197
genome_001583,Domain_01,Phylum_02,Class_008,Order_024,Family_0098,Genus_0197
genome_001584,Domain_01,Phylum_02,Class_008,Order_024,Family_0099,Genus_0198
genome_001585,Domain_01,Phylum_02,Class_008,Order_024,Family_0099,Genus_0198
genome_001586,Domain_01,Phylum_02,Class_008,Order_024,Family_0099,Genus_0198
genome_001587,Domain_01,Phylum_02,Class_008,Order_024,Family_0099,Genus_0198
genome_001588,Domain_01,Phylum_02,Class_008,Order_024,Family_0099,Genus_0198
genome_001589,Domain_01,Phylum_02,Class_008,Order_024,Family_0099,Genus_0198
genome_001590,Domain_01,Phylum_02,Class_008,Order_024,Family_0099,Genus_0198
genome_001591,Domain_01,Phylum_02,Class_008,Order_024,Family_0099,Genus_0198
genome_001592,Domain_01,Phylum_02,Class_008,Order_024,Family_0099,Genus_0199
genome_001593,Domain_01,Phylum_02,Class_008,Order_024,Family_0099,Genus_0199
genome_001594,Domain_01,Phylum_02,Class_008,Order_024,Family_0099,Genus_0199
genome_001595,Domain_01,Phylum_02,Class_008,Order_024,Family_0099,Genus_0199
genome_001596,Domain_01,Phylum_02,Class_008,Order_024,Family_0099,Genus_0199
genome_001597,Domain_01,Phylum_02,Class_008,Order_024,Family_0099,Genus_0199
genome_001598,Domain_01,Phylum_02,Class_008,Order_024,Family_0099,Genus_0199
genome_001599,Domain_01,Phylum_02,Class_008,Order_024,Family_0099,Genus_0199
genome_001600,Domain_01,Phylum_02,Class_008,Order_025,Family_0100,Genus_0200
genome_001601,Domain_01,Phylum_02,Class_008,Order_025,Family_0100,Genus_0200
genome_001602,Domain_01,Phylum_02,Class_008,Order_025,Family_0100,Genus_0200
genome_001603,Domain_01,Phylum_02,Class_008,Order_025,Family_0100,Genus_0200
genome_001604,Domain_01,Phylum_02,Class_008,Order_025,Family_0100,Genus_0200
genome_001605,Domain_01,Phylum_02,Class_008,Order_025,Family_0100,Genus_0200
genome_001606,Domain_01,Phylum_02,Class_008,Order_025,Family_0100,Genus_0200
genome_001607,Domain_01,Phylum_02,Class_008,Order_025,Family_0100,Genus_0200
genome_001608,Domain_01,Phylum_02,Class_008,Order_025,Family_0100,Genus_0201
genome_001609,Domain_01,Phylum_02,Class_008,Order_025,Family_0100,Genus_0201
genome_001610,Domain_01,Phylum_02,Class_008,Order_025,Family_0100,Genus_0201
genome_001611,Domain_01,Phylum_02,Class_008,Order_025,Family_0100,Genus_0201
genome_001612,Domain_01,Phylum_02,Class_008,Order_025,Family_0100,Genus_0201
genome_001613,Domain_01,Phylum_02,Class_008,Order_025,Family_0100,Genus_0201
genome_001614,Domain_01,Phylum_02,Class_008,Order_025,Family_0100,Genus_0201
genome_001615,Domain_01,Phylum_02,Class_008,Order_025,Family_0100,Genus_0201
genome_001616,Domain_01,Phylum_02,Class_008,Order_025,Family_0101,Genus_0202
genome_001617,Domain_01,Phylum_02,Class_008,Order_025,Family_0101,Genus_0202
genome_001618,Domain_01,Phylum_02,Class_008,Order_025,Family_0101,Genus_0202
genome_001619,Domain_01,Phylum_02,Class_008,Order_025,Family_0101,Genus_0202
genome_001620,Domain_01,Phylum_02,Class_008,Order_025,Family_0101,Genus_0202
genome_001621,Domain_01,Phylum_02,Class_008,Order_025,Family_0101,Genus_0202
genome_001622,Domain_01,Phylum_02,Class_008,Order_025,Family_0101,Genus_0202
genome_001623,Domain_01,Phylum_02,Class_008,Order_025,Family_0101,Genus_0202
genome_001624,Domain_01,Phylum_02,Class_008,Order_025,Family_0101,Genus_0203
genome_001625,Domain_01,Phylum_02,Class_008,Order_025,Family_0101,Genus_0203
genome_001626,Domain_01,Phylum_02,Class_008,Order_025,Family_0101,Genus_0203
genome_001627,Domain_01,Phylum_02,Class_008,Order_025,Family_0101,Genus_0203
genome_001628,Domain_01,Phylum_02,Class_008,Order_025,Family_0101,Genus_0203
genome_001629,Domain_01,Phylum_02,Class_008,Order_025,Family_0101,Genus_0203
genome_001630,Domain_01,Phylum_02,Class_008,Order_025,Family_0101,Genus_0203
genome_001631,Domain_01,Phylum_02,Class_008,Order_025,Family_0101,Genus_0203
genome_001632,Domain_01,Phylum_02,Class_008,Order_025,Family_0102,Genus_0204
genome_001633,Domain_01,Phylum_02,Class_008,Order_025,Family_0102,Genus_0204
genome_001634,Domain_01,Phylum_02,Class_008,Order_025,Family_0102,Genus_0204
genome_001635,Domain_01,Phylum_02,Class_008,Order_025,Family_0102,Genus_0204
genome_001636,Domain_01,Phylum_02,Class_008,Order_025,Family_0102,Genus_0204
genome_001637,Domain_01,Phylum_02,Class_008,Order_025,Family_0102,Genus_0204
genome_001638,Domain_01,Phylum_02,Class_008,Order_025,Family_0102,Genus_0204
genome_001639,Domain_01,Phylum_02,Class_008,Order_025,Family_0102,Genus_0204
genome_001640,Domain_01,Phylum_02,Class_008,Order_025,Family_0102,Genus_0205
genome_001641,Domain_01,Phylum_02,Class_008,Order_025,Family_0102,Genus_0205
genome_001642,Domain_01,Phylum_02,Class_008,Order_025,Family_0102,Genus_0205
genome_001643,Domain_01,Phylum_02,Class_008,Order_025,Family_0102,Genus_0205
genome_001644,Domain_01,Phylum_02,Class_008,Order_025,Family_0102,Genus_0205
genome_001645,Domain_01,Phylum_02,Class_008,Order_025,Family_0102,Genus_0205
genome_001646,Domain_01,Phylum_02,Class_008,Order_025,Family_0102,Genus_0205
genome_001647,Domain_01,Phylum_02,Class_008,Order_025,Family_0102,Genus_0205
genome_001648,Domain_01,Phylum_02,Class_008,Order_025,Family_0103,Genus_0206
genome_001649,Domain_01,Phylum_02,Class_008,Order_025,Family_0103,Genus_0206
genome_001650,Domain_01,Phylum_02,Class_008,Order_025,Family_0103,Genus_0206
genome_001651,Domain_01,Phylum_02,Class_008,Order_025,Family_0103,Genus_0206
genome_001652,Domain_01,Phylum_02,Class_008,Order_025,Family_0103,Genus_0206
genome_001653,Domain_01,Phylum_02,Class_008,Order_025,Family_0103,Genus_0206
genome_001654,Domain_01,Phylum_02,Class_008,Order_025,Family_0103,Genus_0206
genome_001655,Domain_01,Phylum_02,Class_008,Order_025,Family_0103,Genus_0206
genome_001656,Domain_01,Phylum_02,Class_008,Order_025,Family_0103,Genus_0207
genome_001657,Domain_01,Phylum_02,Class_008,Order_025,Family_0103,Genus_0207
genome_001658,Domain_01,Phylum_02,Class_008,Order_025,Family_0103,Genus_0207
genome_001659,Domain_01,Phylum_02,Class_008,Order_025,Family_0103,Genus_0207
genome_001660,Domain_01,Phylum_02,Class_008,Order_025,Family_0103,Genus_0207
genome_001661,Domain_01,Phylum_02,Class_008,Order_025,Family_0103,Genus_0207
genome_001662,Domain_01,Phylum_02,Class_008,Order_025,Family_0103,Genus_0207
genome_001663,Domain_01,Phylum_02,Class_008,Order_025,Family_0103,Genus_0207
genome_001664,Domain_01,Phylum_02,Class_008,Order_026,Family_0104,Genus_0208
genome_001665,Domain_01,Phylum_02,Class_008,Order_026,Family_0104,Genus_0208
genome_001666,Domain_01,Phylum_02,Class_008,Order_026,Family_0104,Genus_0208
genome_001667,Domain_01,Phylum_02,Class_008,Order_026,Family_0104,Genus_0208
genome_001668,Domain_01,Phylum_02,Class_008,Order_026,Family_0104,Genus_0208
genome_001669,Domain_01,Phylum_02,Class_008,Order_026,Family_0104,Genus_0208
genome_001670,Domain_01,Phylum_02,Class_008,Order_026,Family_0104,Genus_0208
genome_001671,Domain_01,Phylum_02,Class_008,Order_026,Family_0104,Genus_0208
genome_001672,Domain_01,Phylum_02,Class_008,Order_026,Family_0104,Genus_0209
genome_001673,Domain_01,Phylum_02,Class_008,Order_026,Family_0104,Genus_0209
genome_001674,Domain_01,Phylum_02,Class_008,Order_026,Family_0104,Genus_0209
genome_001675,Domain_01,Phylum_02,Class_008,Order_026,Family_0104,Genus_0209
genome_001676,Domain_01,Phylum_02,Class_008,Order_026,Family_0104,Genus_0209
genome_001677,Domain_01,Phylum_02,Class_008,Order_026,Family_0104,Genus_0209
genome_001678,Domain_01,Phylum_02,Class_008,Order_026,Family_0104,Genus_0209
genome_001679,Domain_01,Phylum_02,Class_008,Order_026,Family_0104,Genus_0209
genome_001680,Domain_01,Phylum_02,Class_008,Order_026,Family_0105,Genus_0210
genome_001681,Domain_01,Phylum_02,Class_008,Order_026,Family_0105,Genus_0210
genome_001682,Domain_01,Phylum_02,Class_008,Order_026,Family_0105,Genus_0210
genome_001683,Domain_01,Phylum_02,Class_008,Order_026,Family_0105,Genus_0210
genome_001684,Domain_01,Phylum_02,Class_008,Order_026,Family_0105,Genus_0210
genome_001685,Domain_01,Phylum_02,Class_008,Order_026,Family_0105,Genus_0210
genome_001686,Domain_01,Phylum_02,Class_008,Order_026,Family_0105,Genus_0210
genome_001687,Domain_01,Phylum_02,Class_008,Order_026,Family_0105,Genus_0210
genome_001688,Domain_01,Phylum_02,Class_008,Order_026,Family_0105,Genus_0211
genome_001689,Domain_01,Phylum_02,Class_008,Order_026,Family_0105,Genus_0211
genome_001690,Domain_01,Phylum_02,Class_008,Order_026,Family_0105,Genus_0211
genome_001691,Domain_01,Phylum_02,Class_008,Order_026,Family_0105,Genus_0211
genome_001692,Domain_01,Phylum_02,Class_008,Order_026,Family_0105,Genus_0211
genome_001693,Domain_01,Phylum_02,Class_008,Order_026,Family_0105,Genus_0211
genome_001694,Domain_01,Phylum_02,Class_008,Order_026,Family_0105,Genus_0211
genome_001695,Domain_01,Phylum_02,Class_008,Order_026,Family_0105,Genus_0211
genome_001696,Domain_01,Phylum_02,Class_008,Order_026,Family_0106,Genus_0212
genome_001697,Domain_01,Phylum_02,Class_008,Order_026,Family_0106,Genus_0212
genome_001698,Domain_01,Phylum_02,Class_008,Order_026,Family_0106,Genus_0212
genome_001699,Domain_01,Phylum_02,Class_008,Order_026,Family_0106,Genus_0212
genome_001700,Domain_01,Phylum_02,Class_008,Order_026,Family_0106,Genus_0212
genome_001701,Domain_01,Phylum_02,Class_008,Order_026,Family_0106,Genus_0212
genome_001702,Domain_01,Phylum_02,Class_008,Order_026,Family_0106,Genus_0212
genome_001703,Domain_01,Phylum_02,Class_008,Order_026,Family_0106,Genus_0212
genome_001704,Domain_01,Phylum_02,Class_008,Order_026,Family_0106,Genus_0213
genome_001705,Domain_01,Phylum_02,Class_008,Order_026,Family_0106,Genus_0213
genome_001706,Domain_01,Phylum_02,Class_008,Order_026,Family_0106,Genus_0213
genome_001707,Domain_01,Phylum_02,Class_008,Order_026,Family_0106,Genus_0213
genome_001708,Domain_01,Phylum_02,Class_008,Order_026,Family_0106,Genus_0213
genome_001709,Domain_01,Phylum_02,Class_008,Order_026,Family_0106,Genus_0213
genome_001710,Domain_01,Phylum_02,Class_008,Order_026,Family_0106,Genus_0213
genome_001711,Domain_01,Phylum_02,Class_008,Order_026,Family_0106,Genus_0213
genome_001712,Domain_01,Phylum_02,Class_008,Order_026,Family_0107,Genus_0214
genome_001713,Domain_01,Phylum_02,Class_008,Order_026,Family_0107,Genus_0214
genome_001714,Domain_01,Phylum_02,Class_008,Order_026,Family_0107,Genus_0214
genome_001715,Domain_01,Phylum_02,Class_008,Order_026,Family_0107,Genus_0214
genome_001716,Domain_01,Phylum_02,Class_008,Order_026,Family_0107,Genus_0214
genome_001717,Domain_01,Phylum_02,Class_008,Order_026,Family_0107,Genus_0214
genome_001718,Domain_01,Phylum_02,Class_008,Order_026,Family_0107,Genus_0214
genome_001719,Domain_01,Phylum_02,Class_008,Order_026,Family_0107,Genus_0214
genome_001720,Domain_01,Phylum_02,Class_008,Order_026,Family_0107,Genus_0215
genome_001721,Domain_01,Phylum_02,Class_008,Order_026,Family_0107,Genus_0215
genome_001722,Domain_01,Phylum_02,Class_008,Order_026,Family_0107,Genus_0215
genome_001723,Domain_01,Phylum_02,Class_008,Order_026,Family_0107,Genus_0215
genome_001724,Domain_01,Phylum_02,Class_008,Order_026,Family_0107,Genus_0215
genome_001725,Domain_01,Phylum_02,Class_008,Order_026,Family_0107,Genus_0215
genome_001726,Domain_01,Phylum_02,Class_008,Order_026,Family_0107,Genus_0215
genome_001727,Domain_01,Phylum_02,Class_008,Order_026,Family_0107,Genus_0215
genome_001728,Domain_01,Phylum_03,Class_009,Order_027,Family_0108,Genus_0216
genome_001729,Domain_01,Phylum_03,Class_009,Order_027,Family_0108,Genus_0216
genome_001730,Domain_01,Phylum_03,Class_009,Order_027,Family_0108,Genus_0216
genome_001731,Domain_01,Phylum_03,Class_009,Order_027,Family_0108,Genus_0216
genome_001732,Domain_01,Phylum_03,Class_009,Order_027,Family_0108,Genus_0216
genome_001733,Domain_01,Phylum_03,Class_009,Order_027,Family_0108,Genus_0216
genome_001734,Domain_01,Phylum_03,Class_009,Order_027,Family_0108,Genus_0216
genome_001735,Domain_01,Phylum_03,Class_009,Order_027,Family_0108,Genus_0216
genome_001736,Domain_01,Phylum_03,Class_009,Order_027,Family_0108,Genus_0217
genome_001737,Domain_01,Phylum_03,Class_009,Order_027,Family_0108,Genus_0217
genome_001738,Domain_01,Phylum_03,Class_009,Order_027,Family_0108,Genus_0217
genome_001739,Domain_01,Phylum_03,Class_009,Order_027,Family_0108,Genus_0217
genome_001740,Domain_01,Phylum_03,Class_009,Order_027,Family_0108,Genus_0217
genome_001741,Domain_01,Phylum_03,Class_009,Order_027,Family_0108,Genus_0217
genome_001742,Domain_01,Phylum_03,Class_009,Order_027,Family_0108,Genus_0217
genome_001743,Domain_01,Phylum_03,Class_009,Order_027,Family_0108,Genus_0217
genome_001744,Domain_01,Phylum_03,Class_009,Order_027,Family_0109,Genus_0218
genome_001745,Domain_01,Phylum_03,Class_009,Order_027,Family_0109,Genus_0218
genome_001746,Domain_01,Phylum_03,Class_009,Order_027,Family_0109,Genus_0218
genome_001747,Domain_01,Phylum_03,Class_009,Order_027,Family_0109,Genus_0218
genome_001748,Domain_01,Phylum_03,Class_009,Order_027,Family_0109,Genus_0218
genome_001749,Domain_01,Phylum_03,Class_009,Order_027,Family_0109,Genus_0218
genome_001750,Domain_01,Phylum_03,Class_009,Order_027,Family_0109,Genus_0218
genome_001751,Domain_01,Phylum_03,Class_009,Order_027,Family_0109,Genus_0218
genome_001752,Domain_01,Phylum_03,Class_009,Order_027,Family_0109,Genus_0219
genome_001753,Domain_01,Phylum_03,Class_009,Order_027,Family_0109,Genus_0219
genome_001754,Domain_01,Phylum_03,Class_009,Order_027,Family_0109,Genus_0219
genome_001755,Domain_01,Phylum_03,Class_009,Order_027,Family_0109,Genus_0219
genome_001756,Domain_01,Phylum_03,Class_009,Order_027,Family_0109,Genus_0219
genome_001757,Domain_01,Phylum_03,Class_009,Order_027,Family_0109,Genus_0219
genome_001758,Domain_01,Phylum_03,Class_009,Order_027,Family_0109,Genus_0219
genome_001759,Domain_01,Phylum_03,Class_009,Order_027,Family_0109,Genus_0219
genome_001760,Domain_01,Phylum_03,Class_009,Order_027,Family_0110,Genus_0220
genome_001761,Domain_01,Phylum_03,Class_009,Order_027,Family_0110,Genus_0220
genome_001762,Domain_01,Phylum_03,Class_009,Order_027,Family_0110,Genus_0220
genome_001763,Domain_01,Phylum_03,Class_009,Order_027,Family_0110,Genus_0220
genome_001764,Domain_01,Phylum_03,Class_009,Order_027,Family_0110,Genus_0220
genome_001765,Domain_01,Phylum_03,Class_009,Order_027,Family_0110,Genus_0220
genome_001766,Domain_01,Phylum_03,Class_009,Order_027,Family_0110,Genus_0220
genome_001767,Domain_01,Phylum_03,Class_009,Order_027,Family_0110,Genus_0220
genome_001768,Domain_01,Phylum_03,Class_009,Order_027,Family_0110,Genus_0221
genome_001769,Domain_01,Phylum_03,Class_009,Order_027,Family_0110,Genus_0221
genome_001770,Domain_01,Phylum_03,Class_009,Order_027,Family_0110,Genus_0221
genome_001771,Domain_01,Phylum_03,Class_009,Order_027,Family_0110,Genus_0221
genome_001772,Domain_01,Phylum_03,Class_009,Order_027,Family_0110,Genus_0221
genome_001773,Domain_01,Phylum_03,Class_009,Order_027,Family_0110,Genus_0221
genome_001774,Domain_01,Phylum_03,Class_009,Order_027,Family_0110,Genus_0221
genome_001775,Domain_01,Phylum_03,Class_009,Order_027,Family_0110,Genus_0221
genome_001776,Domain_01,Phylum_03,Class_009,Order_027,Family_0111,Genus_0222
genome_001777,Domain_01,Phylum_03,Class_009,Order_027,Family_0111,Genus_0222
genome_001778,Domain_01,Phylum_03,Class_009,Order_027,Family_0111,Genus_0222
genome_001779,Domain_01,Phylum_03,Class_009,Order_027,Family_0111,Genus_0222
genome_001780,Domain_01,Phylum_03,Class_009,Order_027,Family_0111,Genus_0222
genome_001781,Domain_01,Phylum_03,Class_009,Order_027,Family_0111,Genus_0222
genome_001782,Domain_01,Phylum_03,Class_009,Order_027,Family_0111,Genus_0222
genome_001783,Domain_01,Phylum_03,Class_009,Order_027,Family_0111,Genus_0222
genome_001784,Domain_01,Phylum_03,Class_009,Order_027,Family_0111,Genus_0223
genome_001785,Domain_01,Phylum_03,Class_009,Order_027,Family_0111,Genus_0223
genome_001786,Domain_01,Phylum_03,Class_009,Order_027,Family_0111,Genus_0223
genome_001787,Domain_01,Phylum_03,Class_009,Order_027,Family_0111,Genus_0223
genome_001788,Domain_01,Phylum_03,Class_009,Order_027,Family_0111,Genus_0223
genome_001789,Domain_01,Phylum_03,Class_009,Order_027,Family_0111,Genus_0223
genome_001790,Domain_01,Phylum_03,Class_009,Order_027,Family_0111,Genus_0223
genome_001791,Domain_01,Phylum_03,Class_009,Order_027,Family_0111,Genus_0223
genome_001792,Domain_01,Phylum_03,Class_009,Order_028,Family_0112,Genus_0224
genome_001793,Domain_01,Phylum_03,Class_009,Order_028,Family_0112,Genus_0224
genome_001794,Domain_01,Phylum_03,Class_009,Order_028,Family_0112,Genus_0224
genome_001795,Domain_01,Phylum_03,Class_009,Order_028,Family_0112,Genus_0224
genome_001796,Domain_01,Phylum_03,Class_009,Order_028,Family_0112,Genus_0224
genome_001797,Domain_01,Phylum_03,Class_009,Order_028,Family_0112,Genus_0224
genome_001798,Domain_01,Phylum_03,Class_009,Order_028,Family_0112,Genus_0224
genome_001799,Domain_01,Phylum_03,Class_009,Order_028,Family_0112,Genus_0224
genome_001800,Domain_01,Phylum_03,Class_009,Order_028,Family_0112,Genus_0225
genome_001801,Domain_01,Phylum_03,Class_009,Order_028,Family_0112,Genus_0225
genome_001802,Domain_01,Phylum_03,Class_009,Order_028,Family_0112,Genus_0225
genome_001803,Domain_01,Phylum_03,Class_009,Order_028,Family_0112,Genus_0225
genome_001804,Domain_01,Phylum_03,Class_009,Order_028,Family_0112,Genus_0225
genome_001805,Domain_01,Phylum_03,Class_009,Order_028,Family_0112,Genus_0225
genome_001806,Domain_01,Phylum_03,Class_009,Order_028,Family_0112,Genus_0225
genome_001807,Domain_01,Phylum_03,Class_009,Order_028,Family_0112,Genus_0225
genome_001808,Domain_01,Phylum_03,Class_009,Order_028,Family_0113,Genus_0226
genome_001809,Domain_01,Phylum_03,Class_009,Order_028,Family_0113,Genus_0226
genome_001810,Domain_01,Phylum_03,Class_009,Order_028,Family_0113,Genus_0226
genome_001811,Domain_01,Phylum_03,Class_009,Order_028,Family_0113,Genus_0226
genome_001812,Domain_01,Phylum_03,Class_009,Order_028,Family_0113,Genus_0226
genome_001813,Domain_01,Phylum_03,Class_009,Order_028,Family_0113,Genus_0226
genome_001814,Domain_01,Phylum_03,Class_009,Order_028,Family_0113,Genus_0226
genome_001815,Domain_01,Phylum_03,Class_009,Order_028,Family_0113,Genus_0226
genome_001816,Domain_01,Phylum_03,Class_009,Order_028,Family_0113,Genus_0227
genome_001817,Domain_01,Phylum_03,Class_009,Order_028,Family_0113,Genus_0227
genome_001818,Domain_01,Phylum_03,Class_009,Order_028,Family_0113,Genus_0227
genome_001819,Domain_01,Phylum_03,Class_009,Order_028,Family_0113,Genus_0227
genome_001820,Domain_01,Phylum_03,Class_009,Order_028,Family_0113,Genus_0227
genome_001821,Domain_01,Phylum_03,Class_009,Order_028,Family_0113,Genus_0227
genome_001822,Domain_01,Phylum_03,Class_009,Order_028,Family_0113,Genus_0227
genome_001823,Domain_01,Phylum_03,Class_009,Order_028,Family_0113,Genus_0227
genome_001824,Domain_01,Phylum_03,Class_009,Order_028,Family_0114,Genus_0228
genome_001825,Domain_01,Phylum_03,Class_009,Order_028,Family_0114,Genus_0228
genome_001826,Domain_01,Phylum_03,Class_009,Order_028,Family_0114,Genus_0228
genome_001827,Domain_01,Phylum_03,Class_009,Order_028,Family_0114,Genus_0228
genome_001828,Domain_01,Phylum_03,Class_009,Order_028,Family_0114,Genus_0228
genome_001829,Domain_01,Phylum_03,Class_009,Order_028,Family_0114,Genus_0228
genome_001830,Domain_01,Phylum_03,Class_009,Order_028,Family_0114,Genus_0228
genome_001831,Domain_01,Phylum_03,Class_009,Order_028,Family_0114,Genus_0228
genome_001832,Domain_01,Phylum_03,Class_009,Order_028,Family_0114,Genus_0229
genome_001833,Domain_01,Phylum_03,Class_009,Order_028,Family_0114,Genus_0229
genome_001834,Domain_01,Phylum_03,Class_009,Order_028,Family_0114,Genus_0229
genome_001835,Domain_01,Phylum_03,Class_009,Order_028,Family_0114,Genus_0229
genome_001836,Domain_01,Phylum_03,Class_009,Order_028,Family_0114,Genus_0229
genome_001837,Domain_01,Phylum_03,Class_009,Order_028,Family_0114,Genus_0229
genome_001838,Domain_01,Phylum_03,Class_009,Order_028,Family_0114,Genus_0229
genome_001839,Domain_01,Phylum_03,Class_009,Order_028,Family_0114,Genus_0229
genome_001840,Domain_01,Phylum_03,Class_009,Order_028,Family_0115,Genus_0230
genome_001841,Domain_01,Phylum_03,Class_009,Order_028,Family_0115,Genus_0230
genome_001842,Domain_01,Phylum_03,Class_009,Order_028,Family_0115,Genus_0230
genome_001843,Domain_01,Phylum_03,Class_009,Order_028,Family_0115,Genus_0230
genome_001844,Domain_01,Phylum_03,Class_009,Order_028,Family_0115,Genus_0230
genome_001845,Domain_01,Phylum_03,Class_009,Order_028,Family_0115,Genus_0230
genome_001846,Domain_01,Phylum_03,Class_009,Order_028,Family_0115,Genus_0230
genome_001847,Domain_01,Phylum_03,Class_009,Order_028,Family_0115,Genus_0230
genome_001848,Domain_01,Phylum_03,Class_009,Order_028,Family_0115,Genus_0231
genome_001849,Domain_01,Phylum_03,Class_009,Order_028,Family_0115,Genus_0231
genome_001850,Domain_01,Phylum_03,Class_009,Order_028,Family_0115,Genus_0231
genome_001851,Domain_01,Phylum_03,Class_009,Order_028,Family_0115,Genus_0231
genome_001852,Domain_01,Phylum_03,Class_009,Order_028,Family_0115,Genus_0231
genome_001853,Domain_01,Phylum_03,Class_009,Order_028,Family_0115,Genus_0231
genome_001854,Domain_01,Phylum_03,Class_009,Order_028,Family_0115,Genus_0231
genome_001855,Domain_01,Phylum_03,Class_009,Order_028,Family_0115,Genus_0231
genome_001856,Domain_01,Phylum_03,Class_009,Order_029,Family_0116,Genus_0232
genome_001857,Domain_01,Phylum_03,Class_009,Order_029,Family_0116,Genus_0232
genome_001858,Domain_01,Phylum_03,Class_009,Order_029,Family_0116,Genus_0232
genome_001859,Domain_01,Phylum_03,Class_009,Order_029,Family_0116,Genus_0232
genome_001860,Domain_01,Phylum_03,Class_009,Order_029,Family_0116,Genus_0232
genome_001861,Domain_01,Phylum_03,Class_009,Order_029,Family_0116,Genus_0232
genome_001862,Domain_01,Phylum_03,Class_009,Order_029,Family_0116,Genus_0232
genome_001863,Domain_01,Phylum_03,Class_009,Order_029,Family_0116,Genus_0232
genome_001864,Domain_01,Phylum_03,Class_009,Order_029,Family_0116,Genus_0233
genome_001865,Domain_01,Phylum_03,Class_009,Order_029,Family_0116,Genus_0233
genome_001866,Domain_01,Phylum_03,Class_009,Order_029,Family_0116,Genus_0233
genome_001867,Domain_01,Phylum_03,Class_009,Order_029,Family_0116,Genus_0233
genome_001868,Domain_01,Phylum_03,Class_009,Order_029,Family_0116,Genus_0233
genome_001869,Domain_01,Phylum_03,Class_009,Order_029,Family_0116,Genus_0233
genome_001870,Domain_01,Phylum_03,Class_009,Order_029,Family_0116,Genus_0233
genome_001871,Domain_01,Phylum_03,Class_009,Order_029,Family_0116,Genus_0233
genome_001872,Domain_01,Phylum_03,Class_009,Order_029,Family_0117,Genus_0234
genome_001873,Domain_01,Phylum_03,Class_009,Order_029,Family_0117,Genus_0234
genome_001874,Domain_01,Phylum_03,Class_009,Order_029,Family_0117,Genus_0234
genome_001875,Domain_01,Phylum_03,Class_009,Order_029,Family_0117,Genus_0234
genome_001876,Domain_01,Phylum_03,Class_009,Order_029,Family_0117,Genus_0234
genome_001877,Domain_01,Phylum_03,Class_009,Order_029,Family_0117,Genus_0234
genome_001878,Domain_01,Phylum_03,Class_009,Order_029,Family_0117,Genus_0234
genome_001879,Domain_01,Phylum_03,Class_009,Order_029,Family_0117,Genus_0234
genome_001880,Domain_01,Phylum_03,Class_009,Order_029,Family_0117,Genus_0235
genome_001881,Domain_01,Phylum_03,Class_009,Order_029,Family_0117,Genus_0235
genome_001882,Domain_01,Phylum_03,Class_009,Order_029,Family_0117,Genus_0235
genome_001883,Domain_01,Phylum_03,Class_009,Order_029,Family_0117,Genus_0235
genome_001884,Domain_01,Phylum_03,Class_009,Order_029,Family_0117,Genus_0235
genome_001885,Domain_01,Phylum_03,Class_009,Order_029,Family_0117,Genus_0235
genome_001886,Domain_01,Phylum_03,Class_009,Order_029,Family_0117,Genus_0235
genome_001887,Domain_01,Phylum_03,Class_009,Order_029,Family_0117,Genus_0235
genome_001888,Domain_01,Phylum_03,Class_009,Order_029,Family_0118,Genus_0236
genome_001889,Domain_01,Phylum_03,Class_009,Order_029,Family_0118,Genus_0236
genome_001890,Domain_01,Phylum_03,Class_009,Order_029,Family_0118,Genus_0236
genome_001891,Domain_01,Phylum_03,Class_009,Order_029,Family_0118,Genus_0236
genome_001892,Domain_01,Phylum_03,Class_009,Order_029,Family_0118,Genus_0236
genome_001893,Domain_01,Phylum_03,Class_009,Order_029,Family_0118,Genus_0236
genome_001894,Domain_01,Phylum_03,Class_009,Order_029,Family_0118,Genus_0236
genome_001895,Domain_01,Phylum_03,Class_009,Order_029,Family_0118,Genus_0236
genome_001896,Domain_01,Phylum_03,Class_009,Order_029,Family_0118,Genus_0237
genome_001897,Domain_01,Phylum_03,Class_009,Order_029,Family_0118,Genus_0237
genome_001898,Domain_01,Phylum_03,Class_009,Order_029,Family_0118,Genus_0237
genome_001899,Domain_01,Phylum_03,Class_009,Order_029,Family_0118,Genus_0237
genome_001900,Domain_01,Phylum_03,Class_009,Order_029,Family_0118,Genus_0237
genome_001901,Domain_01,Phylum_03,Class_009,Order_029,Family_0118,Genus_0237
genome_001902,Domain_01,Phylum_03,Class_009,Order_029,Family_0118,Genus_0237
genome_001903,Domain_01,Phylum_03,Class_009,Order_029,Family_0118,Genus_0237
genome_001904,Domain_01,Phylum_03,Class_009,Order_029,Family_0119,Genus_0238
genome_001905,Domain_01,Phylum_03,Class_009,Order_029,Family_0119,Genus_0238
genome_001906,Domain_01,Phylum_03,Class_009,Order_029,Family_0119,Genus_0238
genome_001907,Domain_01,Phylum_03,Class_009,Order_029,Family_0119,Genus_0238
genome_001908,Domain_01,Phylum_03,Class_009,Order_029,Family_0119,Genus_0238
genome_001909,Domain_01,Phylum_03,Class_009,Order_029,Family_0119,Genus_0238
genome_001910,Domain_01,Phylum_03,Class_009,Order_029,Family_0119,Genus_0238
genome_001911,Domain_01,Phylum_03,Class_009,Order_029,Family_0119,Genus_0238
genome_001912,Domain_01,Phylum_03,Class_009,Order_029,Family_0119,Genus_0239
genome_001913,Domain_01,Phylum_03,Class_009,Order_029,Family_0119,Genus_0239
genome_001914,Domain_01,Phylum_03,Class_009,Order_029,Family_0119,Genus_0239
genome_001915,Domain_01,Phylum_03,Class_009,Order_029,Family_0119,Genus_0239
genome_001916,Domain_01,Phylum_03,Class_009,Order_029,Family_0119,Genus_0239
genome_001917,Domain_01,Phylum_03,Class_009,Order_029,Family_0119,Genus_0239
genome_001918,Domain_01,Phylum_03,Class_009,Order_029,Family_0119,Genus_0239
genome_001919,Domain_01,Phylum_03,Class_009,Order_029,Family_0119,Genus_0239
genome_001920,Domain_01,Phylum_03,Class_010,Order_030,Family_0120,Genus_0240
genome_001921,Domain_01,Phylum_03,Class_010,Order_030,Family_0120,Genus_0240
genome_001922,Domain_01,Phylum_03,Class_010,Order_030,Family_0120,Genus_0240
genome_001923,Domain_01,Phylum_03,Class_010,Order_030,Family_0120,Genus_0240
genome_001924,Domain_01,Phylum_03,Class_010,Order_030,Family_0120,Genus_0240
genome_001925,Domain_01,Phylum_03,Class_010,Order_030,Family_0120,Genus_0240
genome_001926,Domain_01,Phylum_03,Class_010,Order_030,Family_0120,Genus_0240
genome_001927,Domain_01,Phylum_03,Class_010,Order_030,Family_0120,Genus_0240
genome_001928,Domain_01,Phylum_03,Class_010,Order_030,Family_0120,Genus_0241
genome_001929,Domain_01,Phylum_03,Class_010,Order_030,Family_0120,Genus_0241
genome_001930,Domain_01,Phylum_03,Class_010,Order_030,Family_0120,Genus_0241
genome_001931,Domain_01,Phylum_03,Class_010,Order_030,Family_0120,Genus_0241
genome_001932,Domain_01,Phylum_03,Class_010,Order_030,Family_0120,Genus_0241
genome_001933,Domain_01,Phylum_03,Class_010,Order_030,Family_0120,Genus_0241
genome_001934,Domain_01,Phylum_03,Class_010,Order_030,Family_0120,Genus_0241
genome_001935,Domain_01,Phylum_03,Class_010,Order_030,Family_0120,Genus_0241
genome_001936,Domain_01,Phylum_03,Class_010,Order_030,Family_0121,Genus_0242
genome_001937,Domain_01,Phylum_03,Class_010,Order_030,Family_0121,Genus_0242
genome_001938,Domain_01,Phylum_03,Class_010,Order_030,Family_0121,Genus_0242
genome_001939,Domain_01,Phylum_03,Class_010,Order_030,Family_0121,Genus_0242
genome_001940,Domain_01,Phylum_03,Class_010,Order_030,Family_0121,Genus_0242
genome_001941,Domain_01,Phylum_03,Class_010,Order_030,Family_0121,Genus_0242
genome_001942,Domain_01,Phylum_03,Class_010,Order_030,Family_0121,Genus_0242
genome_001943,Domain_01,Phylum_03,Class_010,Order_030,Family_0121,Genus_0242
genome_001944,Domain_01,Phylum_03,Class_010,Order_030,Family_0121,Genus_0243
genome_001945,Domain_01,Phylum_03,Class_010,Order_030,Family_0121,Genus_0243
genome_001946,Domain_01,Phylum_03,Class_010,Order_030,Family_0121,Genus_0243
genome_001947,Domain_01,Phylum_03,Class_010,Order_030,Family_0121,Genus_0243
genome_001948,Domain_01,Phylum_03,Class_010,Order_030,Family_0121,Genus_0243
genome_001949,Domain_01,Phylum_03,Class_010,Order_030,Family_0121,Genus_0243
genome_001950,Domain_01,Phylum_03,Class_010,Order_030,Family_0121,Genus_0243
genome_001951,Domain_01,Phylum_03,Class_010,Order_030,Family_0121,Genus_0243
genome_001952,Domain_01,Phylum_03,Class_010,Order_030,Family_0122,Genus_0244
genome_001953,Domain_01,Phylum_03,Class_010,Order_030,Family_0122,Genus_0244
genome_001954,Domain_01,Phylum_03,Class_010,Order_030,Family_0122,Genus_0244
genome_001955,Domain_01,Phylum_03,Class_010,Order_030,Family_0122,Genus_0244
genome_001956,Domain_01,Phylum_03,Class_010,Order_030,Family_0122,Genus_0244
genome_001957,Domain_01,Phylum_03,Class_010,Order_030,Family_0122,Genus_0244
genome_001958,Domain_01,Phylum_03,Class_010,Order_030,Family_0122,Genus_0244
genome_001959,Domain_01,Phylum_03,Class_010,Order_030,Family_0122,Genus_0244
genome_001960,Domain_01,Phylum_03,Class_010,Order_030,Family_0122,Genus_0245
genome_001961,Domain_01,Phylum_03,Class_010,Order_030,Family_0122,Genus_0245
genome_001962,Domain_01,Phylum_03,Class_010,Order_030,Family_0122,Genus_0245
genome_001963,Domain_01,Phylum_03,Class_010,Order_030,Family_0122,Genus_0245
genome_001964,Domain_01,Phylum_03,Class_010,Order_030,Family_0122,Genus_0245
genome_001965,Domain_01,Phylum_03,Class_010,Order_030,Family_0122,Genus_0245
genome_001966,Domain_01,Phylum_03,Class_010,Order_030,Family_0122,Genus_0245
genome_001967,Domain_01,Phylum_03,Class_010,Order_030,Family_0122,Genus_0245
genome_001968,Domain_01,Phylum_03,Class_010,Order_030,Family_0123,Genus_0246
genome_001969,Domain_01,Phylum_03,Class_010,Order_030,Family_0123,Genus_0246
genome_001970,Domain_01,Phylum_03,Class_010,Order_030,Family_0123,Genus_0246
genome_001971,Domain_01,Phylum_03,Class_010,Order_030,Family_0123,Genus_0246
genome_001972,Domain_01,Phylum_03,Class_010,Order_030,Family_0123,Genus_0246
genome_001973,Domain_01,Phylum_03,Class_010,Order_030,Family_0123,Genus_0246
genome_001974,Domain_01,Phylum_03,Class_010,Order_030,Family_0123,Genus_0246
genome_001975,Domain_01,Phylum_03,Class_010,Order_030,Family_0123,Genus_0246
genome_001976,Domain_01,Phylum_03,Class_010,Order_030,Family_0123,Genus_0247
genome_001977,Domain_01,Phylum_03,Class_010,Order_030,Family_0123,Genus_0247
genome_001978,Domain_01,Phylum_03,Class_010,Order_030,Family_0123,Genus_0247
genome_001979,Domain_01,Phylum_03,Class_010,Order_030,Family_0123,Genus_0247
genome_001980,Domain_01,Phylum_03,Class_010,Order_030,Family_0123,Genus_0247
genome_001981,Domain_01,Phylum_03,Class_010,Order_030,Family_0123,Genus_0247
genome_001982,Domain_01,Phylum_03,Class_010,Order_030,Family_0123,Genus_0247
genome_001983,Domain_01,Phylum_03,Class_010,Order_030,Family_0123,Genus_0247
genome_001984,Domain_01,Phylum_03,Class_010,Order_031,Family_0124,Genus_0248
genome_001985,Domain_01,Phylum_03,Class_010,Order_031,Family_0124,Genus_0248
genome_001986,Domain_01,Phylum_03,Class_010,Order_031,Family_0124,Genus_0248
genome_001987,Domain_01,Phylum_03,Class_010,Order_031,Family_0124,Genus_0248
genome_001988,Domain_01,Phylum_03,Class_010,Order_031,Family_0124,Genus_0248
genome_001989,Domain_01,Phylum_03,Class_010,Order_031,Family_0124,Genus_0248
genome_001990,Domain_01,Phylum_03,Class_010,Order_031,Family_0124,Genus_0248
genome_001991,Domain_01,Phylum_03,Class_010,Order_031,Family_0124,Genus_0248
genome_001992,Domain_01,Phylum_03,Class_010,Order_031,Family_0124,Genus_0249
genome_001993,Domain_01,Phylum_03,Class_010,Order_031,Family_0124,Genus_0249
genome_001994,Domain_01,Phylum_03,Class_010,Order_031,Family_0124,Genus_0249
genome_001995,Domain_01,Phylum_03,Class_010,Order_031,Family_0124,Genus_0249
genome_001996,Domain_01,Phylum_03,Class_010,Order_031,Family_0124,Genus_0249
genome_001997,Domain_01,Phylum_03,Class_010,Order_031,Family_0124,Genus_0249
genome_001998,Domain_01,Phylum_03,Class_010,Order_031,Family_0124,Genus_0249
genome_001999,Domain_01,Phylum_03,Class_010,Order_031,Family_0124,Genus_0249
genome_002000,Domain_01,Phylum_03,Class_010,Order_031,Family_0125,Genus_0250
genome_002001,Domain_01,Phylum_03,Class_010,Order_031,Family_0125,Genus_0250
genome_002002,Domain_01,Phylum_03,Class_010,Order_031,Family_0125,Genus_0250
genome_002003,Domain_01,Phylum_03,Class_010,Order_031,Family_0125,Genus_0250
genome_002004,Domain_01,Phylum_03,Class_010,Order_031,Family_0125,Genus_0250
genome_002005,Domain_01,Phylum_03,Class_010,Order_031,Family_0125,Genus_0250
genome_002006,Domain_01,Phylum_03,Class_010,Order_031,Family_0125,Genus_0250
genome_002007,Domain_01,Phylum_03,Class_010,Order_031,Family_0125,Genus_0250
genome_002008,Domain_01,Phylum_03,Class_010,Order_031,Family_0125,Genus_0251
genome_002009,Domain_01,Phylum_03,Class_010,Order_031,Family_0125,Genus_0251
genome_002010,Domain_01,Phylum_03,Class_010,Order_031,Family_0125,Genus_0251
genome_002011,Domain_01,Phylum_03,Class_010,Order_031,Family_0125,Genus_0251
genome_002012,Domain_01,Phylum_03,Class_010,Order_031,Family_0125,Genus_0251
genome_002013,Domain_01,Phylum_03,Class_010,Order_031,Family_0125,Genus_0251
genome_002014,Domain_01,Phylum_03,Class_010,Order_031,Family_0125,Genus_0251
genome_002015,Domain_01,Phylum_03,Class_010,Order_031,Family_0125,Genus_0251
genome_002016,Domain_01,Phylum_03,Class_010,Order_031,Family_0126,Genus_0252
genome_002017,Domain_01,Phylum_03,Class_010,Order_031,Family_0126,Genus_0252
genome_002018,Domain_01,Phylum_03,Class_010,Order_031,Family_0126,Genus_0252
genome_002019,Domain_01,Phylum_03,Class_010,Order_031,Family_0126,Genus_0252
genome_002020,Domain_01,Phylum_03,Class_010,Order_031,Family_0126,Genus_0252
genome_002021,Domain_01,Phylum_03,Class_010,Order_031,Family_0126,Genus_0252
genome_002022,Domain_01,Phylum_03,Class_010,Order_031,Family_0126,Genus_0252
genome_002023,Domain_01,Phylum_03,Class_010,Order_031,Family_0126,Genus_0252
genome_002024,Domain_01,Phylum_03,Class_010,Order_031,Family_0126,Genus_0253
genome_002025,Domain_01,Phylum_03,Class_010,Order_031,Family_0126,Genus_0253
genome_002026,Domain_01,Phylum_03,Class_010,Order_031,Family_0126,Genus_0253
genome_002027,Domain_01,Phylum_03,Class_010,Order_031,Family_0126,Genus_0253
genome_002028,Domain_01,Phylum_03,Class_010,Order_031,Family_0126,Genus_0253
genome_002029,Domain_01,Phylum_03,Class_010,Order_031,Family_0126,Genus_0253
genome_002030,Domain_01,Phylum_03,Class_010,Order_031,Family_0126,Genus_0253
genome_002031,Domain_01,Phylum_03,Class_010,Order_031,Family_0126,Genus_0253
genome_002032,Domain_01,Phylum_03,Class_010,Order_031,Family_0127,Genus_0254
genome_002033,Domain_01,Phylum_03,Class_010,Order_031,Family_0127,Genus_0254
genome_002034,Domain_01,Phylum_03,Class_010,Order_031,Family_0127,Genus_0254
genome_002035,Domain_01,Phylum_03,Class_010,Order_031,Family_0127,Genus_0254
genome_002036,Domain_01,Phylum_03,Class_010,Order_031,Family_0127,Genus_0254
genome_002037,Domain_01,Phylum_03,Class_010,Order_031,Family_0127,Genus_0254
genome_002038,Domain_01,Phylum_03,Class_010,Order_031,Family_0127,Genus_0254
genome_002039,Domain_01,Phylum_03,Class_010,Order_031,Family_0127,Genus_0254
genome_002040,Domain_01,Phylum_03,Class_010,Order_031,Family_0127,Genus_0255
genome_002041,Domain_01,Phylum_03,Class_010,Order_031,Family_0127,Genus_0255
genome_002042,Domain_01,Phylum_03,Class_010,Order_031,Family_0127,Genus_0255
genome_002043,Domain_01,Phylum_03,Class_010,Order_031,Family_0127,Genus_0255
genome_002044,Domain_01,Phylum_03,Class_010,Order_031,Family_0127,Genus_0255
genome_002045,Domain_01,Phylum_03,Class_010,Order_031,Family_0127,Genus_0255
genome_002046,Domain_01,Phylum_03,Class_010,Order_031,Family_0127,Genus_0255
genome_002047,Domain_01,Phylum_03,Class_010,Order_031,Family_0127,Genus_0255
genome_002048,Domain_01,Phylum_03,Class_010,Order_032,Family_0128,Genus_0256
genome_002049,Domain_01,Phylum_03,Class_010,Order_032,Family_0128,Genus_0256
genome_002050,Domain_01,Phylum_03,Class_010,Order_032,Family_0128,Genus_0256
genome_002051,Domain_01,Phylum_03,Class_010,Order_032,Family_0128,Genus_0256
genome_002052,Domain_01,Phylum_03,Class_010,Order_032,Family_0128,Genus_0256
genome_002053,Domain_01,Phylum_03,Class_010,Order_032,Family_0128,Genus_0256
genome_002054,Domain_01,Phylum_03,Class_010,Order_032,Family_0128,Genus_0256
genome_002055,Domain_01,Phylum_03,Class_010,Order_032,Family_0128,Genus_0256
genome_002056,Domain_01,Phylum_03,Class_010,Order_032,Family_0128,Genus_0257
genome_002057,Domain_01,Phylum_03,Class_010,Order_032,Family_0128,Genus_0257
genome_002058,Domain_01,Phylum_03,Class_010,Order_032,Family_0128,Genus_0257
genome_002059,Domain_01,Phylum_03,Class_010,Order_032,Family_0128,Genus_0257
genome_002060,Domain_01,Phylum_03,Class_010,Order_032,Family_0128,Genus_0257
genome_002061,Domain_01,Phylum_03,Class_010,Order_032,Family_0128,Genus_0257
genome_002062,Domain_01,Phylum_03,Class_010,Order_032,Family_0128,Genus_0257
genome_002063,Domain_01,Phylum_03,Class_010,Order_032,Family_0128,Genus_0257
genome_002064,Domain_01,Phylum_03,Class_010,Order_032,Family_0129,Genus_0258
genome_002065,Domain_01,Phylum_03,Class_010,Order_032,Family_0129,Genus_0258
genome_002066,Domain_01,Phylum_03,Class_010,Order_032,Family_0129,Genus_0258
genome_002067,Domain_01,Phylum_03,Class_010,Order_032,Family_0129,Genus_0258
genome_002068,Domain_01,Phylum_03,Class_010,Order_032,Family_0129,Genus_0258
genome_002069,Domain_01,Phylum_03,Class_010,Order_032,Family_0129,Genus_0258
genome_002070,Domain_01,Phylum_03,Class_010,Order_032,Family_0129,Genus_0258
genome_002071,Domain_01,Phylum_03,Class_010,Order_032,Family_0129,Genus_0258
genome_002072,Domain_01,Phylum_03,Class_010,Order_032,Family_0129,Genus_0259
genome_002073,Domain_01,Phylum_03,Class_010,Order_032,Family_0129,Genus_0259
genome_002074,Domain_01,Phylum_03,Class_010,Order_032,Family_0129,Genus_0259
genome_002075,Domain_01,Phylum_03,Class_010,Order_032,Family_0129,Genus_0259
genome_002076,Domain_01,Phylum_03,Class_010,Order_032,Family_0129,Genus_0259
genome_002077,Domain_01,Phylum_03,Class_010,Order_032,Family_0129,Genus_0259
genome_002078,Domain_01,Phylum_03,Class_010,Order_032,Family_0129,Genus_0259
genome_002079,Domain_01,Phylum_03,Class_010,Order_032,Family_0129,Genus_0259
genome_002080,Domain_01,Phylum_03,Class_010,Order_032,Family_0130,Genus_0260
genome_002081,Domain_01,Phylum_03,Class_010,Order_032,Family_0130,Genus_0260
genome_002082,Domain_01,Phylum_03,Class_010,Order_032,Family_0130,Genus_0260
genome_002083,Domain_01,Phylum_03,Class_010,Order_032,Family_0130,Genus_0260
genome_002084,Domain_01,Phylum_03,Class_010,Order_032,Family_0130,Genus_0260
genome_002085,Domain_01,Phylum_03,Class_010,Order_032,Family_0130,Genus_0260
genome_002086,Domain_01,Phylum_03,Class_010,Order_032,Family_0130,Genus_0260
genome_002087,Domain_01,Phylum_03,Class_010,Order_032,Family_0130,Genus_0260
genome_002088,Domain_01,Phylum_03,Class_010,Order_032,Family_0130,Genus_0261
genome_002089,Domain_01,Phylum_03,Class_010,Order_032,Family_0130,Genus_0261
genome_002090,Domain_01,Phylum_03,Class_010,Order_032,Family_0130,Genus_0261
genome_002091,Domain_01,Phylum_03,Class_010,Order_032,Family_0130,Genus_0261
genome_002092,Domain_01,Phylum_03,Class_010,Order_032,Family_0130,Genus_0261
genome_002093,Domain_01,Phylum_03,Class_010,Order_032,Family_0130,Genus_0261
genome_002094,Domain_01,Phylum_03,Class_010,Order_032,Family_0130,Genus_0261
genome_002095,Domain_01,Phylum_03,Class_010,Order_032,Family_0130,Genus_0261
genome_002096,Domain_01,Phylum_03,Class_010,Order_032,Family_0131,Genus_0262
genome_002097,Domain_01,Phylum_03,Class_010,Order_032,Family_0131,Genus_0262
genome_002098,Domain_01,Phylum_03,Class_010,Order_032,Family_0131,Genus_0262
genome_002099,Domain_01,Phylum_03,Class_010,Order_032,Family_0131,Genus_0262
genome_002100,Domain_01,Phylum_03,Class_010,Order_032,Family_0131,Genus_0262
genome_002101,Domain_01,Phylum_03,Class_010,Order_032,Family_0131,Genus_0262
genome_002102,Domain_01,Phylum_03,Class_010,Order_032,Family_0131,Genus_0262
genome_002103,Domain_01,Phylum_03,Class_010,Order_032,Family_0131,Genus_0262
genome_002104,Domain_01,Phylum_03,Class_010,Order_032,Family_0131,Genus_0263
genome_002105,Domain_01,Phylum_03,Class_010,Order_032,Family_0131,Genus_0263
genome_002106,Domain_01,Phylum_03,Class_010,Order_032,Family_0131,Genus_0263
genome_002107,Domain_01,Phylum_03,Class_010,Order_032,Family_0131,Genus_0263
genome_002108,Domain_01,Phylum_03,Class_010,Order_032,Family_0131,Genus_0263
genome_002109,Domain_01,Phylum_03,Class_010,Order_032,Family_0131,Genus_0263
genome_002110,Domain_01,Phylum_03,Class_010,Order_032,Family_0131,Genus_0263
genome_002111,Domain_01,Phylum_03,Class_010,Order_032,Family_0131,Genus_0263
genome_002112,Domain_01,Phylum_03,Class_011,Order_033,Family_0132,Genus_0264
genome_002113,Domain_01,Phylum_03,Class_011,Order_033,Family_0132,Genus_0264
genome_002114,Domain_01,Phylum_03,Class_011,Order_033,Family_0132,Genus_0264
genome_002115,Domain_01,Phylum_03,Class_011,Order_033,Family_0132,Genus_0264
genome_002116,Domain_01,Phylum_03,Class_011,Order_033,Family_0132,Genus_0264
genome_002117,Domain_01,Phylum_03,Class_011,Order_033,Family_0132,Genus_0264
genome_002118,Domain_01,Phylum_03,Class_011,Order_033,Family_0132,Genus_0264
genome_002119,Domain_01,Phylum_03,Class_011,Order_033,Family_0132,Genus_0264
genome_002120,Domain_01,Phylum_03,Class_011,Order_033,Family_0132,Genus_0265
genome_002121,Domain_01,Phylum_03,Class_011,Order_033,Family_0132,Genus_0265
genome_002122,Domain_01,Phylum_03,Class_011,Order_033,Family_0132,Genus_0265
genome_002123,Domain_01,Phylum_03,Class_011,Order_033,Family_0132,Genus_0265
genome_002124,Domain_01,Phylum_03,Class_011,Order_033,Family_0132,Genus_0265
genome_002125,Domain_01,Phylum_03,Class_011,Order_033,Family_0132,Genus_0265
genome_002126,Domain_01,Phylum_03,Class_011,Order_033,Family_0132,Genus_0265
genome_002127,Domain_01,Phylum_03,Class_011,Order_033,Family_0132,Genus_0265
genome_002128,Domain_01,Phylum_03,Class_011,Order_033,Family_0133,Genus_0266
genome_002129,Domain_01,Phylum_03,Class_011,Order_033,Family_0133,Genus_0266
genome_002130,Domain_01,Phylum_03,Class_011,Order_033,Family_0133,Genus_0266
genome_002131,Domain_01,Phylum_03,Class_011,Order_033,Family_0133,Genus_0266
genome_002132,Domain_01,Phylum_03,Class_011,Order_033,Family_0133,Genus_0266
genome_002133,Domain_01,Phylum_03,Class_011,Order_033,Family_0133,Genus_0266
genome_002134,Domain_01,Phylum_03,Class_011,Order_033,Family_0133,Genus_0266
genome_002135,Domain_01,Phylum_03,Class_011,Order_033,Family_0133,Genus_0266
genome_002136,Domain_01,Phylum_03,Class_011,Order_033,Family_0133,Genus_0267
genome_002137,Domain_01,Phylum_03,Class_011,Order_033,Family_0133,Genus_0267
genome_002138,Domain_01,Phylum_03,Class_011,Order_033,Family_0133,Genus_0267
genome_002139,Domain_01,Phylum_03,Class_011,Order_033,Family_0133,Genus_0267
genome_002140,Domain_01,Phylum_03,Class_011,Order_033,Family_0133,Genus_0267
genome_002141,Domain_01,Phylum_03,Class_011,Order_033,Family_0133,Genus_0267
genome_002142,Domain_01,Phylum_03,Class_011,Order_033,Family_0133,Genus_0267
genome_002143,Domain_01,Phylum_03,Class_011,Order_033,Family_0133,Genus_0267
genome_002144,Domain_01,Phylum_03,Class_011,Order_033,Family_0134,Genus_0268
genome_002145,Domain_01,Phylum_03,Class_011,Order_033,Family_0134,Genus_0268
genome_002146,Domain_01,Phylum_03,Class_011,Order_033,Family_0134,Genus_0268
genome_002147,Domain_01,Phylum_03,Class_011,Order_033,Family_0134,Genus_0268
genome_002148,Domain_01,Phylum_03,Class_011,Order_033,Family_0134,Genus_0268
genome_002149,Domain_01,Phylum_03,Class_011,Order_033,Family_0134,Genus_0268
genome_002150,Domain_01,Phylum_03,Class_011,Order_033,Family_0134,Genus_0268
genome_002151,Domain_01,Phylum_03,Class_011,Order_033,Family_0134,Genus_0268
genome_002152,Domain_01,Phylum_03,Class_011,Order_033,Family_0134,Genus_0269
genome_002153,Domain_01,Phylum_03,Class_011,Order_033,Family_0134,Genus_0269
genome_002154,Domain_01,Phylum_03,Class_011,Order_033,Family_0134,Genus_0269
genome_002155,Domain_01,Phylum_03,Class_011,Order_033,Family_0134,Genus_0269
genome_002156,Domain_01,Phylum_03,Class_011,Order_033,Family_0134,Genus_0269
genome_002157,Domain_01,Phylum_03,Class_011,Order_033,Family_0134,Genus_0269
genome_002158,Domain_01,Phylum_03,Class_011,Order_033,Family_0134,Genus_0269
genome_002159,Domain_01,Phylum_03,Class_011,Order_033,Family_0134,Genus_0269
genome_002160,Domain_01,Phylum_03,Class_011,Order_033,Family_0135,Genus_0270
genome_002161,Domain_01,Phylum_03,Class_011,Order_033,Family_0135,Genus_0270
genome_002162,Domain_01,Phylum_03,Class_011,Order_033,Family_0135,Genus_0270
genome_002163,Domain_01,Phylum_03,Class_011,Order_033,Family_0135,Genus_0270
genome_002164,Domain_01,Phylum_03,Class_011,Order_033,Family_0135,Genus_0270
genome_002165,Domain_01,Phylum_03,Class_011,Order_033,Family_0135,Genus_0270
genome_002166,Domain_01,Phylum_03,Class_011,Order_033,Family_0135,Genus_0270
genome_002167,Domain_01,Phylum_03,Class_011,Order_033,Family_0135,Genus_0270
genome_002168,Domain_01,Phylum_03,Class_011,Order_033,Family_0135,Genus_0271
genome_002169,Domain_01,Phylum_03,Class_011,Order_033,Family_0135,Genus_0271
genome_002170,Domain_01,Phylum_03,Class_011,Order_033,Family_0135,Genus_0271
genome_002171,Domain_01,Phylum_03,Class_011,Order_033,Family_0135,Genus_0271
genome_002172,Domain_01,Phylum_03,Class_011,Order_033,Family_0135,Genus_0271
genome_002173,Domain_01,Phylum_03,Class_011,Order_033,Family_0135,Genus_0271
genome_002174,Domain_01,Phylum_03,Class_011,Order_033,Family_0135,Genus_0271
genome_002175,Domain_01,Phylum_03,Class_011,Order_033,Family_0135,Genus_0271
genome_002176,Domain_01,Phylum_03,Class_011,Order_034,Family_0136,Genus_0272
genome_002177,Domain_01,Phylum_03,Class_011,Order_034,Family_0136,Genus_0272
genome_002178,Domain_01,Phylum_03,Class_011,Order_034,Family_0136,Genus_0272
genome_002179,Domain_01,Phylum_03,Class_011,Order_034,Family_0136,Genus_0272
genome_002180,Domain_01,Phylum_03,Class_011,Order_034,Family_0136,Genus_0272
genome_002181,Domain_01,Phylum_03,Class_011,Order_034,Family_0136,Genus_0272
genome_002182,Domain_01,Phylum_03,Class_011,Order_034,Family_0136,Genus_0272
genome_002183,Domain_01,Phylum_03,Class_011,Order_034,Family_0136,Genus_0272
genome_002184,Domain_01,Phylum_03,Class_011,Order_034,Family_0136,Genus_0273
genome_002185,Domain_01,Phylum_03,Class_011,Order_034,Family_0136,Genus_0273
genome_002186,Domain_01,Phylum_03,Class_011,Order_034,Family_0136,Genus_0273
genome_002187,Domain_01,Phylum_03,Class_011,Order_034,Family_0136,Genus_0273
genome_002188,Domain_01,Phylum_03,Class_011,Order_034,Family_0136,Genus_0273
genome_002189,Domain_01,Phylum_03,Class_011,Order_034,Family_0136,Genus_0273
genome_002190,Domain_01,Phylum_03,Class_011,Order_034,Family_0136,Genus_0273
genome_002191,Domain_01,Phylum_03,Class_011,Order_034,Family_0136,Genus_0273
genome_002192,Domain_01,Phylum_03,Class_011,Order_034,Family_0137,Genus_0274
genome_002193,Domain_01,Phylum_03,Class_011,Order_034,Family_0137,Genus_0274
genome_002194,Domain_01,Phylum_03,Class_011,Order_034,Family_0137,Genus_0274
genome_002195,Domain_01,Phylum_03,Class_011,Order_034,Family_0137,Genus_0274
genome_002196,Domain_01,Phylum_03,Class_011,Order_034,Family_0137,Genus_0274
genome_002197,Domain_01,Phylum_03,Class_011,Order_034,Family_0137,Genus_0274
genome_002198,Domain_01,Phylum_03,Class_011,Order_034,Family_0137,Genus_0274
genome_002199,Domain_01,Phylum_03,Class_011,Order_034,Family_0137,Genus_0274
genome_002200,Domain_01,Phylum_03,Class_011,Order_034,Family_0137,Genus_0275
genome_002201,Domain_01,Phylum_03,Class_011,Order_034,Family_0137,Genus_0275
genome_002202,Domain_01,Phylum_03,Class_011,Order_034,Family_0137,Genus_0275
genome_002203,Domain_01,Phylum_03,Class_011,Order_034,Family_0137,Genus_0275
genome_002204,Domain_01,Phylum_03,Class_011,Order_034,Family_0137,Genus_0275
genome_002205,Domain_01,Phylum_03,Class_011,Order_034,Family_0137,Genus_0275
genome_002206,Domain_01,Phylum_03,Class_011,Order_034,Family_0137,Genus_0275
genome_002207,Domain_01,Phylum_03,Class_011,Order_034,Family_0137,Genus_0275
genome_002208,Domain_01,Phylum_03,Class_011,Order_034,Family_0138,Genus_0276
genome_002209,Domain_01,Phylum_03,Class_011,Order_034,Family_0138,Genus_0276
genome_002210,Domain_01,Phylum_03,Class_011,Order_034,Family_0138,Genus_0276
genome_002211,Domain_01,Phylum_03,Class_011,Order_034,Family_0138,Genus_0276
genome_002212,Domain_01,Phylum_03,Class_011,Order_034,Family_0138,Genus_0276
genome_002213,Domain_01,Phylum_03,Class_011,Order_034,Family_0138,Genus_0276
genome_002214,Domain_01,Phylum_03,Class_011,Order_034,Family_0138,Genus_0276
genome_002215,Domain_01,Phylum_03,Class_011,Order_034,Family_0138,Genus_0276
genome_002216,Domain_01,Phylum_03,Class_011,Order_034,Family_0138,Genus_0277
genome_002217,Domain_01,Phylum_03,Class_011,Order_034,Family_0138,Genus_0277
genome_002218,Domain_01,Phylum_03,Class_011,Order_034,Family_0138,Genus_0277
genome_002219,Domain_01,Phylum_03,Class_011,Order_034,Family_0138,Genus_0277
genome_002220,Domain_01,Phylum_03,Class_011,Order_034,Family_0138,Genus_0277
genome_002221,Domain_01,Phylum_03,Class_011,Order_034,Family_0138,Genus_0277
genome_002222,Domain_01,Phylum_03,Class_011,Order_034,Family_0138,Genus_0277
genome_002223,Domain_01,Phylum_03,Class_011,Order_034,Family_0138,Genus_0277
genome_002224,Domain_01,Phylum_03,Class_011,Order_034,Family_0139,Genus_0278
genome_002225,Domain_01,Phylum_03,Class_011,Order_034,Family_0139,Genus_0278
genome_002226,Domain_01,Phylum_03,Class_011,Order_034,Family_0139,Genus_0278
genome_002227,Domain_01,Phylum_03,Class_011,Order_034,Family_0139,Genus_0278
genome_002228,Domain_01,Phylum_03,Class_011,Order_034,Family_0139,Genus_0278
genome_002229,Domain_01,Phylum_03,Class_011,Order_034,Family_0139,Genus_0278
genome_002230,Domain_01,Phylum_03,Class_011,Order_034,Family_0139,Genus_0278
genome_002231,Domain_01,Phylum_03,Class_011,Order_034,Family_0139,Genus_0278
genome_002232,Domain_01,Phylum_03,Class_011,Order_034,Family_0139,Genus_0279
genome_002233,Domain_01,Phylum_03,Class_011,Order_034,Family_0139,Genus_0279
genome_002234,Domain_01,Phylum_03,Class_011,Order_034,Family_0139,Genus_0279
genome_002235,Domain_01,Phylum_03,Class_011,Order_034,Family_0139,Genus_0279
genome_002236,Domain_01,Phylum_03,Class_011,Order_034,Family_0139,Genus_0279
genome_002237,Domain_01,Phylum_03,Class_011,Order_034,Family_0139,Genus_0279
genome_002238,Domain_01,Phylum_03,Class_011,Order_034,Family_0139,Genus_0279
genome_002239,Domain_01,Phylum_03,Class_011,Order_034,Family_0139,Genus_0279
genome_002240,Domain_01,Phylum_03,Class_011,Order_035,Family_0140,Genus_0280
genome_002241,Domain_01,Phylum_03,Class_011,Order_035,Family_0140,Genus_0280
genome_002242,Domain_01,Phylum_03,Class_011,Order_035,Family_0140,Genus_0280
genome_002243,Domain_01,Phylum_03,Class_011,Order_035,Family_0140,Genus_0280
genome_002244,Domain_01,Phylum_03,Class_011,Order_035,Family_0140,Genus_0280
genome_002245,Domain_01,Phylum_03,Class_011,Order_035,Family_0140,Genus_0280
genome_002246,Domain_01,Phylum_03,Class_011,Order_035,Family_0140,Genus_0280
genome_002247,Domain_01,Phylum_03,Class_011,Order_035,Family_0140,Genus_0280
genome_002248,Domain_01,Phylum_03,Class_011,Order_035,Family_0140,Genus_0281
genome_002249,Domain_01,Phylum_03,Class_011,Order_035,Family_0140,Genus_0281
genome_002250,Domain_01,Phylum_03,Class_011,Order_035,Family_0140,Genus_0281
genome_002251,Domain_01,Phylum_03,Class_011,Order_035,Family_0140,Genus_0281
genome_002252,Domain_01,Phylum_03,Class_011,Order_035,Family_0140,Genus_0281
genome_002253,Domain_01,Phylum_03,Class_011,Order_035,Family_0140,Genus_0281
genome_002254,Domain_01,Phylum_03,Class_011,Order_035,Family_0140,Genus_0281
genome_002255,Domain_01,Phylum_03,Class_011,Order_035,Family_0140,Genus_0281
genome_002256,Domain_01,Phylum_03,Class_011,Order_035,Family_0141,Genus_0282
genome_002257,Domain_01,Phylum_03,Class_011,Order_035,Family_0141,Genus_0282
genome_002258,Domain_01,Phylum_03,Class_011,Order_035,Family_0141,Genus_0282
genome_002259,Domain_01,Phylum_03,Class_011,Order_035,Family_0141,Genus_0282
genome_002260,Domain_01,Phylum_03,Class_011,Order_035,Family_0141,Genus_0282
genome_002261,Domain_01,Phylum_03,Class_011,Order_035,Family_0141,Genus_0282
genome_002262,Domain_01,Phylum_03,Class_011,Order_035,Family_0141,Genus_0282
genome_002263,Domain_01,Phylum_03,Class_011,Order_035,Family_0141,Genus_0282
genome_002264,Domain_01,Phylum_03,Class_011,Order_035,Family_0141,Genus_0283
genome_002265,Domain_01,Phylum_03,Class_011,Order_035,Family_0141,Genus_0283
genome_002266,Domain_01,Phylum_03,Class_011,Order_035,Family_0141,Genus_0283
genome_002267,Domain_01,Phylum_03,Class_011,Order_035,Family_0141,Genus_0283
genome_002268,Domain_01,Phylum_03,Class_011,Order_035,Family_0141,Genus_0283
genome_002269,Domain_01,Phylum_03,Class_011,Order_035,Family_0141,Genus_0283
genome_002270,Domain_01,Phylum_03,Class_011,Order_035,Family_0141,Genus_0283
genome_002271,Domain_01,Phylum_03,Class_011,Order_035,Family_0141,Genus_0283
genome_002272,Domain_01,Phylum_03,Class_011,Order_035,Family_0142,Genus_0284
genome_002273,Domain_01,Phylum_03,Class_011,Order_035,Family_0142,Genus_0284
genome_002274,Domain_01,Phylum_03,Class_011,Order_035,Family_0142,Genus_0284
genome_002275,Domain_01,Phylum_03,Class_011,Order_035,Family_0142,Genus_0284
genome_002276,Domain_01,Phylum_03,Class_011,Order_035,Family_0142,Genus_0284
genome_002277,Domain_01,Phylum_03,Class_011,Order_035,Family_0142,Genus_0284
genome_002278,Domain_01,Phylum_03,Class_011,Order_035,Family_0142,Genus_0284
genome_002279,Domain_01,Phylum_03,Class_011,Order_035,Family_0142,Genus_0284
genome_002280,Domain_01,Phylum_03,Class_011,Order_035,Family_0142,Genus_0285
genome_002281,Domain_01,Phylum_03,Class_011,Order_035,Family_0142,Genus_0285
genome_002282,Domain_01,Phylum_03,Class_011,Order_035,Family_0142,Genus_0285
genome_002283,Domain_01,Phylum_03,Class_011,Order_035,Family_0142,Genus_0285
genome_002284,Domain_01,Phylum_03,Class_011,Order_035,Family_0142,Genus_0285
genome_002285,Domain_01,Phylum_03,Class_011,Order_035,Family_0142,Genus_0285
genome_002286,Domain_01,Phylum_03,Class_011,Order_035,Family_0142,Genus_0285
genome_002287,Domain_01,Phylum_03,Class_011,Order_035,Family_0142,Genus_0285
genome_002288,Domain_01,Phylum_03,Class_011,Order_035,Family_0143,Genus_0286
genome_002289,Domain_01,Phylum_03,Class_011,Order_035,Family_0143,Genus_0286
genome_002290,Domain_01,Phylum_03,Class_011,Order_035,Family_0143,Genus_0286
genome_002291,Domain_01,Phylum_03,Class_011,Order_035,Family_0143,Genus_0286
genome_002292,Domain_01,Phylum_03,Class_011,Order_035,Family_0143,Genus_0286
genome_002293,Domain_01,Phylum_03,Class_011,Order_035,Family_0143,Genus_0286
genome_002294,Domain_01,Phylum_03,Class_011,Order_035,Family_0143,Genus_0286
genome_002295,Domain_01,Phylum_03,Class_011,Order_035,Family_0143,Genus_0286
genome_002296,Domain_01,Phylum_03,Class_011,Order_035,Family_0143,Genus_0287
genome_002297,Domain_01,Phylum_03,Class_011,Order_035,Family_0143,Genus_0287
genome_002298,Domain_01,Phylum_03,Class_011,Order_035,Family_0143,Genus_0287
genome_002299,Domain_01,Phylum_03,Class_011,Order_035,Family_0143,Genus_0287
genome_002300,Domain_01,Phylum_03,Class_011,Order_035,Family_0143,Genus_0287
genome_002301,Domain_01,Phylum_03,Class_011,Order_035,Family_0143,Genus_0287
genome_002302,Domain_01,Phylum_03,Class_011,Order_035,Family_0143,Genus_0287
genome_002303,Domain_01,Phylum_03,Class_011,Order_035,Family_0143,Genus_0287
genome_002304,Domain_01,Phylum_04,Class_012,Order_036,Family_0144,Genus_0288
genome_002305,Domain_01,Phylum_04,Class_012,Order_036,Family_0144,Genus_0288
genome_002306,Domain_01,Phylum_04,Class_012,Order_036,Family_0144,Genus_0288
genome_002307,Domain_01,Phylum_04,Class_012,Order_036,Family_0144,Genus_0288
genome_002308,Domain_01,Phylum_04,Class_012,Order_036,Family_0144,Genus_0288
genome_002309,Domain_01,Phylum_04,Class_012,Order_036,Family_0144,Genus_0288
genome_002310,Domain_01,Phylum_04,Class_012,Order_036,Family_0144,Genus_0288
genome_002311,Domain_01,Phylum_04,Class_012,Order_036,Family_0144,Genus_0288
genome_002312,Domain_01,Phylum_04,Class_012,Order_036,Family_0144,Genus_0289
genome_002313,Domain_01,Phylum_04,Class_012,Order_036,Family_0144,Genus_0289
genome_002314,Domain_01,Phylum_04,Class_012,Order_036,Family_0144,Genus_0289
genome_002315,Domain_01,Phylum_04,Class_012,Order_036,Family_0144,Genus_0289
genome_002316,Domain_01,Phylum_04,Class_012,Order_036,Family_0144,Genus_0289
genome_002317,Domain_01,Phylum_04,Class_012,Order_036,Family_0144,Genus_0289
genome_002318,Domain_01,Phylum_04,Class_012,Order_036,Family_0144,Genus_0289
genome_002319,Domain_01,Phylum_04,Class_012,Order_036,Family_0144,Genus_0289
genome_002320,Domain_01,Phylum_04,Class_012,Order_036,Family_0145,Genus_0290
genome_002321,Domain_01,Phylum_04,Class_012,Order_036,Family_0145,Genus_0290
genome_002322,Domain_01,Phylum_04,Class_012,Order_036,Family_0145,Genus_0290
genome_002323,Domain_01,Phylum_04,Class_012,Order_036,Family_0145,Genus_0290
genome_002324,Domain_01,Phylum_04,Class_012,Order_036,Family_0145,Genus_0290
genome_002325,Domain_01,Phylum_04,Class_012,Order_036,Family_0145,Genus_0290
genome_002326,Domain_01,Phylum_04,Class_012,Order_036,Family_0145,Genus_0290
genome_002327,Domain_01,Phylum_04,Class_012,Order_036,Family_0145,Genus_0290
genome_002328,Domain_01,Phylum_04,Class_012,Order_036,Family_0145,Genus_0291
genome_002329,Domain_01,Phylum_04,Class_012,Order_036,Family_0145,Genus_0291
genome_002330,Domain_01,Phylum_04,Class_012,Order_036,Family_0145,Genus_0291
genome_002331,Domain_01,Phylum_04,Class_012,Order_036,Family_0145,Genus_0291
genome_002332,Domain_01,Phylum_04,Class_012,Order_036,Family_0145,Genus_0291
genome_002333,Domain_01,Phylum_04,Class_012,Order_036,Family_0145,Genus_0291
genome_002334,Domain_01,Phylum_04,Class_012,Order_036,Family_0145,Genus_0291
genome_002335,Domain_01,Phylum_04,Class_012,Order_036,Family_0145,Genus_0291
genome_002336,Domain_01,Phylum_04,Class_012,Order_036,Family_0146,Genus_0292
genome_002337,Domain_01,Phylum_04,Class_012,Order_036,Family_0146,Genus_0292
genome_002338,Domain_01,Phylum_04,Class_012,Order_036,Family_0146,Genus_0292
genome_002339,Domain_01,Phylum_04,Class_012,Order_036,Family_0146,Genus_0292
genome_002340,Domain_01,Phylum_04,Class_012,Order_036,Family_0146,Genus_0292
genome_002341,Domain_01,Phylum_04,Class_012,Order_036,Family_0146,Genus_0292
genome_002342,Domain_01,Phylum_04,Class_012,Order_036,Family_0146,Genus_0292
genome_002343,Domain_01,Phylum_04,Class_012,Order_036,Family_0146,Genus_0292
genome_002344,Domain_01,Phylum_04,Class_012,Order_036,Family_0146,Genus_0293
genome_002345,Domain_01,Phylum_04,Class_012,Order_036,Family_0146,Genus_0293
genome_002346,Domain_01,Phylum_04,Class_012,Order_036,Family_0146,Genus_0293
genome_002347,Domain_01,Phylum_04,Class_012,Order_036,Family_0146,Genus_0293
genome_002348,Domain_01,Phylum_04,Class_012,Order_036,Family_0146,Genus_0293
genome_002349,Domain_01,Phylum_04,Class_012,Order_036,Family_0146,Genus_0293
genome_002350,Domain_01,Phylum_04,Class_012,Order_036,Family_0146,Genus_0293
genome_002351,Domain_01,Phylum_04,Class_012,Order_036,Family_0146,Genus_0293
genome_002352,Domain_01,Phylum_04,Class_012,Order_036,Family_0147,Genus_0294
genome_002353,Domain_01,Phylum_04,Class_012,Order_036,Family_0147,Genus_0294
genome_002354,Domain_01,Phylum_04,Class_012,Order_036,Family_0147,Genus_0294
genome_002355,Domain_01,Phylum_04,Class_012,Order_036,Family_0147,Genus_0294
genome_002356,Domain_01,Phylum_04,Class_012,Order_036,Family_0147,Genus_0294
genome_002357,Domain_01,Phylum_04,Class_012,Order_036,Family_0147,Genus_0294
genome_002358,Domain_01,Phylum_04,Class_012,Order_036,Family_0147,Genus_0294
genome_002359,Domain_01,Phylum_04,Class_012,Order_036,Family_0147,Genus_0294
genome_002360,Domain_01,Phylum_04,Class_012,Order_036,Family_0147,Genus_0295
genome_002361,Domain_01,Phylum_04,Class_012,Order_036,Family_0147,Genus_0295
genome_002362,Domain_01,Phylum_04,Class_012,Order_036,Family_0147,Genus_0295
genome_002363,Domain_01,Phylum_04,Class_012,Order_036,Family_0147,Genus_0295
genome_002364,Domain_01,Phylum_04,Class_012,Order_036,Family_0147,Genus_0295
genome_002365,Domain_01,Phylum_04,Class_012,Order_036,Family_0147,Genus_0295
genome_002366,Domain_01,Phylum_04,Class_012,Order_036,Family_0147,Genus_0295
genome_002367,Domain_01,Phylum_04,Class_012,Order_036,Family_0147,Genus_0295
genome_002368,Domain_01,Phylum_04,Class_012,Order_037,Family_0148,Genus_0296
genome_002369,Domain_01,Phylum_04,Class_012,Order_037,Family_0148,Genus_0296
genome_002370,Domain_01,Phylum_04,Class_012,Order_037,Family_0148,Genus_0296
genome_002371,Domain_01,Phylum_04,Class_012,Order_037,Family_0148,Genus_0296
genome_002372,Domain_01,Phylum_04,Class_012,Order_037,Family_0148,Genus_0296
genome_002373,Domain_01,Phylum_04,Class_012,Order_037,Family_0148,Genus_0296
genome_002374,Domain_01,Phylum_04,Class_012,Order_037,Family_0148,Genus_0296
genome_002375,Domain_01,Phylum_04,Class_012,Order_037,Family_0148,Genus_0296
genome_002376,Domain_01,Phylum_04,Class_012,Order_037,Family_0148,Genus_0297
genome_002377,Domain_01,Phylum_04,Class_012,Order_037,Family_0148,Genus_0297
genome_002378,Domain_01,Phylum_04,Class_012,Order_037,Family_0148,Genus_0297
genome_002379,Domain_01,Phylum_04,Class_012,Order_037,Family_0148,Genus_0297
genome_002380,Domain_01,Phylum_04,Class_012,Order_037,Family_0148,Genus_0297
genome_002381,Domain_01,Phylum_04,Class_012,Order_037,Family_0148,Genus_0297
genome_002382,Domain_01,Phylum_04,Class_012,Order_037,Family_0148,Genus_0297
genome_002383,Domain_01,Phylum_04,Class_012,Order_037,Family_0148,Genus_0297
genome_002384,Domain_01,Phylum_04,Class_012,Order_037,Family_0149,Genus_0298
genome_002385,Domain_01,Phylum_04,Class_012,Order_037,Family_0149,Genus_0298
genome_002386,Domain_01,Phylum_04,Class_012,Order_037,Family_0149,Genus_0298
genome_002387,Domain_01,Phylum_04,Class_012,Order_037,Family_0149,Genus_0298
genome_002388,Domain_01,Phylum_04,Class_012,Order_037,Family_0149,Genus_0298
genome_002389,Domain_01,Phylum_04,Class_012,Order_037,Family_0149,Genus_0298
genome_002390,Domain_01,Phylum_04,Class_012,Order_037,Family_0149,Genus_0298
genome_002391,Domain_01,Phylum_04,Class_012,Order_037,Family_0149,Genus_0298
genome_002392,Domain_01,Phylum_04,Class_012,Order_037,Family_0149,Genus_0299
genome_002393,Domain_01,Phylum_04,Class_012,Order_037,Family_0149,Genus_0299
genome_002394,Domain_01,Phylum_04,Class_012,Order_037,Family_0149,Genus_0299
genome_002395,Domain_01,Phylum_04,Class_012,Order_037,Family_0149,Genus_0299
genome_002396,Domain_01,Phylum_04,Class_012,Order_037,Family_0149,Genus_0299
genome_002397,Domain_01,Phylum_04,Class_012,Order_037,Family_0149,Genus_0299
genome_002398,Domain_01,Phylum_04,Class_012,Order_037,Family_0149,Genus_0299
genome_002399,Domain_01,Phylum_04,Class_012,Order_037,Family_0149,Genus_0299
genome_002400,Domain_01,Phylum_04,Class_012,Order_037,Family_0150,Genus_0300
genome_002401,Domain_01,Phylum_04,Class_012,Order_037,Family_0150,Genus_0300
genome_002402,Domain_01,Phylum_04,Class_012,Order_037,Family_0150,Genus_0300
genome_002403,Domain_01,Phylum_04,Class_012,Order_037,Family_0150,Genus_0300
genome_002404,Domain_01,Phylum_04,Class_012,Order_037,Family_0150,Genus_0300
genome_002405,Domain_01,Phylum_04,Class_012,Order_037,Family_0150,Genus_0300
genome_002406,Domain_01,Phylum_04,Class_012,Order_037,Family_0150,Genus_0300
genome_002407,Domain_01,Phylum_04,Class_012,Order_037,Family_0150,Genus_0300
genome_002408,Domain_01,Phylum_04,Class_012,Order_037,Family_0150,Genus_0301
genome_002409,Domain_01,Phylum_04,Class_012,Order_037,Family_0150,Genus_0301
genome_002410,Domain_01,Phylum_04,Class_012,Order_037,Family_0150,Genus_0301
genome_002411,Domain_01,Phylum_04,Class_012,Order_037,Family_0150,Genus_0301
genome_002412,Domain_01,Phylum_04,Class_012,Order_037,Family_0150,Genus_0301
genome_002413,Domain_01,Phylum_04,Class_012,Order_037,Family_0150,Genus_0301
genome_002414,Domain_01,Phylum_04,Class_012,Order_037,Family_0150,Genus_0301
genome_002415,Domain_01,Phylum_04,Class_012,Order_037,Family_0150,Genus_0301
genome_002416,Domain_01,Phylum_04,Class_012,Order_037,Family_0151,Genus_0302
genome_002417,Domain_01,Phylum_04,Class_012,Order_037,Family_0151,Genus_0302
genome_002418,Domain_01,Phylum_04,Class_012,Order_037,Family_0151,Genus_0302
genome_002419,Domain_01,Phylum_04,Class_012,Order_037,Family_0151,Genus_0302
genome_002420,Domain_01,Phylum_04,Class_012,Order_037,Family_0151,Genus_0302
genome_002421,Domain_01,Phylum_04,Class_012,Order_037,Family_0151,Genus_0302
genome_002422,Domain_01,Phylum_04,Class_012,Order_037,Family_0151,Genus_0302
genome_002423,Domain_01,Phylum_04,Class_012,Order_037,Family_0151,Genus_0302
genome_002424,Domain_01,Phylum_04,Class_012,Order_037,Family_0151,Genus_0303
genome_002425,Domain_01,Phylum_04,Class_012,Order_037,Family_0151,Genus_0303
genome_002426,Domain_01,Phylum_04,Class_012,Order_037,Family_0151,Genus_0303
genome_002427,Domain_01,Phylum_04,Class_012,Order_037,Family_0151,Genus_0303
genome_002428,Domain_01,Phylum_04,Class_012,Order_037,Family_0151,Genus_0303
genome_002429,Domain_01,Phylum_04,Class_012,Order_037,Family_0151,Genus_0303
genome_002430,Domain_01,Phylum_04,Class_012,Order_037,Family_0151,Genus_0303
genome_002431,Domain_01,Phylum_04,Class_012,Order_037,Family_0151,Genus_0303
genome_002432,Domain_01,Phylum_04,Class_012,Order_038,Family_0152,Genus_0304
genome_002433,Domain_01,Phylum_04,Class_012,Order_038,Family_0152,Genus_0304
genome_002434,Domain_01,Phylum_04,Class_012,Order_038,Family_0152,Genus_0304
genome_002435,Domain_01,Phylum_04,Class_012,Order_038,Family_0152,Genus_0304
genome_002436,Domain_01,Phylum_04,Class_012,Order_038,Family_0152,Genus_0304
genome_002437,Domain_01,Phylum_04,Class_012,Order_038,Family_0152,Genus_0304
genome_002438,Domain_01,Phylum_04,Class_012,Order_038,Family_0152,Genus_0304
genome_002439,Domain_01,Phylum_04,Class_012,Order_038,Family_0152,Genus_0304
genome_002440,Domain_01,Phylum_04,Class_012,Order_038,Family_0152,Genus_0305
genome_002441,Domain_01,Phylum_04,Class_012,Order_038,Family_0152,Genus_0305
genome_002442,Domain_01,Phylum_04,Class_012,Order_038,Family_0152,Genus_0305
genome_002443,Domain_01,Phylum_04,Class_012,Order_038,Family_0152,Genus_0305
genome_002444,Domain_01,Phylum_04,Class_012,Order_038,Family_0152,Genus_0305
genome_002445,Domain_01,Phylum_04,Class_012,Order_038,Family_0152,Genus_0305
genome_002446,Domain_01,Phylum_04,Class_012,Order_038,Family_0152,Genus_0305
genome_002447,Domain_01,Phylum_04,Class_012,Order_038,Family_0152,Genus_0305
genome_002448,Domain_01,Phylum_04,Class_012,Order_038,Family_0153,Genus_0306
genome_002449,Domain_01,Phylum_04,Class_012,Order_038,Family_0153,Genus_0306
genome_002450,Domain_01,Phylum_04,Class_012,Order_038,Family_0153,Genus_0306
genome_002451,Domain_01,Phylum_04,Class_012,Order_038,Family_0153,Genus_0306
genome_002452,Domain_01,Phylum_04,Class_012,Order_038,Family_0153,Genus_0306
genome_002453,Domain_01,Phylum_04,Class_012,Order_038,Family_0153,Genus_0306
genome_002454,Domain_01,Phylum_04,Class_012,Order_038,Family_0153,Genus_0306
genome_002455,Domain_01,Phylum_04,Class_012,Order_038,Family_0153,Genus_0306
genome_002456,Domain_01,Phylum_04,Class_012,Order_038,Family_0153,Genus_0307
genome_002457,Domain_01,Phylum_04,Class_012,Order_038,Family_0153,Genus_0307
genome_002458,Domain_01,Phylum_04,Class_012,Order_038,Family_0153,Genus_0307
genome_002459,Domain_01,Phylum_04,Class_012,Order_038,Family_0153,Genus_0307
genome_002460,Domain_01,Phylum_04,Class_012,Order_038,Family_0153,Genus_0307
genome_002461,Domain_01,Phylum_04,Class_012,Order_038,Family_0153,Genus_0307
genome_002462,Domain_01,Phylum_04,Class_012,Order_038,Family_0153,Genus_0307
genome_002463,Domain_01,Phylum_04,Class_012,Order_038,Family_0153,Genus_0307
genome_002464,Domain_01,Phylum_04,Class_012,Order_038,Family_0154,Genus_0308
genome_002465,Domain_01,Phylum_04,Class_012,Order_038,Family_0154,Genus_0308
genome_002466,Domain_01,Phylum_04,Class_012,Order_038,Family_0154,Genus_0308
genome_002467,Domain_01,Phylum_04,Class_012,Order_038,Family_0154,Genus_0308
genome_002468,Domain_01,Phylum_04,Class_012,Order_038,Family_0154,Genus_0308
genome_002469,Domain_01,Phylum_04,Class_012,Order_038,Family_0154,Genus_0308
genome_002470,Domain_01,Phylum_04,Class_012,Order_038,Family_0154,Genus_0308
genome_002471,Domain_01,Phylum_04,Class_012,Order_038,Family_0154,Genus_0308
genome_002472,Domain_01,Phylum_04,Class_012,Order_038,Family_0154,Genus_0309
genome_002473,Domain_01,Phylum_04,Class_012,Order_038,Family_0154,Genus_0309
genome_002474,Domain_01,Phylum_04,Class_012,Order_038,Family_0154,Genus_0309
genome_002475,Domain_01,Phylum_04,Class_012,Order_038,Family_0154,Genus_0309
genome_002476,Domain_01,Phylum_04,Class_012,Order_038,Family_0154,Genus_0309
genome_002477,Domain_01,Phylum_04,Class_012,Order_038,Family_0154,Genus_0309
genome_002478,Domain_01,Phylum_04,Class_012,Order_038,Family_0154,Genus_0309
genome_002479,Domain_01,Phylum_04,Class_012,Order_038,Family_0154,Genus_0309
genome_002480,Domain_01,Phylum_04,Class_012,Order_038,Family_0155,Genus_0310
genome_002481,Domain_01,Phylum_04,Class_012,Order_038,Family_0155,Genus_0310
genome_002482,Domain_01,Phylum_04,Class_012,Order_038,Family_0155,Genus_0310
genome_002483,Domain_01,Phylum_04,Class_012,Order_038,Family_0155,Genus_0310
genome_002484,Domain_01,Phylum_04,Class_012,Order_038,Family_0155,Genus_0310
genome_002485,Domain_01,Phylum_04,Class_012,Order_038,Family_0155,Genus_0310
genome_002486,Domain_01,Phylum_04,Class_012,Order_038,Family_0155,Genus_0310
genome_002487,Domain_01,Phylum_04,Class_012,Order_038,Family_0155,Genus_0310
genome_002488,Domain_01,Phylum_04,Class_012,Order_038,Family_0155,Genus_0311
genome_002489,Domain_01,Phylum_04,Class_012,Order_038,Family_0155,Genus_0311
genome_002490,Domain_01,Phylum_04,Class_012,Order_038,Family_0155,Genus_0311
genome_002491,Domain_01,Phylum_04,Class_012,Order_038,Family_0155,Genus_0311
genome_002492,Domain_01,Phylum_04,Class_012,Order_038,Family_0155,Genus_0311
genome_002493,Domain_01,Phylum_04,Class_012,Order_038,Family_0155,Genus_0311
genome_002494,Domain_01,Phylum_04,Class_012,Order_038,Family_0155,Genus_0311
genome_002495,Domain_01,Phylum_04,Class_012,Order_038,Family_0155,Genus_0311
genome_002496,Domain_01,Phylum_04,Class_013,Order_039,Family_0156,Genus_0312
genome_002497,Domain_01,Phylum_04,Class_013,Order_039,Family_0156,Genus_0312
genome_002498,Domain_01,Phylum_04,Class_013,Order_039,Family_0156,Genus_0312
genome_002499,Domain_01,Phylum_04,Class_013,Order_039,Family_0156,Genus_0312
genome_002500,Domain_01,Phylum_04,Class_013,Order_039,Family_0156,Genus_0312
genome_002501,Domain_01,Phylum_04,Class_013,Order_039,Family_0156,Genus_0312
genome_002502,Domain_01,Phylum_04,Class_013,Order_039,Family_0156,Genus_0312
genome_002503,Domain_01,Phylum_04,Class_013,Order_039,Family_0156,Genus_0312
genome_002504,Domain_01,Phylum_04,Class_013,Order_039,Family_0156,Genus_0313
genome_002505,Domain_01,Phylum_04,Class_013,Order_039,Family_0156,Genus_0313
genome_002506,Domain_01,Phylum_04,Class_013,Order_039,Family_0156,Genus_0313
genome_002507,Domain_01,Phylum_04,Class_013,Order_039,Family_0156,Genus_0313
genome_002508,Domain_01,Phylum_04,Class_013,Order_039,Family_0156,Genus_0313
genome_002509,Domain_01,Phylum_04,Class_013,Order_039,Family_0156,Genus_0313
genome_002510,Domain_01,Phylum_04,Class_013,Order_039,Family_0156,Genus_0313
genome_002511,Domain_01,Phylum_04,Class_013,Order_039,Family_0156,Genus_0313
genome_002512,Domain_01,Phylum_04,Class_013,Order_039,Family_0157,Genus_0314
genome_002513,Domain_01,Phylum_04,Class_013,Order_039,Family_0157,Genus_0314
genome_002514,Domain_01,Phylum_04,Class_013,Order_039,Family_0157,Genus_0314
genome_002515,Domain_01,Phylum_04,Class_013,Order_039,Family_0157,Genus_0314
genome_002516,Domain_01,Phylum_04,Class_013,Order_039,Family_0157,Genus_0314
genome_002517,Domain_01,Phylum_04,Class_013,Order_039,Family_0157,Genus_0314
genome_002518,Domain_01,Phylum_04,Class_013,Order_039,Family_0157,Genus_0314
genome_002519,Domain_01,Phylum_04,Class_013,Order_039,Family_0157,Genus_0314
genome_002520,Domain_01,Phylum_04,Class_013,Order_039,Family_0157,Genus_0315
genome_002521,Domain_01,Phylum_04,Class_013,Order_039,Family_0157,Genus_0315
genome_002522,Domain_01,Phylum_04,Class_013,Order_039,Family_0157,Genus_0315
genome_002523,Domain_01,Phylum_04,Class_013,Order_039,Family_0157,Genus_0315
genome_002524,Domain_01,Phylum_04,Class_013,Order_039,Family_0157,Genus_0315
genome_002525,Domain_01,Phylum_04,Class_013,Order_039,Family_0157,Genus_0315
genome_002526,Domain_01,Phylum_04,Class_013,Order_039,Family_0157,Genus_0315
genome_002527,Domain_01,Phylum_04,Class_013,Order_039,Family_0157,Genus_0315
genome_002528,Domain_01,Phylum_04,Class_013,Order_039,Family_0158,Genus_0316
genome_002529,Domain_01,Phylum_04,Class_013,Order_039,Family_0158,Genus_0316
genome_002530,Domain_01,Phylum_04,Class_013,Order_039,Family_0158,Genus_0316
genome_002531,Domain_01,Phylum_04,Class_013,Order_039,Family_0158,Genus_0316
genome_002532,Domain_01,Phylum_04,Class_013,Order_039,Family_0158,Genus_0316
genome_002533,Domain_01,Phylum_04,Class_013,Order_039,Family_0158,Genus_0316
genome_002534,Domain_01,Phylum_04,Class_013,Order_039,Family_0158,Genus_0316
genome_002535,Domain_01,Phylum_04,Class_013,Order_039,Family_0158,Genus_0316
genome_002536,Domain_01,Phylum_04,Class_013,Order_039,Family_0158,Genus_0317
genome_002537,Domain_01,Phylum_04,Class_013,Order_039,Family_0158,Genus_0317
genome_002538,Domain_01,Phylum_04,Class_013,Order_039,Family_0158,Genus_0317
genome_002539,Domain_01,Phylum_04,Class_013,Order_039,Family_0158,Genus_0317
genome_002540,Domain_01,Phylum_04,Class_013,Order_039,Family_0158,Genus_0317
genome_002541,Domain_01,Phylum_04,Class_013,Order_039,Family_0158,Genus_0317
genome_002542,Domain_01,Phylum_04,Class_013,Order_039,Family_0158,Genus_0317
genome_002543,Domain_01,Phylum_04,Class_013,Order_039,Family_0158,Genus_0317
genome_002544,Domain_01,Phylum_04,Class_013,Order_039,Family_0159,Genus_0318
genome_002545,Domain_01,Phylum_04,Class_013,Order_039,Family_0159,Genus_0318
genome_002546,Domain_01,Phylum_04,Class_013,Order_039,Family_0159,Genus_0318
genome_002547,Domain_01,Phylum_04,Class_013,Order_039,Family_0159,Genus_0318
genome_002548,Domain_01,Phylum_04,Class_013,Order_039,Family_0159,Genus_0318
genome_002549,Domain_01,Phylum_04,Class_013,Order_039,Family_0159,Genus_0318
genome_002550,Domain_01,Phylum_04,Class_013,Order_039,Family_0159,Genus_0318
genome_002551,Domain_01,Phylum_04,Class_013,Order_039,Family_0159,Genus_0318
genome_002552,Domain_01,Phylum_04,Class_013,Order_039,Family_0159,Genus_0319
genome_002553,Domain_01,Phylum_04,Class_013,Order_039,Family_0159,Genus_0319
genome_002554,Domain_01,Phylum_04,Class_013,Order_039,Family_0159,Genus_0319
genome_002555,Domain_01,Phylum_04,Class_013,Order_039,Family_0159,Genus_0319
genome_002556,Domain_01,Phylum_04,Class_013,Order_039,Family_0159,Genus_0319
genome_002557,Domain_01,Phylum_04,Class_013,Order_039,Family_0159,Genus_0319
genome_002558,Domain_01,Phylum_04,Class_013,Order_039,Family_0159,Genus_0319
genome_002559,Domain_01,Phylum_04,Class_013,Order_039,Family_0159,Genus_0319
genome_002560,Domain_01,Phylum_04,Class_013,Order_040,Family_0160,Genus_0320
genome_002561,Domain_01,Phylum_04,Class_013,Order_040,Family_0160,Genus_0320
genome_002562,Domain_01,Phylum_04,Class_013,Order_040,Family_0160,Genus_0320
genome_002563,Domain_01,Phylum_04,Class_013,Order_040,Family_0160,Genus_0320
genome_002564,Domain_01,Phylum_04,Class_013,Order_040,Family_0160,Genus_0320
genome_002565,Domain_01,Phylum_04,Class_013,Order_040,Family_0160,Genus_0320
genome_002566,Domain_01,Phylum_04,Class_013,Order_040,Family_0160,Genus_0320
genome_002567,Domain_01,Phylum_04,Class_013,Order_040,Family_0160,Genus_0320
genome_002568,Domain_01,Phylum_04,Class_013,Order_040,Family_0160,Genus_0321
genome_002569,Domain_01,Phylum_04,Class_013,Order_040,Family_0160,Genus_0321
genome_002570,Domain_01,Phylum_04,Class_013,Order_040,Family_0160,Genus_0321
genome_002571,Domain_01,Phylum_04,Class_013,Order_040,Family_0160,Genus_0321
genome_002572,Domain_01,Phylum_04,Class_013,Order_040,Family_0160,Genus_0321
genome_002573,Domain_01,Phylum_04,Class_013,Order_040,Family_0160,Genus_0321
genome_002574,Domain_01,Phylum_04,Class_013,Order_040,Family_0160,Genus_0321
genome_002575,Domain_01,Phylum_04,Class_013,Order_040,Family_0160,Genus_0321
genome_002576,Domain_01,Phylum_04,Class_013,Order_040,Family_0161,Genus_0322
genome_002577,Domain_01,Phylum_04,Class_013,Order_040,Family_0161,Genus_0322
genome_002578,Domain_01,Phylum_04,Class_013,Order_040,Family_0161,Genus_0322
genome_002579,Domain_01,Phylum_04,Class_013,Order_040,Family_0161,Genus_0322
genome_002580,Domain_01,Phylum_04,Class_013,Order_040,Family_0161,Genus_0322
genome_002581,Domain_01,Phylum_04,Class_013,Order_040,Family_0161,Genus_0322
genome_002582,Domain_01,Phylum_04,Class_013,Order_040,Family_0161,Genus_0322
genome_002583,Domain_01,Phylum_04,Class_013,Order_040,Family_0161,Genus_0322
genome_002584,Domain_01,Phylum_04,Class_013,Order_040,Family_0161,Genus_0323
genome_002585,Domain_01,Phylum_04,Class_013,Order_040,Family_0161,Genus_0323
genome_002586,Domain_01,Phylum_04,Class_013,Order_040,Family_0161,Genus_0323
genome_002587,Domain_01,Phylum_04,Class_013,Order_040,Family_0161,Genus_0323
genome_002588,Domain_01,Phylum_04,Class_013,Order_040,Family_0161,Genus_0323
genome_002589,Domain_01,Phylum_04,Class_013,Order_040,Family_0161,Genus_0323
genome_002590,Domain_01,Phylum_04,Class_013,Order_040,Family_0161,Genus_0323
genome_002591,Domain_01,Phylum_04,Class_013,Order_040,Family_0161,Genus_0323
genome_002592,Domain_01,Phylum_04,Class_013,Order_040,Family_0162,Genus_0324
genome_002593,Domain_01,Phylum_04,Class_013,Order_040,Family_0162,Genus_0324
genome_002594,Domain_01,Phylum_04,Class_013,Order_040,Family_0162,Genus_0324
genome_002595,Domain_01,Phylum_04,Class_013,Order_040,Family_0162,Genus_0324
genome_002596,Domain_01,Phylum_04,Class_013,Order_040,Family_0162,Genus_0324
genome_002597,Domain_01,Phylum_04,Class_013,Order_040,Family_0162,Genus_0324
genome_002598,Domain_01,Phylum_04,Class_013,Order_040,Family_0162,Genus_0324
genome_002599,Domain_01,Phylum_04,Class_013,Order_040,Family_0162,Genus_0324
genome_002600,Domain_01,Phylum_04,Class_013,Order_040,Family_0162,Genus_0325
genome_002601,Domain_01,Phylum_04,Class_013,Order_040,Family_0162,Genus_0325
genome_002602,Domain_01,Phylum_04,Class_013,Order_040,Family_0162,Genus_0325
genome_002603,Domain_01,Phylum_04,Class_013,Order_040,Family_0162,Genus_0325
genome_002604,Domain_01,Phylum_04,Class_013,Order_040,Family_0162,Genus_0325
genome_002605,Domain_01,Phylum_04,Class_013,Order_040,Family_0162,Genus_0325
genome_002606,Domain_01,Phylum_04,Class_013,Order_040,Family_0162,Genus_0325
genome_002607,Domain_01,Phylum_04,Class_013,Order_040,Family_0162,Genus_0325
genome_002608,Domain_01,Phylum_04,Class_013,Order_040,Family_0163,Genus_0326
genome_002609,Domain_01,Phylum_04,Class_013,Order_040,Family_0163,Genus_0326
genome_002610,Domain_01,Phylum_04,Class_013,Order_040,Family_0163,Genus_0326
genome_002611,Domain_01,Phylum_04,Class_013,Order_040,Family_0163,Genus_0326
genome_002612,Domain_01,Phylum_04,Class_013,Order_040,Family_0163,Genus_0326
genome_002613,Domain_01,Phylum_04,Class_013,Order_040,Family_0163,Genus_0326
genome_002614,Domain_01,Phylum_04,Class_013,Order_040,Family_0163,Genus_0326
genome_002615,Domain_01,Phylum_04,Class_013,Order_040,Family_0163,Genus_0326
genome_002616,Domain_01,Phylum_04,Class_013,Order_040,Family_0163,Genus_0327
genome_002617,Domain_01,Phylum_04,Class_013,Order_040,Family_0163,Genus_0327
genome_002618,Domain_01,Phylum_04,Class_013,Order_040,Family_0163,Genus_0327
genome_002619,Domain_01,Phylum_04,Class_013,Order_040,Family_0163,Genus_0327
genome_002620,Domain_01,Phylum_04,Class_013,Order_040,Family_0163,Genus_0327
genome_002621,Domain_01,Phylum_04,Class_013,Order_040,Family_0163,Genus_0327
genome_002622,Domain_01,Phylum_04,Class_013,Order_040,Family_0163,Genus_0327
genome_002623,Domain_01,Phylum_04,Class_013,Order_040,Family_0163,Genus_0327
genome_002624,Domain_01,Phylum_04,Class_013,Order_041,Family_0164,Genus_0328
genome_002625,Domain_01,Phylum_04,Class_013,Order_041,Family_0164,Genus_0328
genome_002626,Domain_01,Phylum_04,Class_013,Order_041,Family_0164,Genus_0328
genome_002627,Domain_01,Phylum_04,Class_013,Order_041,Family_0164,Genus_0328
genome_002628,Domain_01,Phylum_04,Class_013,Order_041,Family_0164,Genus_0328
genome_002629,Domain_01,Phylum_04,Class_013,Order_041,Family_0164,Genus_0328
genome_002630,Domain_01,Phylum_04,Class_013,Order_041,Family_0164,Genus_0328
genome_002631,Domain_01,Phylum_04,Class_013,Order_041,Family_0164,Genus_0328
genome_002632,Domain_01,Phylum_04,Class_013,Order_041,Family_0164,Genus_0329
genome_002633,Domain_01,Phylum_04,Class_013,Order_041,Family_0164,Genus_0329
genome_002634,Domain_01,Phylum_04,Class_013,Order_041,Family_0164,Genus_0329
genome_002635,Domain_01,Phylum_04,Class_013,Order_041,Family_0164,Genus_0329
genome_002636,Domain_01,Phylum_04,Class_013,Order_041,Family_0164,Genus_0329
genome_002637,Domain_01,Phylum_04,Class_013,Order_041,Family_0164,Genus_0329
genome_002638,Domain_01,Phylum_04,Class_013,Order_041,Family_0164,Genus_0329
genome_002639,Domain_01,Phylum_04,Class_013,Order_041,Family_0164,Genus_0329
genome_002640,Domain_01,Phylum_04,Class_013,Order_041,Family_0165,Genus_0330
genome_002641,Domain_01,Phylum_04,Class_013,Order_041,Family_0165,Genus_0330
genome_002642,Domain_01,Phylum_04,Class_013,Order_041,Family_0165,Genus_0330
genome_002643,Domain_01,Phylum_04,Class_013,Order_041,Family_0165,Genus_0330
genome_002644,Domain_01,Phylum_04,Class_013,Order_041,Family_0165,Genus_0330
genome_002645,Domain_01,Phylum_04,Class_013,Order_041,Family_0165,Genus_0330
genome_002646,Domain_01,Phylum_04,Class_013,Order_041,Family_0165,Genus_0330
genome_002647,Domain_01,Phylum_04,Class_013,Order_041,Family_0165,Genus_0330
genome_002648,Domain_01,Phylum_04,Class_013,Order_041,Family_0165,Genus_0331
genome_002649,Domain_01,Phylum_04,Class_013,Order_041,Family_0165,Genus_0331
genome_002650,Domain_01,Phylum_04,Class_013,Order_041,Family_0165,Genus_0331
genome_002651,Domain_01,Phylum_04,Class_013,Order_041,Family_0165,Genus_0331
genome_002652,Domain_01,Phylum_04,Class_013,Order_041,Family_0165,Genus_0331
genome_002653,Domain_01,Phylum_04,Class_013,Order_041,Family_0165,Genus_0331
genome_002654,Domain_01,Phylum_04,Class_013,Order_041,Family_0165,Genus_0331
genome_002655,Domain_01,Phylum_04,Class_013,Order_041,Family_0165,Genus_0331
genome_002656,Domain_01,Phylum_04,Class_013,Order_041,Family_0166,Genus_0332
genome_002657,Domain_01,Phylum_04,Class_013,Order_041,Family_0166,Genus_0332
genome_002658,Domain_01,Phylum_04,Class_013,Order_041,Family_0166,Genus_0332
genome_002659,Domain_01,Phylum_04,Class_013,Order_041,Family_0166,Genus_0332
genome_002660,Domain_01,Phylum_04,Class_013,Order_041,Family_0166,Genus_0332
genome_002661,Domain_01,Phylum_04,Class_013,Order_041,Family_0166,Genus_0332
genome_002662,Domain_01,Phylum_04,Class_013,Order_041,Family_0166,Genus_0332
genome_002663,Domain_01,Phylum_04,Class_013,Order_041,Family_0166,Genus_0332
genome_002664,Domain_01,Phylum_04,Class_013,Order_041,Family_0166,Genus_0333
genome_002665,Domain_01,Phylum_04,Class_013,Order_041,Family_0166,Genus_0333
genome_002666,Domain_01,Phylum_04,Class_013,Order_041,Family_0166,Genus_0333
genome_002667,Domain_01,Phylum_04,Class_013,Order_041,Family_0166,Genus_0333
genome_002668,Domain_01,Phylum_04,Class_013,Order_041,Family_0166,Genus_0333
genome_002669,Domain_01,Phylum_04,Class_013,Order_041,Family_0166,Genus_0333
genome_002670,Domain_01,Phylum_04,Class_013,Order_041,Family_0166,Genus_0333
genome_002671,Domain_01,Phylum_04,Class_013,Order_041,Family_0166,Genus_0333
genome_002672,Domain_01,Phylum_04,Class_013,Order_041,Family_0167,Genus_0334
genome_002673,Domain_01,Phylum_04,Class_013,Order_041,Family_0167,Genus_0334
genome_002674,Domain_01,Phylum_04,Class_013,Order_041,Family_0167,Genus_0334
genome_002675,Domain_01,Phylum_04,Class_013,Order_041,Family_0167,Genus_0334
genome_002676,Domain_01,Phylum_04,Class_013,Order_041,Family_0167,Genus_0334
genome_002677,Domain_01,Phylum_04,Class_013,Order_041,Family_0167,Genus_0334
genome_002678,Domain_01,Phylum_04,Class_013,Order_041,Family_0167,Genus_0334
genome_002679,Domain_01,Phylum_04,Class_013,Order_041,Family_0167,Genus_0334
genome_002680,Domain_01,Phylum_04,Class_013,Order_041,Family_0167,Genus_0335
genome_002681,Domain_01,Phylum_04,Class_013,Order_041,Family_0167,Genus_0335
genome_002682,Domain_01,Phylum_04,Class_013,Order_041,Family_0167,Genus_0335
genome_002683,Domain_01,Phylum_04,Class_013,Order_041,Family_0167,Genus_0335
genome_002684,Domain_01,Phylum_04,Class_013,Order_041,Family_0167,Genus_0335
genome_002685,Domain_01,Phylum_04,Class_013,Order_041,Family_0167,Genus_0335
genome_002686,Domain_01,Phylum_04,Class_013,Order_041,Family_0167,Genus_0335
genome_002687,Domain_01,Phylum_04,Class_013,Order_041,Family_0167,Genus_0335
genome_002688,Domain_01,Phylum_04,Class_014,Order_042,Family_0168,Genus_0336
genome_002689,Domain_01,Phylum_04,Class_014,Order_042,Family_0168,Genus_0336
genome_002690,Domain_01,Phylum_04,Class_014,Order_042,Family_0168,Genus_0336
genome_002691,Domain_01,Phylum_04,Class_014,Order_042,Family_0168,Genus_0336
genome_002692,Domain_01,Phylum_04,Class_014,Order_042,Family_0168,Genus_0336
genome_002693,Domain_01,Phylum_04,Class_014,Order_042,Family_0168,Genus_0336
genome_002694,Domain_01,Phylum_04,Class_014,Order_042,Family_0168,Genus_0336
genome_002695,Domain_01,Phylum_04,Class_014,Order_042,Family_0168,Genus_0336
genome_002696,Domain_01,Phylum_04,Class_014,Order_042,Family_0168,Genus_0337
genome_002697,Domain_01,Phylum_04,Class_014,Order_042,Family_0168,Genus_0337
genome_002698,Domain_01,Phylum_04,Class_014,Order_042,Family_0168,Genus_0337
genome_002699,Domain_01,Phylum_04,Class_014,Order_042,Family_0168,Genus_0337
genome_002700,Domain_01,Phylum_04,Class_014,Order_042,Family_0168,Genus_0337
genome_002701,Domain_01,Phylum_04,Class_014,Order_042,Family_0168,Genus_0337
genome_002702,Domain_01,Phylum_04,Class_014,Order_042,Family_0168,Genus_0337
genome_002703,Domain_01,Phylum_04,Class_014,Order_042,Family_0168,Genus_0337
genome_002704,Domain_01,Phylum_04,Class_014,Order_042,Family_0169,Genus_0338
genome_002705,Domain_01,Phylum_04,Class_014,Order_042,Family_0169,Genus_0338
genome_002706,Domain_01,Phylum_04,Class_014,Order_042,Family_0169,Genus_0338
genome_002707,Domain_01,Phylum_04,Class_014,Order_042,Family_0169,Genus_0338
genome_002708,Domain_01,Phylum_04,Class_014,Order_042,Family_0169,Genus_0338
genome_002709,Domain_01,Phylum_04,Class_014,Order_042,Family_0169,Genus_0338
genome_002710,Domain_01,Phylum_04,Class_014,Order_042,Family_0169,Genus_0338
genome_002711,Domain_01,Phylum_04,Class_014,Order_042,Family_0169,Genus_0338
genome_002712,Domain_01,Phylum_04,Class_014,Order_042,Family_0169,Genus_0339
genome_002713,Domain_01,Phylum_04,Class_014,Order_042,Family_0169,Genus_0339
genome_002714,Domain_01,Phylum_04,Class_014,Order_042,Family_0169,Genus_0339
genome_002715,Domain_01,Phylum_04,Class_014,Order_042,Family_0169,Genus_0339
genome_002716,Domain_01,Phylum_04,Class_014,Order_042,Family_0169,Genus_0339
genome_002717,Domain_01,Phylum_04,Class_014,Order_042,Family_0169,Genus_0339
genome_002718,Domain_01,Phylum_04,Class_014,Order_042,Family_0169,Genus_0339
genome_002719,Domain_01,Phylum_04,Class_014,Order_042,Family_0169,Genus_0339
genome_002720,Domain_01,Phylum_04,Class_014,Order_042,Family_0170,Genus_0340
genome_002721,Domain_01,Phylum_04,Class_014,Order_042,Family_0170,Genus_0340
genome_002722,Domain_01,Phylum_04,Class_014,Order_042,Family_0170,Genus_0340
genome_002723,Domain_01,Phylum_04,Class_014,Order_042,Family_0170,Genus_0340
genome_002724,Domain_01,Phylum_04,Class_014,Order_042,Family_0170,Genus_0340
genome_002725,Domain_01,Phylum_04,Class_014,Order_042,Family_0170,Genus_0340
genome_002726,Domain_01,Phylum_04,Class_014,Order_042,Family_0170,Genus_0340
genome_002727,Domain_01,Phylum_04,Class_014,Order_042,Family_0170,Genus_0340
genome_002728,Domain_01,Phylum_04,Class_014,Order_042,Family_0170,Genus_0341
genome_002729,Domain_01,Phylum_04,Class_014,Order_042,Family_0170,Genus_0341
genome_002730,Domain_01,Phylum_04,Class_014,Order_042,Family_0170,Genus_0341
genome_002731,Domain_01,Phylum_04,Class_014,Order_042,Family_0170,Genus_0341
genome_002732,Domain_01,Phylum_04,Class_014,Order_042,Family_0170,Genus_0341
genome_002733,Domain_01,Phylum_04,Class_014,Order_042,Family_0170,Genus_0341
genome_002734,Domain_01,Phylum_04,Class_014,Order_042,Family_0170,Genus_0341
genome_002735,Domain_01,Phylum_04,Class_014,Order_042,Family_0170,Genus_0341
genome_002736,Domain_01,Phylum_04,Class_014,Order_042,Family_0171,Genus_0342
genome_002737,Domain_01,Phylum_04,Class_014,Order_042,Family_0171,Genus_0342
genome_002738,Domain_01,Phylum_04,Class_014,Order_042,Family_0171,Genus_0342
genome_002739,Domain_01,Phylum_04,Class_014,Order_042,Family_0171,Genus_0342
genome_002740,Domain_01,Phylum_04,Class_014,Order_042,Family_0171,Genus_0342
genome_002741,Domain_01,Phylum_04,Class_014,Order_042,Family_0171,Genus_0342
genome_002742,Domain_01,Phylum_04,Class_014,Order_042,Family_0171,Genus_0342
genome_002743,Domain_01,Phylum_04,Class_014,Order_042,Family_0171,Genus_0342
genome_002744,Domain_01,Phylum_04,Class_014,Order_042,Family_0171,Genus_0343
genome_002745,Domain_01,Phylum_04,Class_014,Order_042,Family_0171,Genus_0343
genome_002746,Domain_01,Phylum_04,Class_014,Order_042,Family_0171,Genus_0343
genome_002747,Domain_01,Phylum_04,Class_014,Order_042,Family_0171,Genus_0343
genome_002748,Domain_01,Phylum_04,Class_014,Order_042,Family_0171,Genus_0343
genome_002749,Domain_01,Phylum_04,Class_014,Order_042,Family_0171,Genus_0343
genome_002750,Domain_01,Phylum_04,Class_014,Order_042,Family_0171,Genus_0343
genome_002751,Domain_01,Phylum_04,Class_014,Order_042,Family_0171,Genus_0343
genome_002752,Domain_01,Phylum_04,Class_014,Order_043,Family_0172,Genus_0344
genome_002753,Domain_01,Phylum_04,Class_014,Order_043,Family_0172,Genus_0344
genome_002754,Domain_01,Phylum_04,Class_014,Order_043,Family_0172,Genus_0344
genome_002755,Domain_01,Phylum_04,Class_014,Order_043,Family_0172,Genus_0344
genome_002756,Domain_01,Phylum_04,Class_014,Order_043,Family_0172,Genus_0344
genome_002757,Domain_01,Phylum_04,Class_014,Order_043,Family_0172,Genus_0344
genome_002758,Domain_01,Phylum_04,Class_014,Order_043,Family_0172,Genus_0344
genome_002759,Domain_01,Phylum_04,Class_014,Order_043,Family_0172,Genus_0344
genome_002760,Domain_01,Phylum_04,Class_014,Order_043,Family_0172,Genus_0345
genome_002761,Domain_01,Phylum_04,Class_014,Order_043,Family_0172,Genus_0345
genome_002762,Domain_01,Phylum_04,Class_014,Order_043,Family_0172,Genus_0345
genome_002763,Domain_01,Phylum_04,Class_014,Order_043,Family_0172,Genus_0345
genome_002764,Domain_01,Phylum_04,Class_014,Order_043,Family_0172,Genus_0345
genome_002765,Domain_01,Phylum_04,Class_014,Order_043,Family_0172,Genus_0345
genome_002766,Domain_01,Phylum_04,Class_014,Order_043,Family_0172,Genus_0345
genome_002767,Domain_01,Phylum_04,Class_014,Order_043,Family_0172,Genus_0345
genome_002768,Domain_01,Phylum_04,Class_014,Order_043,Family_0173,Genus_0346
genome_002769,Domain_01,Phylum_04,Class_014,Order_043,Family_0173,Genus_0346
genome_002770,Domain_01,Phylum_04,Class_014,Order_043,Family_0173,Genus_0346
genome_002771,Domain_01,Phylum_04,Class_014,Order_043,Family_0173,Genus_0346
genome_002772,Domain_01,Phylum_04,Class_014,Order_043,Family_0173,Genus_0346
genome_002773,Domain_01,Phylum_04,Class_014,Order_043,Family_0173,Genus_0346
genome_002774,Domain_01,Phylum_04,Class_014,Order_043,Family_0173,Genus_0346
genome_002775,Domain_01,Phylum_04,Class_014,Order_043,Family_0173,Genus_0346
genome_002776,Domain_01,Phylum_04,Class_014,Order_043,Family_0173,Genus_0347
genome_002777,Domain_01,Phylum_04,Class_014,Order_043,Family_0173,Genus_0347
genome_002778,Domain_01,Phylum_04,Class_014,Order_043,Family_0173,Genus_0347
genome_002779,Domain_01,Phylum_04,Class_014,Order_043,Family_0173,Genus_0347
genome_002780,Domain_01,Phylum_04,Class_014,Order_043,Family_0173,Genus_0347
genome_002781,Domain_01,Phylum_04,Class_014,Order_043,Family_0173,Genus_0347
genome_002782,Domain_01,Phylum_04,Class_014,Order_043,Family_0173,Genus_0347
genome_002783,Domain_01,Phylum_04,Class_014,Order_043,Family_0173,Genus_0347
genome_002784,Domain_01,Phylum_04,Class_014,Order_043,Family_0174,Genus_0348
genome_002785,Domain_01,Phylum_04,Class_014,Order_043,Family_0174,Genus_0348
genome_002786,Domain_01,Phylum_04,Class_014,Order_043,Family_0174,Genus_0348
genome_002787,Domain_01,Phylum_04,Class_014,Order_043,Family_0174,Genus_0348
genome_002788,Domain_01,Phylum_04,Class_014,Order_043,Family_0174,Genus_0348
genome_002789,Domain_01,Phylum_04,Class_014,Order_043,Family_0174,Genus_0348
genome_002790,Domain_01,Phylum_04,Class_014,Order_043,Family_0174,Genus_0348
genome_002791,Domain_01,Phylum_04,Class_014,Order_043,Family_0174,Genus_0348
genome_002792,Domain_01,Phylum_04,Class_014,Order_043,Family_0174,Genus_0349
genome_002793,Domain_01,Phylum_04,Class_014,Order_043,Family_0174,Genus_0349
genome_002794,Domain_01,Phylum_04,Class_014,Order_043,Family_0174,Genus_0349
genome_002795,Domain_01,Phylum_04,Class_014,Order_043,Family_0174,Genus_0349
genome_002796,Domain_01,Phylum_04,Class_014,Order_043,Family_0174,Genus_0349
genome_002797,Domain_01,Phylum_04,Class_014,Order_043,Family_0174,Genus_0349
genome_002798,Domain_01,Phylum_04,Class_014,Order_043,Family_0174,Genus_0349
genome_002799,Domain_01,Phylum_04,Class_014,Order_043,Family_0174,Genus_0349
genome_002800,Domain_01,Phylum_04,Class_014,Order_043,Family_0175,Genus_0350
genome_002801,Domain_01,Phylum_04,Class_014,Order_043,Family_0175,Genus_0350
genome_002802,Domain_01,Phylum_04,Class_014,Order_043,Family_0175,Genus_0350
genome_002803,Domain_01,Phylum_04,Class_014,Order_043,Family_0175,Genus_0350
genome_002804,Domain_01,Phylum_04,Class_014,Order_043,Family_0175,Genus_0350
genome_002805,Domain_01,Phylum_04,Class_014,Order_043,Family_0175,Genus_0350
genome_002806,Domain_01,Phylum_04,Class_014,Order_043,Family_0175,Genus_0350
genome_002807,Domain_01,Phylum_04,Class_014,Order_043,Family_0175,Genus_0350
genome_002808,Domain_01,Phylum_04,Class_014,Order_043,Family_0175,Genus_0351
genome_002809,Domain_01,Phylum_04,Class_014,Order_043,Family_0175,Genus_0351
genome_002810,Domain_01,Phylum_04,Class_014,Order_043,Family_0175,Genus_0351
genome_002811,Domain_01,Phylum_04,Class_014,Order_043,Family_0175,Genus_0351
genome_002812,Domain_01,Phylum_04,Class_014,Order_043,Family_0175,Genus_0351
genome_002813,Domain_01,Phylum_04,Class_014,Order_043,Family_0175,Genus_0351
genome_002814,Domain_01,Phylum_04,Class_014,Order_043,Family_0175,Genus_0351
genome_002815,Domain_01,Phylum_04,Class_014,Order_043,Family_0175,Genus_0351
genome_002816,Domain_01,Phylum_04,Class_014,Order_044,Family_0176,Genus_0352
genome_002817,Domain_01,Phylum_04,Class_014,Order_044,Family_0176,Genus_0352
genome_002818,Domain_01,Phylum_04,Class_014,Order_044,Family_0176,Genus_0352
genome_002819,Domain_01,Phylum_04,Class_014,Order_044,Family_0176,Genus_0352
genome_002820,Domain_01,Phylum_04,Class_014,Order_044,Family_0176,Genus_0352
genome_002821,Domain_01,Phylum_04,Class_014,Order_044,Family_0176,Genus_0352
genome_002822,Domain_01,Phylum_04,Class_014,Order_044,Family_0176,Genus_0352
genome_002823,Domain_01,Phylum_04,Class_014,Order_044,Family_0176,Genus_0352
genome_002824,Domain_01,Phylum_04,Class_014,Order_044,Family_0176,Genus_0353
genome_002825,Domain_01,Phylum_04,Class_014,Order_044,Family_0176,Genus_0353
genome_002826,Domain_01,Phylum_04,Class_014,Order_044,Family_0176,Genus_0353
genome_002827,Domain_01,Phylum_04,Class_014,Order_044,Family_0176,Genus_0353
genome_002828,Domain_01,Phylum_04,Class_014,Order_044,Family_0176,Genus_0353
genome_002829,Domain_01,Phylum_04,Class_014,Order_044,Family_0176,Genus_0353
genome_002830,Domain_01,Phylum_04,Class_014,Order_044,Family_0176,Genus_0353
genome_002831,Domain_01,Phylum_04,Class_014,Order_044,Family_0176,Genus_0353
genome_002832,Domain_01,Phylum_04,Class_014,Order_044,Family_0177,Genus_0354
genome_002833,Domain_01,Phylum_04,Class_014,Order_044,Family_0177,Genus_0354
genome_002834,Domain_01,Phylum_04,Class_014,Order_044,Family_0177,Genus_0354
genome_002835,Domain_01,Phylum_04,Class_014,Order_044,Family_0177,Genus_0354
genome_002836,Domain_01,Phylum_04,Class_014,Order_044,Family_0177,Genus_0354
genome_002837,Domain_01,Phylum_04,Class_014,Order_044,Family_0177,Genus_0354
genome_002838,Domain_01,Phylum_04,Class_014,Order_044,Family_0177,Genus_0354
genome_002839,Domain_01,Phylum_04,Class_014,Order_044,Family_0177,Genus_0354
genome_002840,Domain_01,Phylum_04,Class_014,Order_044,Family_0177,Genus_0355
genome_002841,Domain_01,Phylum_04,Class_014,Order_044,Family_0177,Genus_0355
genome_002842,Domain_01,Phylum_04,Class_014,Order_044,Family_0177,Genus_0355
genome_002843,Domain_01,Phylum_04,Class_014,Order_044,Family_0177,Genus_0355
genome_002844,Domain_01,Phylum_04,Class_014,Order_044,Family_0177,Genus_0355
genome_002845,Domain_01,Phylum_04,Class_014,Order_044,Family_0177,Genus_0355
genome_002846,Domain_01,Phylum_04,Class_014,Order_044,Family_0177,Genus_0355
genome_002847,Domain_01,Phylum_04,Class_014,Order_044,Family_0177,Genus_0355
genome_002848,Domain_01,Phylum_04,Class_014,Order_044,Family_0178,Genus_0356
genome_002849,Domain_01,Phylum_04,Class_014,Order_044,Family_0178,Genus_0356
genome_002850,Domain_01,Phylum_04,Class_014,Order_044,Family_0178,Genus_0356
genome_002851,Domain_01,Phylum_04,Class_014,Order_044,Family_0178,Genus_0356
genome_002852,Domain_01,Phylum_04,Class_014,Order_044,Family_0178,Genus_0356
genome_002853,Domain_01,Phylum_04,Class_014,Order_044,Family_0178,Genus_0356
genome_002854,Domain_01,Phylum_04,Class_014,Order_044,Family_0178,Genus_0356
genome_002855,Domain_01,Phylum_04,Class_014,Order_044,Family_0178,Genus_0356
genome_002856,Domain_01,Phylum_04,Class_014,Order_044,Family_0178,Genus_0357
genome_002857,Domain_01,Phylum_04,Class_014,Order_044,Family_0178,Genus_0357
genome_002858,Domain_01,Phylum_04,Class_014,Order_044,Family_0178,Genus_0357
genome_002859,Domain_01,Phylum_04,Class_014,Order_044,Family_0178,Genus_0357
genome_002860,Domain_01,Phylum_04,Class_014,Order_044,Family_0178,Genus_0357
genome_002861,Domain_01,Phylum_04,Class_014,Order_044,Family_0178,Genus_0357
genome_002862,Domain_01,Phylum_04,Class_014,Order_044,Family_0178,Genus_0357
genome_002863,Domain_01,Phylum_04,Class_014,Order_044,Family_0178,Genus_0357
genome_002864,Domain_01,Phylum_04,Class_014,Order_044,Family_0179,Genus_0358
genome_002865,Domain_01,Phylum_04,Class_014,Order_044,Family_0179,Genus_0358
genome_002866,Domain_01,Phylum_04,Class_014,Order_044,Family_0179,Genus_0358
genome_002867,Domain_01,Phylum_04,Class_014,Order_044,Family_0179,Genus_0358
genome_002868,Domain_01,Phylum_04,Class_014,Order_044,Family_0179,Genus_0358
genome_002869,Domain_01,Phylum_04,Class_014,Order_044,Family_0179,Genus_0358
genome_002870,Domain_01,Phylum_04,Class_014,Order_044,Family_0179,Genus_0358
genome_002871,Domain_01,Phylum_04,Class_014,Order_044,Family_0179,Genus_0358
genome_002872,Domain_01,Phylum_04,Class_014,Order_044,Family_0179,Genus_0359
genome_002873,Domain_01,Phylum_04,Class_014,Order_044,Family_0179,Genus_0359
genome_002874,Domain_01,Phylum_04,Class_014,Order_044,Family_0179,Genus_0359
genome_002875,Domain_01,Phylum_04,Class_014,Order_044,Family_0179,Genus_0359
genome_002876,Domain_01,Phylum_04,Class_014,Order_044,Family_0179,Genus_0359
genome_002877,Domain_01,Phylum_04,Class_014,Order_044,Family_0179,Genus_0359
genome_002878,Domain_01,Phylum_04,Class_014,Order_044,Family_0179,Genus_0359
genome_002879,Domain_01,Phylum_04,Class_014,Order_044,Family_0179,Genus_0359
genome_002880,Domain_01,Phylum_05,Class_015,Order_045,Family_0180,Genus_0360
genome_002881,Domain_01,Phylum_05,Class_015,Order_045,Family_0180,Genus_0360
genome_002882,Domain_01,Phylum_05,Class_015,Order_045,Family_0180,Genus_0360
genome_002883,Domain_01,Phylum_05,Class_015,Order_045,Family_0180,Genus_0360
genome_002884,Domain_01,Phylum_05,Class_015,Order_045,Family_0180,Genus_0360
genome_002885,Domain_01,Phylum_05,Class_015,Order_045,Family_0180,Genus_0360
genome_002886,Domain_01,Phylum_05,Class_015,Order_045,Family_0180,Genus_0360
genome_002887,Domain_01,Phylum_05,Class_015,Order_045,Family_0180,Genus_0360
genome_002888,Domain_01,Phylum_05,Class_015,Order_045,Family_0180,Genus_0361
genome_002889,Domain_01,Phylum_05,Class_015,Order_045,Family_0180,Genus_0361
genome_002890,Domain_01,Phylum_05,Class_015,Order_045,Family_0180,Genus_0361
genome_002891,Domain_01,Phylum_05,Class_015,Order_045,Family_0180,Genus_0361
genome_002892,Domain_01,Phylum_05,Class_015,Order_045,Family_0180,Genus_0361
genome_002893,Domain_01,Phylum_05,Class_015,Order_045,Family_0180,Genus_0361
genome_002894,Domain_01,Phylum_05,Class_015,Order_045,Family_0180,Genus_0361
genome_002895,Domain_01,Phylum_05,Class_015,Order_045,Family_0180,Genus_0361
genome_002896,Domain_01,Phylum_05,Class_015,Order_045,Family_0181,Genus_0362
genome_002897,Domain_01,Phylum_05,Class_015,Order_045,Family_0181,Genus_0362
genome_002898,Domain_01,Phylum_05,Class_015,Order_045,Family_0181,Genus_0362
genome_002899,Domain_01,Phylum_05,Class_015,Order_045,Family_0181,Genus_0362
genome_002900,Domain_01,Phylum_05,Class_015,Order_045,Family_0181,Genus_0362
genome_002901,Domain_01,Phylum_05,Class_015,Order_045,Family_0181,Genus_0362
genome_002902,Domain_01,Phylum_05,Class_015,Order_045,Family_0181,Genus_0362
genome_002903,Domain_01,Phylum_05,Class_015,Order_045,Family_0181,Genus_0362
genome_002904,Domain_01,Phylum_05,Class_015,Order_045,Family_0181,Genus_0363
genome_002905,Domain_01,Phylum_05,Class_015,Order_045,Family_0181,Genus_0363
genome_002906,Domain_01,Phylum_05,Class_015,Order_045,Family_0181,Genus_0363
genome_002907,Domain_01,Phylum_05,Class_015,Order_045,Family_0181,Genus_0363
genome_002908,Domain_01,Phylum_05,Class_015,Order_045,Family_0181,Genus_0363
genome_002909,Domain_01,Phylum_05,Class_015,Order_045,Family_0181,Genus_0363
genome_002910,Domain_01,Phylum_05,Class_015,Order_045,Family_0181,Genus_0363
genome_002911,Domain_01,Phylum_05,Class_015,Order_045,Family_0181,Genus_0363
genome_002912,Domain_01,Phylum_05,Class_015,Order_045,Family_0182,Genus_0364
genome_002913,Domain_01,Phylum_05,Class_015,Order_045,Family_0182,Genus_0364
genome_002914,Domain_01,Phylum_05,Class_015,Order_045,Family_0182,Genus_0364
genome_002915,Domain_01,Phylum_05,Class_015,Order_045,Family_0182,Genus_0364
genome_002916,Domain_01,Phylum_05,Class_015,Order_045,Family_0182,Genus_0364
genome_002917,Domain_01,Phylum_05,Class_015,Order_045,Family_0182,Genus_0364
genome_002918,Domain_01,Phylum_05,Class_015,Order_045,Family_0182,Genus_0364
genome_002919,Domain_01,Phylum_05,Class_015,Order_045,Family_0182,Genus_0364
genome_002920,Domain_01,Phylum_05,Class_015,Order_045,Family_0182,Genus_0365
genome_002921,Domain_01,Phylum_05,Class_015,Order_045,Family_0182,Genus_0365
genome_002922,Domain_01,Phylum_05,Class_015,Order_045,Family_0182,Genus_0365
genome_002923,Domain_01,Phylum_05,Class_015,Order_045,Family_0182,Genus_0365
genome_002924,Domain_01,Phylum_05,Class_015,Order_045,Family_0182,Genus_0365
genome_002925,Domain_01,Phylum_05,Class_015,Order_045,Family_0182,Genus_0365
genome_002926,Domain_01,Phylum_05,Class_015,Order_045,Family_0182,Genus_0365
genome_002927,Domain_01,Phylum_05,Class_015,Order_045,Family_0182,Genus_0365
genome_002928,Domain_01,Phylum_05,Class_015,Order_045,Family_0183,Genus_0366
genome_002929,Domain_01,Phylum_05,Class_015,Order_045,Family_0183,Genus_0366
genome_002930,Domain_01,Phylum_05,Class_015,Order_045,Family_0183,Genus_0366
genome_002931,Domain_01,Phylum_05,Class_015,Order_045,Family_0183,Genus_0366
genome_002932,Domain_01,Phylum_05,Class_015,Order_045,Family_0183,Genus_0366
genome_002933,Domain_01,Phylum_05,Class_015,Order_045,Family_0183,Genus_0366
genome_002934,Domain_01,Phylum_05,Class_015,Order_045,Family_0183,Genus_0366
genome_002935,Domain_01,Phylum_05,Class_015,Order_045,Family_0183,Genus_0366
genome_002936,Domain_01,Phylum_05,Class_015,Order_045,Family_0183,Genus_0367
genome_002937,Domain_01,Phylum_05,Class_015,Order_045,Family_0183,Genus_0367
genome_002938,Domain_01,Phylum_05,Class_015,Order_045,Family_0183,Genus_0367
genome_002939,Domain_01,Phylum_05,Class_015,Order_045,Family_0183,Genus_0367
genome_002940,Domain_01,Phylum_05,Class_015,Order_045,Family_0183,Genus_0367
genome_002941,Domain_01,Phylum_05,Class_015,Order_045,Family_0183,Genus_0367
genome_002942,Domain_01,Phylum_05,Class_015,Order_045,Family_0183,Genus_0367
genome_002943,Domain_01,Phylum_05,Class_015,Order_045,Family_0183,Genus_0367
genome_002944,Domain_01,Phylum_05,Class_015,Order_046,Family_0184,Genus_0368
genome_002945,Domain_01,Phylum_05,Class_015,Order_046,Family_0184,Genus_0368
genome_002946,Domain_01,Phylum_05,Class_015,Order_046,Family_0184,Genus_0368
genome_002947,Domain_01,Phylum_05,Class_015,Order_046,Family_0184,Genus_0368
genome_002948,Domain_01,Phylum_05,Class_015,Order_046,Family_0184,Genus_0368
genome_002949,Domain_01,Phylum_05,Class_015,Order_046,Family_0184,Genus_0368
genome_002950,Domain_01,Phylum_05,Class_015,Order_046,Family_0184,Genus_0368
genome_002951,Domain_01,Phylum_05,Class_015,Order_046,Family_0184,Genus_0368
genome_002952,Domain_01,Phylum_05,Class_015,Order_046,Family_0184,Genus_0369
genome_002953,Domain_01,Phylum_05,Class_015,Order_046,Family_0184,Genus_0369
genome_002954,Domain_01,Phylum_05,Class_015,Order_046,Family_0184,Genus_0369
genome_002955,Domain_01,Phylum_05,Class_015,Order_046,Family_0184,Genus_0369
genome_002956,Domain_01,Phylum_05,Class_015,Order_046,Family_0184,Genus_0369
genome_002957,Domain_01,Phylum_05,Class_015,Order_046,Family_0184,Genus_0369
genome_002958,Domain_01,Phylum_05,Class_015,Order_046,Family_0184,Genus_0369
genome_002959,Domain_01,Phylum_05,Class_015,Order_046,Family_0184,Genus_0369
genome_002960,Domain_01,Phylum_05,Class_015,Order_046,Family_0185,Genus_0370
genome_002961,Domain_01,Phylum_05,Class_015,Order_046,Family_0185,Genus_0370
genome_002962,Domain_01,Phylum_05,Class_015,Order_046,Family_0185,Genus_0370
genome_002963,Domain_01,Phylum_05,Class_015,Order_046,Family_0185,Genus_0370
genome_002964,Domain_01,Phylum_05,Class_015,Order_046,Family_0185,Genus_0370
genome_002965,Domain_01,Phylum_05,Class_015,Order_046,Family_0185,Genus_0370
genome_002966,Domain_01,Phylum_05,Class_015,Order_046,Family_0185,Genus_0370
genome_002967,Domain_01,Phylum_05,Class_015,Order_046,Family_0185,Genus_0370
genome_002968,Domain_01,Phylum_05,Class_015,Order_046,Family_0185,Genus_0371
genome_002969,Domain_01,Phylum_05,Class_015,Order_046,Family_0185,Genus_0371
genome_002970,Domain_01,Phylum_05,Class_015,Order_046,Family_0185,Genus_0371
genome_002971,Domain_01,Phylum_05,Class_015,Order_046,Family_0185,Genus_0371
genome_002972,Domain_01,Phylum_05,Class_015,Order_046,Family_0185,Genus_0371
genome_002973,Domain_01,Phylum_05,Class_015,Order_046,Family_0185,Genus_0371
genome_002974,Domain_01,Phylum_05,Class_015,Order_046,Family_0185,Genus_0371
genome_002975,Domain_01,Phylum_05,Class_015,Order_046,Family_0185,Genus_0371
genome_002976,Domain_01,Phylum_05,Class_015,Order_046,Family_0186,Genus_0372
genome_002977,Domain_01,Phylum_05,Class_015,Order_046,Family_0186,Genus_0372
genome_002978,Domain_01,Phylum_05,Class_015,Order_046,Family_0186,Genus_0372
genome_002979,Domain_01,Phylum_05,Class_015,Order_046,Family_0186,Genus_0372
genome_002980,Domain_01,Phylum_05,Class_015,Order_046,Family_0186,Genus_0372
genome_002981,Domain_01,Phylum_05,Class_015,Order_046,Family_0186,Genus_0372
genome_002982,Domain_01,Phylum_05,Class_015,Order_046,Family_0186,Genus_0372
genome_002983,Domain_01,Phylum_05,Class_015,Order_046,Family_0186,Genus_0372
genome_002984,Domain_01,Phylum_05,Class_015,Order_046,Family_0186,Genus_0373
genome_002985,Domain_01,Phylum_05,Class_015,Order_046,Family_0186,Genus_0373
genome_002986,Domain_01,Phylum_05,Class_015,Order_046,Family_0186,Genus_0373
genome_002987,Domain_01,Phylum_05,Class_015,Order_046,Family_0186,Genus_0373
genome_002988,Domain_01,Phylum_05,Class_015,Order_046,Family_0186,Genus_0373
genome_002989,Domain_01,Phylum_05,Class_015,Order_046,Family_0186,Genus_0373
genome_002990,Domain_01,Phylum_05,Class_015,Order_046,Family_0186,Genus_0373
genome_002991,Domain_01,Phylum_05,Class_015,Order_046,Family_0186,Genus_0373
genome_002992,Domain_01,Phylum_05,Class_015,Order_046,Family_0187,Genus_0374
genome_002993,Domain_01,Phylum_05,Class_015,Order_046,Family_0187,Genus_0374
genome_002994,Domain_01,Phylum_05,Class_015,Order_046,Family_0187,Genus_0374
genome_002995,Domain_01,Phylum_05,Class_015,Order_046,Family_0187,Genus_0374
genome_002996,Domain_01,Phylum_05,Class_015,Order_046,Family_0187,Genus_0374
genome_002997,Domain_01,Phylum_05,Class_015,Order_046,Family_0187,Genus_0374
genome_002998,Domain_01,Phylum_05,Class_015,Order_046,Family_0187,Genus_0374
genome_002999,Domain_01,Phylum_05,Class_015,Order_046,Family_0187,Genus_0374
genome_003000,Domain_01,Phylum_05,Class_015,Order_046,Family_0187,Genus_0375
genome_003001,Domain_01,Phylum_05,Class_015,Order_046,Family_0187,Genus_0375
genome_003002,Domain_01,Phylum_05,Class_015,Order_046,Family_0187,Genus_0375
genome_003003,Domain_01,Phylum_05,Class_015,Order_046,Family_0187,Genus_0375
genome_003004,Domain_01,Phylum_05,Class_015,Order_046,Family_0187,Genus_0375
genome_003005,Domain_01,Phylum_05,Class_015,Order_046,Family_0187,Genus_0375
genome_003006,Domain_01,Phylum_05,Class_015,Order_046,Family_0187,Genus_0375
genome_003007,Domain_01,Phylum_05,Class_015,Order_046,Family_0187,Genus_0375
genome_003008,Domain_01,Phylum_05,Class_015,Order_047,Family_0188,Genus_0376
genome_003009,Domain_01,Phylum_05,Class_015,Order_047,Family_0188,Genus_0376
genome_003010,Domain_01,Phylum_05,Class_015,Order_047,Family_0188,Genus_0376
genome_003011,Domain_01,Phylum_05,Class_015,Order_047,Family_0188,Genus_0376
genome_003012,Domain_01,Phylum_05,Class_015,Order_047,Family_0188,Genus_0376
genome_003013,Domain_01,Phylum_05,Class_015,Order_047,Family_0188,Genus_0376
genome_003014,Domain_01,Phylum_05,Class_015,Order_047,Family_0188,Genus_0376
genome_003015,Domain_01,Phylum_05,Class_015,Order_047,Family_0188,Genus_0376
genome_003016,Domain_01,Phylum_05,Class_015,Order_047,Family_0188,Genus_0377
genome_003017,Domain_01,Phylum_05,Class_015,Order_047,Family_0188,Genus_0377
genome_003018,Domain_01,Phylum_05,Class_015,Order_047,Family_0188,Genus_0377
genome_003019,Domain_01,Phylum_05,Class_015,Order_047,Family_0188,Genus_0377
genome_003020,Domain_01,Phylum_05,Class_015,Order_047,Family_0188,Genus_0377
genome_003021,Domain_01,Phylum_05,Class_015,Order_047,Family_0188,Genus_0377
genome_003022,Domain_01,Phylum_05,Class_015,Order_047,Family_0188,Genus_0377
genome_003023,Domain_01,Phylum_05,Class_015,Order_047,Family_0188,Genus_0377
genome_003024,Domain_01,Phylum_05,Class_015,Order_047,Family_0189,Genus_0378
genome_003025,Domain_01,Phylum_05,Class_015,Order_047,Family_0189,Genus_0378
genome_003026,Domain_01,Phylum_05,Class_015,Order_047,Family_0189,Genus_0378
genome_003027,Domain_01,Phylum_05,Class_015,Order_047,Family_0189,Genus_0378
genome_003028,Domain_01,Phylum_05,Class_015,Order_047,Family_0189,Genus_0378
genome_003029,Domain_01,Phylum_05,Class_015,Order_047,Family_0189,Genus_0378
genome_003030,Domain_01,Phylum_05,Class_015,Order_047,Family_0189,Genus_0378
genome_003031,Domain_01,Phylum_05,Class_015,Order_047,Family_0189,Genus_0378
genome_003032,Domain_01,Phylum_05,Class_015,Order_047,Family_0189,Genus_0379
genome_003033,Domain_01,Phylum_05,Class_015,Order_047,Family_0189,Genus_0379
genome_003034,Domain_01,Phylum_05,Class_015,Order_047,Family_0189,Genus_0379
genome_003035,Domain_01,Phylum_05,Class_015,Order_047,Family_0189,Genus_0379
genome_003036,Domain_01,Phylum_05,Class_015,Order_047,Family_0189,Genus_0379
genome_003037,Domain_01,Phylum_05,Class_015,Order_047,Family_0189,Genus_0379
genome_003038,Domain_01,Phylum_05,Class_015,Order_047,Family_0189,Genus_0379
genome_003039,Domain_01,Phylum_05,Class_015,Order_047,Family_0189,Genus_0379
genome_003040,Domain_01,Phylum_05,Class_015,Order_047,Family_0190,Genus_0380
genome_003041,Domain_01,Phylum_05,Class_015,Order_047,Family_0190,Genus_0380
genome_003042,Domain_01,Phylum_05,Class_015,Order_047,Family_0190,Genus_0380
genome_003043,Domain_01,Phylum_05,Class_015,Order_047,Family_0190,Genus_0380
genome_003044,Domain_01,Phylum_05,Class_015,Order_047,Family_0190,Genus_0380
genome_003045,Domain_01,Phylum_05,Class_015,Order_047,Family_0190,Genus_0380
genome_003046,Domain_01,Phylum_05,Class_015,Order_047,Family_0190,Genus_0380
genome_003047,Domain_01,Phylum_05,Class_015,Order_047,Family_0190,Genus_0380
genome_003048,Domain_01,Phylum_05,Class_015,Order_047,Family_0190,Genus_0381
genome_003049,Domain_01,Phylum_05,Class_015,Order_047,Family_0190,Genus_0381
genome_003050,Domain_01,Phylum_05,Class_015,Order_047,Family_0190,Genus_0381
genome_003051,Domain_01,Phylum_05,Class_015,Order_047,Family_0190,Genus_0381
genome_003052,Domain_01,Phylum_05,Class_015,Order_047,Family_0190,Genus_0381
genome_003053,Domain_01,Phylum_05,Class_015,Order_047,Family_0190,Genus_0381
genome_003054,Domain_01,Phylum_05,Class_015,Order_047,Family_0190,Genus_0381
genome_003055,Domain_01,Phylum_05,Class_015,Order_047,Family_0190,Genus_0381
genome_003056,Domain_01,Phylum_05,Class_015,Order_047,Family_0191,Genus_0382
genome_003057,Domain_01,Phylum_05,Class_015,Order_047,Family_0191,Genus_0382
genome_003058,Domain_01,Phylum_05,Class_015,Order_047,Family_0191,Genus_0382
genome_003059,Domain_01,Phylum_05,Class_015,Order_047,Family_0191,Genus_0382
genome_003060,Domain_01,Phylum_05,Class_015,Order_047,Family_0191,Genus_0382
genome_003061,Domain_01,Phylum_05,Class_015,Order_047,Family_0191,Genus_0382
genome_003062,Domain_01,Phylum_05,Class_015,Order_047,Family_0191,Genus_0382
genome_003063,Domain_01,Phylum_05,Class_015,Order_047,Family_0191,Genus_0382
genome_003064,Domain_01,Phylum_05,Class_015,Order_047,Family_0191,Genus_0383
genome_003065,Domain_01,Phylum_05,Class_015,Order_047,Family_0191,Genus_0383
genome_003066,Domain_01,Phylum_05,Class_015,Order_047,Family_0191,Genus_0383
genome_003067,Domain_01,Phylum_05,Class_015,Order_047,Family_0191,Genus_0383
genome_003068,Domain_01,Phylum_05,Class_015,Order_047,Family_0191,Genus_0383
genome_003069,Domain_01,Phylum_05,Class_015,Order_047,Family_0191,Genus_0383
genome_003070,Domain_01,Phylum_05,Class_015,Order_047,Family_0191,Genus_0383
genome_003071,Domain_01,Phylum_05,Class_015,Order_047,Family_0191,Genus_0383
genome_003072,Domain_01,Phylum_05,Class_016,Order_048,Family_0192,Genus_0384
genome_003073,Domain_01,Phylum_05,Class_016,Order_048,Family_0192,Genus_0384
genome_003074,Domain_01,Phylum_05,Class_016,Order_048,Family_0192,Genus_0384
genome_003075,Domain_01,Phylum_05,Class_016,Order_048,Family_0192,Genus_0384
genome_003076,Domain_01,Phylum_05,Class_016,Order_048,Family_0192,Genus_0384
genome_003077,Domain_01,Phylum_05,Class_016,Order_048,Family_0192,Genus_0384
genome_003078,Domain_01,Phylum_05,Class_016,Order_048,Family_0192,Genus_0384
genome_003079,Domain_01,Phylum_05,Class_016,Order_048,Family_0192,Genus_0384
genome_003080,Domain_01,Phylum_05,Class_016,Order_048,Family_0192,Genus_0385
genome_003081,Domain_01,Phylum_05,Class_016,Order_048,Family_0192,Genus_0385
genome_003082,Domain_01,Phylum_05,Class_016,Order_048,Family_0192,Genus_0385
genome_003083,Domain_01,Phylum_05,Class_016,Order_048,Family_0192,Genus_0385
genome_003084,Domain_01,Phylum_05,Class_016,Order_048,Family_0192,Genus_0385
genome_003085,Domain_01,Phylum_05,Class_016,Order_048,Family_0192,Genus_0385
genome_003086,Domain_01,Phylum_05,Class_016,Order_048,Family_0192,Genus_0385
genome_003087,Domain_01,Phylum_05,Class_016,Order_048,Family_0192,Genus_0385
genome_003088,Domain_01,Phylum_05,Class_016,Order_048,Family_0193,Genus_0386
genome_003089,Domain_01,Phylum_05,Class_016,Order_048,Family_0193,Genus_0386
genome_003090,Domain_01,Phylum_05,Class_016,Order_048,Family_0193,Genus_0386
genome_003091,Domain_01,Phylum_05,Class_016,Order_048,Family_0193,Genus_0386
genome_003092,Domain_01,Phylum_05,Class_016,Order_048,Family_0193,Genus_0386
genome_003093,Domain_01,Phylum_05,Class_016,Order_048,Family_0193,Genus_0386
genome_003094,Domain_01,Phylum_05,Class_016,Order_048,Family_0193,Genus_0386
genome_003095,Domain_01,Phylum_05,Class_016,Order_048,Family_0193,Genus_0386
genome_003096,Domain_01,Phylum_05,Class_016,Order_048,Family_0193,Genus_0387
genome_003097,Domain_01,Phylum_05,Class_016,Order_048,Family_0193,Genus_0387
genome_003098,Domain_01,Phylum_05,Class_016,Order_048,Family_0193,Genus_0387
genome_003099,Domain_01,Phylum_05,Class_016,Order_048,Family_0193,Genus_0387
genome_003100,Domain_01,Phylum_05,Class_016,Order_048,Family_0193,Genus_0387
genome_003101,Domain_01,Phylum_05,Class_016,Order_048,Family_0193,Genus_0387
genome_003102,Domain_01,Phylum_05,Class_016,Order_048,Family_0193,Genus_0387
genome_003103,Domain_01,Phylum_05,Class_016,Order_048,Family_0193,Genus_0387
genome_003104,Domain_01,Phylum_05,Class_016,Order_048,Family_0194,Genus_0388
genome_003105,Domain_01,Phylum_05,Class_016,Order_048,Family_0194,Genus_0388
genome_003106,Domain_01,Phylum_05,Class_016,Order_048,Family_0194,Genus_0388
genome_003107,Domain_01,Phylum_05,Class_016,Order_048,Family_0194,Genus_0388
genome_003108,Domain_01,Phylum_05,Class_016,Order_048,Family_0194,Genus_0388
genome_003109,Domain_01,Phylum_05,Class_016,Order_048,Family_0194,Genus_0388
genome_003110,Domain_01,Phylum_05,Class_016,Order_048,Family_0194,Genus_0388
genome_003111,Domain_01,Phylum_05,Class_016,Order_048,Family_0194,Genus_0388
genome_003112,Domain_01,Phylum_05,Class_016,Order_048,Family_0194,Genus_0389
genome_003113,Domain_01,Phylum_05,Class_016,Order_048,Family_0194,Genus_0389
genome_003114,Domain_01,Phylum_05,Class_016,Order_048,Family_0194,Genus_0389
genome_003115,Domain_01,Phylum_05,Class_016,Order_048,Family_0194,Genus_0389
genome_003116,Domain_01,Phylum_05,Class_016,Order_048,Family_0194,Genus_0389
genome_003117,Domain_01,Phylum_05,Class_016,Order_048,Family_0194,Genus_0389
genome_003118,Domain_01,Phylum_05,Class_016,Order_048,Family_0194,Genus_0389
genome_003119,Domain_01,Phylum_05,Class_016,Order_048,Family_0194,Genus_0389
genome_003120,Domain_01,Phylum_05,Class_016,Order_048,Family_0195,Genus_0390
genome_003121,Domain_01,Phylum_05,Class_016,Order_048,Family_0195,Genus_0390
genome_003122,Domain_01,Phylum_05,Class_016,Order_048,Family_0195,Genus_0390
genome_003123,Domain_01,Phylum_05,Class_016,Order_048,Family_0195,Genus_problematic_A
genome_003124,Domain_01,Phylum_05,Class_016,Order_048,Family_0195,Genus_0390
genome_003125,Domain_01,Phylum_05,Class_016,Order_048,Family_0195,Genus_0390
genome_003126,Domain_01,Phylum_05,Class_016,Order_048,Family_0195,Genus_0390
genome_003127,Domain_01,Phylum_05,Class_016,Order_048,Family_0195,Genus_0390
genome_003128,Domain_01,Phylum_05,Class_016,Order_048,Family_0195,Genus_0391
genome_003129,Domain_01,Phylum_05,Class_016,Order_048,Family_0195,Genus_0391
genome_003130,Domain_01,Phylum_05,Class_016,Order_048,Family_0195,Genus_0391
genome_003131,Domain_01,Phylum_05,Class_016,Order_048,Family_0195,Genus_0391
genome_003132,Domain_01,Phylum_05,Class_016,Order_048,Family_0195,Genus_0391
genome_003133,Domain_01,Phylum_05,Class_016,Order_048,Family_0195,Genus_0391
genome_003134,Domain_01,Phylum_05,Class_016,Order_048,Family_0195,Genus_0391
genome_003135,Domain_01,Phylum_05,Class_016,Order_048,Family_0195,Genus_0391
genome_003136,Domain_01,Phylum_05,Class_016,Order_049,Family_0196,Genus_0392
genome_003137,Domain_01,Phylum_05,Class_016,Order_049,Family_0196,Genus_0392
genome_003138,Domain_01,Phylum_05,Class_016,Order_049,Family_0196,Genus_0392
genome_003139,Domain_01,Phylum_05,Class_016,Order_049,Family_0196,Genus_0392
genome_003140,Domain_01,Phylum_05,Class_016,Order_049,Family_0196,Genus_0392
genome_003141,Domain_01,Phylum_05,Class_016,Order_049,Family_0196,Genus_0392
genome_003142,Domain_01,Phylum_05,Class_016,Order_049,Family_0196,Genus_0392
genome_003143,Domain_01,Phylum_05,Class_016,Order_049,Family_0196,Genus_0392
genome_003144,Domain_01,Phylum_05,Class_016,Order_049,Family_0196,Genus_0393
genome_003145,Domain_01,Phylum_05,Class_016,Order_049,Family_0196,Genus_0393
genome_003146,Domain_01,Phylum_05,Class_016,Order_049,Family_0196,Genus_0393
genome_003147,Domain_01,Phylum_05,Class_016,Order_049,Family_0196,Genus_0393
genome_003148,Domain_01,Phylum_05,Class_016,Order_049,Family_0196,Genus_0393
genome_003149,Domain_01,Phylum_05,Class_016,Order_049,Family_0196,Genus_0393
genome_003150,Domain_01,Phylum_05,Class_016,Order_049,Family_0196,Genus_0393
genome_003151,Domain_01,Phylum_05,Class_016,Order_049,Family_0196,Genus_0393
genome_003152,Domain_01,Phylum_05,Class_016,Order_049,Family_0197,Genus_0394
genome_003153,Domain_01,Phylum_05,Class_016,Order_049,Family_0197,Genus_0394
genome_003154,Domain_01,Phylum_05,Class_016,Order_049,Family_0197,Genus_0394
genome_003155,Domain_01,Phylum_05,Class_016,Order_049,Family_0197,Genus_0394
genome_003156,Domain_01,Phylum_05,Class_016,Order_049,Family_0197,Genus_0394
genome_003157,Domain_01,Phylum_05,Class_016,Order_049,Family_0197,Genus_0394
genome_003158,Domain_01,Phylum_05,Class_016,Order_049,Family_0197,Genus_0394
genome_003159,Domain_01,Phylum_05,Class_016,Order_049,Family_0197,Genus_0394
genome_003160,Domain_01,Phylum_05,Class_016,Order_049,Family_0197,Genus_0395
genome_003161,Domain_01,Phylum_05,Class_016,Order_049,Family_0197,Genus_0395
genome_003162,Domain_01,Phylum_05,Class_016,Order_049,Family_0197,Genus_0395
genome_003163,Domain_01,Phylum_05,Class_016,Order_049,Family_0197,Genus_0395
genome_003164,Domain_01,Phylum_05,Class_016,Order_049,Family_0197,Genus_0395
genome_003165,Domain_01,Phylum_05,Class_016,Order_049,Family_0197,Genus_0395
genome_003166,Domain_01,Phylum_05,Class_016,Order_049,Family_0197,Genus_0395
genome_003167,Domain_01,Phylum_05,Class_016,Order_049,Family_0197,Genus_0395
genome_003168,Domain_01,Phylum_05,Class_016,Order_049,Family_0198,Genus_0396
genome_003169,Domain_01,Phylum_05,Class_016,Order_049,Family_0198,Genus_0396
genome_003170,Domain_01,Phylum_05,Class_016,Order_049,Family_0198,Genus_0396
genome_003171,Domain_01,Phylum_05,Class_016,Order_049,Family_0198,Genus_0396
genome_003172,Domain_01,Phylum_05,Class_016,Order_049,Family_0198,Genus_0396
genome_003173,Domain_01,Phylum_05,Class_016,Order_049,Family_0198,Genus_0396
genome_003174,Domain_01,Phylum_05,Class_016,Order_049,Family_0198,Genus_0396
genome_003175,Domain_01,Phylum_05,Class_016,Order_049,Family_0198,Genus_0396
genome_003176,Domain_01,Phylum_05,Class_016,Order_049,Family_0198,Genus_0397
genome_003177,Domain_01,Phylum_05,Class_016,Order_049,Family_0198,Genus_0397
genome_003178,Domain_01,Phylum_05,Class_016,Order_049,Family_0198,Genus_0397
genome_003179,Domain_01,Phylum_05,Class_016,Order_049,Family_0198,Genus_0397
genome_003180,Domain_01,Phylum_05,Class_016,Order_049,Family_0198,Genus_0397
genome_003181,Domain_01,Phylum_05,Class_016,Order_049,Family_0198,Genus_0397
genome_003182,Domain_01,Phylum_05,Class_016,Order_049,Family_0198,Genus_0397
genome_003183,Domain_01,Phylum_05,Class_016,Order_049,Family_0198,Genus_0397
genome_003184,Domain_01,Phylum_05,Class_016,Order_049,Family_0199,Genus_0398
genome_003185,Domain_01,Phylum_05,Class_016,Order_049,Family_0199,Genus_0398
genome_003186,Domain_01,Phylum_05,Class_016,Order_049,Family_0199,Genus_0398
genome_003187,Domain_01,Phylum_05,Class_016,Order_049,Family_0199,Genus_0398
genome_003188,Domain_01,Phylum_05,Class_016,Order_049,Family_0199,Genus_0398
genome_003189,Domain_01,Phylum_05,Class_016,Order_049,Family_0199,Genus_0398
genome_003190,Domain_01,Phylum_05,Class_016,Order_049,Family_0199,Genus_0398
genome_003191,Domain_01,Phylum_05,Class_016,Order_049,Family_0199,Genus_0398
genome_003192,Domain_01,Phylum_05,Class_016,Order_049,Family_0199,Genus_0399
genome_003193,Domain_01,Phylum_05,Class_016,Order_049,Family_0199,Genus_0399
genome_003194,Domain_01,Phylum_05,Class_016,Order_049,Family_0199,Genus_0399
genome_003195,Domain_01,Phylum_05,Class_016,Order_049,Family_0199,Genus_0399
genome_003196,Domain_01,Phylum_05,Class_016,Order_049,Family_0199,Genus_0399
genome_003197,Domain_01,Phylum_05,Class_016,Order_049,Family_0199,Genus_0399
genome_003198,Domain_01,Phylum_05,Class_016,Order_049,Family_0199,Genus_0399
genome_003199,Domain_01,Phylum_05,Class_016,Order_049,Family_0199,Genus_0399
genome_003200,Domain_01,Phylum_05,Class_016,Order_050,Family_0200,Genus_0400
genome_003201,Domain_01,Phylum_05,Class_016,Order_050,Family_0200,Genus_0400
genome_003202,Domain_01,Phylum_05,Class_016,Order_050,Family_0200,Genus_0400
genome_003203,Domain_01,Phylum_05,Class_016,Order_050,Family_0200,Genus_0400
genome_003204,Domain_01,Phylum_05,Class_016,Order_050,Family_0200,Genus_0400
genome_003205,Domain_01,Phylum_05,Class_016,Order_050,Family_0200,Genus_0400
genome_003206,Domain_01,Phylum_05,Class_016,Order_050,Family_0200,Genus_0400
genome_003207,Domain_01,Phylum_05,Class_016,Order_050,Family_0200,Genus_0400
genome_003208,Domain_01,Phylum_05,Class_016,Order_050,Family_0200,Genus_0401
genome_003209,Domain_01,Phylum_05,Class_016,Order_050,Family_0200,Genus_0401
genome_003210,Domain_01,Phylum_05,Class_016,Order_050,Family_0200,Genus_0401
genome_003211,Domain_01,Phylum_05,Class_016,Order_050,Family_0200,Genus_0401
genome_003212,Domain_01,Phylum_05,Class_016,Order_050,Family_0200,Genus_0401
genome_003213,Domain_01,Phylum_05,Class_016,Order_050,Family_0200,Genus_0401
genome_003214,Domain_01,Phylum_05,Class_016,Order_050,Family_0200,Genus_0401
genome_003215,Domain_01,Phylum_05,Class_016,Order_050,Family_0200,Genus_0401
genome_003216,Domain_01,Phylum_05,Class_016,Order_050,Family_0201,Genus_0402
genome_003217,Domain_01,Phylum_05,Class_016,Order_050,Family_0201,Genus_0402
genome_003218,Domain_01,Phylum_05,Class_016,Order_050,Family_0201,Genus_0402
genome_003219,Domain_01,Phylum_05,Class_016,Order_050,Family_0201,Genus_0402
genome_003220,Domain_01,Phylum_05,Class_016,Order_050,Family_0201,Genus_0402
genome_003221,Domain_01,Phylum_05,Class_016,Order_050,Family_0201,Genus_0402
genome_003222,Domain_01,Phylum_05,Class_016,Order_050,Family_0201,Genus_0402
genome_003223,Domain_01,Phylum_05,Class_016,Order_050,Family_0201,Genus_0402
genome_003224,Domain_01,Phylum_05,Class_016,Order_050,Family_0201,Genus_0403
genome_003225,Domain_01,Phylum_05,Class_016,Order_050,Family_0201,Genus_0403
genome_003226,Domain_01,Phylum_05,Class_016,Order_050,Family_0201,Genus_0403
genome_003227,Domain_01,Phylum_05,Class_016,Order_050,Family_0201,Genus_0403
genome_003228,Domain_01,Phylum_05,Class_016,Order_050,Family_0201,Genus_0403
genome_003229,Domain_01,Phylum_05,Class_016,Order_050,Family_0201,Genus_0403
genome_003230,Domain_01,Phylum_05,Class_016,Order_050,Family_0201,Genus_0403
genome_003231,Domain_01,Phylum_05,Class_016,Order_050,Family_0201,Genus_0403
genome_003232,Domain_01,Phylum_05,Class_016,Order_050,Family_0202,Genus_0404
genome_003233,Domain_01,Phylum_05,Class_016,Order_050,Family_0202,Genus_0404
genome_003234,Domain_01,Phylum_05,Class_016,Order_050,Family_0202,Genus_0404
genome_003235,Domain_01,Phylum_05,Class_016,Order_050,Family_0202,Genus_0404
genome_003236,Domain_01,Phylum_05,Class_016,Order_050,Family_0202,Genus_0404
genome_003237,Domain_01,Phylum_05,Class_016,Order_050,Family_0202,Genus_0404
genome_003238,Domain_01,Phylum_05,Class_016,Order_050,Family_0202,Genus_0404
genome_003239,Domain_01,Phylum_05,Class_016,Order_050,Family_0202,Genus_0404
genome_003240,Domain_01,Phylum_05,Class_016,Order_050,Family_0202,Genus_0405
genome_003241,Domain_01,Phylum_05,Class_016,Order_050,Family_0202,Genus_0405
genome_003242,Domain_01,Phylum_05,Class_016,Order_050,Family_0202,Genus_0405
genome_003243,Domain_01,Phylum_05,Class_016,Order_050,Family_0202,Genus_0405
genome_003244,Domain_01,Phylum_05,Class_016,Order_050,Family_0202,Genus_0405
genome_003245,Domain_01,Phylum_05,Class_016,Order_050,Family_0202,Genus_0405
genome_003246,Domain_01,Phylum_05,Class_016,Order_050,Family_0202,Genus_0405
genome_003247,Domain_01,Phylum_05,Class_016,Order_050,Family_0202,Genus_0405
genome_003248,Domain_01,Phylum_05,Class_016,Order_050,Family_0203,Genus_0406
genome_003249,Domain_01,Phylum_05,Class_016,Order_050,Family_0203,Genus_0406
genome_003250,Domain_01,Phylum_05,Class_016,Order_050,Family_0203,Genus_0406
genome_003251,Domain_01,Phylum_05,Class_016,Order_050,Family_0203,Genus_0406
genome_003252,Domain_01,Phylum_05,Class_016,Order_050,Family_0203,Genus_0406
genome_003253,Domain_01,Phylum_05,Class_016,Order_050,Family_0203,Genus_0406
genome_003254,Domain_01,Phylum_05,Class_016,Order_050,Family_0203,Genus_0406
genome_003255,Domain_01,Phylum_05,Class_016,Order_050,Family_0203,Genus_0406
genome_003256,Domain_01,Phylum_05,Class_016,Order_050,Family_0203,Genus_0407
genome_003257,Domain_01,Phylum_05,Class_016,Order_050,Family_0203,Genus_0407
genome_003258,Domain_01,Phylum_05,Class_016,Order_050,Family_0203,Genus_0407
genome_003259,Domain_01,Phylum_05,Class_016,Order_050,Family_0203,Genus_0407
genome_003260,Domain_01,Phylum_05,Class_016,Order_050,Family_0203,Genus_0407
genome_003261,Domain_01,Phylum_05,Class_016,Order_050,Family_0203,Genus_0407
genome_003262,Domain_01,Phylum_05,Class_016,Order_050,Family_0203,Genus_0407
genome_003263,Domain_01,Phylum_05,Class_016,Order_050,Family_0203,Genus_0407
genome_003264,Domain_01,Phylum_05,Class_017,Order_051,Family_0204,Genus_0408
genome_003265,Domain_01,Phylum_05,Class_017,Order_051,Family_0204,Genus_0408
genome_003266,Domain_01,Phylum_05,Class_017,Order_051,Family_0204,Genus_0408
genome_003267,Domain_01,Phylum_05,Class_017,Order_051,Family_0204,Genus_0408
genome_003268,Domain_01,Phylum_05,Class_017,Order_051,Family_0204,Genus_0408
genome_003269,Domain_01,Phylum_05,Class_017,Order_051,Family_0204,Genus_0408
genome_003270,Domain_01,Phylum_05,Class_017,Order_051,Family_0204,Genus_0408
genome_003271,Domain_01,Phylum_05,Class_017,Order_051,Family_0204,Genus_0408
genome_003272,Domain_01,Phylum_05,Class_017,Order_051,Family_0204,Genus_0409
genome_003273,Domain_01,Phylum_05,Class_017,Order_051,Family_0204,Genus_0409
genome_003274,Domain_01,Phylum_05,Class_017,Order_051,Family_0204,Genus_0409
genome_003275,Domain_01,Phylum_05,Class_017,Order_051,Family_0204,Genus_0409
genome_003276,Domain_01,Phylum_05,Class_017,Order_051,Family_0204,Genus_0409
genome_003277,Domain_01,Phylum_05,Class_017,Order_051,Family_0204,Genus_0409
genome_003278,Domain_01,Phylum_05,Class_017,Order_051,Family_0204,Genus_0409
genome_003279,Domain_01,Phylum_05,Class_017,Order_051,Family_0204,Genus_0409
genome_003280,Domain_01,Phylum_05,Class_017,Order_051,Family_0205,Genus_0410
genome_003281,Domain_01,Phylum_05,Class_017,Order_051,Family_0205,Genus_0410
genome_003282,Domain_01,Phylum_05,Class_017,Order_051,Family_0205,Genus_0410
genome_003283,Domain_01,Phylum_05,Class_017,Order_051,Family_0205,Genus_0410
genome_003284,Domain_01,Phylum_05,Class_017,Order_051,Family_0205,Genus_0410
genome_003285,Domain_01,Phylum_05,Class_017,Order_051,Family_0205,Genus_0410
genome_003286,Domain_01,Phylum_05,Class_017,Order_051,Family_0205,Genus_0410
genome_003287,Domain_01,Phylum_05,Class_017,Order_051,Family_0205,Genus_0410
genome_003288,Domain_01,Phylum_05,Class_017,Order_051,Family_0205,Genus_0411
genome_003289,Domain_01,Phylum_05,Class_017,Order_051,Family_0205,Genus_0411
genome_003290,Domain_01,Phylum_05,Class_017,Order_051,Family_0205,Genus_0411
genome_003291,Domain_01,Phylum_05,Class_017,Order_051,Family_0205,Genus_0411
genome_003292,Domain_01,Phylum_05,Class_017,Order_051,Family_0205,Genus_0411
genome_003293,Domain_01,Phylum_05,Class_017,Order_051,Family_0205,Genus_0411
genome_003294,Domain_01,Phylum_05,Class_017,Order_051,Family_0205,Genus_0411
genome_003295,Domain_01,Phylum_05,Class_017,Order_051,Family_0205,Genus_0411
genome_003296,Domain_01,Phylum_05,Class_017,Order_051,Family_0206,Genus_0412
genome_003297,Domain_01,Phylum_05,Class_017,Order_051,Family_0206,Genus_0412
genome_003298,Domain_01,Phylum_05,Class_017,Order_051,Family_0206,Genus_0412
genome_003299,Domain_01,Phylum_05,Class_017,Order_051,Family_0206,Genus_0412
genome_003300,Domain_01,Phylum_05,Class_017,Order_051,Family_0206,Genus_0412
genome_003301,Domain_01,Phylum_05,Class_017,Order_051,Family_0206,Genus_0412
genome_003302,Domain_01,Phylum_05,Class_017,Order_051,Family_0206,Genus_0412
genome_003303,Domain_01,Phylum_05,Class_017,Order_051,Family_0206,Genus_0412
genome_003304,Domain_01,Phylum_05,Class_017,Order_051,Family_0206,Genus_0413
genome_003305,Domain_01,Phylum_05,Class_017,Order_051,Family_0206,Genus_0413
genome_003306,Domain_01,Phylum_05,Class_017,Order_051,Family_0206,Genus_0413
genome_003307,Domain_01,Phylum_05,Class_017,Order_051,Family_0206,Genus_0413
genome_003308,Domain_01,Phylum_05,Class_017,Order_051,Family_0206,Genus_0413
genome_003309,Domain_01,Phylum_05,Class_017,Order_051,Family_0206,Genus_0413
genome_003310,Domain_01,Phylum_05,Class_017,Order_051,Family_0206,Genus_0413
genome_003311,Domain_01,Phylum_05,Class_017,Order_051,Family_0206,Genus_0413
genome_003312,Domain_01,Phylum_05,Class_017,Order_051,Family_0207,Genus_0414
genome_003313,Domain_01,Phylum_05,Class_017,Order_051,Family_0207,Genus_0414
genome_003314,Domain_01,Phylum_05,Class_017,Order_051,Family_0207,Genus_0414
genome_003315,Domain_01,Phylum_05,Class_017,Order_051,Family_0207,Genus_0414
genome_003316,Domain_01,Phylum_05,Class_017,Order_051,Family_0207,Genus_0414
genome_003317,Domain_01,Phylum_05,Class_017,Order_051,Family_0207,Genus_0414
genome_003318,Domain_01,Phylum_05,Class_017,Order_051,Family_0207,Genus_0414
genome_003319,Domain_01,Phylum_05,Class_017,Order_051,Family_0207,Genus_0414
genome_003320,Domain_01,Phylum_05,Class_017,Order_051,Family_0207,Genus_0415
genome_003321,Domain_01,Phylum_05,Class_017,Order_051,Family_0207,Genus_0415
genome_003322,Domain_01,Phylum_05,Class_017,Order_051,Family_0207,Genus_0415
genome_003323,Domain_01,Phylum_05,Class_017,Order_051,Family_0207,Genus_0415
genome_003324,Domain_01,Phylum_05,Class_017,Order_051,Family_0207,Genus_0415
genome_003325,Domain_01,Phylum_05,Class_017,Order_051,Family_0207,Genus_0415
genome_003326,Domain_01,Phylum_05,Class_017,Order_051,Family_0207,Genus_0415
genome_003327,Domain_01,Phylum_05,Class_017,Order_051,Family_0207,Genus_0415
genome_003328,Domain_01,Phylum_05,Class_017,Order_052,Family_0208,Genus_0416
genome_003329,Domain_01,Phylum_05,Class_017,Order_052,Family_0208,Genus_0416
genome_003330,Domain_01,Phylum_05,Class_017,Order_052,Family_0208,Genus_0416
genome_003331,Domain_01,Phylum_05,Class_017,Order_052,Family_0208,Genus_0416
genome_003332,Domain_01,Phylum_05,Class_017,Order_052,Family_0208,Genus_0416
genome_003333,Domain_01,Phylum_05,Class_017,Order_052,Family_0208,Genus_0416
genome_003334,Domain_01,Phylum_05,Class_017,Order_052,Family_0208,Genus_0416
genome_003335,Domain_01,Phylum_05,Class_017,Order_052,Family_0208,Genus_0416
genome_003336,Domain_01,Phylum_05,Class_017,Order_052,Family_0208,Genus_0417
genome_003337,Domain_01,Phylum_05,Class_017,Order_052,Family_0208,Genus_0417
genome_003338,Domain_01,Phylum_05,Class_017,Order_052,Family_0208,Genus_0417
genome_003339,Domain_01,Phylum_05,Class_017,Order_052,Family_0208,Genus_0417
genome_003340,Domain_01,Phylum_05,Class_017,Order_052,Family_0208,Genus_0417
genome_003341,Domain_01,Phylum_05,Class_017,Order_052,Family_0208,Genus_0417
genome_003342,Domain_01,Phylum_05,Class_017,Order_052,Family_0208,Genus_0417
genome_003343,Domain_01,Phylum_05,Class_017,Order_052,Family_0208,Genus_0417
genome_003344,Domain_01,Phylum_05,Class_017,Order_052,Family_0209,Genus_0418
genome_003345,Domain_01,Phylum_05,Class_017,Order_052,Family_0209,Genus_0418
genome_003346,Domain_01,Phylum_05,Class_017,Order_052,Family_0209,Genus_0418
genome_003347,Domain_01,Phylum_05,Class_017,Order_052,Family_0209,Genus_0418
genome_003348,Domain_01,Phylum_05,Class_017,Order_052,Family_0209,Genus_0418
genome_003349,Domain_01,Phylum_05,Class_017,Order_052,Family_0209,Genus_0418
genome_003350,Domain_01,Phylum_05,Class_017,Order_052,Family_0209,Genus_0418
genome_003351,Domain_01,Phylum_05,Class_017,Order_052,Family_0209,Genus_0418
genome_003352,Domain_01,Phylum_05,Class_017,Order_052,Family_0209,Genus_0419
genome_003353,Domain_01,Phylum_05,Class_017,Order_052,Family_0209,Genus_0419
genome_003354,Domain_01,Phylum_05,Class_017,Order_052,Family_0209,Genus_0419
genome_003355,Domain_01,Phylum_05,Class_017,Order_052,Family_0209,Genus_0419
genome_003356,Domain_01,Phylum_05,Class_017,Order_052,Family_0209,Genus_0419
genome_003357,Domain_01,Phylum_05,Class_017,Order_052,Family_0209,Genus_0419
genome_003358,Domain_01,Phylum_05,Class_017,Order_052,Family_0209,Genus_0419
genome_003359,Domain_01,Phylum_05,Class_017,Order_052,Family_0209,Genus_0419
genome_003360,Domain_01,Phylum_05,Class_017,Order_052,Family_0210,Genus_0420
genome_003361,Domain_01,Phylum_05,Class_017,Order_052,Family_0210,Genus_0420
genome_003362,Domain_01,Phylum_05,Class_017,Order_052,Family_0210,Genus_0420
genome_003363,Domain_01,Phylum_05,Class_017,Order_052,Family_0210,Genus_0420
genome_003364,Domain_01,Phylum_05,Class_017,Order_052,Family_0210,Genus_0420
genome_003365,Domain_01,Phylum_05,Class_017,Order_052,Family_0210,Genus_0420
genome_003366,Domain_01,Phylum_05,Class_017,Order_052,Family_0210,Genus_0420
genome_003367,Domain_01,Phylum_05,Class_017,Order_052,Family_0210,Genus_0420
genome_003368,Domain_01,Phylum_05,Class_017,Order_052,Family_0210,Genus_0421
genome_003369,Domain_01,Phylum_05,Class_017,Order_052,Family_0210,Genus_0421
genome_003370,Domain_01,Phylum_05,Class_017,Order_052,Family_0210,Genus_0421
genome_003371,Domain_01,Phylum_05,Class_017,Order_052,Family_0210,Genus_0421
genome_003372,Domain_01,Phylum_05,Class_017,Order_052,Family_0210,Genus_0421
genome_003373,Domain_01,Phylum_05,Class_017,Order_052,Family_0210,Genus_0421
genome_003374,Domain_01,Phylum_05,Class_017,Order_052,Family_0210,Genus_0421
genome_003375,Domain_01,Phylum_05,Class_017,Order_052,Family_0210,Genus_0421
genome_003376,Domain_01,Phylum_05,Class_017,Order_052,Family_0211,Genus_0422
genome_003377,Domain_01,Phylum_05,Class_017,Order_052,Family_0211,Genus_0422
genome_003378,Domain_01,Phylum_05,Class_017,Order_052,Family_0211,Genus_0422
genome_003379,Domain_01,Phylum_05,Class_017,Order_052,Family_0211,Genus_0422
genome_003380,Domain_01,Phylum_05,Class_017,Order_052,Family_0211,Genus_0422
genome_003381,Domain_01,Phylum_05,Class_017,Order_052,Family_0211,Genus_0422
genome_003382,Domain_01,Phylum_05,Class_017,Order_052,Family_0211,Genus_0422
genome_003383,Domain_01,Phylum_05,Class_017,Order_052,Family_0211,Genus_0422
genome_003384,Domain_01,Phylum_05,Class_017,Order_052,Family_0211,Genus_0423
genome_003385,Domain_01,Phylum_05,Class_017,Order_052,Family_0211,Genus_0423
genome_003386,Domain_01,Phylum_05,Class_017,Order_052,Family_0211,Genus_0423
genome_003387,Domain_01,Phylum_05,Class_017,Order_052,Family_0211,Genus_0423
genome_003388,Domain_01,Phylum_05,Class_017,Order_052,Family_0211,Genus_0423
genome_003389,Domain_01,Phylum_05,Class_017,Order_052,Family_0211,Genus_0423
genome_003390,Domain_01,Phylum_05,Class_017,Order_052,Family_0211,Genus_0423
genome_003391,Domain_01,Phylum_05,Class_017,Order_052,Family_0211,Genus_0423
genome_003392,Domain_01,Phylum_05,Class_017,Order_053,Family_0212,Genus_0424
genome_003393,Domain_01,Phylum_05,Class_017,Order_053,Family_0212,Genus_0424
genome_003394,Domain_01,Phylum_05,Class_017,Order_053,Family_0212,Genus_0424
genome_003395,Domain_01,Phylum_05,Class_017,Order_053,Family_0212,Genus_0424
genome_003396,Domain_01,Phylum_05,Class_017,Order_053,Family_0212,Genus_0424
genome_003397,Domain_01,Phylum_05,Class_017,Order_053,Family_0212,Genus_0424
genome_003398,Domain_01,Phylum_05,Class_017,Order_053,Family_0212,Genus_0424
genome_003399,Domain_01,Phylum_05,Class_017,Order_053,Family_0212,Genus_0424
genome_003400,Domain_01,Phylum_05,Class_017,Order_053,Family_0212,Genus_0425
genome_003401,Domain_01,Phylum_05,Class_017,Order_053,Family_0212,Genus_0425
genome_003402,Domain_01,Phylum_05,Class_017,Order_053,Family_0212,Genus_0425
genome_003403,Domain_01,Phylum_05,Class_017,Order_053,Family_0212,Genus_0425
genome_003404,Domain_01,Phylum_05,Class_017,Order_053,Family_0212,Genus_0425
genome_003405,Domain_01,Phylum_05,Class_017,Order_053,Family_0212,Genus_0425
genome_003406,Domain_01,Phylum_05,Class_017,Order_053,Family_0212,Genus_0425
genome_003407,Domain_01,Phylum_05,Class_017,Order_053,Family_0212,Genus_0425
genome_003408,Domain_01,Phylum_05,Class_017,Order_053,Family_0213,Genus_0426
genome_003409,Domain_01,Phylum_05,Class_017,Order_053,Family_0213,Genus_0426
genome_003410,Domain_01,Phylum_05,Class_017,Order_053,Family_0213,Genus_0426
genome_003411,Domain_01,Phylum_05,Class_017,Order_053,Family_0213,Genus_0426
genome_003412,Domain_01,Phylum_05,Class_017,Order_053,Family_0213,Genus_0426
genome_003413,Domain_01,Phylum_05,Class_017,Order_053,Family_0213,Genus_0426
genome_003414,Domain_01,Phylum_05,Class_017,Order_053,Family_0213,Genus_0426
genome_003415,Domain_01,Phylum_05,Class_017,Order_053,Family_0213,Genus_0426
genome_003416,Domain_01,Phylum_05,Class_017,Order_053,Family_0213,Genus_0427
genome_003417,Domain_01,Phylum_05,Class_017,Order_053,Family_0213,Genus_0427
genome_003418,Domain_01,Phylum_05,Class_017,Order_053,Family_0213,Genus_0427
genome_003419,Domain_01,Phylum_05,Class_017,Order_053,Family_0213,Genus_0427
genome_003420,Domain_01,Phylum_05,Class_017,Order_053,Family_0213,Genus_0427
genome_003421,Domain_01,Phylum_05,Class_017,Order_053,Family_0213,Genus_0427
genome_003422,Domain_01,Phylum_05,Class_017,Order_053,Family_0213,Genus_0427
genome_003423,Domain_01,Phylum_05,Class_017,Order_053,Family_0213,Genus_0427
genome_003424,Domain_01,Phylum_05,Class_017,Order_053,Family_0214,Genus_0428
genome_003425,Domain_01,Phylum_05,Class_017,Order_053,Family_0214,Genus_0428
genome_003426,Domain_01,Phylum_05,Class_017,Order_053,Family_0214,Genus_0428
genome_003427,Domain_01,Phylum_05,Class_017,Order_053,Family_0214,Genus_0428
genome_003428,Domain_01,Phylum_05,Class_017,Order_053,Family_0214,Genus_0428
genome_003429,Domain_01,Phylum_05,Class_017,Order_053,Family_0214,Genus_0428
genome_003430,Domain_01,Phylum_05,Class_017,Order_053,Family_0214,Genus_0428
genome_003431,Domain_01,Phylum_05,Class_017,Order_053,Family_0214,Genus_0428
genome_003432,Domain_01,Phylum_05,Class_017,Order_053,Family_0214,Genus_0429
genome_003433,Domain_01,Phylum_05,Class_017,Order_053,Family_0214,Genus_0429
genome_003434,Domain_01,Phylum_05,Class_017,Order_053,Family_0214,Genus_0429
genome_003435,Domain_01,Phylum_05,Class_017,Order_053,Family_0214,Genus_0429
genome_003436,Domain_01,Phylum_05,Class_017,Order_053,Family_0214,Genus_0429
genome_003437,Domain_01,Phylum_05,Class_017,Order_053,Family_0214,Genus_0429
genome_003438,Domain_01,Phylum_05,Class_017,Order_053,Family_0214,Genus_0429
genome_003439,Domain_01,Phylum_05,Class_017,Order_053,Family_0214,Genus_0429
genome_003440,Domain_01,Phylum_05,Class_017,Order_053,Family_0215,Genus_0430
genome_003441,Domain_01,Phylum_05,Class_017,Order_053,Family_0215,Genus_0430
genome_003442,Domain_01,Phylum_05,Class_017,Order_053,Family_0215,Genus_0430
genome_003443,Domain_01,Phylum_05,Class_017,Order_053,Family_0215,Genus_0430
genome_003444,Domain_01,Phylum_05,Class_017,Order_053,Family_0215,Genus_0430
genome_003445,Domain_01,Phylum_05,Class_017,Order_053,Family_0215,Genus_0430
genome_003446,Domain_01,Phylum_05,Class_017,Order_053,Family_0215,Genus_0430
genome_003447,Domain_01,Phylum_05,Class_017,Order_053,Family_0215,Genus_0430
genome_003448,Domain_01,Phylum_05,Class_017,Order_053,Family_0215,Genus_0431
genome_003449,Domain_01,Phylum_05,Class_017,Order_053,Family_0215,Genus_0431
genome_003450,Domain_01,Phylum_05,Class_017,Order_053,Family_0215,Genus_0431
genome_003451,Domain_01,Phylum_05,Class_017,Order_053,Family_0215,Genus_0431
genome_003452,Domain_01,Phylum_05,Class_017,Order_053,Family_0215,Genus_0431
genome_003453,Domain_01,Phylum_05,Class_017,Order_053,Family_0215,Genus_0431
genome_003454,Domain_01,Phylum_05,Class_017,Order_053,Family_0215,Genus_0431
genome_003455,Domain_01,Phylum_05,Class_017,Order_053,Family_0215,Genus_0431
genome_003456,Domain_01,Phylum_06,Class_018,Order_054,Family_0216,Genus_problematic_B
genome_003457,Domain_01,Phylum_06,Class_018,Order_054,Family_0216,Genus_0432
genome_003458,Domain_01,Phylum_06,Class_018,Order_054,Family_0216,Genus_0432
genome_003459,Domain_01,Phylum_06,Class_018,Order_054,Family_0216,Genus_0432
genome_003460,Domain_01,Phylum_06,Class_018,Order_054,Family_0216,Genus_0432
genome_003461,Domain_01,Phylum_06,Class_018,Order_054,Family_0216,Genus_0432
genome_003462,Domain_01,Phylum_06,Class_018,Order_054,Family_0216,Genus_0432
genome_003463,Domain_01,Phylum_06,Class_018,Order_054,Family_0216,Genus_0432
genome_003464,Domain_01,Phylum_06,Class_018,Order_054,Family_0216,Genus_0433
genome_003465,Domain_01,Phylum_06,Class_018,Order_054,Family_0216,Genus_0433
genome_003466,Domain_01,Phylum_06,Class_018,Order_054,Family_0216,Genus_0433
genome_003467,Domain_01,Phylum_06,Class_018,Order_054,Family_0216,Genus_0433
genome_003468,Domain_01,Phylum_06,Class_018,Order_054,Family_0216,Genus_0433
genome_003469,Domain_01,Phylum_06,Class_018,Order_054,Family_0216,Genus_0433
genome_003470,Domain_01,Phylum_06,Class_018,Order_054,Family_0216,Genus_0433
genome_003471,Domain_01,Phylum_06,Class_018,Order_054,Family_0216,Genus_0433
genome_003472,Domain_01,Phylum_06,Class_018,Order_054,Family_0217,Genus_0434
genome_003473,Domain_01,Phylum_06,Class_018,Order_054,Family_0217,Genus_0434
genome_003474,Domain_01,Phylum_06,Class_018,Order_054,Family_0217,Genus_0434
genome_003475,Domain_01,Phylum_06,Class_018,Order_054,Family_0217,Genus_0434
genome_003476,Domain_01,Phylum_06,Class_018,Order_054,Family_0217,Genus_0434
genome_003477,Domain_01,Phylum_06,Class_018,Order_054,Family_0217,Genus_0434
genome_003478,Domain_01,Phylum_06,Class_018,Order_054,Family_0217,Genus_0434
genome_003479,Domain_01,Phylum_06,Class_018,Order_054,Family_0217,Genus_0434
genome_003480,Domain_01,Phylum_06,Class_018,Order_054,Family_0217,Genus_0435
genome_003481,Domain_01,Phylum_06,Class_018,Order_054,Family_0217,Genus_0435
genome_003482,Domain_01,Phylum_06,Class_018,Order_054,Family_0217,Genus_0435
genome_003483,Domain_01,Phylum_06,Class_018,Order_054,Family_0217,Genus_0435
genome_003484,Domain_01,Phylum_06,Class_018,Order_054,Family_0217,Genus_0435
genome_003485,Domain_01,Phylum_06,Class_018,Order_054,Family_0217,Genus_0435
genome_003486,Domain_01,Phylum_06,Class_018,Order_054,Family_0217,Genus_0435
genome_003487,Domain_01,Phylum_06,Class_018,Order_054,Family_0217,Genus_0435
genome_003488,Domain_01,Phylum_06,Class_018,Order_054,Family_0218,Genus_0436
genome_003489,Domain_01,Phylum_06,Class_018,Order_054,Family_0218,Genus_0436
genome_003490,Domain_01,Phylum_06,Class_018,Order_054,Family_0218,Genus_0436
genome_003491,Domain_01,Phylum_06,Class_018,Order_054,Family_0218,Genus_0436
genome_003492,Domain_01,Phylum_06,Class_018,Order_054,Family_0218,Genus_0436
genome_003493,Domain_01,Phylum_06,Class_018,Order_054,Family_0218,Genus_0436
genome_003494,Domain_01,Phylum_06,Class_018,Order_054,Family_0218,Genus_0436
genome_003495,Domain_01,Phylum_06,Class_018,Order_054,Family_0218,Genus_0436
genome_003496,Domain_01,Phylum_06,Class_018,Order_054,Family_0218,Genus_0437
genome_003497,Domain_01,Phylum_06,Class_018,Order_054,Family_0218,Genus_0437
genome_003498,Domain_01,Phylum_06,Class_018,Order_054,Family_0218,Genus_0437
genome_003499,Domain_01,Phylum_06,Class_018,Order_054,Family_0218,Genus_0437
genome_003500,Domain_01,Phylum_06,Class_018,Order_054,Family_0218,Genus_0437
genome_003501,Domain_01,Phylum_06,Class_018,Order_054,Family_0218,Genus_0437
genome_003502,Domain_01,Phylum_06,Class_018,Order_054,Family_0218,Genus_0437
genome_003503,Domain_01,Phylum_06,Class_018,Order_054,Family_0218,Genus_0437
genome_003504,Domain_01,Phylum_06,Class_018,Order_054,Family_0219,Genus_0438
genome_003505,Domain_01,Phylum_06,Class_018,Order_054,Family_0219,Genus_0438
genome_003506,Domain_01,Phylum_06,Class_018,Order_054,Family_0219,Genus_0438
genome_003507,Domain_01,Phylum_06,Class_018,Order_054,Family_0219,Genus_0438
genome_003508,Domain_01,Phylum_06,Class_018,Order_054,Family_0219,Genus_0438
genome_003509,Domain_01,Phylum_06,Class_018,Order_054,Family_0219,Genus_0438
genome_003510,Domain_01,Phylum_06,Class_018,Order_054,Family_0219,Genus_0438
genome_003511,Domain_01,Phylum_06,Class_018,Order_054,Family_0219,Genus_0438
genome_003512,Domain_01,Phylum_06,Class_018,Order_054,Family_0219,Genus_0439
genome_003513,Domain_01,Phylum_06,Class_018,Order_054,Family_0219,Genus_0439
genome_003514,Domain_01,Phylum_06,Class_018,Order_054,Family_0219,Genus_0439
genome_003515,Domain_01,Phylum_06,Class_018,Order_054,Family_0219,Genus_0439
genome_003516,Domain_01,Phylum_06,Class_018,Order_054,Family_0219,Genus_0439
genome_003517,Domain_01,Phylum_06,Class_018,Order_054,Family_0219,Genus_0439
genome_003518,Domain_01,Phylum_06,Class_018,Order_054,Family_0219,Genus_0439
genome_003519,Domain_01,Phylum_06,Class_018,Order_054,Family_0219,Genus_0439
genome_003520,Domain_01,Phylum_06,Class_018,Order_055,Family_0220,Genus_0440
genome_003521,Domain_01,Phylum_06,Class_018,Order_055,Family_0220,Genus_0440
genome_003522,Domain_01,Phylum_06,Class_018,Order_055,Family_0220,Genus_0440
genome_003523,Domain_01,Phylum_06,Class_018,Order_055,Family_0220,Genus_0440
genome_003524,Domain_01,Phylum_06,Class_018,Order_055,Family_0220,Genus_0440
genome_003525,Domain_01,Phylum_06,Class_018,Order_055,Family_0220,Genus_0440
genome_003526,Domain_01,Phylum_06,Class_018,Order_055,Family_0220,Genus_0440
genome_003527,Domain_01,Phylum_06,Class_018,Order_055,Family_0220,Genus_0440
genome_003528,Domain_01,Phylum_06,Class_018,Order_055,Family_0220,Genus_0441
genome_003529,Domain_01,Phylum_06,Class_018,Order_055,Family_0220,Genus_0441
genome_003530,Domain_01,Phylum_06,Class_018,Order_055,Family_0220,Genus_0441
genome_003531,Domain_01,Phylum_06,Class_018,Order_055,Family_0220,Genus_0441
genome_003532,Domain_01,Phylum_06,Class_018,Order_055,Family_0220,Genus_0441
genome_003533,Domain_01,Phylum_06,Class_018,Order_055,Family_0220,Genus_0441
genome_003534,Domain_01,Phylum_06,Class_018,Order_055,Family_0220,Genus_0441
genome_003535,Domain_01,Phylum_06,Class_018,Order_055,Family_0220,Genus_0441
genome_003536,Domain_01,Phylum_06,Class_018,Order_055,Family_0221,Genus_0442
genome_003537,Domain_01,Phylum_06,Class_018,Order_055,Family_0221,Genus_0442
genome_003538,Domain_01,Phylum_06,Class_018,Order_055,Family_0221,Genus_0442
genome_003539,Domain_01,Phylum_06,Class_018,Order_055,Family_0221,Genus_0442
genome_003540,Domain_01,Phylum_06,Class_018,Order_055,Family_0221,Genus_0442
genome_003541,Domain_01,Phylum_06,Class_018,Order_055,Family_0221,Genus_0442
genome_003542,Domain_01,Phylum_06,Class_018,Order_055,Family_0221,Genus_0442
genome_003543,Domain_01,Phylum_06,Class_018,Order_055,Family_0221,Genus_0442
genome_003544,Domain_01,Phylum_06,Class_018,Order_055,Family_0221,Genus_0443
genome_003545,Domain_01,Phylum_06,Class_018,Order_055,Family_0221,Genus_0443
genome_003546,Domain_01,Phylum_06,Class_018,Order_055,Family_0221,Genus_0443
genome_003547,Domain_01,Phylum_06,Class_018,Order_055,Family_0221,Genus_0443
genome_003548,Domain_01,Phylum_06,Class_018,Order_055,Family_0221,Genus_0443
genome_003549,Domain_01,Phylum_06,Class_018,Order_055,Family_0221,Genus_0443
genome_003550,Domain_01,Phylum_06,Class_018,Order_055,Family_0221,Genus_0443
genome_003551,Domain_01,Phylum_06,Class_018,Order_055,Family_0221,Genus_0443
genome_003552,Domain_01,Phylum_06,Class_018,Order_055,Family_0222,Genus_0444
genome_003553,Domain_01,Phylum_06,Class_018,Order_055,Family_0222,Genus_0444
genome_003554,Domain_01,Phylum_06,Class_018,Order_055,Family_0222,Genus_0444
genome_003555,Domain_01,Phylum_06,Class_018,Order_055,Family_0222,Genus_0444
genome_003556,Domain_01,Phylum_06,Class_018,Order_055,Family_0222,Genus_0444
genome_003557,Domain_01,Phylum_06,Class_018,Order_055,Family_0222,Genus_0444
genome_003558,Domain_01,Phylum_06,Class_018,Order_055,Family_0222,Genus_0444
genome_003559,Domain_01,Phylum_06,Class_018,Order_055,Family_0222,Genus_0444
genome_003560,Domain_01,Phylum_06,Class_018,Order_055,Family_0222,Genus_0445
genome_003561,Domain_01,Phylum_06,Class_018,Order_055,Family_0222,Genus_0445
genome_003562,Domain_01,Phylum_06,Class_018,Order_055,Family_0222,Genus_0445
genome_003563,Domain_01,Phylum_06,Class_018,Order_055,Family_0222,Genus_0445
genome_003564,Domain_01,Phylum_06,Class_018,Order_055,Family_0222,Genus_0445
genome_003565,Domain_01,Phylum_06,Class_018,Order_055,Family_0222,Genus_0445
genome_003566,Domain_01,Phylum_06,Class_018,Order_055,Family_0222,Genus_0445
genome_003567,Domain_01,Phylum_06,Class_018,Order_055,Family_0222,Genus_0445
genome_003568,Domain_01,Phylum_06,Class_018,Order_055,Family_0223,Genus_0446
genome_003569,Domain_01,Phylum_06,Class_018,Order_055,Family_0223,Genus_0446
genome_003570,Domain_01,Phylum_06,Class_018,Order_055,Family_0223,Genus_0446
genome_003571,Domain_01,Phylum_06,Class_018,Order_055,Family_0223,Genus_0446
genome_003572,Domain_01,Phylum_06,Class_018,Order_055,Family_0223,Genus_0446
genome_003573,Domain_01,Phylum_06,Class_018,Order_055,Family_0223,Genus_0446
genome_003574,Domain_01,Phylum_06,Class_018,Order_055,Family_0223,Genus_0446
genome_003575,Domain_01,Phylum_06,Class_018,Order_055,Family_0223,Genus_0446
genome_003576,Domain_01,Phylum_06,Class_018,Order_055,Family_0223,Genus_0447
genome_003577,Domain_01,Phylum_06,Class_018,Order_055,Family_0223,Genus_0447
genome_003578,Domain_01,Phylum_06,Class_018,Order_055,Family_0223,Genus_0447
genome_003579,Domain_01,Phylum_06,Class_018,Order_055,Family_0223,Genus_0447
genome_003580,Domain_01,Phylum_06,Class_018,Order_055,Family_0223,Genus_0447
genome_003581,Domain_01,Phylum_06,Class_018,Order_055,Family_0223,Genus_0447
genome_003582,Domain_01,Phylum_06,Class_018,Order_055,Family_0223,Genus_0447
genome_003583,Domain_01,Phylum_06,Class_018,Order_055,Family_0223,Genus_0447
genome_003584,Domain_01,Phylum_06,Class_018,Order_056,Family_0224,Genus_0448
genome_003585,Domain_01,Phylum_06,Class_018,Order_056,Family_0224,Genus_0448
genome_003586,Domain_01,Phylum_06,Class_018,Order_056,Family_0224,Genus_0448
genome_003587,Domain_01,Phylum_06,Class_018,Order_056,Family_0224,Genus_0448
genome_003588,Domain_01,Phylum_06,Class_018,Order_056,Family_0224,Genus_0448
genome_003589,Domain_01,Phylum_06,Class_018,Order_056,Family_0224,Genus_0448
genome_003590,Domain_01,Phylum_06,Class_018,Order_056,Family_0224,Genus_0448
genome_003591,Domain_01,Phylum_06,Class_018,Order_056,Family_0224,Genus_0448
genome_003592,Domain_01,Phylum_06,Class_018,Order_056,Family_0224,Genus_0449
genome_003593,Domain_01,Phylum_06,Class_018,Order_056,Family_0224,Genus_0449
genome_003594,Domain_01,Phylum_06,Class_018,Order_056,Family_0224,Genus_0449
genome_003595,Domain_01,Phylum_06,Class_018,Order_056,Family_0224,Genus_0449
genome_003596,Domain_01,Phylum_06,Class_018,Order_056,Family_0224,Genus_0449
genome_003597,Domain_01,Phylum_06,Class_018,Order_056,Family_0224,Genus_0449
genome_003598,Domain_01,Phylum_06,Class_018,Order_056,Family_0224,Genus_0449
genome_003599,Domain_01,Phylum_06,Class_018,Order_056,Family_0224,Genus_0449
genome_003600,Domain_01,Phylum_06,Class_018,Order_056,Family_0225,Genus_0450
genome_003601,Domain_01,Phylum_06,Class_018,Order_056,Family_0225,Genus_0450
genome_003602,Domain_01,Phylum_06,Class_018,Order_056,Family_0225,Genus_0450
genome_003603,Domain_01,Phylum_06,Class_018,Order_056,Family_0225,Genus_0450
genome_003604,Domain_01,Phylum_06,Class_018,Order_056,Family_0225,Genus_0450
genome_003605,Domain_01,Phylum_06,Class_018,Order_056,Family_0225,Genus_0450
genome_003606,Domain_01,Phylum_06,Class_018,Order_056,Family_0225,Genus_0450
genome_003607,Domain_01,Phylum_06,Class_018,Order_056,Family_0225,Genus_0450
genome_003608,Domain_01,Phylum_06,Class_018,Order_056,Family_0225,Genus_0451
genome_003609,Domain_01,Phylum_06,Class_018,Order_056,Family_0225,Genus_0451
genome_003610,Domain_01,Phylum_06,Class_018,Order_056,Family_0225,Genus_0451
genome_003611,Domain_01,Phylum_06,Class_018,Order_056,Family_0225,Genus_0451
genome_003612,Domain_01,Phylum_06,Class_018,Order_056,Family_0225,Genus_0451
genome_003613,Domain_01,Phylum_06,Class_018,Order_056,Family_0225,Genus_0451
genome_003614,Domain_01,Phylum_06,Class_018,Order_056,Family_0225,Genus_0451
genome_003615,Domain_01,Phylum_06,Class_018,Order_056,Family_0225,Genus_0451
genome_003616,Domain_01,Phylum_06,Class_018,Order_056,Family_0226,Genus_0452
genome_003617,Domain_01,Phylum_06,Class_018,Order_056,Family_0226,Genus_0452
genome_003618,Domain_01,Phylum_06,Class_018,Order_056,Family_0226,Genus_0452
genome_003619,Domain_01,Phylum_06,Class_018,Order_056,Family_0226,Genus_0452
genome_003620,Domain_01,Phylum_06,Class_018,Order_056,Family_0226,Genus_0452
genome_003621,Domain_01,Phylum_06,Class_018,Order_056,Family_0226,Genus_0452
genome_003622,Domain_01,Phylum_06,Class_018,Order_056,Family_0226,Genus_0452
genome_003623,Domain_01,Phylum_06,Class_018,Order_056,Family_0226,Genus_0452
genome_003624,Domain_01,Phylum_06,Class_018,Order_056,Family_0226,Genus_0453
genome_003625,Domain_01,Phylum_06,Class_018,Order_056,Family_0226,Genus_0453
genome_003626,Domain_01,Phylum_06,Class_018,Order_056,Family_0226,Genus_0453
genome_003627,Domain_01,Phylum_06,Class_018,Order_056,Family_0226,Genus_0453
genome_003628,Domain_01,Phylum_06,Class_018,Order_056,Family_0226,Genus_0453
genome_003629,Domain_01,Phylum_06,Class_018,Order_056,Family_0226,Genus_0453
genome_003630,Domain_01,Phylum_06,Class_018,Order_056,Family_0226,Genus_0453
genome_003631,Domain_01,Phylum_06,Class_018,Order_056,Family_0226,Genus_0453
genome_003632,Domain_01,Phylum_06,Class_018,Order_056,Family_0227,Genus_0454
genome_003633,Domain_01,Phylum_06,Class_018,Order_056,Family_0227,Genus_0454
genome_003634,Domain_01,Phylum_06,Class_018,Order_056,Family_0227,Genus_0454
genome_003635,Domain_01,Phylum_06,Class_018,Order_056,Family_0227,Genus_0454
genome_003636,Domain_01,Phylum_06,Class_018,Order_056,Family_0227,Genus_0454
genome_003637,Domain_01,Phylum_06,Class_018,Order_056,Family_0227,Genus_0454
genome_003638,Domain_01,Phylum_06,Class_018,Order_056,Family_0227,Genus_0454
genome_003639,Domain_01,Phylum_06,Class_018,Order_056,Family_0227,Genus_0454
genome_003640,Domain_01,Phylum_06,Class_018,Order_056,Family_0227,Genus_0455
genome_003641,Domain_01,Phylum_06,Class_018,Order_056,Family_0227,Genus_0455
genome_003642,Domain_01,Phylum_06,Class_018,Order_056,Family_0227,Genus_0455
genome_003643,Domain_01,Phylum_06,Class_018,Order_056,Family_0227,Genus_0455
genome_003644,Domain_01,Phylum_06,Class_018,Order_056,Family_0227,Genus_0455
genome_003645,Domain_01,Phylum_06,Class_018,Order_056,Family_0227,Genus_0455
genome_003646,Domain_01,Phylum_06,Class_018,Order_056,Family_0227,Genus_0455
genome_003647,Domain_01,Phylum_06,Class_018,Order_056,Family_0227,Genus_0455
genome_003648,Domain_01,Phylum_06,Class_019,Order_057,Family_0228,Genus_0456
genome_003649,Domain_01,Phylum_06,Class_019,Order_057,Family_0228,Genus_0456
genome_003650,Domain_01,Phylum_06,Class_019,Order_057,Family_0228,Genus_0456
genome_003651,Domain_01,Phylum_06,Class_019,Order_057,Family_0228,Genus_0456
genome_003652,Domain_01,Phylum_06,Class_019,Order_057,Family_0228,Genus_0456
genome_003653,Domain_01,Phylum_06,Class_019,Order_057,Family_0228,Genus_0456
genome_003654,Domain_01,Phylum_06,Class_019,Order_057,Family_0228,Genus_0456
genome_003655,Domain_01,Phylum_06,Class_019,Order_057,Family_0228,Genus_0456
genome_003656,Domain_01,Phylum_06,Class_019,Order_057,Family_0228,Genus_0457
genome_003657,Domain_01,Phylum_06,Class_019,Order_057,Family_0228,Genus_0457
genome_003658,Domain_01,Phylum_06,Class_019,Order_057,Family_0228,Genus_0457
genome_003659,Domain_01,Phylum_06,Class_019,Order_057,Family_0228,Genus_0457
genome_003660,Domain_01,Phylum_06,Class_019,Order_057,Family_0228,Genus_0457
genome_003661,Domain_01,Phylum_06,Class_019,Order_057,Family_0228,Genus_0457
genome_003662,Domain_01,Phylum_06,Class_019,Order_057,Family_0228,Genus_0457
genome_003663,Domain_01,Phylum_06,Class_019,Order_057,Family_0228,Genus_0457
genome_003664,Domain_01,Phylum_06,Class_019,Order_057,Family_0229,Genus_0458
genome_003665,Domain_01,Phylum_06,Class_019,Order_057,Family_0229,Genus_0458
genome_003666,Domain_01,Phylum_06,Class_019,Order_057,Family_0229,Genus_0458
genome_003667,Domain_01,Phylum_06,Class_019,Order_057,Family_0229,Genus_0458
genome_003668,Domain_01,Phylum_06,Class_019,Order_057,Family_0229,Genus_0458
genome_003669,Domain_01,Phylum_06,Class_019,Order_057,Family_0229,Genus_0458
genome_003670,Domain_01,Phylum_06,Class_019,Order_057,Family_0229,Genus_0458
genome_003671,Domain_01,Phylum_06,Class_019,Order_057,Family_0229,Genus_0458
genome_003672,Domain_01,Phylum_06,Class_019,Order_057,Family_0229,Genus_0459
genome_003673,Domain_01,Phylum_06,Class_019,Order_057,Family_0229,Genus_0459
genome_003674,Domain_01,Phylum_06,Class_019,Order_057,Family_0229,Genus_0459
genome_003675,Domain_01,Phylum_06,Class_019,Order_057,Family_0229,Genus_0459
genome_003676,Domain_01,Phylum_06,Class_019,Order_057,Family_0229,Genus_0459
genome_003677,Domain_01,Phylum_06,Class_019,Order_057,Family_0229,Genus_0459
genome_003678,Domain_01,Phylum_06,Class_019,Order_057,Family_0229,Genus_0459
genome_003679,Domain_01,Phylum_06,Class_019,Order_057,Family_0229,Genus_0459
genome_003680,Domain_01,Phylum_06,Class_019,Order_057,Family_0230,Genus_0460
genome_003681,Domain_01,Phylum_06,Class_019,Order_057,Family_0230,Genus_0460
genome_003682,Domain_01,Phylum_06,Class_019,Order_057,Family_0230,Genus_0460
genome_003683,Domain_01,Phylum_06,Class_019,Order_057,Family_0230,Genus_0460
genome_003684,Domain_01,Phylum_06,Class_019,Order_057,Family_0230,Genus_0460
genome_003685,Domain_01,Phylum_06,Class_019,Order_057,Family_0230,Genus_0460
genome_003686,Domain_01,Phylum_06,Class_019,Order_057,Family_0230,Genus_0460
genome_003687,Domain_01,Phylum_06,Class_019,Order_057,Family_0230,Genus_0460
genome_003688,Domain_01,Phylum_06,Class_019,Order_057,Family_0230,Genus_0461
genome_003689,Domain_01,Phylum_06,Class_019,Order_057,Family_0230,Genus_0461
genome_003690,Domain_01,Phylum_06,Class_019,Order_057,Family_0230,Genus_0461
genome_003691,Domain_01,Phylum_06,Class_019,Order_057,Family_0230,Genus_0461
genome_003692,Domain_01,Phylum_06,Class_019,Order_057,Family_0230,Genus_0461
genome_003693,Domain_01,Phylum_06,Class_019,Order_057,Family_0230,Genus_0461
genome_003694,Domain_01,Phylum_06,Class_019,Order_057,Family_0230,Genus_0461
genome_003695,Domain_01,Phylum_06,Class_019,Order_057,Family_0230,Genus_0461
genome_003696,Domain_01,Phylum_06,Class_019,Order_057,Family_0231,Genus_0462
genome_003697,Domain_01,Phylum_06,Class_019,Order_057,Family_0231,Genus_0462
genome_003698,Domain_01,Phylum_06,Class_019,Order_057,Family_0231,Genus_0462
genome_003699,Domain_01,Phylum_06,Class_019,Order_057,Family_0231,Genus_0462
genome_003700,Domain_01,Phylum_06,Class_019,Order_057,Family_0231,Genus_0462
genome_003701,Domain_01,Phylum_06,Class_019,Order_057,Family_0231,Genus_0462
genome_003702,Domain_01,Phylum_06,Class_019,Order_057,Family_0231,Genus_0462
genome_003703,Domain_01,Phylum_06,Class_019,Order_057,Family_0231,Genus_0462
genome_003704,Domain_01,Phylum_06,Class_019,Order_057,Family_0231,Genus_0463
genome_003705,Domain_01,Phylum_06,Class_019,Order_057,Family_0231,Genus_0463
genome_003706,Domain_01,Phylum_06,Class_019,Order_057,Family_0231,Genus_0463
genome_003707,Domain_01,Phylum_06,Class_019,Order_057,Family_0231,Genus_0463
genome_003708,Domain_01,Phylum_06,Class_019,Order_057,Family_0231,Genus_0463
genome_003709,Domain_01,Phylum_06,Class_019,Order_057,Family_0231,Genus_0463
genome_003710,Domain_01,Phylum_06,Class_019,Order_057,Family_0231,Genus_0463
genome_003711,Domain_01,Phylum_06,Class_019,Order_057,Family_0231,Genus_0463
genome_003712,Domain_01,Phylum_06,Class_019,Order_058,Family_0232,Genus_0464
genome_003713,Domain_01,Phylum_06,Class_019,Order_058,Family_0232,Genus_0464
genome_003714,Domain_01,Phylum_06,Class_019,Order_058,Family_0232,Genus_0464
genome_003715,Domain_01,Phylum_06,Class_019,Order_058,Family_0232,Genus_0464
genome_003716,Domain_01,Phylum_06,Class_019,Order_058,Family_0232,Genus_0464
genome_003717,Domain_01,Phylum_06,Class_019,Order_058,Family_0232,Genus_0464
genome_003718,Domain_01,Phylum_06,Class_019,Order_058,Family_0232,Genus_0464
genome_003719,Domain_01,Phylum_06,Class_019,Order_058,Family_0232,Genus_0464
genome_003720,Domain_01,Phylum_06,Class_019,Order_058,Family_0232,Genus_0465
genome_003721,Domain_01,Phylum_06,Class_019,Order_058,Family_0232,Genus_0465
genome_003722,Domain_01,Phylum_06,Class_019,Order_058,Family_0232,Genus_0465
genome_003723,Domain_01,Phylum_06,Class_019,Order_058,Family_0232,Genus_0465
genome_003724,Domain_01,Phylum_06,Class_019,Order_058,Family_0232,Genus_0465
genome_003725,Domain_01,Phylum_06,Class_019,Order_058,Family_0232,Genus_0465
genome_003726,Domain_01,Phylum_06,Class_019,Order_058,Family_0232,Genus_0465
genome_003727,Domain_01,Phylum_06,Class_019,Order_058,Family_0232,Genus_0465
genome_003728,Domain_01,Phylum_06,Class_019,Order_058,Family_0233,Genus_0466
genome_003729,Domain_01,Phylum_06,Class_019,Order_058,Family_0233,Genus_0466
genome_003730,Domain_01,Phylum_06,Class_019,Order_058,Family_0233,Genus_0466
genome_003731,Domain_01,Phylum_06,Class_019,Order_058,Family_0233,Genus_0466
genome_003732,Domain_01,Phylum_06,Class_019,Order_058,Family_0233,Genus_0466
genome_003733,Domain_01,Phylum_06,Class_019,Order_058,Family_0233,Genus_0466
genome_003734,Domain_01,Phylum_06,Class_019,Order_058,Family_0233,Genus_0466
genome_003735,Domain_01,Phylum_06,Class_019,Order_058,Family_0233,Genus_0466
genome_003736,Domain_01,Phylum_06,Class_019,Order_058,Family_0233,Genus_0467
genome_003737,Domain_01,Phylum_06,Class_019,Order_058,Family_0233,Genus_0467
genome_003738,Domain_01,Phylum_06,Class_019,Order_058,Family_0233,Genus_0467
genome_003739,Domain_01,Phylum_06,Class_019,Order_058,Family_0233,Genus_0467
genome_003740,Domain_01,Phylum_06,Class_019,Order_058,Family_0233,Genus_0467
genome_003741,Domain_01,Phylum_06,Class_019,Order_058,Family_0233,Genus_0467
genome_003742,Domain_01,Phylum_06,Class_019,Order_058,Family_0233,Genus_0467
genome_003743,Domain_01,Phylum_06,Class_019,Order_058,Family_0233,Genus_0467
genome_003744,Domain_01,Phylum_06,Class_019,Order_058,Family_0234,Genus_0468
genome_003745,Domain_01,Phylum_06,Class_019,Order_058,Family_0234,Genus_0468
genome_003746,Domain_01,Phylum_06,Class_019,Order_058,Family_0234,Genus_0468
genome_003747,Domain_01,Phylum_06,Class_019,Order_058,Family_0234,Genus_0468
genome_003748,Domain_01,Phylum_06,Class_019,Order_058,Family_0234,Genus_0468
genome_003749,Domain_01,Phylum_06,Class_019,Order_058,Family_0234,Genus_0468
genome_003750,Domain_01,Phylum_06,Class_019,Order_058,Family_0234,Genus_0468
genome_003751,Domain_01,Phylum_06,Class_019,Order_058,Family_0234,Genus_0468
genome_003752,Domain_01,Phylum_06,Class_019,Order_058,Family_0234,Genus_0469
genome_003753,Domain_01,Phylum_06,Class_019,Order_058,Family_0234,Genus_0469
genome_003754,Domain_01,Phylum_06,Class_019,Order_058,Family_0234,Genus_0469
genome_003755,Domain_01,Phylum_06,Class_019,Order_058,Family_0234,Genus_0469
genome_003756,Domain_01,Phylum_06,Class_019,Order_058,Family_0234,Genus_0469
genome_003757,Domain_01,Phylum_06,Class_019,Order_058,Family_0234,Genus_0469
genome_003758,Domain_01,Phylum_06,Class_019,Order_058,Family_0234,Genus_0469
genome_003759,Domain_01,Phylum_06,Class_019,Order_058,Family_0234,Genus_0469
genome_003760,Domain_01,Phylum_06,Class_019,Order_058,Family_0235,Genus_0470
genome_003761,Domain_01,Phylum_06,Class_019,Order_058,Family_0235,Genus_0470
genome_003762,Domain_01,Phylum_06,Class_019,Order_058,Family_0235,Genus_0470
genome_003763,Domain_01,Phylum_06,Class_019,Order_058,Family_0235,Genus_0470
genome_003764,Domain_01,Phylum_06,Class_019,Order_058,Family_0235,Genus_0470
genome_003765,Domain_01,Phylum_06,Class_019,Order_058,Family_0235,Genus_0470
genome_003766,Domain_01,Phylum_06,Class_019,Order_058,Family_0235,Genus_0470
genome_003767,Domain_01,Phylum_06,Class_019,Order_058,Family_0235,Genus_0470
genome_003768,Domain_01,Phylum_06,Class_019,Order_058,Family_0235,Genus_0471
genome_003769,Domain_01,Phylum_06,Class_019,Order_058,Family_0235,Genus_0471
genome_003770,Domain_01,Phylum_06,Class_019,Order_058,Family_0235,Genus_0471
genome_003771,Domain_01,Phylum_06,Class_019,Order_058,Family_0235,Genus_0471
genome_003772,Domain_01,Phylum_06,Class_019,Order_058,Family_0235,Genus_0471
genome_003773,Domain_01,Phylum_06,Class_019,Order_058,Family_0235,Genus_0471
genome_003774,Domain_01,Phylum_06,Class_019,Order_058,Family_0235,Genus_0471
genome_003775,Domain_01,Phylum_06,Class_019,Order_058,Family_0235,Genus_0471
genome_003776,Domain_01,Phylum_06,Class_019,Order_059,Family_0236,Genus_0472
genome_003777,Domain_01,Phylum_06,Class_019,Order_059,Family_0236,Genus_0472
genome_003778,Domain_01,Phylum_06,Class_019,Order_059,Family_0236,Genus_0472
genome_003779,Domain_01,Phylum_06,Class_019,Order_059,Family_0236,Genus_0472
genome_003780,Domain_01,Phylum_06,Class_019,Order_059,Family_0236,Genus_0472
genome_003781,Domain_01,Phylum_06,Class_019,Order_059,Family_0236,Genus_0472
genome_003782,Domain_01,Phylum_06,Class_019,Order_059,Family_0236,Genus_0472
genome_003783,Domain_01,Phylum_06,Class_019,Order_059,Family_0236,Genus_0472
genome_003784,Domain_01,Phylum_06,Class_019,Order_059,Family_0236,Genus_0473
genome_003785,Domain_01,Phylum_06,Class_019,Order_059,Family_0236,Genus_0473
genome_003786,Domain_01,Phylum_06,Class_019,Order_059,Family_0236,Genus_0473
genome_003787,Domain_01,Phylum_06,Class_019,Order_059,Family_0236,Genus_0473
genome_003788,Domain_01,Phylum_06,Class_019,Order_059,Family_0236,Genus_0473
genome_003789,Domain_01,Phylum_06,Class_019,Order_059,Family_0236,Genus_0473
genome_003790,Domain_01,Phylum_06,Class_019,Order_059,Family_0236,Genus_0473
genome_003791,Domain_01,Phylum_06,Class_019,Order_059,Family_0236,Genus_0473
genome_003792,Domain_01,Phylum_06,Class_019,Order_059,Family_0237,Genus_0474
genome_003793,Domain_01,Phylum_06,Class_019,Order_059,Family_0237,Genus_0474
genome_003794,Domain_01,Phylum_06,Class_019,Order_059,Family_0237,Genus_0474
genome_003795,Domain_01,Phylum_06,Class_019,Order_059,Family_0237,Genus_0474
genome_003796,Domain_01,Phylum_06,Class_019,Order_059,Family_0237,Genus_0474
genome_003797,Domain_01,Phylum_06,Class_019,Order_059,Family_0237,Genus_0474
genome_003798,Domain_01,Phylum_06,Class_019,Order_059,Family_0237,Genus_0474
genome_003799,Domain_01,Phylum_06,Class_019,Order_059,Family_0237,Genus_0474
genome_003800,Domain_01,Phylum_06,Class_019,Order_059,Family_0237,Genus_0475
genome_003801,Domain_01,Phylum_06,Class_019,Order_059,Family_0237,Genus_0475
genome_003802,Domain_01,Phylum_06,Class_019,Order_059,Family_0237,Genus_0475
genome_003803,Domain_01,Phylum_06,Class_019,Order_059,Family_0237,Genus_0475
genome_003804,Domain_01,Phylum_06,Class_019,Order_059,Family_0237,Genus_0475
genome_003805,Domain_01,Phylum_06,Class_019,Order_059,Family_0237,Genus_0475
genome_003806,Domain_01,Phylum_06,Class_019,Order_059,Family_0237,Genus_0475
genome_003807,Domain_01,Phylum_06,Class_019,Order_059,Family_0237,Genus_0475
genome_003808,Domain_01,Phylum_06,Class_019,Order_059,Family_0238,Genus_0476
genome_003809,Domain_01,Phylum_06,Class_019,Order_059,Family_0238,Genus_0476
genome_003810,Domain_01,Phylum_06,Class_019,Order_059,Family_0238,Genus_0476
genome_003811,Domain_01,Phylum_06,Class_019,Order_059,Family_0238,Genus_0476
genome_003812,Domain_01,Phylum_06,Class_019,Order_059,Family_0238,Genus_0476
genome_003813,Domain_01,Phylum_06,Class_019,Order_059,Family_0238,Genus_0476
genome_003814,Domain_01,Phylum_06,Class_019,Order_059,Family_0238,Genus_0476
genome_003815,Domain_01,Phylum_06,Class_019,Order_059,Family_0238,Genus_0476
genome_003816,Domain_01,Phylum_06,Class_019,Order_059,Family_0238,Genus_0477
genome_003817,Domain_01,Phylum_06,Class_019,Order_059,Family_0238,Genus_0477
genome_003818,Domain_01,Phylum_06,Class_019,Order_059,Family_0238,Genus_0477
genome_003819,Domain_01,Phylum_06,Class_019,Order_059,Family_0238,Genus_0477
genome_003820,Domain_01,Phylum_06,Class_019,Order_059,Family_0238,Genus_0477
genome_003821,Domain_01,Phylum_06,Class_019,Order_059,Family_0238,Genus_0477
genome_003822,Domain_01,Phylum_06,Class_019,Order_059,Family_0238,Genus_0477
genome_003823,Domain_01,Phylum_06,Class_019,Order_059,Family_0238,Genus_0477
genome_003824,Domain_01,Phylum_06,Class_019,Order_059,Family_0239,Genus_0478
genome_003825,Domain_01,Phylum_06,Class_019,Order_059,Family_0239,Genus_0478
genome_003826,Domain_01,Phylum_06,Class_019,Order_059,Family_0239,Genus_0478
genome_003827,Domain_01,Phylum_06,Class_019,Order_059,Family_0239,Genus_0478
genome_003828,Domain_01,Phylum_06,Class_019,Order_059,Family_0239,Genus_0478
genome_003829,Domain_01,Phylum_06,Class_019,Order_059,Family_0239,Genus_0478
genome_003830,Domain_01,Phylum_06,Class_019,Order_059,Family_0239,Genus_0478
genome_003831,Domain_01,Phylum_06,Class_019,Order_059,Family_0239,Genus_0478
genome_003832,Domain_01,Phylum_06,Class_019,Order_059,Family_0239,Genus_0479
genome_003833,Domain_01,Phylum_06,Class_019,Order_059,Family_0239,Genus_0479
genome_003834,Domain_01,Phylum_06,Class_019,Order_059,Family_0239,Genus_0479
genome_003835,Domain_01,Phylum_06,Class_019,Order_059,Family_0239,Genus_0479
genome_003836,Domain_01,Phylum_06,Class_019,Order_059,Family_0239,Genus_0479
genome_003837,Domain_01,Phylum_06,Class_019,Order_059,Family_0239,Genus_0479
genome_003838,Domain_01,Phylum_06,Class_019,Order_059,Family_0239,Genus_0479
genome_003839,Domain_01,Phylum_06,Class_019,Order_059,Family_0239,Genus_0479
genome_003840,Domain_01,Phylum_06,Class_020,Order_060,Family_0240,Genus_0480
genome_003841,Domain_01,Phylum_06,Class_020,Order_060,Family_0240,Genus_0480
genome_003842,Domain_01,Phylum_06,Class_020,Order_060,Family_0240,Genus_0480
genome_003843,Domain_01,Phylum_06,Class_020,Order_060,Family_0240,Genus_0480
genome_003844,Domain_01,Phylum_06,Class_020,Order_060,Family_0240,Genus_0480
genome_003845,Domain_01,Phylum_06,Class_020,Order_060,Family_0240,Genus_0480
genome_003846,Domain_01,Phylum_06,Class_020,Order_060,Family_0240,Genus_0480
genome_003847,Domain_01,Phylum_06,Class_020,Order_060,Family_0240,Genus_0480
genome_003848,Domain_01,Phylum_06,Class_020,Order_060,Family_0240,Genus_0481
genome_003849,Domain_01,Phylum_06,Class_020,Order_060,Family_0240,Genus_0481
genome_003850,Domain_01,Phylum_06,Class_020,Order_060,Family_0240,Genus_0481
genome_003851,Domain_01,Phylum_06,Class_020,Order_060,Family_0240,Genus_0481
genome_003852,Domain_01,Phylum_06,Class_020,Order_060,Family_0240,Genus_0481
genome_003853,Domain_01,Phylum_06,Class_020,Order_060,Family_0240,Genus_0481
genome_003854,Domain_01,Phylum_06,Class_020,Order_060,Family_0240,Genus_0481
genome_003855,Domain_01,Phylum_06,Class_020,Order_060,Family_0240,Genus_0481
genome_003856,Domain_01,Phylum_06,Class_020,Order_060,Family_0241,Genus_0482
genome_003857,Domain_01,Phylum_06,Class_020,Order_060,Family_0241,Genus_0482
genome_003858,Domain_01,Phylum_06,Class_020,Order_060,Family_0241,Genus_0482
genome_003859,Domain_01,Phylum_06,Class_020,Order_060,Family_0241,Genus_0482
genome_003860,Domain_01,Phylum_06,Class_020,Order_060,Family_0241,Genus_0482
genome_003861,Domain_01,Phylum_06,Class_020,Order_060,Family_0241,Genus_0482
genome_003862,Domain_01,Phylum_06,Class_020,Order_060,Family_0241,Genus_0482
genome_003863,Domain_01,Phylum_06,Class_020,Order_060,Family_0241,Genus_0482
genome_003864,Domain_01,Phylum_06,Class_020,Order_060,Family_0241,Genus_0483
genome_003865,Domain_01,Phylum_06,Class_020,Order_060,Family_0241,Genus_0483
genome_003866,Domain_01,Phylum_06,Class_020,Order_060,Family_0241,Genus_0483
genome_003867,Domain_01,Phylum_06,Class_020,Order_060,Family_0241,Genus_0483
genome_003868,Domain_01,Phylum_06,Class_020,Order_060,Family_0241,Genus_0483
genome_003869,Domain_01,Phylum_06,Class_020,Order_060,Family_0241,Genus_0483
genome_003870,Domain_01,Phylum_06,Class_020,Order_060,Family_0241,Genus_0483
genome_003871,Domain_01,Phylum_06,Class_020,Order_060,Family_0241,Genus_0483
genome_003872,Domain_01,Phylum_06,Class_020,Order_060,Family_0242,Genus_0484
genome_003873,Domain_01,Phylum_06,Class_020,Order_060,Family_0242,Genus_0484
genome_003874,Domain_01,Phylum_06,Class_020,Order_060,Family_0242,Genus_0484
genome_003875,Domain_01,Phylum_06,Class_020,Order_060,Family_0242,Genus_0484
genome_003876,Domain_01,Phylum_06,Class_020,Order_060,Family_0242,Genus_0484
genome_003877,Domain_01,Phylum_06,Class_020,Order_060,Family_0242,Genus_0484
genome_003878,Domain_01,Phylum_06,Class_020,Order_060,Family_0242,Genus_0484
genome_003879,Domain_01,Phylum_06,Class_020,Order_060,Family_0242,Genus_0484
genome_003880,Domain_01,Phylum_06,Class_020,Order_060,Family_0242,Genus_0485
genome_003881,Domain_01,Phylum_06,Class_020,Order_060,Family_0242,Genus_0485
genome_003882,Domain_01,Phylum_06,Class_020,Order_060,Family_0242,Genus_0485
genome_003883,Domain_01,Phylum_06,Class_020,Order_060,Family_0242,Genus_0485
genome_003884,Domain_01,Phylum_06,Class_020,Order_060,Family_0242,Genus_0485
genome_003885,Domain_01,Phylum_06,Class_020,Order_060,Family_0242,Genus_0485
genome_003886,Domain_01,Phylum_06,Class_020,Order_060,Family_0242,Genus_0485
genome_003887,Domain_01,Phylum_06,Class_020,Order_060,Family_0242,Genus_0485
genome_003888,Domain_01,Phylum_06,Class_020,Order_060,Family_0243,Genus_0486
genome_003889,Domain_01,Phylum_06,Class_020,Order_060,Family_0243,Genus_0486
genome_003890,Domain_01,Phylum_06,Class_020,Order_060,Family_0243,Genus_0486
genome_003891,Domain_01,Phylum_06,Class_020,Order_060,Family_0243,Genus_0486
genome_003892,Domain_01,Phylum_06,Class_020,Order_060,Family_0243,Genus_0486
genome_003893,Domain_01,Phylum_06,Class_020,Order_060,Family_0243,Genus_0486
genome_003894,Domain_01,Phylum_06,Class_020,Order_060,Family_0243,Genus_0486
genome_003895,Domain_01,Phylum_06,Class_020,Order_060,Family_0243,Genus_0486
genome_003896,Domain_01,Phylum_06,Class_020,Order_060,Family_0243,Genus_0487
genome_003897,Domain_01,Phylum_06,Class_020,Order_060,Family_0243,Genus_0487
genome_003898,Domain_01,Phylum_06,Class_020,Order_060,Family_0243,Genus_0487
genome_003899,Domain_01,Phylum_06,Class_020,Order_060,Family_0243,Genus_0487
genome_003900,Domain_01,Phylum_06,Class_020,Order_060,Family_0243,Genus_0487
genome_003901,Domain_01,Phylum_06,Class_020,Order_060,Family_0243,Genus_0487
genome_003902,Domain_01,Phylum_06,Class_020,Order_060,Family_0243,Genus_0487
genome_003903,Domain_01,Phylum_06,Class_020,Order_060,Family_0243,Genus_0487
genome_003904,Domain_01,Phylum_06,Class_020,Order_061,Family_0244,Genus_0488
genome_003905,Domain_01,Phylum_06,Class_020,Order_061,Family_0244,Genus_0488
genome_003906,Domain_01,Phylum_06,Class_020,Order_061,Family_0244,Genus_0488
genome_003907,Domain_01,Phylum_06,Class_020,Order_061,Family_0244,Genus_0488
genome_003908,Domain_01,Phylum_06,Class_020,Order_061,Family_0244,Genus_0488
genome_003909,Domain_01,Phylum_06,Class_020,Order_061,Family_0244,Genus_0488
genome_003910,Domain_01,Phylum_06,Class_020,Order_061,Family_0244,Genus_0488
genome_003911,Domain_01,Phylum_06,Class_020,Order_061,Family_0244,Genus_0488
genome_003912,Domain_01,Phylum_06,Class_020,Order_061,Family_0244,Genus_0489
genome_003913,Domain_01,Phylum_06,Class_020,Order_061,Family_0244,Genus_0489
genome_003914,Domain_01,Phylum_06,Class_020,Order_061,Family_0244,Genus_0489
genome_003915,Domain_01,Phylum_06,Class_020,Order_061,Family_0244,Genus_0489
genome_003916,Domain_01,Phylum_06,Class_020,Order_061,Family_0244,Genus_0489
genome_003917,Domain_01,Phylum_06,Class_020,Order_061,Family_0244,Genus_0489
genome_003918,Domain_01,Phylum_06,Class_020,Order_061,Family_0244,Genus_0489
genome_003919,Domain_01,Phylum_06,Class_020,Order_061,Family_0244,Genus_0489
genome_003920,Domain_01,Phylum_06,Class_020,Order_061,Family_0245,Genus_0490
genome_003921,Domain_01,Phylum_06,Class_020,Order_061,Family_0245,Genus_0490
genome_003922,Domain_01,Phylum_06,Class_020,Order_061,Family_0245,Genus_0490
genome_003923,Domain_01,Phylum_06,Class_020,Order_061,Family_0245,Genus_0490
genome_003924,Domain_01,Phylum_06,Class_020,Order_061,Family_0245,Genus_0490
genome_003925,Domain_01,Phylum_06,Class_020,Order_061,Family_0245,Genus_0490
genome_003926,Domain_01,Phylum_06,Class_020,Order_061,Family_0245,Genus_0490
genome_003927,Domain_01,Phylum_06,Class_020,Order_061,Family_0245,Genus_0490
genome_003928,Domain_01,Phylum_06,Class_020,Order_061,Family_0245,Genus_0491
genome_003929,Domain_01,Phylum_06,Class_020,Order_061,Family_0245,Genus_0491
genome_003930,Domain_01,Phylum_06,Class_020,Order_061,Family_0245,Genus_0491
genome_003931,Domain_01,Phylum_06,Class_020,Order_061,Family_0245,Genus_0491
genome_003932,Domain_01,Phylum_06,Class_020,Order_061,Family_0245,Genus_0491
genome_003933,Domain_01,Phylum_06,Class_020,Order_061,Family_0245,Genus_0491
genome_003934,Domain_01,Phylum_06,Class_020,Order_061,Family_0245,Genus_0491
genome_003935,Domain_01,Phylum_06,Class_020,Order_061,Family_0245,Genus_0491
genome_003936,Domain_01,Phylum_06,Class_020,Order_061,Family_0246,Genus_0492
genome_003937,Domain_01,Phylum_06,Class_020,Order_061,Family_0246,Genus_0492
genome_003938,Domain_01,Phylum_06,Class_020,Order_061,Family_0246,Genus_0492
genome_003939,Domain_01,Phylum_06,Class_020,Order_061,Family_0246,Genus_0492
genome_003940,Domain_01,Phylum_06,Class_020,Order_061,Family_0246,Genus_0492
genome_003941,Domain_01,Phylum_06,Class_020,Order_061,Family_0246,Genus_0492
genome_003942,Domain_01,Phylum_06,Class_020,Order_061,Family_0246,Genus_0492
genome_003943,Domain_01,Phylum_06,Class_020,Order_061,Family_0246,Genus_0492
genome_003944,Domain_01,Phylum_06,Class_020,Order_061,Family_0246,Genus_0493
genome_003945,Domain_01,Phylum_06,Class_020,Order_061,Family_0246,Genus_0493
genome_003946,Domain_01,Phylum_06,Class_020,Order_061,Family_0246,Genus_0493
genome_003947,Domain_01,Phylum_06,Class_020,Order_061,Family_0246,Genus_0493
genome_003948,Domain_01,Phylum_06,Class_020,Order_061,Family_0246,Genus_0493
genome_003949,Domain_01,Phylum_06,Class_020,Order_061,Family_0246,Genus_0493
genome_003950,Domain_01,Phylum_06,Class_020,Order_061,Family_0246,Genus_0493
genome_003951,Domain_01,Phylum_06,Class_020,Order_061,Family_0246,Genus_0493
genome_003952,Domain_01,Phylum_06,Class_020,Order_061,Family_0247,Genus_0494
genome_003953,Domain_01,Phylum_06,Class_020,Order_061,Family_0247,Genus_0494
genome_003954,Domain_01,Phylum_06,Class_020,Order_061,Family_0247,Genus_0494
genome_003955,Domain_01,Phylum_06,Class_020,Order_061,Family_0247,Genus_0494
genome_003956,Domain_01,Phylum_06,Class_020,Order_061,Family_0247,Genus_0494
genome_003957,Domain_01,Phylum_06,Class_020,Order_061,Family_0247,Genus_0494
genome_003958,Domain_01,Phylum_06,Class_020,Order_061,Family_0247,Genus_0494
genome_003959,Domain_01,Phylum_06,Class_020,Order_061,Family_0247,Genus_0494
genome_003960,Domain_01,Phylum_06,Class_020,Order_061,Family_0247,Genus_0495
genome_003961,Domain_01,Phylum_06,Class_020,Order_061,Family_0247,Genus_0495
genome_003962,Domain_01,Phylum_06,Class_020,Order_061,Family_0247,Genus_0495
genome_003963,Domain_01,Phylum_06,Class_020,Order_061,Family_0247,Genus_0495
genome_003964,Domain_01,Phylum_06,Class_020,Order_061,Family_0247,Genus_0495
genome_003965,Domain_01,Phylum_06,Class_020,Order_061,Family_0247,Genus_0495
genome_003966,Domain_01,Phylum_06,Class_020,Order_061,Family_0247,Genus_0495
genome_003967,Domain_01,Phylum_06,Class_020,Order_061,Family_0247,Genus_0495
genome_003968,Domain_01,Phylum_06,Class_020,Order_062,Family_0248,Genus_0496
genome_003969,Domain_01,Phylum_06,Class_020,Order_062,Family_0248,Genus_0496
genome_003970,Domain_01,Phylum_06,Class_020,Order_062,Family_0248,Genus_0496
genome_003971,Domain_01,Phylum_06,Class_020,Order_062,Family_0248,Genus_0496
genome_003972,Domain_01,Phylum_06,Class_020,Order_062,Family_0248,Genus_0496
genome_003973,Domain_01,Phylum_06,Class_020,Order_062,Family_0248,Genus_0496
genome_003974,Domain_01,Phylum_06,Class_020,Order_062,Family_0248,Genus_0496
genome_003975,Domain_01,Phylum_06,Class_020,Order_062,Family_0248,Genus_0496
genome_003976,Domain_01,Phylum_06,Class_020,Order_062,Family_0248,Genus_0497
genome_003977,Domain_01,Phylum_06,Class_020,Order_062,Family_0248,Genus_0497
genome_003978,Domain_01,Phylum_06,Class_020,Order_062,Family_0248,Genus_0497
genome_003979,Domain_01,Phylum_06,Class_020,Order_062,Family_0248,Genus_0497
genome_003980,Domain_01,Phylum_06,Class_020,Order_062,Family_0248,Genus_0497
genome_003981,Domain_01,Phylum_06,Class_020,Order_062,Family_0248,Genus_0497
genome_003982,Domain_01,Phylum_06,Class_020,Order_062,Family_0248,Genus_0497
genome_003983,Domain_01,Phylum_06,Class_020,Order_062,Family_0248,Genus_0497
genome_003984,Domain_01,Phylum_06,Class_020,Order_062,Family_0249,Genus_0498
genome_003985,Domain_01,Phylum_06,Class_020,Order_062,Family_0249,Genus_0498
genome_003986,Domain_01,Phylum_06,Class_020,Order_062,Family_0249,Genus_0498
genome_003987,Domain_01,Phylum_06,Class_020,Order_062,Family_0249,Genus_0498
genome_003988,Domain_01,Phylum_06,Class_020,Order_062,Family_0249,Genus_0498
genome_003989,Domain_01,Phylum_06,Class_020,Order_062,Family_0249,Genus_0498
genome_003990,Domain_01,Phylum_06,Class_020,Order_062,Family_0249,Genus_0498
genome_003991,Domain_01,Phylum_06,Class_020,Order_062,Family_0249,Genus_0498
genome_003992,Domain_01,Phylum_06,Class_020,Order_062,Family_0249,Genus_0499
genome_003993,Domain_01,Phylum_06,Class_020,Order_062,Family_0249,Genus_0499
genome_003994,Domain_01,Phylum_06,Class_020,Order_062,Family_0249,Genus_0499
genome_003995,Domain_01,Phylum_06,Class_020,Order_062,Family_0249,Genus_0499
genome_003996,Domain_01,Phylum_06,Class_020,Order_062,Family_0249,Genus_0499
genome_003997,Domain_01,Phylum_06,Class_020,Order_062,Family_0249,Genus_0499
genome_003998,Domain_01,Phylum_06,Class_020,Order_062,Family_0249,Genus_0499
genome_003999,Domain_01,Phylum_06,Class_020,Order_062,Family_0249,Genus_0499
genome_004000,Domain_01,Phylum_06,Class_020,Order_062,Family_0250,Genus_0500
genome_004001,Domain_01,Phylum_06,Class_020,Order_062,Family_0250,Genus_0500
genome_004002,Domain_01,Phylum_06,Class_020,Order_062,Family_0250,Genus_0500
genome_004003,Domain_01,Phylum_06,Class_020,Order_062,Family_0250,Genus_0500
genome_004004,Domain_01,Phylum_06,Class_020,Order_062,Family_0250,Genus_0500
genome_004005,Domain_01,Phylum_06,Class_020,Order_062,Family_0250,Genus_0500
genome_004006,Domain_01,Phylum_06,Class_020,Order_062,Family_0250,Genus_0500
genome_004007,Domain_01,Phylum_06,Class_020,Order_062,Family_0250,Genus_0500
genome_004008,Domain_01,Phylum_06,Class_020,Order_062,Family_0250,Genus_0501
genome_004009,Domain_01,Phylum_06,Class_020,Order_062,Family_0250,Genus_0501
genome_004010,Domain_01,Phylum_06,Class_020,Order_062,Family_0250,Genus_0501
genome_004011,Domain_01,Phylum_06,Class_020,Order_062,Family_0250,Genus_0501
genome_004012,Domain_01,Phylum_06,Class_020,Order_062,Family_0250,Genus_0501
genome_004013,Domain_01,Phylum_06,Class_020,Order_062,Family_0250,Genus_0501
genome_004014,Domain_01,Phylum_06,Class_020,Order_062,Family_0250,Genus_0501
genome_004015,Domain_01,Phylum_06,Class_020,Order_062,Family_0250,Genus_0501
genome_004016,Domain_01,Phylum_06,Class_020,Order_062,Family_0251,Genus_0502
genome_004017,Domain_01,Phylum_06,Class_020,Order_062,Family_0251,Genus_0502
genome_004018,Domain_01,Phylum_06,Class_020,Order_062,Family_0251,Genus_0502
genome_004019,Domain_01,Phylum_06,Class_020,Order_062,Family_0251,Genus_0502
genome_004020,Domain_01,Phylum_06,Class_020,Order_062,Family_0251,Genus_0502
genome_004021,Domain_01,Phylum_06,Class_020,Order_062,Family_0251,Genus_0502
genome_004022,Domain_01,Phylum_06,Class_020,Order_062,Family_0251,Genus_0502
genome_004023,Domain_01,Phylum_06,Class_020,Order_062,Family_0251,Genus_0502
genome_004024,Domain_01,Phylum_06,Class_020,Order_062,Family_0251,Genus_0503
genome_004025,Domain_01,Phylum_06,Class_020,Order_062,Family_0251,Genus_0503
genome_004026,Domain_01,Phylum_06,Class_020,Order_062,Family_0251,Genus_0503
genome_004027,Domain_01,Phylum_06,Class_020,Order_062,Family_0251,Genus_0503
genome_004028,Domain_01,Phylum_06,Class_020,Order_062,Family_0251,Genus_0503
genome_004029,Domain_01,Phylum_06,Class_020,Order_062,Family_0251,Genus_0503
genome_004030,Domain_01,Phylum_06,Class_020,Order_062,Family_0251,Genus_0503
genome_004031,Domain_01,Phylum_06,Class_020,Order_062,Family_0251,Genus_0503
genome_004032,Domain_01,Phylum_07,Class_021,Order_063,Family_0252,Genus_0504
genome_004033,Domain_01,Phylum_07,Class_021,Order_063,Family_0252,Genus_0504
genome_004034,Domain_01,Phylum_07,Class_021,Order_063,Family_0252,Genus_0504
genome_004035,Domain_01,Phylum_07,Class_021,Order_063,Family_0252,Genus_0504
genome_004036,Domain_01,Phylum_07,Class_021,Order_063,Family_0252,Genus_0504
genome_004037,Domain_01,Phylum_07,Class_021,Order_063,Family_0252,Genus_0504
genome_004038,Domain_01,Phylum_07,Class_021,Order_063,Family_0252,Genus_0504
genome_004039,Domain_01,Phylum_07,Class_021,Order_063,Family_0252,Genus_0504
genome_004040,Domain_01,Phylum_07,Class_021,Order_063,Family_0252,Genus_0505
genome_004041,Domain_01,Phylum_07,Class_021,Order_063,Family_0252,Genus_0505
genome_004042,Domain_01,Phylum_07,Class_021,Order_063,Family_0252,Genus_0505
genome_004043,Domain_01,Phylum_07,Class_021,Order_063,Family_0252,Genus_0505
genome_004044,Domain_01,Phylum_07,Class_021,Order_063,Family_0252,Genus_0505
genome_004045,Domain_01,Phylum_07,Class_021,Order_063,Family_0252,Genus_0505
genome_004046,Domain_01,Phylum_07,Class_021,Order_063,Family_0252,Genus_0505
genome_004047,Domain_01,Phylum_07,Class_021,Order_063,Family_0252,Genus_0505
genome_004048,Domain_01,Phylum_07,Class_021,Order_063,Family_0253,Genus_0506
genome_004049,Domain_01,Phylum_07,Class_021,Order_063,Family_0253,Genus_0506
genome_004050,Domain_01,Phylum_07,Class_021,Order_063,Family_0253,Genus_0506
genome_004051,Domain_01,Phylum_07,Class_021,Order_063,Family_0253,Genus_0506
genome_004052,Domain_01,Phylum_07,Class_021,Order_063,Family_0253,Genus_0506
genome_004053,Domain_01,Phylum_07,Class_021,Order_063,Family_0253,Genus_0506
genome_004054,Domain_01,Phylum_07,Class_021,Order_063,Family_0253,Genus_0506
genome_004055,Domain_01,Phylum_07,Class_021,Order_063,Family_0253,Genus_0506
genome_004056,Domain_01,Phylum_07,Class_021,Order_063,Family_0253,Genus_0507
genome_004057,Domain_01,Phylum_07,Class_021,Order_063,Family_0253,Genus_0507
genome_004058,Domain_01,Phylum_07,Class_021,Order_063,Family_0253,Genus_0507
genome_004059,Domain_01,Phylum_07,Class_021,Order_063,Family_0253,Genus_0507
genome_004060,Domain_01,Phylum_07,Class_021,Order_063,Family_0253,Genus_0507
genome_004061,Domain_01,Phylum_07,Class_021,Order_063,Family_0253,Genus_0507
genome_004062,Domain_01,Phylum_07,Class_021,Order_063,Family_0253,Genus_0507
genome_004063,Domain_01,Phylum_07,Class_021,Order_063,Family_0253,Genus_0507
genome_004064,Domain_01,Phylum_07,Class_021,Order_063,Family_0254,Genus_0508
genome_004065,Domain_01,Phylum_07,Class_021,Order_063,Family_0254,Genus_0508
genome_004066,Domain_01,Phylum_07,Class_021,Order_063,Family_0254,Genus_0508
genome_004067,Domain_01,Phylum_07,Class_021,Order_063,Family_0254,Genus_0508
genome_004068,Domain_01,Phylum_07,Class_021,Order_063,Family_0254,Genus_0508
genome_004069,Domain_01,Phylum_07,Class_021,Order_063,Family_0254,Genus_0508
genome_004070,Domain_01,Phylum_07,Class_021,Order_063,Family_0254,Genus_0508
genome_004071,Domain_01,Phylum_07,Class_021,Order_063,Family_0254,Genus_0508
genome_004072,Domain_01,Phylum_07,Class_021,Order_063,Family_0254,Genus_0509
genome_004073,Domain_01,Phylum_07,Class_021,Order_063,Family_0254,Genus_0509
genome_004074,Domain_01,Phylum_07,Class_021,Order_063,Family_0254,Genus_0509
genome_004075,Domain_01,Phylum_07,Class_021,Order_063,Family_0254,Genus_0509
genome_004076,Domain_01,Phylum_07,Class_021,Order_063,Family_0254,Genus_0509
genome_004077,Domain_01,Phylum_07,Class_021,Order_063,Family_0254,Genus_0509
genome_004078,Domain_01,Phylum_07,Class_021,Order_063,Family_0254,Genus_0509
genome_004079,Domain_01,Phylum_07,Class_021,Order_063,Family_0254,Genus_0509
genome_004080,Domain_01,Phylum_07,Class_021,Order_063,Family_0255,Genus_0510
genome_004081,Domain_01,Phylum_07,Class_021,Order_063,Family_0255,Genus_0510
genome_004082,Domain_01,Phylum_07,Class_021,Order_063,Family_0255,Genus_0510
genome_004083,Domain_01,Phylum_07,Class_021,Order_063,Family_0255,Genus_0510
genome_004084,Domain_01,Phylum_07,Class_021,Order_063,Family_0255,Genus_0510
genome_004085,Domain_01,Phylum_07,Class_021,Order_063,Family_0255,Genus_0510
genome_004086,Domain_01,Phylum_07,Class_021,Order_063,Family_0255,Genus_0510
genome_004087,Domain_01,Phylum_07,Class_021,Order_063,Family_0255,Genus_0510
genome_004088,Domain_01,Phylum_07,Class_021,Order_063,Family_0255,Genus_0511
genome_004089,Domain_01,Phylum_07,Class_021,Order_063,Family_0255,Genus_0511
genome_004090,Domain_01,Phylum_07,Class_021,Order_063,Family_0255,Genus_0511
genome_004091,Domain_01,Phylum_07,Class_021,Order_063,Family_0255,Genus_0511
genome_004092,Domain_01,Phylum_07,Class_021,Order_063,Family_0255,Genus_0511
genome_004093,Domain_01,Phylum_07,Class_021,Order_063,Family_0255,Genus_0511
genome_004094,Domain_01,Phylum_07,Class_021,Order_063,Family_0255,Genus_0511
genome_004095,Domain_01,Phylum_07,Class_021,Order_063,Family_0255,Genus_0511
