id,trait_000,trait_001,trait_002,trait_003,trait_004,trait_005,trait_006,trait_007,trait_008,trait_009,trait_010,trait_011,trait_012,trait_013,trait_014,trait_015,trait_016,trait_017,trait_018,trait_019
genome_000000,0,1,0,0,0,0,0,0,0,1,0,0,1,0,0,0,0,0,0,1
genome_000001,0,0,0,0,0,0,0,0,0,0,0,0,0,0,0,0,0,0,0,0
genome_000002,0,1,0,0,1,0,0,0,0,0,0,0,0,0,0,0,0,0,0,0
genome_000003,0,0,0,0,0,0,0,1,0,0,0,0,0,0,0,0,0,0,0,0
genome_000004,0,0,0,0,0,0,0,0,1,1,1,0,0,0,1,0,0,0,0,0
genome_000005,1,0,0,0,0,0,1,0,0,0,0,0,0,0,0,0,0,0,0,1
genome_000006,0,0,0,0,1,0,1,0,0,0,0,1,0,0,1,0,1,0,0,1
genome_000007,0,0,0,0,0,0,0,0,0,0,0,0,0,0,0,0,0,0,0,0
genome_000008,1,0,0,0,0,1,0,0,0,0,0,0,0,0,0,0,0,0,0,0
genome_000009,0,0,0,1,0,0,0,0,0,0,0,0,0,0,0,0,0,1,0,0
genome_000010,0,0,0,0,0,0,0,1,0,0,0,0,0,0,0,0,0,0,0,0
genome_000011,0,0,0,0,1,0,0,0,0,0,1,0,0,0,0,1,0,0,0,0
genome_000012,0,0,0,0,0,0,0,0,0,0,0,0,1,0,0,0,1,0,0,0
genome_000013,0,0,0,1,0,0,0,0,0,1,0,0,0,0,1,1,1,0,0,0
genome_000014,0,0,0,0,0,0,0,0,0,0,1,0,0,0,0,0,0,1,0,0
genome_000015,0,0,0,0,0,0,0,0,0,0,0,0,0,0,0,0,0,0,0,0
genome_000016,0,0,0,0,1,0,0,0,0,0,0,0,0,0,0,0,0,0,0,0
genome_000017,0,0,1,0,0,0,0,0,0,0,0,0,0,1,0,0,0,0,1,0
genome_000018,0,0,0,0,0,0,0,0,1,0,0,0,0,0,0,1,0,0,0,0
genome_000019,0,0,0,0,0,0,1,0,0,0,0,0,0,0,1,0,0,0,0,0
genome_000020,0,0,0,0,0,1,1,0,0,0,0,0,0,0,1,1,0,0,0,1
genome_000021,0,0,0,0,0,0,0,1,0,0,0,0,0,0,0,0,0,0,0,0
genome_000022,0,0,0,0,0,0,0,0,0,0,0,0,0,0,0,0,0,0,0,0
genome_000023,1,0,0,0,0,0,0,0,0,1,0,0,0,0,0,0,0,0,0,0
genome_000024,0,1,0,0,0,0,0,0,0,0,0,0,0,1,0,0,0,0,0,0
genome_000025,0,1,0,0,1,0,1,0,1,0,0,0,0,0,0,0,0,1,1,0
genome_000026,0,0,0,0,0,0,0,0,1,1,1,0,0,0,0,0,1,0,0,1
genome_000027,0,0,1,1,0,0,0,0,0,1,0,0,1,0,0,0,1,0,0,0
genome_000028,0,0,0,0,0,0,0,0,0,0,0,0,0,0,0,0,0,0,0,0
genome_000029,0,0,0,0,0,0,0,0,0,1,0,0,0,0,0,0,0,0,1,0
genome_000030,1,0,0,0,0,0,0,0,1,0,0,0,0,0,0,0,0,0,0,0
genome_000031,0,1,0,1,0,0,0,0,0,0,0,0,0,1,0,0,0,1,0,0
genome_000032,0,0,0,1,0,0,0,0,0,0,0,1,0,0,0,0,1,0,1,1
genome_000033,0,0,0,1,0,0,0,0,0,0,0,0,0,0,0,0,0,0,0,0
genome_000034,0,1,1,1,1,0,0,0,0,0,0,0,0,0,0,0,0,0,0,0
genome_000035,0,0,0,0,0,0,0,0,0,0,0,0,0,0,0,0,1,0,0,0
genome_000036,0,0,0,0,0,0,0,0,1,0,0,0,0,0,0,0,0,0,0,0
genome_000037,0,0,0,0,0,0,0,0,0,0,0,0,0,0,0,0,0,0,0,0
genome_000038,0,0,0,0,0,0,0,0,1,0,0,0,0,0,0,1,0,0,0,1
genome_000039,0,0,0,0,0,0,0,0,0,0,0,0,0,0,0,0,0,0,0,0
genome_000040,0,0,0,0,0,1,0,0,0,0,0,0,0,0,0,0,0,1,0,0
genome_000041,0,0,0,0,0,0,1,0,0,0,0,0,0,0,0,0,0,1,0,0
genome_000042,0,0,0,0,0,0,0,0,0,0,0,1,0,0,0,0,0,0,0,0
genome_000043,0,0,0,0,1,0,0,0,0,0,0,0,0,0,0,0,0,0,0,0
genome_000044,0,0,1,0,0,0,0,0,0,0,0,0,0,0,0,0,0,0,0,0
genome_000045,0,0,0,0,0,0,0,0,1,0,0,0,0,0,0,0,0,0,0,0
genome_000046,0,0,0,0,0,0,0,0,0,1,0,0,0,1,0,0,0,0,0,0
genome_000047,0,0,0,0,0,1,0,1,0,0,0,0,0,0,0,0,1,0,0,0
genome_000048,0,0,0,0,1,0,1,0,0,0,0,1,0,0,0,0,1,0,0,0
genome_000049,0,0,0,0,0,0,0,0,0,0,0,0,0,0,0,1,0,0,0,0
genome_000050,0,0,0,0,0,0,0,0,0,0,0,0,0,1,0,0,0,0,1,0
genome_000051,0,0,0,0,0,0,1,0,0,0,0,0,0,1,1,0,0,0,0,1
genome_000052,0,0,0,0,0,0,1,0,0,1,0,0,0,0,0,1,0,0,0,0
genome_000053,0,1,1,0,1,0,0,0,0,0,0,0,0,1,0,0,0,0,0,0
genome_000054,0,0,0,0,0,1,0,0,0,1,0,1,0,1,1,0,0,0,0,0
genome_000055,0,1,0,0,0,0,0,0,0,0,0,0,0,0,1,0,0,0,0,0
genome_000056,0,0,0,0,0,1,0,0,0,0,0,0,0,1,0,0,0,0,0,1
genome_000057,0,0,0,0,0,0,0,0,0,1,0,0,0,0,0,0,0,0,0,0
genome_000058,0,0,0,0,0,1,0,0,1,0,0,0,0,0,1,0,0,0,0,0
genome_000059,0,0,1,0,1,1,0,0,0,0,0,0,1,1,0,0,0,0,0,1
genome_000060,0,0,0,0,0,0,0,0,0,0,1,0,0,0,0,0,0,0,1,0
genome_000061,0,0,0,0,0,0,0,0,0,0,0,0,0,0,0,1,1,0,0,0
genome_000062,1,0,0,0,1,0,1,0,0,0,0,0,0,0,0,0,0,0,0,0
genome_000063,0,0,0,0,0,0,0,0,0,0,0,0,0,0,0,0,0,0,0,0
genome_000064,1,0,0,0,0,0,0,0,0,0,0,0,0,0,0,0,0,0,0,0
genome_000065,0,0,0,0,0,0,0,0,0,0,0,0,0,0,0,0,1,0,0,0
genome_000066,0,0,1,0,0,0,0,0,0,0,0,0,0,0,0,0,0,0,0,0
genome_000067,0,0,0,0,0,0,0,0,0,0,0,0,0,0,0,1,0,0,0,0
genome_000068,1,0,0,0,0,0,0,1,0,0,0,0,0,1,1,0,0,0,0,1
genome_000069,0,0,0,0,1,0,0,0,1,0,0,1,1,0,0,0,0,0,1,0
genome_000070,0,1,0,0,0,0,0,0,1,0,0,0,0,0,0,0,0,0,0,0
genome_000071,0,0,0,0,0,0,0,0,0,1,0,0,0,0,0,0,0,1,0,0
genome_000072,0,0,0,0,0,0,1,0,0,0,1,0,1,0,0,0,0,0,0,0
genome_000073,0,0,0,0,1,0,0,0,0,0,0,0,0,0,0,0,0,1,0,0
genome_000074,0,0,1,0,0,0,0,0,0,1,0,0,0,0,0,0,1,0,0,0
genome_000075,0,0,1,0,0,1,1,0,0,0,0,0,0,0,0,0,0,0,0,0
genome_000076,0,1,0,0,0,0,0,0,0,0,0,0,0,1,0,0,0,0,1,0
genome_000077,0,0,0,0,0,0,0,0,0,0,0,0,0,0,0,0,1,0,0,0
genome_000078,0,0,0,0,0,0,0,0,0,1,0,0,0,0,0,0,0,0,0,0
genome_000079,0,0,1,0,0,0,0,0,0,0,0,0,0,0,0,0,0,0,0,0
genome_000080,0,0,0,0,0,0,0,0,1,1,0,0,0,0,0,0,0,0,0,0
genome_000081,0,0,0,0,1,1,0,0,0,0,0,0,0,0,0,1,0,0,0,0
genome_000082,0,0,1,0,0,0,0,0,1,0,0,0,0,0,0,0,0,1,0,0
genome_000083,0,0,0,1,0,0,0,0,0,0,0,0,0,0,0,0,0,1,0,1
genome_000084,0,0,0,0,0,0,0,0,0,0,0,0,0,0,0,1,0,0,0,0
genome_000085,0,0,0,0,0,0,0,0,0,0,0,0,0,0,0,0,0,0,0,0
genome_000086,0,1,0,0,0,0,0,0,0,0,0,0,0,0,0,1,0,0,1,0
genome_000087,0,0,0,0,0,0,0,1,0,0,0,0,0,0,0,0,0,0,0,0
genome_000088,0,0,0,0,0,0,0,0,0,0,0,0,0,0,0,0,0,1,0,0
genome_000089,0,0,0,0,0,0,0,0,0,0,0,0,0,0,0,1,0,0,0,0
genome_000090,0,0,1,0,0,1,0,1,0,0,0,0,0,0,1,0,0,0,0,1
genome_000091,0,0,0,0,0,0,0,0,0,0,0,0,0,0,0,0,1,0,0,0
genome_000092,0,0,0,0,0,0,0,0,0,0,0,0,0,0,0,0,0,0,0,0
genome_000093,0,0,1,0,0,0,0,0,0,0,0,0,0,0,1,0,0,1,0,0
genome_000094,0,0,0,0,0,1,0,0,0,0,0,0,0,0,0,0,0,0,0,0
genome_000095,0,0,0,1,0,0,1,0,1,0,0,0,1,0,0,1,0,0,1,0
genome_000096,0,0,0,0,1,0,0,0,0,0,0,0,1,0,1,0,0,1,0,1
genome_000097,0,0,0,0,0,0,0,0,0,0,0,0,0,0,0,0,1,0,0,0
genome_000098,0,1,1,0,0,0,0,0,0,0,0,0,0,0,0,0,0,0,1,0
genome_000099,0,1,0,0,1,0,0,0,0,0,1,0,0,0,0,0,0,0,0,0
genome_000100,0,0,0,0,1,0,0,0,0,0,0,0,0,0,0,0,0,0,0,0
genome_000101,0,0,0,0,0,0,0,0,0,0,0,0,0,0,0,1,0,0,0,0
genome_000102,0,0,0,0,0,0,0,0,0,0,1,0,0,1,0,0,0,0,0,0
genome_000103,0,0,0,0,0,0,0,0,1,0,0,0,0,0,0,0,0,1,0,0
genome_000104,0,0,1,0,0,0,0,0,0,0,0,0,0,0,1,0,1,0,0,0
genome_000105,0,0,0,1,0,0,0,0,0,0,0,0,1,0,0,0,0,0,0,0
genome_000106,1,0,1,0,0,0,1,0,0,0,0,0,0,0,0,0,0,0,0,0
genome_000107,0,0,0,0,0,0,0,0,0,1,0,0,1,1,0,0,0,0,0,0
genome_000108,1,0,1,0,0,0,0,1,1,0,0,0,1,0,0,0,0,0,0,0
genome_000109,1,0,0,0,0,0,0,0,1,0,0,0,0,1,0,0,0,0,0,0
genome_000110,0,1,0,0,0,0,0,0,0,0,1,0,0,0,1,1,0,0,0,0
genome_000111,1,1,0,0,0,1,1,0,0,0,1,0,1,0,0,0,0,0,1,0
genome_000112,0,0,0,0,0,0,0,0,0,0,0,0,0,0,0,0,0,0,0,0
genome_000113,0,0,0,0,0,0,0,0,0,0,0,0,0,0,0,0,0,0,0,0
genome_000114,0,0,0,0,0,0,0,0,0,0,0,0,0,0,0,0,0,0,0,0
genome_000115,0,0,0,0,0,1,0,0,0,0,0,0,0,0,0,0,0,0,1,0
genome_000116,0,0,0,1,0,0,0,0,0,0,1,0,0,0,0,0,0,0,0,0
genome_000117,0,0,1,1,0,0,1,0,1,0,0,0,0,0,0,0,0,0,0,1
genome_000118,0,0,0,1,0,0,1,1,0,0,0,0,1,0,0,1,0,1,0,0
genome_000119,0,0,0,0,0,0,0,0,0,0,0,0,0,0,0,0,0,0,0,0
genome_000120,0,0,0,0,0,0,0,0,0,0,0,0,0,0,0,0,0,0,0,0
genome_000121,0,0,0,0,1,0,1,0,0,0,0,0,0,0,0,0,1,1,0,0
genome_000122,0,0,0,0,0,0,0,1,1,0,0,0,0,1,0,0,0,1,0,0
genome_000123,0,0,0,0,0,0,0,0,0,0,0,0,0,0,0,1,0,0,1,0
genome_000124,0,0,0,0,0,0,0,0,0,1,0,0,0,0,0,1,0,0,0,0
genome_000125,0,0,0,0,0,0,0,0,0,1,0,0,0,0,0,0,1,0,0,0
genome_000126,0,0,0,0,0,0,0,0,0,0,0,0,0,0,0,0,1,0,0,0
genome_000127,0,0,0,1,0,0,0,0,0,0,0,0,0,0,0,0,0,0,0,0
genome_000128,0,0,0,1,0,0,0,0,1,0,0,0,0,0,1,0,0,0,0,0
genome_000129,0,0,0,0,0,0,0,1,0,0,0,0,0,0,0,0,1,1,0,0
genome_000130,0,0,0,1,0,1,0,0,0,0,0,0,0,0,0,0,0,0,1,0
genome_000131,0,0,1,0,0,0,0,0,0,1,0,0,0,0,0,0,0,1,1,0
genome_000132,1,1,0,0,0,0,0,0,1,0,0,0,0,0,0,0,0,0,0,0
genome_000133,0,0,0,0,0,0,0,0,0,0,0,0,0,0,0,0,0,0,0,0
genome_000134,0,0,0,0,0,0,0,1,0,0,1,0,0,0,0,0,0,0,0,0
genome_000135,0,0,0,0,0,1,0,0,0,0,0,0,0,0,0,0,0,0,0,0
genome_000136,0,1,0,0,0,0,0,0,0,1,0,0,0,0,0,1,0,0,0,0
genome_000137,0,0,0,0,0,0,0,0,1,0,0,0,0,0,0,1,0,0,0,1
genome_000138,0,0,0,1,0,0,1,0,0,0,0,0,0,1,1,1,0,1,0,0
genome_000139,0,0,0,0,0,0,0,0,0,1,0,0,0,1,1,0,0,0,0,0
genome_000140,0,0,0,0,0,0,0,1,0,0,0,0,0,0,0,0,0,1,0,0
genome_000141,0,0,0,0,0,1,0,0,0,0,0,0,0,0,0,0,1,1,0,0
genome_000142,0,0,0,0,1,0,0,0,0,0,1,0,0,0,0,0,0,1,0,0
genome_000143,0,0,0,1,0,0,0,0,0,0,0,0,0,0,0,0,0,0,0,0
genome_000144,0,0,0,0,0,1,0,0,0,0,0,1,0,0,0,0,1,0,0,0
genome_000145,0,0,0,0,0,0,0,0,0,1,0,0,0,0,0,0,0,0,0,0
genome_000146,1,0,0,0,1,0,0,1,0,0,0,0,1,0,0,0,0,0,0,0
genome_000147,0,0,0,0,0,0,0,0,0,0,0,0,0,0,0,0,0,0,0,0
genome_000148,0,0,0,0,0,0,0,1,0,0,0,0,0,0,0,0,0,0,0,0
genome_000149,1,0,0,0,0,0,0,1,0,0,1,0,0,0,0,0,0,0,0,0
genome_000150,0,0,0,0,1,0,0,0,0,1,0,0,0,0,0,1,0,0,0,1
genome_000151,0,0,0,0,1,0,0,0,0,0,0,0,0,1,0,0,0,0,0,0
genome_000152,0,0,0,1,1,0,1,0,0,0,0,0,1,0,0,0,0,0,0,0
genome_000153,0,0,1,0,0,1,0,0,0,0,0,0,0,0,0,0,0,0,0,1
genome_000154,0,0,0,0,0,0,0,0,0,0,0,0,0,0,0,0,0,0,0,0
genome_000155,0,0,0,1,0,0,0,0,0,0,0,0,0,0,0,0,0,0,0,0
genome_000156,0,0,0,0,0,0,0,0,0,1,0,0,0,0,1,0,0,0,0,0
genome_000157,0,1,0,0,0,0,0,1,0,0,0,0,0,0,0,0,0,0,0,0
genome_000158,0,0,0,0,0,0,0,1,0,0,1,0,0,0,0,0,0,0,0,0
genome_000159,0,0,1,1,0,0,0,0,0,0,1,0,0,0,0,0,1,0,0,0
genome_000160,0,0,0,0,1,0,0,1,0,0,0,1,0,0,0,0,0,0,0,0
genome_000161,0,0,0,0,0,0,0,0,0,0,0,0,0,0,0,0,0,0,0,0
genome_000162,0,0,0,0,0,0,0,0,0,0,0,0,0,0,0,0,1,0,0,0
genome_000163,0,0,0,0,0,0,0,0,0,0,0,1,0,0,0,0,0,0,0,1
genome_000164,0,0,0,0,0,0,0,0,0,0,0,0,1,0,0,0,0,0,1,0
genome_000165,1,0,0,0,0,0,0,0,0,0,0,0,0,1,0,0,0,0,0,0
genome_000166,1,0,0,0,0,0,1,0,0,1,0,0,0,0,0,0,0,0,1,0
genome_000167,0,1,0,0,0,0,0,0,0,0,0,0,0,1,0,0,0,0,0,1
genome_000168,0,0,0,0,0,1,0,0,0,1,0,0,0,1,0,0,0,0,0,0
genome_000169,0,0,0,0,0,0,0,0,0,0,0,0,0,0,0,0,0,0,0,0
genome_000170,0,1,0,0,0,0,1,0,0,0,0,0,1,0,0,0,0,0,0,0
genome_000171,0,1,0,1,0,0,0,0,1,0,1,0,0,0,0,0,0,0,1,0
genome_000172,0,0,0,0,0,0,0,0,0,1,0,1,0,0,0,0,0,0,0,0
genome_000173,0,1,0,0,0,1,0,1,0,1,0,0,0,0,0,0,0,0,0,0
genome_000174,0,0,1,0,0,0,0,0,0,0,0,1,0,1,0,0,0,1,0,0
genome_000175,0,0,0,0,0,0,0,0,0,0,0,0,0,0,0,0,0,1,0,0
genome_000176,0,0,0,0,0,0,0,1,0,0,0,0,0,0,0,0,0,0,0,0
genome_000177,0,0,0,0,1,0,0,0,0,0,0,0,0,0,0,0,0,0,0,0
genome_000178,0,0,0,0,0,0,0,0,0,1,0,0,0,0,0,0,0,0,0,0
genome_000179,0,0,0,0,0,0,0,0,0,0,0,1,0,0,0,0,0,0,0,0
genome_000180,0,0,0,0,0,0,0,0,0,0,0,0,1,0,0,0,0,0,0,0
genome_000181,0,0,0,0,1,1,0,1,0,1,0,0,0,0,0,0,1,0,1,0
genome_000182,0,0,0,0,0,0,0,0,0,0,0,0,0,0,0,1,0,0,0,0
genome_000183,0,0,0,0,0,0,0,0,0,0,0,0,0,0,0,0,0,0,0,0
genome_000184,0,0,0,0,0,0,1,0,0,0,0,0,0,0,0,0,0,1,0,0
genome_000185,0,1,0,0,0,0,0,0,0,0,0,0,1,0,0,0,0,0,0,0
genome_000186,0,0,0,0,0,0,0,0,0,0,0,1,0,0,0,0,0,0,0,1
genome_000187,1,0,0,0,0,1,0,0,0,0,0,0,0,1,0,0,1,1,0,0
genome_000188,0,0,0,0,0,0,1,0,0,0,0,0,0,0,1,0,1,0,0,1
genome_000189,0,0,0,0,0,0,0,0,0,0,0,0,0,0,0,0,0,0,0,0
genome_000190,0,1,0,0,0,0,0,0,0,0,0,0,0,0,0,0,0,0,0,0
genome_000191,0,0,0,0,0,1,1,0,0,0,0,0,0,0,0,0,0,0,0,0
genome_000192,0,0,0,0,1,0,0,0,0,0,0,0,0,0,0,0,0,0,0,0
genome_000193,0,1,0,0,0,1,1,1,0,1,0,0,0,0,0,0,0,0,0,0
genome_000194,0,0,0,0,0,0,0,0,0,0,0,0,1,0,0,0,0,0,0,0
genome_000195,0,0,0,0,1,0,1,0,0,0,0,0,1,0,0,0,0,0,0,0
genome_000196,0,0,0,0,0,0,0,0,0,0,0,0,0,0,0,0,0,0,0,0
genome_000197,0,0,0,0,0,0,0,0,0,0,0,0,0,1,1,0,0,0,1,0
genome_000198,1,0,0,0,0,0,1,0,0,0,1,0,0,0,0,0,0,0,0,0
genome_000199,0,0,0,0,0,0,0,0,1,0,0,0,0,0,1,0,0,1,0,0
genome_000200,1,0,1,0,0,0,0,0,0,0,1,0,0,0,0,0,0,0,0,0
genome_000201,1,1,0,0,0,0,0,0,0,0,0,0,1,1,0,0,0,0,1,0
genome_000202,0,0,0,0,0,0,0,0,0,0,0,0,0,0,0,0,0,0,0,0
genome_000203,0,0,0,0,0,0,0,0,0,0,0,1,0,0,0,0,0,0,0,1
genome_000204,0,0,0,0,0,0,0,0,0,0,0,0,0,0,1,0,0,0,0,1
genome_000205,0,1,0,0,0,0,0,0,0,0,1,1,0,0,0,0,0,0,0,0
genome_000206,0,0,0,0,1,1,0,0,0,0,0,0,0,0,0,0,0,0,0,0
genome_000207,0,0,1,1,1,0,0,0,0,0,0,0,1,0,0,1,0,0,1,0
genome_000208,0,0,0,0,0,0,0,0,0,0,0,0,0,0,0,1,1,0,0,0
genome_000209,0,0,0,1,0,0,0,0,0,0,0,0,0,0,0,0,1,0,0,0
genome_000210,0,0,0,0,0,0,0,0,1,0,0,0,0,0,0,0,0,0,0,0
genome_000211,0,0,0,0,0,0,0,0,0,0,0,0,0,0,0,0,0,0,0,0
genome_000212,0,0,0,0,0,0,0,0,0,0,1,0,0,0,0,0,0,0,0,0
genome_000213,1,1,0,0,0,0,0,0,0,0,0,0,0,0,0,0,0,0,0,0
genome_000214,0,0,0,0,1,0,0,0,0,0,0,0,0,0,0,0,0,0,0,1
genome_000215,0,0,0,0,1,1,1,1,0,0,1,0,0,1,0,1,0,0,0,0
genome_000216,0,0,1,0,1,0,0,0,0,0,0,0,0,0,0,1,0,0,0,0
genome_000217,0,0,0,0,0,0,0,0,0,0,1,0,0,0,0,1,0,0,0,1
genome_000218,0,0,0,1,0,0,0,0,0,0,0,0,0,0,0,0,0,0,0,0
genome_000219,0,0,0,0,0,0,0,0,0,0,0,1,1,0,0,0,0,0,0,0
genome_000220,0,0,0,0,0,0,0,0,0,0,0,1,0,1,0,0,0,0,0,1
genome_000221,0,0,0,0,0,1,0,0,0,0,0,0,0,0,0,1,0,0,0,0
genome_000222,0,0,0,0,1,0,0,1,0,1,0,1,1,0,0,0,0,1,1,1
genome_000223,0,0,0,0,1,0,0,0,1,0,0,0,0,0,0,1,0,0,1,0
genome_000224,0,0,0,0,0,0,0,0,0,0,0,0,0,0,0,0,0,1,0,0
genome_000225,0,1,0,0,0,0,0,0,0,0,0,0,0,0,0,0,0,1,0,0
genome_000226,0,0,0,1,0,0,0,0,0,0,0,0,1,0,0,0,0,1,0,1
genome_000227,0,0,0,0,0,0,0,1,1,0,0,0,1,0,0,0,0,0,0,0
genome_000228,0,0,1,0,0,0,0,0,0,0,0,0,0,0,0,0,0,0,0,0
genome_000229,0,0,0,0,0,0,0,0,0,0,0,0,0,0,0,0,0,0,0,0
genome_000230,0,1,0,0,0,0,0,0,1,1,0,1,0,0,0,0,1,0,0,0
genome_000231,0,0,0,0,0,0,0,0,0,0,0,0,0,0,0,0,0,0,0,0
genome_000232,0,0,1,0,0,0,1,0,0,0,0,1,0,0,0,0,0,0,0,0
genome_000233,0,1,0,1,0,1,0,0,0,0,0,0,0,0,0,0,0,1,0,0
genome_000234,0,1,0,0,0,0,0,1,0,0,0,0,0,0,1,0,0,0,0,0
genome_000235,1,1,0,0,0,0,1,0,1,0,1,0,0,0,0,0,0,0,1,0
genome_000236,1,0,0,1,1,0,0,0,1,0,1,0,0,0,0,0,1,0,0,0
genome_000237,0,0,1,0,0,0,1,0,0,0,1,0,0,0,0,1,0,0,0,0
genome_000238,0,0,0,0,0,0,0,1,0,0,0,0,0,0,0,0,0,0,0,0
genome_000239,0,0,0,0,0,0,0,0,0,0,0,0,0,0,0,0,0,0,0,0
genome_000240,0,0,0,0,0,0,0,0,0,0,0,0,0,0,0,0,0,0,0,0
genome_000241,0,0,0,0,0,0,0,0,0,0,0,0,0,0,0,0,1,0,1,0
genome_000242,0,0,0,0,1,0,0,0,0,0,0,0,0,1,0,0,0,0,0,0
genome_000243,0,0,0,0,0,0,1,0,0,0,0,0,0,0,1,0,0,0,0,0
genome_000244,0,0,1,0,1,0,0,0,1,0,0,0,1,0,0,1,0,0,0,0
genome_000245,0,0,0,0,0,0,0,0,0,0,0,0,0,0,0,0,0,0,0,0
genome_000246,0,0,0,0,0,0,0,0,0,0,0,0,0,0,0,0,0,1,0,0
genome_000247,0,0,0,1,0,0,0,0,0,0,1,0,0,1,0,0,0,0,0,1
genome_000248,0,0,0,0,0,0,0,0,0,0,0,1,0,0,0,1,0,0,0,0
genome_000249,0,0,0,0,0,0,1,0,0,0,0,0,0,0,0,0,0,0,0,0
genome_000250,1,0,0,0,0,0,0,0,0,1,1,0,1,0,0,0,0,0,0,0
genome_000251,1,0,0,0,0,0,0,1,0,0,0,0,1,1,0,0,0,0,0,0
genome_000252,0,0,0,0,0,0,0,0,0,0,0,0,0,0,0,0,0,0,0,0
genome_000253,1,0,0,0,0,0,0,0,0,0,0,1,0,0,0,0,0,0,0,0
genome_000254,0,0,0,0,1,0,0,0,0,0,0,0,0,0,0,0,0,0,0,0
genome_000255,0,0,1,0,0,0,1,0,1,0,0,0,0,0,0,0,0,0,0,0
genome_000256,1,1,0,1,0,0,0,0,0,1,0,0,0,1,0,0,0,1,0,0
genome_000257,1,1,0,0,0,0,0,0,0,0,0,0,0,0,0,0,0,1,0,0
genome_000258,0,0,0,0,0,0,0,0,0,0,0,0,0,0,0,0,1,0,0,0
genome_000259,0,0,0,0,0,0,0,0,0,0,0,0,0,0,0,0,0,0,0,0
genome_000260,0,0,0,0,0,0,0,0,0,0,0,0,0,0,0,0,1,0,0,0
genome_000261,0,0,0,1,0,0,0,0,1,0,0,0,0,0,0,0,0,0,0,0
genome_000262,0,0,0,0,1,1,0,0,0,0,0,0,1,0,0,0,0,0,0,0
genome_000263,0,0,0,0,0,0,0,0,0,0,0,0,0,0,1,1,1,0,0,0
genome_000264,0,1,0,0,0,0,0,0,0,0,0,0,0,0,0,0,0,0,0,0
genome_000265,0,0,0,0,0,1,0,0,1,0,0,0,0,0,1,0,1,0,0,0
genome_000266,0,0,0,0,0,0,0,0,0,0,0,0,0,0,0,1,0,0,0,0
genome_000267,1,0,0,1,0,0,0,0,0,0,0,0,0,0,0,1,0,0,0,0
genome_000268,0,0,0,0,0,0,0,0,1,0,0,0,0,0,0,0,0,0,0,0
genome_000269,0,0,0,1,0,0,0,0,0,0,0,0,0,0,0,1,0,0,0,0
genome_000270,0,1,0,0,0,0,0,0,0,0,1,0,0,0,0,0,0,0,0,0
genome_000271,0,0,0,0,1,1,1,0,0,0,0,1,1,0,0,0,0,0,0,1
genome_000272,0,1,0,0,0,0,0,0,0,0,0,0,0,0,0,0,0,0,1,1
genome_000273,0,0,0,0,0,0,0,0,0,0,0,0,0,0,0,0,0,0,0,0
genome_000274,0,0,0,0,0,0,0,0,0,0,0,0,0,0,0,0,0,0,0,0
genome_000275,1,0,0,0,0,0,0,0,0,0,0,1,0,0,1,0,0,0,0,1
genome_000276,0,0,0,0,0,0,1,0,0,0,0,0,0,0,1,0,0,0,0,0
genome_000277,0,1,1,0,1,1,0,0,0,0,0,1,0,0,1,1,0,0,0,1
genome_000278,0,1,1,1,0,0,0,1,0,0,1,0,0,0,0,0,0,0,0,0
genome_000279,0,0,1,0,0,0,0,0,1,1,0,0,0,0,0,1,1,0,0,0
genome_000280,1,0,1,0,0,0,0,0,0,0,0,0,0,0,0,0,0,1,0,0
genome_000281,0,0,0,0,1,0,0,0,0,0,0,0,0,0,0,0,0,0,0,0
genome_000282,0,0,0,1,0,0,0,0,0,0,1,0,0,0,0,0,0,0,0,0
genome_000283,0,0,0,0,0,0,1,0,0,0,0,0,0,0,0,0,0,0,0,0
genome_000284,0,0,0,1,0,1,1,0,0,0,0,0,0,0,0,0,0,0,0,1
genome_000285,0,0,0,0,0,0,0,0,0,0,0,0,0,1,0,1,0,1,0,0
genome_000286,1,0,0,0,0,0,0,0,1,0,0,1,0,0,1,0,0,0,0,0
genome_000287,1,0,0,0,0,0,0,0,0,0,0,0,0,1,0,0,0,0,0,0
genome_000288,0,0,0,1,0,0,0,0,0,0,0,0,0,1,0,0,0,0,0,0
genome_000289,0,0,0,0,0,0,0,0,0,0,1,0,0,0,0,0,0,0,0,0
genome_000290,0,0,0,0,1,0,0,1,0,0,0,1,0,0,0,0,0,0,0,0
genome_000291,0,1,0,0,0,0,1,0,0,0,0,0,0,0,0,0,0,0,0,0
genome_000292,1,0,1,0,0,0,0,1,0,0,1,0,0,0,0,0,0,0,1,0
genome_000293,1,0,1,0,1,0,1,0,0,0,0,1,0,0,0,0,1,0,0,1
genome_000294,0,0,0,0,0,0,0,0,0,0,0,0,0,0,0,0,0,0,0,0
genome_000295,0,0,0,1,0,0,0,0,0,1,0,0,0,0,0,0,0,0,0,0
genome_000296,0,0,0,0,0,0,0,0,0,1,0,0,0,0,0,0,0,0,0,0
genome_000297,0,1,0,0,0,0,1,0,0,1,0,0,0,0,0,0,0,0,0,0
genome_000298,1,0,0,0,0,0,1,1,0,0,0,0,0,0,0,0,0,0,1,0
genome_000299,0,1,0,0,0,0,0,0,0,1,0,0,0,1,1,0,0,1,1,0
genome_000300,0,0,0,0,0,0,0,0,1,1,0,0,0,0,0,0,0,0,1,0
genome_000301,0,1,0,0,0,0,0,0,0,0,0,0,0,0,0,0,0,0,0,0
genome_000302,0,0,0,0,0,0,0,0,0,0,0,0,1,0,0,0,0,0,0,0
genome_000303,1,0,0,1,0,0,1,0,0,0,1,0,0,1,0,0,0,0,0,0
genome_000304,0,0,1,0,0,0,0,0,0,0,0,0,1,0,1,0,0,0,0,0
genome_000305,0,1,0,0,0,0,0,0,0,0,0,0,0,0,1,0,1,1,1,0
genome_000306,0,0,1,0,1,0,0,0,0,0,0,0,0,0,1,0,0,0,0,0
genome_000307,0,1,0,0,1,1,0,0,1,0,0,1,0,0,0,0,1,0,0,0
genome_000308,0,0,0,0,0,0,0,0,0,0,0,0,0,0,0,0,0,0,0,0
genome_000309,0,0,0,0,0,0,0,0,0,0,0,0,0,0,0,0,0,0,0,1
genome_000310,0,0,0,0,0,0,1,0,0,0,0,0,0,0,0,0,0,0,0,0
genome_000311,0,0,0,0,0,0,0,0,0,0,1,1,0,0,0,1,0,0,1,0
genome_000312,0,0,0,0,0,0,0,1,0,0,1,0,0,0,0,0,0,0,0,0
genome_000313,0,0,0,0,1,0,0,0,0,0,0,0,0,0,0,0,0,0,0,1
genome_000314,0,0,0,0,1,0,1,0,1,0,0,0,0,0,0,0,0,0,0,0
genome_000315,0,0,0,0,1,0,0,0,0,0,0,0,0,0,0,0,0,0,0,0
genome_000316,0,0,0,0,0,0,0,0,1,0,0,0,0,0,0,0,0,0,0,0
genome_000317,0,0,0,0,1,0,0,0,0,0,0,0,0,0,1,0,1,0,0,0
genome_000318,0,0,0,1,0,0,0,1,0,0,0,0,0,0,0,0,0,1,0,0
genome_000319,0,0,0,0,0,1,0,0,0,0,0,0,0,0,0,0,0,0,0,0
genome_000320,0,0,0,1,0,0,0,0,0,0,0,0,0,0,0,0,0,1,0,0
genome_000321,0,0,0,0,0,1,0,0,0,0,0,0,0,0,0,1,0,0,0,0
genome_000322,0,0,0,0,0,0,0,0,0,0,0,0,0,1,0,0,0,0,0,0
genome_000323,0,0,0,0,0,0,0,0,0,0,0,0,0,0,0,0,0,0,0,0
genome_000324,0,0,0,0,0,0,0,0,0,0,0,0,0,0,0,0,0,1,0,0
genome_000325,1,0,0,0,0,0,1,0,0,0,0,0,0,0,0,0,0,0,0,0
genome_000326,0,1,0,0,0,0,0,0,0,1,1,0,0,0,0,0,0,0,1,1
genome_000327,0,0,0,0,0,0,0,0,1,0,0,0,0,0,0,0,0,0,0,0
genome_000328,0,1,0,0,1,1,1,1,0,0,0,0,0,0,0,0,0,0,0,0
genome_000329,0,0,0,0,0,0,0,0,0,1,0,0,0,0,0,1,0,0,0,0
genome_000330,0,0,0,0,0,0,0,0,0,0,0,0,0,0,0,0,0,0,0,0
genome_000331,1,0,0,0,0,0,0,0,1,0,0,0,0,0,1,0,0,0,0,0
genome_000332,0,0,0,0,1,0,0,1,1,0,0,0,0,0,0,1,0,0,0,0
genome_000333,0,0,1,0,0,0,0,0,1,0,0,0,0,0,0,0,0,0,0,0
genome_000334,0,0,1,0,0,0,0,1,0,0,0,0,0,0,0,1,1,0,0,0
genome_000335,0,1,1,1,1,0,1,0,0,0,0,1,0,1,0,1,1,0,1,0
genome_000336,0,0,0,0,0,0,0,0,0,0,0,0,0,0,0,1,0,0,0,0
genome_000337,0,0,0,0,0,0,0,0,0,0,0,0,1,0,1,0,0,0,0,0
genome_000338,0,0,0,0,0,0,0,1,0,0,0,0,0,0,0,0,0,0,1,1
genome_000339,0,0,0,0,0,0,0,0,0,0,0,0,0,0,0,0,0,0,0,1
genome_000340,0,0,0,0,0,0,0,1,0,0,0,0,0,0,0,0,0,0,1,0
genome_000341,0,0,0,0,0,0,0,0,0,0,0,0,1,0,0,1,0,0,0,0
genome_000342,1,1,0,0,1,0,0,1,1,0,0,1,0,0,0,0,1,0,0,1
genome_000343,0,0,0,0,0,0,0,0,0,0,0,0,0,0,1,0,0,0,0,0
genome_000344,0,0,0,0,0,0,0,0,0,0,0,0,0,0,0,0,0,0,0,0
genome_000345,0,0,0,0,0,0,0,0,0,0,0,0,1,0,1,0,0,1,0,0
genome_000346,0,1,0,0,0,0,1,0,0,0,0,0,0,0,0,0,0,0,1,0
genome_000347,0,0,0,0,0,0,0,0,0,0,0,0,0,0,1,0,0,0,1,0
genome_000348,0,1,0,0,0,1,1,0,0,0,0,0,0,1,1,0,0,0,1,0
genome_000349,1,0,0,0,0,0,0,0,0,0,0,0,0,0,0,0,0,0,0,0
genome_000350,0,0,0,0,0,0,0,0,0,0,0,0,0,0,0,0,0,0,0,0
genome_000351,0,0,0,0,0,0,0,0,0,0,0,0,0,0,0,0,0,0,0,0
genome_000352,0,0,1,0,0,0,0,0,0,0,0,1,0,0,0,0,0,0,0,0
genome_000353,0,0,0,0,0,0,0,0,0,0,0,0,0,0,0,0,0,0,0,0
genome_000354,0,0,0,0,0,0,0,0,0,0,0,1,0,0,0,0,1,0,0,0
genome_000355,0,1,0,0,1,0,0,0,0,0,0,0,0,1,0,1,0,0,0,0
genome_000356,0,1,1,1,1,0,1,0,0,1,0,0,1,1,0,0,0,0,0,0
genome_000357,0,0,0,0,0,0,0,0,0,0,0,0,0,0,0,0,0,0,0,0
genome_000358,0,0,0,0,0,0,0,0,0,0,0,0,0,0,1,0,0,0,0,1
genome_000359,0,0,0,0,0,0,0,0,0,1,0,0,0,0,0,0,0,0,0,0
genome_000360,0,0,0,0,0,0,0,0,0,0,0,0,1,0,0,1,0,0,0,0
genome_000361,0,0,0,0,0,0,1,1,0,0,0,0,0,0,0,0,0,0,1,0
genome_000362,0,0,0,1,0,0,0,1,0,0,0,0,0,0,0,0,0,0,0,0
genome_000363,0,0,0,0,0,0,0,0,0,1,1,1,0,0,0,0,0,1,0,0
genome_000364,0,0,0,0,0,0,0,0,0,0,0,0,0,0,0,0,0,0,0,0
genome_000365,0,0,1,0,0,0,1,0,0,0,1,0,0,0,0,0,0,0,0,0
genome_000366,0,0,0,0,0,1,0,0,0,0,0,0,0,0,1,1,1,0,0,1
genome_000367,0,0,0,0,0,1,0,0,0,0,1,0,0,0,0,1,0,0,0,0
genome_000368,0,0,0,0,0,0,1,0,1,0,0,0,0,0,0,0,0,0,0,1
genome_000369,0,0,0,0,0,0,0,1,0,0,0,1,0,0,1,0,0,0,0,0
genome_000370,0,0,0,0,0,0,0,0,0,0,0,0,0,1,0,0,1,0,1,0
genome_000371,0,0,0,0,0,0,0,0,0,0,0,0,1,0,0,0,0,0,1,1
genome_000372,0,0,0,0,0,0,0,1,0,0,1,0,0,0,0,0,0,0,0,0
genome_000373,0,0,0,0,0,1,0,0,0,0,0,0,0,0,0,1,0,0,0,0
genome_000374,0,1,0,0,0,0,0,0,1,0,0,1,0,0,0,0,0,0,0,0
genome_000375,0,0,0,0,0,0,0,1,0,0,0,0,0,0,0,0,0,0,1,1
genome_000376,0,0,0,0,0,0,0,0,0,0,0,0,0,0,0,1,0,0,0,0
genome_000377,0,1,1,1,0,1,0,0,0,0,0,0,0,0,0,0,0,1,0,0
genome_000378,0,0,0,0,0,0,0,0,0,0,0,0,0,0,0,0,0,0,0,0
genome_000379,0,0,0,0,0,0,0,0,0,0,1,0,0,0,0,0,0,0,0,0
genome_000380,1,0,0,0,0,0,0,0,0,0,0,0,0,0,0,0,0,0,0,1
genome_000381,1,0,1,0,0,0,1,0,0,0,0,1,1,0,0,0,0,0,1,0
genome_000382,0,1,0,0,1,0,0,0,0,0,0,0,0,0,0,1,1,1,0,0
genome_000383,0,0,0,0,0,0,0,0,0,0,0,0,0,0,0,0,0,0,0,0
genome_000384,1,0,0,0,0,0,0,0,0,0,0,0,0,0,0,0,0,1,1,0
genome_000385,0,0,0,0,0,0,0,0,0,0,0,0,1,0,0,0,0,0,0,0
genome_000386,0,0,0,0,0,0,1,0,0,0,0,0,0,0,0,0,0,1,0,0
genome_000387,0,0,0,0,0,0,0,0,1,1,0,0,0,0,0,1,0,0,0,0
genome_000388,0,0,0,0,0,0,0,0,1,0,0,0,0,0,0,1,0,0,0,0
genome_000389,0,0,0,1,0,0,0,1,0,0,0,0,1,0,0,0,0,0,0,0
genome_000390,0,0,0,0,0,0,0,0,0,0,0,0,0,0,0,0,0,0,0,0
genome_000391,0,0,0,0,0,1,0,0,1,0,1,0,0,0,0,0,0,0,0,0
genome_000392,0,0,0,1,0,0,0,0,0,0,0,0,0,0,0,0,0,1,0,0
genome_000393,0,0,0,0,0,0,0,0,0,0,0,0,0,0,0,0,0,0,0,0
genome_000394,0,1,0,0,0,0,0,0,0,0,0,1,0,0,0,0,0,0,0,0
genome_000395,0,0,0,0,1,0,0,0,0,1,0,0,0,0,0,0,0,0,0,0
genome_000396,0,1,0,0,0,0,0,0,0,0,0,0,0,0,0,0,0,0,1,0
genome_000397,0,0,0,0,0,0,0,0,0,0,0,1,0,0,0,0,0,0,0,0
genome_000398,0,0,0,0,0,0,0,0,0,0,0,1,0,0,0,1,0,0,0,0
genome_000399,0,0,1,0,0,0,0,0,0,0,0,0,0,0,0,0,0,0,0,0
genome_000400,0,0,0,0,0,0,0,0,0,0,0,0,0,0,0,1,0,1,0,0
genome_000401,1,0,1,0,0,0,0,0,0,0,0,0,0,0,0,0,0,1,0,0
genome_000402,1,0,0,0,0,0,0,0,0,0,0,0,0,0,0,0,0,0,0,0
genome_000403,1,0,1,0,0,0,0,0,0,1,0,0,0,0,0,0,0,0,0,1
genome_000404,0,0,0,0,1,0,0,0,0,0,1,0,1,0,0,0,0,0,1,0
genome_000405,0,1,0,0,0,0,0,0,0,1,1,0,0,1,0,0,0,0,0,0
genome_000406,0,0,0,0,0,0,0,0,0,0,0,0,0,0,0,0,0,0,0,0
genome_000407,1,1,0,0,0,0,0,0,0,0,0,0,0,0,0,0,0,0,0,0
genome_000408,0,0,0,0,0,0,0,0,0,0,0,0,0,0,0,0,0,0,0,0
genome_000409,0,0,0,1,0,0,0,0,0,0,0,0,0,0,0,0,0,0,0,0
genome_000410,0,0,0,0,1,0,0,0,0,0,0,0,1,0,0,1,0,0,0,1
genome_000411,0,0,0,0,1,0,0,0,0,1,0,0,1,0,0,0,0,0,0,1
genome_000412,0,0,0,0,0,0,0,0,0,0,0,0,0,0,0,1,1,0,0,0
genome_000413,1,0,0,0,0,0,0,0,0,0,0,0,0,0,0,0,0,1,0,0
genome_000414,0,0,0,0,0,0,0,0,0,0,0,0,0,0,0,0,0,0,0,0
genome_000415,0,1,0,0,0,0,0,0,1,0,0,0,0,0,0,0,0,0,0,0
genome_000416,0,0,1,0,0,0,0,0,0,0,0,0,0,0,1,0,0,0,0,1
genome_000417,0,0,0,0,1,0,0,0,0,0,0,0,0,0,0,0,0,1,0,1
genome_000418,1,1,0,1,0,0,0,0,0,0,1,0,0,0,1,0,0,0,0,0
genome_000419,0,0,0,0,0,0,0,1,0,0,0,0,0,0,0,0,0,1,1,0
genome_000420,0,0,0,0,0,0,0,0,0,0,0,0,0,0,0,0,0,0,0,0
genome_000421,0,0,0,0,0,0,0,0,0,0,1,0,0,0,0,0,0,0,0,0
genome_000422,0,0,0,0,0,0,0,0,0,0,0,0,0,0,0,0,0,0,0,0
genome_000423,0,0,0,0,1,0,0,0,0,0,0,1,0,0,0,0,1,0,0,0
genome_000424,0,0,0,0,0,0,0,1,0,0,0,0,0,0,0,1,0,0,0,1
genome_000425,0,1,0,1,1,0,1,0,0,0,0,0,0,0,1,0,0,1,0,0
genome_000426,0,0,1,1,1,0,0,0,1,1,0,0,0,0,0,0,0,0,0,0
genome_000427,0,0,0,0,0,0,1,0,0,0,0,0,0,0,0,0,0,0,0,0
genome_000428,0,0,0,0,0,0,0,0,0,0,0,0,0,0,0,0,0,0,0,1
genome_000429,0,0,0,0,1,1,0,0,0,0,0,0,0,0,0,0,0,0,0,0
genome_000430,1,1,1,0,0,0,0,1,0,0,0,0,1,1,0,0,0,0,0,0
genome_000431,0,0,0,0,0,0,1,0,1,0,0,0,0,0,0,1,0,0,0,0
genome_000432,0,0,1,0,0,0,0,0,0,0,0,0,0,0,1,0,0,0,1,0
genome_000433,0,1,1,0,0,0,0,0,0,0,0,1,0,0,0,0,0,1,1,0
genome_000434,0,0,0,0,0,0,0,0,0,0,0,1,0,1,0,0,0,0,0,0
genome_000435,0,0,0,1,0,0,0,0,0,0,0,0,0,0,1,0,0,0,0,0
genome_000436,0,0,0,0,0,0,0,0,0,0,0,0,0,0,0,0,0,0,0,0
genome_000437,0,0,0,1,0,0,0,0,0,0,0,1,0,0,0,0,1,1,0,0
genome_000438,0,1,0,0,0,0,0,1,0,0,0,1,0,1,1,0,1,0,0,1
genome_000439,0,0,0,0,0,0,0,1,0,1,1,0,0,1,0,1,0,0,0,1
genome_000440,0,1,0,1,0,0,0,0,0,0,1,1,1,1,0,0,0,1,0,0
genome_000441,0,0,0,0,0,0,0,0,0,0,0,0,0,0,0,0,0,0,1,0
genome_000442,0,0,0,0,0,0,0,1,0,0,0,0,0,0,0,0,0,0,0,0
genome_000443,0,0,0,0,0,0,0,0,0,0,0,0,0,0,0,0,0,1,0,1
genome_000444,0,0,0,1,0,0,0,0,0,0,0,0,0,0,0,1,0,0,0,0
genome_000445,1,0,0,0,0,1,0,0,1,0,1,1,0,0,1,0,0,0,0,0
genome_000446,0,0,0,0,0,1,0,1,0,0,1,0,0,0,0,0,0,0,0,0
genome_000447,1,0,0,0,1,0,0,0,1,0,0,0,0,0,0,0,0,1,0,0
genome_000448,0,0,0,0,0,1,0,0,0,0,0,0,0,0,1,0,0,0,0,0
genome_000449,1,0,0,1,0,0,0,0,0,0,0,0,0,0,0,0,0,0,0,0
genome_000450,0,0,0,0,0,0,1,0,0,0,0,0,0,0,0,0,0,0,0,0
genome_000451,0,0,0,0,0,0,0,0,0,1,0,0,0,0,0,0,0,0,0,1
genome_000452,1,0,0,0,0,0,1,0,0,0,0,0,0,0,1,1,0,1,0,0
genome_000453,0,0,1,0,0,0,0,0,0,0,0,0,0,0,0,0,0,1,0,0
genome_000454,1,0,1,0,0,1,0,0,0,0,1,0,0,0,0,1,0,0,0,0
genome_000455,0,0,0,1,0,0,0,0,1,0,0,0,0,0,0,0,0,0,0,0
genome_000456,0,0,1,0,0,0,0,0,0,0,0,0,0,0,0,0,0,0,0,0
genome_000457,0,0,0,0,0,1,0,0,1,0,0,0,0,0,0,0,0,0,0,0
genome_000458,0,1,0,0,0,1,0,0,0,0,0,1,0,0,0,0,0,0,0,0
genome_000459,0,0,1,0,1,0,0,0,0,0,0,0,0,0,0,0,1,0,0,0
genome_000460,0,0,0,0,0,0,0,0,0,0,0,0,1,0,0,0,0,0,0,1
genome_000461,0,0,1,0,0,0,0,0,1,0,1,0,0,0,0,0,0,1,0,0
genome_000462,0,0,0,0,0,0,0,0,0,1,0,0,0,0,0,0,0,0,0,0
genome_000463,0,0,0,0,0,0,0,0,0,0,0,0,0,0,0,0,0,0,0,0
genome_000464,0,0,0,1,0,0,0,1,0,0,1,0,0,0,0,0,0,0,0,0
genome_000465,0,0,0,0,0,0,0,0,0,0,0,1,0,0,1,0,0,1,0,0
genome_000466,0,0,0,1,1,0,1,0,0,0,0,0,0,1,0,0,0,1,0,0
genome_000467,0,0,0,1,0,0,0,1,1,0,1,0,1,0,0,0,0,0,0,0
genome_000468,0,0,0,0,0,0,0,0,1,1,0,0,0,0,0,0,0,0,0,0
genome_000469,0,0,0,0,0,0,0,0,0,0,0,0,1,0,0,0,0,0,0,0
genome_000470,1,0,0,0,0,1,0,0,0,0,0,1,0,0,0,0,0,0,0,0
genome_000471,0,0,0,0,0,1,0,0,0,0,0,0,0,0,0,0,0,0,0,0
genome_000472,0,0,0,0,0,0,0,0,0,0,0,1,0,1,1,0,0,0,0,0
genome_000473,0,0,0,0,0,0,0,0,1,0,0,1,1,1,1,0,0,0,0,0
genome_000474,0,0,0,0,0,0,0,0,1,0,1,0,0,0,0,1,1,0,1,0
genome_000475,0,0,0,0,0,1,0,0,0,0,0,0,0,0,0,1,0,0,0,0
genome_000476,0,0,0,0,1,0,0,0,0,0,0,0,0,0,0,0,0,0,0,0
genome_000477,0,0,0,0,0,0,0,0,0,0,0,0,0,0,0,0,0,1,0,0
genome_000478,0,0,1,0,0,0,0,1,0,1,0,0,0,0,0,0,0,0,0,0
genome_000479,0,0,0,1,1,0,1,1,0,0,0,0,1,0,0,0,0,0,0,0
genome_000480,0,0,1,0,0,0,0,0,0,0,1,0,0,1,1,0,0,0,0,1
genome_000481,0,0,0,0,0,0,0,1,0,0,0,0,0,1,1,1,0,0,0,0
genome_000482,0,0,0,0,1,0,0,0,0,0,0,0,1,0,0,1,0,0,0,1
genome_000483,0,0,0,0,0,0,0,0,0,0,0,0,0,0,0,0,0,0,0,0
genome_000484,0,0,0,1,0,0,0,0,0,0,0,0,0,0,0,0,0,0,0,0
genome_000485,0,0,0,1,1,0,0,1,0,0,0,1,0,0,0,0,0,0,0,1
genome_000486,0,0,0,0,1,0,0,0,0,0,0,0,1,0,0,0,0,0,0,0
genome_000487,0,0,1,0,0,1,0,0,0,0,0,0,1,0,0,0,0,0,0,0
genome_000488,0,1,0,0,0,0,0,0,0,0,1,0,0,0,0,0,0,1,0,0
genome_000489,0,1,1,0,0,0,1,0,0,0,1,0,0,0,1,0,1,0,0,0
genome_000490,0,0,0,0,0,1,0,0,0,1,0,0,0,0,0,0,0,0,0,0
genome_000491,0,0,0,0,0,0,0,0,0,0,0,0,0,0,0,0,0,0,0,0
genome_000492,0,0,0,0,0,0,0,1,0,0,1,0,0,0,0,1,0,0,0,0
genome_000493,0,0,0,0,0,0,0,0,1,0,0,0,0,0,0,0,0,0,0,0
genome_000494,0,0,0,0,0,0,0,0,1,0,0,0,0,0,1,0,0,1,1,0
genome_000495,0,0,0,0,0,0,0,1,0,0,0,1,0,1,0,1,0,0,0,0
genome_000496,0,0,0,0,0,1,0,0,0,0,1,0,0,1,0,0,0,0,0,0
genome_000497,0,0,0,0,0,0,0,0,0,0,0,0,0,0,0,0,0,0,0,0
genome_000498,0,0,0,0,0,0,0,0,0,0,0,0,1,0,0,1,0,0,0,0
genome_000499,0,1,0,0,0,0,0,1,0,0,0,0,0,0,0,0,0,0,0,1
genome_000500,0,0,0,0,1,0,0,0,0,1,0,0,0,1,1,0,0,0,0,0
genome_000501,0,1,1,0,0,0,0,0,0,0,1,0,0,0,0,1,0,0,0,0
genome_000502,0,0,1,0,0,0,0,0,0,0,0,1,0,0,1,1,0,1,0,0
genome_000503,0,0,0,0,1,1,0,0,0,0,0,0,0,0,0,0,0,0,0,0
genome_000504,0,0,0,0,0,0,0,0,0,0,0,0,0,0,0,0,0,0,0,0
genome_000505,0,0,1,0,0,0,0,0,0,0,0,0,1,0,0,0,1,0,0,0
genome_000506,1,0,0,0,0,0,0,0,0,0,0,0,0,0,1,0,0,0,0,0
genome_000507,0,0,0,0,0,0,0,0,0,0,1,0,0,1,0,0,0,0,0,0
genome_000508,0,0,0,0,1,0,0,0,0,0,0,0,0,0,0,0,1,0,0,0
genome_000509,0,1,0,0,0,0,1,0,1,0,1,1,1,0,0,0,1,0,1,0
genome_000510,0,0,0,0,0,0,0,0,1,0,0,0,0,0,0,0,0,0,1,0
genome_000511,0,0,0,0,0,0,0,0,1,0,0,1,0,0,0,0,0,0,0,0
genome_000512,0,1,0,0,0,0,0,0,0,0,0,0,0,0,0,0,1,0,0,0
genome_000513,0,0,0,0,0,0,0,0,0,0,0,0,0,0,0,0,0,0,0,0
genome_000514,0,0,0,0,0,0,0,0,0,0,0,0,1,0,0,0,0,0,0,0
genome_000515,1,1,0,0,0,0,1,1,0,0,0,1,0,0,0,0,0,0,0,1
genome_000516,0,0,0,0,0,1,0,0,0,0,0,0,0,0,1,0,0,0,0,1
genome_000517,0,0,0,0,0,0,0,0,0,1,0,0,0,0,0,0,0,0,0,1
genome_000518,0,0,0,0,0,0,0,0,0,0,0,0,0,0,0,0,0,0,0,0
genome_000519,0,0,0,0,1,0,0,0,0,1,0,1,0,0,0,0,0,0,0,0
genome_000520,0,0,0,0,0,0,0,0,0,0,1,0,0,0,0,0,0,0,0,0
genome_000521,0,0,0,0,0,0,0,0,0,1,0,1,0,0,0,0,0,0,0,0
genome_000522,0,0,0,0,0,0,1,1,0,0,0,0,0,0,0,0,0,0,0,0
genome_000523,0,0,0,0,0,0,0,1,1,0,0,0,0,0,0,1,0,0,1,0
genome_000524,0,0,0,0,0,0,0,0,0,0,0,1,0,0,0,0,0,0,0,0
genome_000525,0,0,0,0,0,0,0,0,0,0,0,0,0,1,0,0,0,0,0,0
genome_000526,0,0,0,0,0,0,0,0,0,0,0,0,0,0,0,1,1,0,0,0
genome_000527,0,0,0,0,0,0,0,0,0,0,0,0,0,1,1,0,0,0,1,0
genome_000528,0,0,0,0,0,0,0,0,0,1,0,0,0,0,0,0,1,0,0,0
genome_000529,0,0,0,1,0,0,0,0,1,0,0,0,0,0,0,0,0,0,0,1
genome_000530,1,0,0,0,1,0,0,0,0,0,0,0,0,0,1,0,0,0,1,0
genome_000531,0,0,0,0,0,0,0,0,0,0,1,1,0,0,0,1,0,1,0,0
genome_000532,1,0,0,0,0,0,0,0,0,0,0,0,0,0,0,0,0,0,0,0
genome_000533,0,0,0,0,0,0,0,0,0,0,0,0,1,0,0,1,0,0,0,0
genome_000534,0,0,1,0,0,0,0,0,0,0,0,0,0,0,0,0,0,0,0,0
genome_000535,1,0,0,0,0,1,0,0,0,0,0,0,0,0,0,0,0,0,0,0
genome_000536,1,0,1,0,0,0,0,1,0,0,0,0,0,1,0,0,0,0,0,0
genome_000537,0,0,0,0,0,0,0,0,0,0,0,0,0,0,0,1,0,0,0,0
genome_000538,0,0,0,0,0,1,0,1,0,0,1,0,1,0,0,0,0,1,0,0
genome_000539,1,0,0,0,0,0,0,0,0,0,0,0,0,0,0,1,1,0,0,0
genome_000540,0,0,0,0,1,0,1,0,0,0,0,0,1,0,0,0,0,0,0,0
genome_000541,0,0,0,0,0,1,0,0,0,1,0,0,0,0,0,0,0,1,0,0
genome_000542,0,0,0,0,0,1,1,0,0,0,0,0,0,0,0,1,0,0,0,0
genome_000543,0,0,0,1,1,0,0,1,0,0,0,0,0,0,0,0,0,0,0,0
genome_000544,0,0,0,1,0,0,0,0,0,0,0,0,0,0,0,0,0,1,0,0
genome_000545,0,1,1,0,1,1,0,0,0,0,1,0,0,0,1,0,0,0,1,0
genome_000546,0,0,0,1,0,0,0,0,0,0,0,0,0,0,0,0,0,0,0,0
genome_000547,0,0,0,0,1,0,0,0,0,0,0,0,0,0,0,0,0,0,0,0
genome_000548,0,0,1,0,0,0,1,0,0,1,0,0,0,0,0,0,0,0,0,0
genome_000549,0,0,0,0,1,0,0,0,0,0,0,0,0,0,1,0,0,0,0,0
genome_000550,0,0,0,0,0,0,0,0,1,0,0,0,0,0,0,0,0,0,1,0
genome_000551,0,1,0,0,0,1,0,1,0,0,1,0,0,0,0,0,0,0,0,0
genome_000552,0,0,0,0,0,0,0,0,0,0,0,0,0,0,0,1,0,0,0,1
genome_000553,0,0,0,1,0,0,0,0,0,0,0,0,0,0,0,0,0,1,0,0
genome_000554,0,0,1,0,0,0,0,0,0,0,0,0,0,0,0,0,0,0,0,0
genome_000555,0,0,0,0,0,0,0,1,0,0,0,1,0,0,0,0,0,0,0,0
genome_000556,0,0,0,0,0,0,0,0,0,0,0,0,0,0,0,0,0,0,0,1
genome_000557,0,1,0,0,0,0,0,1,0,1,0,0,0,0,0,0,0,0,1,0
genome_000558,0,0,0,0,0,0,0,0,1,0,0,0,0,0,0,0,0,0,0,0
genome_000559,1,0,1,0,0,0,1,0,0,0,0,0,1,0,0,1,0,0,0,1
genome_000560,0,0,0,0,0,0,0,0,0,0,0,0,0,0,0,0,0,0,0,0
genome_000561,0,0,0,0,0,0,0,0,0,0,0,0,0,0,0,0,0,0,0,0
genome_000562,0,0,0,0,0,0,1,0,0,0,0,0,0,0,0,0,0,0,0,0
genome_000563,0,0,0,0,0,0,0,0,0,0,0,1,0,0,0,0,0,0,1,1
genome_000564,0,0,0,0,1,0,0,0,1,0,0,0,1,0,0,0,0,0,0,0
genome_000565,0,0,0,0,1,1,0,0,0,1,1,0,0,0,0,0,1,0,1,0
genome_000566,0,0,0,0,0,0,0,0,0,0,1,0,0,0,0,0,0,1,0,0
genome_000567,0,0,0,0,0,0,0,0,1,0,0,0,0,0,0,0,0,0,0,0
genome_000568,0,0,0,0,0,0,0,0,0,0,1,0,0,0,0,0,0,0,0,0
genome_000569,0,0,0,0,0,0,0,0,0,0,0,1,0,1,0,0,0,0,0,1
genome_000570,0,0,0,0,0,0,0,0,0,1,0,0,1,0,0,1,0,0,1,0
genome_000571,0,0,0,0,0,0,0,0,1,1,0,0,0,0,0,0,0,1,0,0
genome_000572,0,0,0,0,1,0,0,0,0,0,0,0,0,0,0,0,0,0,0,0
genome_000573,0,0,0,0,0,1,1,0,0,0,0,0,0,1,0,0,0,0,0,0
genome_000574,0,0,0,0,0,0,0,0,0,0,0,0,0,0,0,0,0,0,0,0
genome_000575,0,0,0,0,0,0,0,0,0,0,0,0,0,0,0,0,1,0,0,0
genome_000576,0,0,0,0,0,0,0,0,0,0,0,0,0,0,0,0,0,1,0,0
genome_000577,0,0,0,0,0,1,0,0,0,0,1,0,0,0,0,0,0,0,0,0
genome_000578,1,0,0,0,0,0,0,1,0,1,0,0,0,0,0,0,0,0,0,0
genome_000579,0,0,0,0,0,1,1,0,0,0,1,0,0,0,1,0,1,0,0,0
genome_000580,0,0,0,0,0,0,0,0,0,0,1,0,0,0,0,0,0,0,0,0
genome_000581,0,0,0,0,0,0,0,0,0,1,0,1,0,1,0,0,0,0,0,0
genome_000582,0,0,0,0,0,0,0,0,0,0,0,1,0,0,0,0,0,0,0,0
genome_000583,0,0,0,0,0,0,0,0,0,0,0,0,0,0,0,0,0,0,0,0
genome_000584,0,1,0,0,0,1,0,1,0,0,0,0,0,0,0,0,0,1,0,1
genome_000585,0,0,0,0,0,0,0,0,0,0,1,0,0,0,0,0,0,0,1,0
genome_000586,0,1,1,0,0,1,0,0,0,0,0,1,1,0,0,0,0,0,0,1
genome_000587,1,0,0,0,0,0,0,0,0,0,1,0,0,1,0,0,0,1,1,0
genome_000588,0,0,0,0,0,0,0,0,0,0,0,0,0,0,0,0,0,0,0,0
genome_000589,0,0,0,0,0,0,0,0,0,0,0,0,0,0,0,0,0,0,0,0
genome_000590,0,0,0,0,0,0,1,0,0,1,0,0,0,1,0,0,0,0,0,0
genome_000591,0,0,0,0,0,0,0,1,0,0,0,0,0,0,0,0,0,0,0,0
genome_000592,0,1,0,0,0,1,0,0,1,0,0,0,0,0,0,1,0,0,0,0
genome_000593,0,0,0,0,1,0,0,0,1,0,0,0,0,0,0,0,0,1,1,0
genome_000594,0,0,0,1,0,0,0,0,0,0,0,0,0,0,0,1,0,1,0,0
genome_000595,0,0,0,0,0,0,0,0,0,0,0,0,0,0,0,0,0,0,0,0
genome_000596,0,0,0,0,0,0,0,0,1,0,0,0,0,0,0,0,0,0,0,1
genome_000597,0,0,0,0,0,0,0,0,0,0,0,0,0,0,0,0,0,0,0,0
genome_000598,0,0,0,0,0,0,0,0,0,0,0,0,0,0,0,1,1,0,0,0
genome_000599,0,0,1,0,0,0,0,0,0,0,0,0,0,0,0,0,1,0,0,0
genome_000600,0,0,0,0,0,0,0,0,0,0,0,0,0,0,1,0,1,0,1,0
genome_000601,0,0,0,0,0,0,0,0,0,1,0,0,0,0,0,0,0,0,0,0
genome_000602,0,0,0,0,0,0,0,0,0,0,0,0,0,0,0,0,0,0,0,0
genome_000603,0,0,0,0,0,0,0,0,0,0,0,0,0,0,0,0,0,0,0,0
genome_000604,0,0,0,0,0,0,0,0,0,1,0,0,1,0,0,0,0,0,0,0
genome_000605,0,0,0,1,0,1,0,0,0,0,0,0,0,0,0,0,0,0,0,0
genome_000606,0,0,0,0,0,0,0,0,1,0,0,0,0,1,0,0,0,0,0,0
genome_000607,0,0,0,0,0,0,0,0,1,0,0,0,0,1,0,0,1,0,0,1
genome_000608,0,1,0,0,0,0,0,0,0,0,0,0,0,0,0,0,0,0,0,1
genome_000609,0,0,0,1,0,0,0,0,0,0,0,0,0,0,0,0,0,0,0,0
genome_000610,0,0,0,0,0,0,0,0,0,0,0,0,0,0,0,0,0,0,0,0
genome_000611,0,0,0,1,0,0,1,0,0,0,0,1,0,1,0,0,0,0,0,0
genome_000612,0,0,0,0,0,0,0,0,0,0,0,0,0,1,1,0,0,0,0,0
genome_000613,0,0,0,0,0,0,0,0,0,0,0,0,0,0,1,0,0,0,0,0
genome_000614,0,0,0,0,0,0,0,0,0,1,0,0,0,0,0,0,0,0,0,0
genome_000615,0,1,0,0,0,1,1,1,0,0,0,0,0,0,0,0,1,0,0,0
genome_000616,0,0,0,0,0,1,0,0,0,0,0,0,0,0,0,0,0,0,0,0
genome_000617,0,0,1,0,0,0,1,0,0,0,0,1,0,0,0,0,0,0,0,0
genome_000618,1,0,0,0,0,0,0,0,0,0,0,0,0,0,0,0,0,0,0,0
genome_000619,0,0,0,0,0,0,0,0,1,0,0,0,0,0,0,0,0,0,0,0
genome_000620,0,1,1,0,0,0,0,0,1,0,0,1,0,0,0,0,0,0,0,0
genome_000621,1,0,1,0,0,0,0,0,0,0,0,0,0,0,0,0,0,1,0,1
genome_000622,1,1,0,0,0,1,0,0,0,1,0,1,0,0,0,0,1,0,0,1
genome_000623,0,0,0,0,0,0,0,0,0,0,0,0,0,0,0,0,0,0,0,0
genome_000624,0,0,0,0,0,0,0,0,0,0,0,0,0,0,0,1,0,0,0,0
genome_000625,0,0,0,0,0,0,0,0,0,0,0,0,0,0,0,0,0,0,0,0
genome_000626,0,0,0,0,0,0,0,0,0,1,0,0,0,0,0,1,0,0,0,0
genome_000627,0,0,0,0,0,0,0,0,0,0,0,0,0,0,0,0,1,0,0,0
genome_000628,0,0,0,0,0,1,1,0,1,0,0,0,0,1,0,0,0,0,0,0
genome_000629,0,0,0,1,0,0,1,0,0,0,1,0,0,0,0,0,0,0,1,0
genome_000630,0,0,0,0,0,1,0,0,0,0,0,0,0,0,0,0,0,0,0,0
genome_000631,0,0,0,0,0,0,0,0,0,0,0,0,0,1,0,0,0,0,0,0
genome_000632,0,0,0,0,1,0,0,0,0,1,0,0,0,1,0,0,0,0,0,1
genome_000633,0,0,0,1,0,0,0,0,0,0,0,0,0,0,0,0,0,0,0,1
genome_000634,0,0,0,1,0,0,1,1,0,0,0,0,0,1,1,0,0,0,0,0
genome_000635,0,0,0,0,1,1,0,0,0,1,1,0,1,0,0,1,1,0,0,0
genome_000636,1,0,0,1,0,0,0,1,1,1,1,1,1,0,0,0,0,1,1,0
genome_000637,0,0,0,0,0,0,0,0,0,0,0,0,0,0,0,0,0,0,0,0
genome_000638,0,0,0,0,1,0,0,0,0,0,0,0,1,0,0,0,0,0,0,0
genome_000639,0,0,0,0,1,0,0,0,0,0,0,0,0,0,0,0,0,1,0,0
genome_000640,0,0,0,1,0,0,0,0,0,1,0,0,0,1,0,0,0,0,0,0
genome_000641,0,0,0,0,0,1,0,1,0,0,0,0,0,0,0,1,0,0,0,0
genome_000642,0,1,1,0,0,0,0,0,0,1,0,0,0,0,0,0,0,0,0,0
genome_000643,0,0,0,1,1,0,0,0,0,0,0,0,0,0,1,0,1,0,0,1
genome_000644,0,0,0,0,0,0,0,0,0,0,0,0,0,0,0,0,0,0,0,0
genome_000645,0,0,0,0,0,0,0,0,0,0,0,0,0,0,0,0,1,0,0,1
genome_000646,0,0,1,0,0,0,0,0,0,0,0,0,0,0,0,0,0,0,0,0
genome_000647,0,0,0,0,0,0,0,0,0,0,1,0,0,0,0,1,0,0,1,1
genome_000648,0,0,0,0,0,0,0,0,0,0,0,0,0,0,0,0,0,0,1,0
genome_000649,0,0,0,0,1,0,0,1,0,0,1,0,0,0,0,0,1,0,0,0
genome_000650,0,0,1,0,0,0,1,0,0,0,0,1,0,0,0,0,0,0,0,1
genome_000651,0,0,0,0,0,0,0,1,0,0,0,0,0,1,0,0,0,0,0,0
genome_000652,0,0,0,0,0,1,0,0,0,0,0,0,0,0,0,0,0,0,0,0
genome_000653,0,0,0,0,0,0,0,1,0,1,1,1,1,0,1,0,0,0,1,0
genome_000654,0,0,0,0,0,0,0,1,1,0,0,0,0,0,1,0,0,0,0,0
genome_000655,0,1,0,0,0,0,0,1,0,1,0,0,0,0,1,0,0,0,1,0
genome_000656,0,0,0,0,0,0,0,0,0,0,0,0,0,1,0,0,0,0,0,0
genome_000657,0,0,1,0,0,0,0,0,0,0,0,0,0,0,0,0,0,1,0,0
genome_000658,0,0,0,0,0,0,0,0,0,0,0,0,0,0,0,0,0,0,0,0
genome_000659,0,0,0,0,0,0,0,0,0,0,0,0,0,0,0,0,0,0,0,0
genome_000660,0,0,0,0,0,0,0,0,0,0,0,0,0,0,1,0,0,0,0,1
genome_000661,0,0,0,0,0,1,0,1,1,1,0,0,1,0,0,0,0,0,0,0
genome_000662,0,0,0,0,0,0,1,0,1,0,1,0,0,0,0,1,0,0,0,0
genome_000663,0,1,1,0,0,0,0,1,0,0,0,0,0,0,0,1,0,0,0,0
genome_000664,0,1,1,0,0,0,0,0,0,0,0,0,0,1,0,0,0,0,0,1
genome_000665,0,0,0,0,0,0,0,1,0,0,0,0,1,0,0,0,0,0,0,0
genome_000666,0,0,0,0,0,0,0,0,0,1,0,0,0,0,0,0,0,0,1,0
genome_000667,0,0,0,0,0,0,0,0,0,0,0,0,0,0,1,0,0,0,0,0
genome_000668,0,0,0,1,1,0,1,0,0,1,0,0,0,0,0,0,0,0,1,0
genome_000669,0,0,0,1,1,0,0,1,0,0,0,0,0,0,0,0,0,1,0,0
genome_000670,0,1,0,0,0,0,0,0,1,0,0,0,0,0,1,0,0,0,0,1
genome_000671,1,1,0,1,0,0,0,0,0,0,0,0,0,0,0,0,0,0,0,0
genome_000672,0,0,0,0,0,0,0,0,0,0,0,0,0,0,0,0,0,0,0,0
genome_000673,0,0,0,0,0,0,0,0,0,0,0,0,0,0,0,0,0,0,0,0
genome_000674,0,0,0,0,0,0,0,0,0,0,0,0,0,0,0,0,0,0,0,1
genome_000675,0,0,0,0,0,0,0,0,0,1,0,0,0,0,0,1,0,0,0,1
genome_000676,0,0,0,0,0,0,0,0,0,0,1,0,0,0,0,0,0,0,0,0
genome_000677,0,1,0,0,0,0,0,0,0,0,1,0,0,0,0,1,0,0,0,1
genome_000678,1,0,1,0,0,0,0,0,0,1,1,0,0,0,0,0,0,0,0,0
genome_000679,0,0,0,0,0,0,0,0,0,0,0,0,0,0,0,0,0,0,0,0
genome_000680,0,0,1,0,0,0,0,0,0,0,0,0,0,0,0,0,0,0,0,0
genome_000681,0,0,0,0,0,0,0,0,0,1,0,1,0,1,1,0,0,0,0,0
genome_000682,0,0,0,0,0,1,1,0,0,0,0,0,0,0,0,0,0,0,0,1
genome_000683,1,0,0,1,0,0,0,0,0,0,1,0,0,0,1,0,1,1,1,0
genome_000684,1,0,0,0,0,0,0,1,0,0,0,1,0,1,0,0,0,0,0,0
genome_000685,0,0,0,0,0,0,0,0,0,0,0,0,0,0,0,0,0,0,0,0
genome_000686,0,0,0,1,0,0,0,0,0,0,0,0,0,1,0,0,0,0,0,0
genome_000687,0,0,1,0,0,0,0,1,0,0,0,0,0,0,0,0,0,0,0,0
genome_000688,0,0,0,0,0,0,0,1,0,0,1,0,0,0,0,0,1,0,0,0
genome_000689,0,0,1,0,0,0,1,0,0,0,0,0,0,0,0,0,1,0,0,1
genome_000690,0,0,0,0,0,0,0,0,0,0,1,1,0,0,0,1,0,0,0,0
genome_000691,1,0,0,0,0,0,0,0,0,0,0,0,0,0,0,0,0,0,0,0
genome_000692,0,0,0,0,0,0,0,0,1,0,0,0,0,0,0,0,0,0,1,1
genome_000693,0,0,0,0,0,0,0,0,0,0,0,0,0,0,0,0,1,0,0,0
genome_000694,0,0,0,0,0,0,0,0,0,0,0,0,0,0,0,1,0,0,0,0
genome_000695,0,0,0,1,0,0,0,0,0,0,0,0,1,0,0,1,0,0,0,0
genome_000696,0,0,0,0,1,0,0,0,0,0,1,0,0,0,0,1,0,0,1,0
genome_000697,0,0,0,0,0,0,0,0,0,0,0,0,0,0,1,0,1,0,1,1
genome_000698,0,1,1,0,0,0,0,0,1,0,0,0,0,0,0,0,1,1,0,1
genome_000699,1,0,0,1,0,0,0,0,0,1,0,0,0,0,0,0,0,1,0,0
genome_000700,0,0,0,0,0,0,0,0,0,0,0,0,0,0,0,0,1,0,0,0
genome_000701,0,0,0,0,0,0,0,0,0,0,0,0,0,0,0,0,0,0,1,0
genome_000702,0,0,0,0,0,0,0,0,0,0,0,0,0,0,1,0,0,0,0,0
genome_000703,1,0,0,0,0,0,0,0,0,0,0,0,0,0,0,0,0,1,0,0
genome_000704,0,0,1,0,0,0,0,0,0,0,1,0,0,1,1,0,0,0,0,0
genome_000705,0,0,1,1,0,0,0,0,1,0,0,0,1,0,0,0,0,0,1,0
genome_000706,1,0,0,0,1,0,0,1,0,0,0,1,0,0,0,0,0,0,0,1
genome_000707,0,0,0,0,0,0,0,0,0,0,0,0,0,0,0,0,0,0,0,0
genome_000708,0,0,0,0,0,0,0,0,1,0,1,0,0,0,0,0,0,0,0,0
genome_000709,0,0,0,0,0,0,0,0,0,0,1,0,0,0,0,0,0,1,0,0
genome_000710,0,0,0,0,0,0,1,0,1,0,0,1,0,0,0,0,0,0,0,0
genome_000711,1,0,0,0,0,0,0,0,0,0,0,0,0,0,0,0,0,0,0,0
genome_000712,0,0,1,0,0,0,0,1,1,0,0,1,0,0,0,0,0,0,0,0
genome_000713,1,1,0,0,0,0,1,0,0,1,0,0,0,0,1,0,0,0,0,1
genome_000714,0,0,0,0,0,0,0,0,0,0,0,0,0,0,0,0,0,0,0,0
genome_000715,0,0,0,0,0,0,0,1,0,0,0,0,0,0,0,0,0,0,0,1
genome_000716,0,0,0,0,0,0,0,0,0,0,0,0,0,0,0,0,0,0,0,0
genome_000717,0,0,0,0,0,0,0,0,0,1,0,0,0,0,0,0,1,0,0,0
genome_000718,0,0,0,0,0,0,0,1,0,0,0,0,0,0,1,0,0,0,1,0
genome_000719,0,0,0,1,0,1,0,0,0,0,0,0,0,0,0,0,0,1,0,0
genome_000720,0,0,0,1,1,1,0,0,0,0,0,0,0,0,0,0,0,0,0,0
genome_000721,0,0,0,0,0,0,0,0,0,0,0,0,0,0,0,0,0,0,0,0
genome_000722,0,0,0,0,0,0,0,0,0,0,0,0,0,0,0,0,0,0,0,0
genome_000723,0,0,0,0,0,0,0,0,0,0,0,0,0,1,0,0,0,0,0,0
genome_000724,0,0,0,0,0,0,1,0,0,0,0,1,0,0,1,0,0,0,0,0
genome_000725,0,0,0,0,0,0,0,1,0,0,0,1,0,1,0,0,0,0,0,0
genome_000726,0,0,0,0,0,0,0,0,0,0,0,0,0,1,0,0,0,0,0,0
genome_000727,0,1,0,0,0,1,0,0,1,1,0,0,0,0,0,0,0,0,1,1
genome_000728,0,0,0,0,0,0,0,0,0,0,0,0,0,0,1,0,0,0,0,0
genome_000729,0,0,0,0,0,0,0,0,0,0,0,1,1,1,0,1,0,1,0,0
genome_000730,0,0,1,0,0,1,0,0,0,0,0,0,0,0,0,0,0,0,0,0
genome_000731,0,0,0,0,0,0,0,0,0,0,0,0,1,0,1,0,1,0,1,0
genome_000732,0,0,0,0,0,0,0,0,0,1,0,0,0,0,0,0,0,0,1,0
genome_000733,0,1,0,0,0,0,0,0,1,0,0,0,0,0,1,0,1,1,0,0
genome_000734,1,0,0,1,0,0,0,1,0,0,0,0,0,0,0,1,0,1,1,0
genome_000735,0,0,0,0,0,0,0,0,0,0,0,0,0,0,0,0,0,0,0,0
genome_000736,0,0,0,0,0,0,0,1,0,0,0,0,0,0,0,0,1,0,0,0
genome_000737,0,0,0,0,0,0,0,0,0,0,0,0,0,0,0,0,0,1,0,1
genome_000738,0,1,0,0,0,0,0,0,0,0,0,0,0,0,0,1,1,0,0,0
genome_000739,0,0,0,0,0,0,0,0,0,0,0,0,0,0,0,0,0,0,0,0
genome_000740,0,0,0,0,0,0,0,1,0,0,0,1,1,0,1,1,0,0,0,0
genome_000741,0,0,0,0,0,1,0,0,1,0,0,0,0,1,1,0,1,1,0,0
genome_000742,0,0,0,0,0,0,0,0,0,0,0,0,0,0,0,0,0,0,0,0
genome_000743,0,0,0,0,0,0,0,0,0,0,0,0,0,0,1,0,0,0,0,1
genome_000744,1,0,0,0,0,0,0,1,0,1,0,0,0,0,1,0,0,0,0,0
genome_000745,0,0,0,0,0,0,0,0,0,0,0,0,0,1,0,0,0,0,0,0
genome_000746,0,0,0,0,0,0,0,0,0,1,1,0,0,1,0,0,0,0,1,0
genome_000747,0,0,0,0,0,0,0,0,0,0,0,0,0,0,0,0,0,0,0,0
genome_000748,0,0,1,0,1,0,0,0,0,1,0,0,0,0,0,0,0,0,0,1
genome_000749,0,0,0,0,0,0,0,0,0,0,1,0,0,0,0,0,0,0,0,0
genome_000750,0,0,0,0,0,0,0,0,0,0,0,0,1,0,0,1,0,0,0,0
genome_000751,0,0,0,1,0,0,0,0,0,0,0,1,0,0,0,0,0,0,0,0
genome_000752,1,0,0,0,0,0,0,0,1,0,0,0,0,0,0,0,0,0,0,0
genome_000753,0,0,1,0,0,0,0,0,0,1,0,0,0,1,0,0,0,0,1,0
genome_000754,0,1,0,1,0,1,0,1,0,0,0,0,0,0,0,1,0,0,0,1
genome_000755,0,0,0,1,0,0,1,0,0,0,0,0,0,1,0,0,0,0,0,0
genome_000756,0,0,0,0,1,0,0,0,0,0,0,0,0,0,0,0,0,0,0,0
genome_000757,0,0,0,0,0,0,0,0,0,0,0,0,0,0,0,0,0,0,0,0
genome_000758,0,0,0,0,0,0,0,1,0,0,1,0,0,0,1,0,0,0,0,0
genome_000759,0,0,0,0,0,0,1,0,0,0,0,0,0,1,0,0,0,0,0,0
genome_000760,0,0,0,0,0,0,0,0,0,0,0,0,0,1,0,0,0,1,0,0
genome_000761,0,0,0,0,0,0,0,0,0,0,0,1,0,0,1,0,1,0,0,0
genome_000762,0,1,0,0,0,1,0,0,0,0,0,1,1,0,0,1,0,0,0,0
genome_000763,0,1,0,0,0,0,0,0,0,1,0,0,1,0,1,0,0,0,0,0
genome_000764,0,0,0,0,0,0,0,0,0,0,0,0,0,0,0,0,0,0,0,0
genome_000765,0,0,0,0,0,0,0,1,0,0,0,0,1,0,0,0,0,0,0,0
genome_000766,0,0,0,0,0,0,0,0,0,0,0,0,1,0,0,0,0,0,0,0
genome_000767,0,0,0,0,0,0,1,0,0,0,0,0,0,0,0,0,0,0,1,0
genome_000768,0,0,0,0,0,0,0,0,0,0,0,0,0,0,1,0,0,0,0,0
genome_000769,0,0,0,1,0,0,0,1,0,0,0,0,0,0,1,0,0,1,0,0
genome_000770,1,0,0,0,0,0,1,0,0,0,0,0,0,0,0,0,0,0,0,0
genome_000771,0,0,1,0,0,0,0,1,0,0,0,0,0,0,0,0,0,0,0,0
genome_000772,0,0,0,0,0,0,1,0,0,0,0,0,0,0,0,1,0,0,0,0
genome_000773,1,0,0,1,0,0,0,0,0,0,0,0,0,0,0,0,0,0,0,1
genome_000774,0,0,0,0,0,0,0,0,0,0,0,0,0,0,0,0,0,0,0,0
genome_000775,0,0,1,0,0,0,0,0,0,1,0,0,1,0,0,0,0,0,0,1
genome_000776,0,0,0,0,0,1,1,0,1,0,0,0,1,1,0,0,0,0,0,0
genome_000777,0,0,0,0,0,0,0,0,0,0,0,1,0,0,0,0,0,0,0,0
genome_000778,0,0,0,0,0,0,1,0,0,0,1,0,0,0,1,0,0,0,0,0
genome_000779,0,1,0,0,0,1,0,0,0,0,0,0,0,0,0,0,0,0,0,0
genome_000780,0,0,0,0,0,0,0,0,0,0,0,1,0,1,0,0,0,0,0,0
genome_000781,0,0,0,0,0,0,0,0,0,0,0,0,0,0,0,0,0,0,0,0
genome_000782,0,0,0,0,0,0,0,0,0,0,0,0,0,0,0,0,0,0,0,0
genome_000783,0,0,0,0,1,0,0,0,0,1,1,1,1,0,0,0,0,0,1,0
genome_000784,0,0,0,0,0,0,0,0,0,0,0,0,0,0,0,0,0,0,0,0
genome_000785,0,0,0,0,0,0,0,0,0,0,0,0,0,0,1,0,0,0,0,0
genome_000786,0,0,0,0,0,0,0,0,1,0,0,0,0,0,0,1,0,0,0,0
genome_000787,0,0,1,0,0,0,0,0,0,0,1,0,0,0,0,1,0,0,1,0
genome_000788,0,0,1,0,0,0,0,0,1,0,0,1,1,0,1,0,1,0,0,0
genome_000789,0,0,0,0,0,0,0,1,0,0,0,0,0,0,0,0,0,1,0,0
genome_000790,1,0,0,0,0,1,0,1,0,0,1,0,1,0,0,0,0,0,0,0
genome_000791,0,0,0,0,0,0,0,0,0,0,1,0,0,0,0,0,0,0,0,0
genome_000792,0,0,1,0,0,0,1,0,0,0,0,0,0,0,1,0,1,0,0,0
genome_000793,0,1,0,0,0,0,0,0,0,0,0,0,0,0,0,0,0,0,0,0
genome_000794,0,0,0,0,0,0,0,1,0,0,0,0,0,0,0,0,1,0,0,0
genome_000795,1,0,0,0,0,1,1,0,0,0,1,0,0,1,0,0,0,0,0,0
genome_000796,0,1,1,0,0,0,0,0,1,0,0,0,0,1,1,0,0,0,0,0
genome_000797,0,1,0,1,0,1,0,0,0,0,0,0,1,1,1,1,0,0,0,0
genome_000798,0,0,0,0,0,0,0,0,0,0,0,0,0,1,0,0,0,0,0,0
genome_000799,0,0,1,0,0,0,0,1,0,0,0,0,1,0,0,0,0,0,1,0
genome_000800,0,1,0,1,0,0,0,0,0,0,0,0,0,0,0,0,0,0,0,0
genome_000801,0,0,0,0,0,1,0,0,1,0,0,0,0,0,0,0,0,0,0,0
genome_000802,0,0,0,1,0,0,0,0,0,0,1,0,0,0,0,0,1,1,0,0
genome_000803,1,0,0,1,0,0,0,0,0,0,0,0,0,0,0,0,1,1,0,0
genome_000804,0,0,0,0,0,0,0,0,0,0,0,0,1,0,0,0,0,0,0,0
genome_000805,0,0,0,1,0,0,0,1,0,0,0,0,0,0,0,0,0,0,0,0
genome_000806,0,0,0,0,0,0,0,0,0,0,0,0,0,0,1,1,0,0,0,0
genome_000807,0,0,0,1,0,0,0,0,0,0,0,0,0,0,0,0,0,0,0,0
genome_000808,0,0,0,0,0,0,0,0,0,0,1,0,0,1,1,0,1,0,0,0
genome_000809,0,0,0,0,1,0,0,0,0,0,0,0,0,0,1,0,0,0,0,0
genome_000810,0,0,0,1,0,0,0,0,0,0,0,0,0,0,0,0,0,1,0,0
genome_000811,0,0,0,1,0,0,1,0,0,1,1,0,0,0,1,1,1,0,1,1
genome_000812,0,1,0,0,0,0,0,0,0,0,0,0,0,0,0,0,0,0,0,0
genome_000813,0,0,0,0,0,0,0,0,0,0,0,0,0,0,0,0,0,0,0,0
genome_000814,0,0,0,0,0,1,0,0,0,0,0,0,0,0,1,0,0,0,0,0
genome_000815,0,0,1,1,0,1,0,0,0,0,0,0,0,0,0,0,0,0,1,0
genome_000816,1,0,0,0,1,0,0,0,0,0,0,0,0,0,0,0,0,1,0,0
genome_000817,1,0,0,0,0,0,0,0,0,0,0,0,0,0,0,1,1,0,0,0
genome_000818,0,0,0,1,0,0,1,0,0,0,0,1,0,0,1,1,1,0,0,0
genome_000819,0,0,0,0,0,0,0,0,0,0,0,0,0,0,0,0,0,0,0,0
genome_000820,0,0,1,0,0,0,0,0,0,0,0,0,0,0,0,1,0,0,0,0
genome_000821,0,0,0,1,0,0,1,0,0,0,0,0,0,0,0,0,1,0,0,0
genome_000822,0,0,0,0,1,0,0,0,0,0,0,0,1,0,0,0,0,0,0,0
genome_000823,0,0,1,0,0,0,0,0,0,0,0,0,0,0,1,0,0,0,0,0
genome_000824,0,0,0,1,0,0,0,1,1,0,0,0,1,0,0,0,0,1,0,0
genome_000825,1,0,0,0,0,0,1,0,0,0,0,1,0,0,0,0,0,0,0,0
genome_000826,0,0,0,0,0,0,0,0,0,0,0,0,0,0,0,0,0,0,0,1
genome_000827,0,0,0,0,0,0,0,0,0,0,0,0,0,0,0,0,0,0,0,0
genome_000828,1,0,0,0,0,0,0,0,0,0,1,1,0,0,0,0,0,0,0,0
genome_000829,0,0,0,0,0,1,0,0,0,0,0,0,0,0,0,0,0,1,0,0
genome_000830,0,1,0,1,0,0,1,0,0,0,1,0,0,0,0,0,0,0,0,1
genome_000831,1,0,0,0,0,0,0,0,0,0,0,1,0,1,0,0,0,0,0,0
genome_000832,0,0,0,0,0,1,1,0,1,0,0,1,0,0,0,0,0,0,1,1
genome_000833,0,0,0,0,0,0,1,0,0,0,0,0,0,0,0,0,0,0,0,0
genome_000834,0,0,0,0,0,1,0,0,0,0,0,0,0,0,0,0,0,0,0,0
genome_000835,0,0,0,0,0,0,0,0,1,1,0,0,0,0,0,0,1,0,0,0
genome_000836,0,0,0,0,0,0,0,0,0,1,0,0,1,0,0,0,0,1,0,0
genome_000837,0,0,0,0,0,0,1,0,0,0,1,0,0,0,0,0,0,0,0,0
genome_000838,1,0,0,0,0,0,0,0,0,0,0,1,0,0,0,0,0,0,0,1
genome_000839,0,1,0,0,0,0,1,0,1,0,0,0,0,0,0,0,1,0,0,1
genome_000840,0,0,0,0,0,1,0,0,0,0,0,0,0,0,0,0,0,0,0,0
genome_000841,0,0,1,0,0,0,0,0,0,0,0,0,0,0,0,0,0,0,0,0
genome_000842,0,0,0,1,0,0,1,1,0,0,1,0,0,0,0,1,0,0,0,0
genome_000843,0,0,0,0,0,0,0,0,0,0,0,0,0,0,0,0,0,0,0,0
genome_000844,0,0,1,0,0,1,0,1,0,0,0,0,0,0,0,0,0,0,0,0
genome_000845,0,0,0,1,0,0,0,0,1,0,0,0,0,0,0,0,0,0,0,0
genome_000846,0,0,0,0,0,0,1,1,0,0,0,0,1,0,0,0,0,0,0,1
genome_000847,0,0,0,0,0,0,0,0,0,0,0,0,0,0,0,0,0,0,0,1
genome_000848,0,0,0,0,1,0,0,1,0,0,0,0,0,0,0,0,1,0,0,0
genome_000849,0,0,0,0,1,0,0,0,0,1,0,0,0,0,0,0,0,0,0,0
genome_000850,0,1,0,0,0,0,0,0,0,0,0,0,0,0,1,0,0,1,1,0
genome_000851,0,0,0,0,1,0,0,1,0,0,0,0,0,0,0,1,0,0,0,0
genome_000852,0,0,0,0,0,0,0,0,0,0,1,0,1,1,0,0,0,0,0,0
genome_000853,0,0,1,0,0,0,1,0,0,0,0,0,0,0,0,0,0,0,0,0
genome_000854,0,1,0,0,0,0,0,0,0,0,0,0,0,0,0,0,0,0,0,0
genome_000855,0,0,0,0,0,0,0,1,0,1,1,0,0,0,0,1,0,0,0,0
genome_000856,0,0,0,1,0,0,0,0,0,0,0,0,0,0,0,0,0,0,0,0
genome_000857,1,0,0,0,0,1,0,0,0,0,0,0,0,0,0,1,0,0,1,0
genome_000858,1,0,1,0,0,0,0,0,0,0,1,0,0,0,0,0,0,0,0,0
genome_000859,0,0,0,0,0,0,0,0,1,0,0,0,0,0,0,1,0,1,1,0
genome_000860,0,0,0,0,0,0,0,0,0,0,0,0,0,0,0,0,1,1,0,1
genome_000861,0,0,0,0,0,0,0,0,0,0,0,0,0,0,0,0,0,0,0,0
genome_000862,0,0,0,0,0,1,0,0,1,1,0,1,0,0,0,0,0,0,0,0
genome_000863,0,0,0,1,0,0,1,0,1,0,0,0,0,0,0,0,0,0,0,0
genome_000864,1,0,0,1,1,0,0,0,0,0,0,0,0,0,0,0,0,0,1,0
genome_000865,0,0,0,0,1,0,0,0,0,0,1,0,0,0,0,0,0,0,0,0
genome_000866,0,0,0,0,0,1,0,0,0,0,0,0,0,0,0,0,0,0,0,0
genome_000867,0,0,1,0,0,0,1,1,1,0,1,0,1,0,0,1,0,0,0,0
genome_000868,0,0,0,0,0,0,0,0,0,0,0,0,0,0,0,0,0,0,0,0
genome_000869,0,0,0,0,0,0,0,0,0,0,0,1,0,0,0,0,0,0,0,0
genome_000870,0,0,0,0,0,0,0,0,0,0,0,0,0,0,0,0,0,0,0,0
genome_000871,0,0,0,0,0,0,0,0,0,0,0,0,1,0,0,1,0,0,0,0
genome_000872,0,0,0,0,0,1,0,0,0,0,0,0,0,0,0,0,0,0,0,1
genome_000873,0,0,0,0,0,0,0,0,0,0,0,0,0,0,0,0,0,0,0,1
genome_000874,0,0,0,0,0,0,1,0,0,1,0,0,0,1,1,0,0,1,0,0
genome_000875,0,0,0,0,0,0,0,0,0,0,0,0,1,0,0,0,0,0,1,0
genome_000876,0,0,0,0,0,0,0,0,0,0,0,0,0,0,1,0,0,0,0,0
genome_000877,1,0,0,0,0,1,1,0,0,0,0,0,0,0,0,0,1,0,0,0
genome_000878,1,0,0,0,0,1,0,0,0,0,0,0,0,0,0,0,0,0,0,0
genome_000879,0,0,0,0,0,0,0,0,0,0,0,0,0,0,0,0,0,1,0,0
genome_000880,0,0,0,0,0,0,0,0,0,0,1,1,0,1,0,0,0,1,0,1
genome_000881,0,0,1,0,1,1,0,0,0,0,0,0,0,1,1,0,0,0,0,0
genome_000882,0,0,0,0,0,0,0,0,0,0,0,0,0,0,0,0,0,0,0,0
genome_000883,0,0,0,0,0,0,0,0,0,0,0,0,0,0,0,0,0,0,0,0
genome_000884,0,0,1,0,0,0,0,0,0,0,0,0,0,0,0,0,0,1,0,0
genome_000885,0,0,1,0,0,0,0,0,0,1,0,0,1,0,0,0,0,0,0,0
genome_000886,0,1,0,0,0,0,1,0,1,0,0,0,0,0,0,0,0,1,1,0
genome_000887,0,1,1,0,0,1,0,1,0,0,0,0,0,0,0,0,0,0,0,0
genome_000888,0,1,0,0,1,0,0,1,0,0,1,0,0,0,0,0,0,0,0,0
genome_000889,0,0,0,0,0,0,0,0,0,0,0,0,0,0,0,0,1,0,0,0
genome_000890,0,0,0,0,0,0,0,0,0,1,0,0,0,0,0,0,0,0,0,0
genome_000891,0,1,0,0,0,0,1,0,1,0,0,0,0,1,0,0,0,0,0,0
genome_000892,1,0,0,0,0,0,0,0,0,0,0,0,0,0,0,0,0,0,0,0
genome_000893,0,0,0,0,0,0,0,0,0,0,0,0,0,0,0,0,0,1,0,0
genome_000894,0,0,0,0,0,0,0,0,0,0,0,0,0,0,0,0,0,1,1,0
genome_000895,0,0,0,0,0,0,0,0,0,0,0,0,1,1,0,0,1,0,1,0
genome_000896,1,0,0,0,0,0,0,0,0,0,0,0,0,1,0,0,0,0,0,0
genome_000897,0,0,0,0,0,0,0,0,0,0,0,0,0,0,0,0,0,0,0,0
genome_000898,0,0,0,0,0,0,0,0,0,0,1,0,0,0,0,0,0,0,0,0
genome_000899,0,0,0,0,0,0,0,1,0,0,0,0,0,0,0,0,0,1,0,0
genome_000900,0,0,0,0,0,0,0,0,0,1,0,0,0,1,0,0,0,0,1,0
genome_000901,0,0,0,1,0,0,0,0,0,0,0,0,0,0,1,0,0,0,1,1
genome_000902,0,0,0,0,0,0,0,0,1,0,0,0,0,0,1,0,1,0,0,0
genome_000903,0,0,0,0,0,0,0,0,0,0,0,0,0,1,0,0,0,1,0,0
genome_000904,0,0,0,0,0,1,0,0,0,0,0,0,1,0,0,0,0,0,0,0
genome_000905,0,0,0,0,0,0,0,0,0,0,0,1,0,0,0,0,0,0,0,0
genome_000906,0,1,0,0,0,0,0,0,0,0,0,0,0,0,0,0,0,0,1,0
genome_000907,1,1,1,0,0,1,0,0,0,0,0,1,0,0,1,0,0,0,0,0
genome_000908,0,0,0,0,0,0,0,0,0,0,1,1,0,0,0,0,0,0,0,1
genome_000909,0,1,1,1,0,0,0,0,0,0,0,0,1,0,1,0,0,0,0,1
genome_000910,0,0,0,0,0,0,1,0,0,0,0,0,0,0,0,0,0,0,0,0
genome_000911,0,0,0,0,0,0,0,0,0,0,0,0,0,0,0,0,0,0,0,0
genome_000912,0,0,0,0,0,1,0,0,0,0,0,0,0,0,0,0,0,0,0,0
genome_000913,0,0,0,0,1,0,0,0,0,0,0,1,0,1,0,0,1,0,0,0
genome_000914,0,0,0,1,0,1,0,0,0,0,0,0,0,0,0,0,0,0,0,1
genome_000915,0,1,0,0,1,0,0,1,0,1,0,0,0,0,0,0,0,0,0,0
genome_000916,0,0,0,0,0,0,1,0,1,0,1,0,0,0,1,1,1,0,1,0
genome_000917,0,0,0,0,0,0,0,0,0,0,0,0,0,0,0,0,0,0,0,0
genome_000918,0,0,0,0,1,0,0,1,0,0,1,1,0,0,0,0,0,0,1,0
genome_000919,0,0,0,0,0,0,0,0,0,0,0,0,0,0,1,0,0,0,0,0
genome_000920,0,0,0,0,0,0,0,0,0,0,0,0,0,0,0,0,0,0,0,0
genome_000921,0,0,0,0,0,0,1,0,0,0,0,0,0,0,1,0,0,0,0,0
genome_000922,0,0,1,0,0,0,0,1,0,0,0,0,0,0,0,0,1,0,0,1
genome_000923,0,0,0,0,0,0,0,0,0,1,0,0,0,0,0,0,0,1,0,0
genome_000924,0,0,0,0,0,0,0,0,0,0,0,0,0,0,0,0,0,0,0,0
genome_000925,0,1,0,0,0,0,1,0,0,0,0,0,0,1,0,0,0,0,0,0
genome_000926,0,0,0,0,0,0,0,1,0,0,0,0,0,0,0,0,0,0,0,0
genome_000927,0,1,0,0,0,0,0,0,0,0,0,0,0,0,0,0,0,0,0,0
genome_000928,0,0,1,0,0,0,0,0,0,1,0,0,0,0,1,0,0,0,0,0
genome_000929,0,0,0,1,0,0,0,1,0,0,0,1,0,0,0,0,0,0,0,0
genome_000930,0,1,0,0,0,0,0,1,0,0,0,0,0,0,0,0,0,1,1,0
genome_000931,0,0,1,0,0,0,0,0,0,0,0,0,0,0,1,0,0,0,0,0
genome_000932,0,0,0,1,0,0,0,0,0,0,0,0,0,0,0,0,0,0,0,0
genome_000933,0,0,1,0,0,0,0,0,0,0,0,0,1,0,0,0,1,0,0,0
genome_000934,0,0,0,0,0,1,0,0,0,0,0,1,0,0,0,0,0,0,0,0
genome_000935,0,0,0,0,0,0,0,0,0,0,0,0,0,0,0,0,0,0,1,1
genome_000936,0,1,0,1,0,1,0,0,0,0,0,0,1,0,0,0,0,1,0,0
genome_000937,0,0,0,0,1,0,0,0,0,0,0,0,1,0,1,0,0,0,0,0
genome_000938,0,0,1,0,0,0,0,0,0,0,0,1,0,0,0,0,0,0,0,0
genome_000939,0,0,0,0,0,0,0,0,0,0,0,0,0,0,0,0,0,0,0,0
genome_000940,1,0,0,0,0,0,0,0,0,0,0,0,0,0,0,0,0,0,0,0
genome_000941,0,0,0,0,0,0,0,0,0,0,0,0,0,0,0,0,0,0,0,0
genome_000942,0,0,0,0,0,0,0,0,0,0,0,0,0,1,1,0,0,0,0,0
genome_000943,0,0,0,0,0,0,0,0,1,1,0,0,0,0,0,0,0,0,0,0
genome_000944,0,0,0,0,1,0,0,0,0,0,0,1,1,0,0,0,0,0,0,0
genome_000945,0,1,0,0,0,0,0,0,0,0,0,0,0,0,0,0,0,0,0,0
genome_000946,0,0,0,0,0,0,0,0,0,0,1,0,0,0,0,1,0,0,0,0
genome_000947,0,0,0,0,0,1,1,0,0,0,0,0,1,0,0,0,0,0,1,0
genome_000948,0,0,0,0,0,0,1,0,0,0,0,0,0,0,0,0,0,0,0,0
genome_000949,0,0,0,0,0,0,0,0,0,0,0,0,0,1,0,0,0,1,1,0
genome_000950,0,0,0,0,0,0,0,0,1,0,0,0,0,0,1,0,0,1,1,0
genome_000951,0,0,0,0,0,0,0,0,0,0,0,1,0,0,1,0,1,1,0,0
genome_000952,0,0,0,0,0,0,0,0,0,0,0,0,0,1,0,0,0,0,0,0
genome_000953,0,1,0,0,0,0,0,0,0,0,0,0,0,0,0,0,0,0,0,0
genome_000954,0,1,0,0,0,0,0,0,0,0,0,0,1,0,0,0,0,1,0,0
genome_000955,0,0,0,0,0,0,0,0,0,1,0,0,0,1,0,0,0,0,0,0
genome_000956,1,1,0,0,1,0,0,0,0,0,0,0,0,0,1,0,1,1,0,0
genome_000957,0,0,0,1,0,0,0,0,1,0,0,1,0,1,0,0,0,0,0,0
genome_000958,0,0,0,0,0,1,1,0,0,1,0,0,0,0,0,0,1,0,1,1
genome_000959,0,0,0,0,0,0,0,0,0,0,0,1,0,0,0,0,0,0,0,0
genome_000960,0,0,1,0,0,1,0,0,0,0,0,1,0,0,0,0,1,0,0,0
genome_000961,0,0,1,0,0,0,0,0,1,0,0,0,0,0,0,0,0,0,0,0
genome_000962,0,1,0,0,1,0,0,0,0,0,0,0,0,0,1,0,0,0,0,0
genome_000963,0,0,0,0,0,0,0,0,0,0,0,0,0,0,1,0,0,1,0,0
genome_000964,0,1,0,1,0,0,0,0,1,1,1,0,1,0,0,0,1,0,0,0
genome_000965,0,0,0,0,0,0,0,0,0,0,1,0,0,0,0,0,0,1,0,0
genome_000966,0,0,0,0,1,0,0,0,0,1,0,0,0,0,0,0,0,0,0,0
genome_000967,0,0,0,0,0,0,0,1,0,0,0,0,0,0,0,1,1,0,0,0
genome_000968,0,0,1,0,1,0,0,1,1,0,0,0,0,0,0,0,1,0,0,0
genome_000969,0,1,1,0,1,0,0,0,0,0,0,0,0,0,0,0,0,0,0,0
genome_000970,0,0,0,0,0,0,0,0,0,0,0,0,0,1,0,0,0,0,0,0
genome_000971,1,1,0,0,1,1,0,0,0,0,0,0,0,0,0,0,0,0,0,0
genome_000972,1,0,0,0,0,1,0,0,0,0,0,0,0,0,1,1,1,1,0,0
genome_000973,0,0,0,0,0,0,0,0,0,0,0,0,0,0,0,0,0,0,0,0
genome_000974,0,0,0,0,0,0,0,0,1,0,0,0,0,0,0,0,0,0,0,0
genome_000975,0,0,0,1,0,0,0,1,0,0,1,0,1,1,0,0,0,1,0,0
genome_000976,0,0,0,0,0,0,0,0,0,0,0,0,0,0,0,0,0,0,0,0
genome_000977,0,0,0,0,0,1,0,0,0,0,0,1,0,0,1,0,0,0,0,0
genome_000978,0,1,0,0,0,0,0,1,0,0,0,1,0,0,0,0,0,0,0,0
genome_000979,0,0,0,1,1,0,0,0,0,0,0,0,0,0,0,0,0,0,0,0
genome_000980,0,1,0,0,0,0,0,0,0,0,0,0,0,0,0,0,0,0,0,0
genome_000981,0,0,0,0,0,0,0,0,0,0,0,0,0,0,0,0,0,0,0,0
genome_000982,0,1,0,0,0,0,0,0,0,0,0,0,0,0,0,0,0,0,1,0
genome_000983,0,0,0,0,0,0,0,0,0,0,0,1,0,0,0,0,1,0,0,1
genome_000984,0,0,0,0,0,1,0,1,0,0,0,0,1,1,0,0,0,0,0,1
genome_000985,1,0,0,0,0,0,0,0,1,0,0,0,0,0,0,0,0,1,0,1
genome_000986,0,0,0,0,0,0,1,1,0,0,0,0,0,1,0,0,0,0,0,1
genome_000987,0,0,0,0,0,0,0,1,0,0,0,0,0,0,0,0,0,0,0,0
genome_000988,0,0,0,0,0,0,0,0,1,0,0,0,0,0,0,0,0,1,0,0
genome_000989,0,0,0,0,0,0,0,0,1,0,0,0,0,0,0,0,1,0,0,0
genome_000990,0,0,0,0,0,0,0,0,0,0,0,0,0,0,0,1,0,0,0,0
genome_000991,0,0,0,0,0,0,0,0,0,0,0,0,0,0,0,1,0,0,0,0
genome_000992,0,0,0,1,0,1,0,0,0,0,0,0,0,0,0,0,0,0,0,1
genome_000993,0,0,0,0,0,0,0,0,0,0,0,0,0,0,0,0,0,1,0,1
genome_000994,0,0,0,0,0,0,0,0,0,0,0,0,0,0,0,0,0,0,0,0
genome_000995,0,0,0,0,0,0,0,0,1,0,0,0,0,0,0,0,0,0,0,0
genome_000996,0,0,0,0,1,0,0,0,0,0,0,0,0,1,0,0,0,0,0,0
genome_000997,0,0,0,0,1,0,0,1,0,0,0,0,1,0,0,0,0,0,0,0
genome_000998,1,0,0,0,0,0,0,0,0,1,0,0,0,0,0,0,0,0,0,0
genome_000999,0,1,0,0,0,0,0,0,0,0,0,0,0,1,0,0,0,0,0,0
genome_001000,0,0,0,0,0,1,0,1,0,0,1,1,0,0,0,0,0,1,1,0
genome_001001,0,0,0,0,0,0,0,0,0,0,0,0,0,0,0,0,0,0,0,1
genome_001002,0,0,0,0,0,0,0,1,0,0,0,0,0,0,0,0,0,0,0,1
genome_001003,0,0,0,0,0,0,0,1,0,0,0,0,0,0,0,0,0,0,0,0
genome_001004,0,0,1,0,0,0,0,0,0,1,0,0,0,0,0,1,0,0,0,0
genome_001005,0,0,0,0,1,0,0,0,0,1,0,1,0,0,1,0,0,0,1,0
genome_001006,0,0,0,1,0,0,0,0,0,0,0,0,1,0,0,0,0,1,0,0
genome_001007,0,0,1,1,1,0,1,0,0,0,1,0,0,0,0,0,0,1,0,0
genome_001008,1,0,0,0,0,0,1,0,0,1,0,0,0,0,0,0,0,0,0,0
genome_001009,0,0,0,0,0,0,0,0,0,0,0,0,0,0,0,0,0,1,0,0
genome_001010,0,0,0,0,0,0,0,1,0,1,0,0,0,0,0,0,0,0,0,0
genome_001011,0,0,0,0,0,0,0,0,0,0,0,0,0,0,1,0,0,1,0,0
genome_001012,0,0,0,0,0,0,0,0,0,0,1,0,0,0,0,0,0,1,0,0
genome_001013,0,0,0,0,0,0,0,1,0,0,0,0,0,0,1,0,1,0,0,0
genome_001014,0,0,0,1,0,0,0,0,0,1,1,0,0,0,0,0,0,0,0,0
genome_001015,0,0,0,0,0,0,0,0,0,0,0,0,0,0,0,0,0,0,0,0
genome_001016,0,0,0,0,0,0,0,0,0,0,0,0,0,0,0,0,1,0,0,0
genome_001017,0,0,0,0,0,0,0,1,0,0,0,0,0,0,0,0,0,0,0,0
genome_001018,0,0,0,0,0,0,0,1,0,0,0,0,0,0,0,0,0,0,0,0
genome_001019,0,1,0,0,0,0,0,0,0,0,1,0,0,1,0,1,0,1,0,0
genome_001020,0,0,1,0,0,1,0,0,1,1,0,0,1,0,1,0,0,0,0,0
genome_001021,1,0,0,0,0,0,0,1,0,0,1,0,1,0,0,0,0,0,0,1
genome_001022,0,1,0,0,0,0,0,0,0,0,0,0,0,0,0,0,0,0,0,0
genome_001023,0,0,1,0,0,0,0,0,1,0,0,1,0,0,0,0,0,0,0,0
genome_001024,0,0,0,0,0,0,0,0,1,0,0,0,0,0,0,0,0,0,0,0
genome_001025,0,0,0,0,0,0,0,1,0,0,0,0,0,0,0,1,0,0,0,0
genome_001026,0,0,0,0,0,0,0,1,0,0,0,0,0,0,0,0,0,0,0,0
genome_001027,0,0,0,0,0,0,0,0,0,0,0,0,0,0,0,0,0,0,0,0
genome_001028,1,0,0,1,0,0,0,1,1,0,0,1,0,1,0,0,0,0,0,0
genome_001029,0,0,0,0,1,0,0,0,0,0,0,0,0,0,0,1,0,0,0,0
genome_001030,0,0,0,0,0,0,0,0,0,0,0,0,0,0,0,0,0,1,0,0
genome_001031,0,0,0,0,0,0,0,0,0,0,0,0,0,1,0,0,0,0,0,1
genome_001032,0,0,0,0,0,0,0,1,0,0,1,1,0,0,0,0,1,0,0,0
genome_001033,0,0,0,0,0,0,0,1,0,0,0,0,0,0,1,0,0,0,0,0
genome_001034,0,0,0,1,0,0,0,0,0,1,0,0,0,0,0,1,0,0,0,0
genome_001035,1,0,1,0,0,0,1,0,0,1,0,0,0,0,0,0,0,0,0,0
genome_001036,0,0,0,0,0,0,1,0,0,0,0,0,0,0,0,0,0,0,0,0
genome_001037,0,0,0,0,0,0,1,0,0,0,1,0,0,0,1,0,0,0,0,0
genome_001038,0,0,1,0,0,0,0,0,0,0,0,0,0,0,0,1,0,0,0,0
genome_001039,0,0,0,0,1,0,0,0,1,0,0,0,0,0,0,1,1,0,1,0
genome_001040,0,0,0,0,0,0,0,0,0,0,0,0,0,0,0,0,0,1,0,0
genome_001041,0,0,0,0,0,0,0,1,1,0,0,0,0,0,0,0,0,0,0,0
genome_001042,0,0,1,0,0,0,1,0,0,1,0,0,0,0,1,0,0,0,0,0
genome_001043,0,0,0,0,0,0,0,0,0,0,0,0,0,0,0,0,0,0,1,0
genome_001044,0,0,0,0,0,0,0,0,0,0,0,0,0,1,0,0,0,0,0,0
genome_001045,1,0,1,0,0,0,0,0,0,0,0,0,0,0,0,0,0,0,0,0
genome_001046,0,0,0,0,0,0,0,0,0,0,0,0,1,0,0,0,0,1,0,0
genome_001047,0,0,1,0,0,1,0,0,1,0,0,0,1,0,0,1,0,0,0,0
genome_001048,0,0,0,0,1,0,0,0,1,0,0,1,0,0,0,0,0,1,0,0
genome_001049,1,0,0,0,0,1,1,0,0,0,0,0,0,0,0,0,0,0,0,0
genome_001050,0,0,0,0,1,0,0,0,0,0,0,0,0,0,0,0,0,0,0,0
genome_001051,0,0,0,0,0,1,0,0,0,0,0,0,1,0,0,0,0,1,0,0
genome_001052,0,1,0,0,0,1,0,0,0,0,0,0,0,0,1,0,0,0,1,0
genome_001053,0,0,0,0,0,0,1,0,0,0,0,0,0,0,0,0,0,0,0,0
genome_001054,0,0,0,0,0,0,0,0,1,0,0,0,0,0,0,0,0,1,0,0
genome_001055,0,1,0,0,0,0,0,0,0,0,0,0,0,0,0,1,0,0,1,1
genome_001056,0,0,1,0,0,1,0,1,0,0,0,0,1,0,1,0,0,0,0,0
genome_001057,1,0,0,0,0,0,0,0,1,0,0,0,0,0,0,0,0,0,0,0
genome_001058,0,0,0,0,1,0,0,0,0,0,0,1,0,0,1,0,0,0,0,0
genome_001059,1,0,0,0,1,0,0,0,0,0,1,0,0,0,0,0,0,0,0,1
genome_001060,0,0,0,1,0,0,0,0,0,0,0,0,0,0,1,0,0,0,0,0
genome_001061,0,1,0,0,0,0,0,1,0,0,0,0,0,0,0,0,0,0,0,1
genome_001062,0,0,0,0,0,0,0,1,0,0,0,1,0,0,0,0,0,0,0,0
genome_001063,0,1,0,0,1,1,0,0,1,0,0,1,0,1,0,0,0,0,1,0
genome_001064,0,0,0,0,0,0,0,0,0,0,0,0,0,0,0,0,1,0,0,0
genome_001065,0,0,0,0,0,0,0,0,0,0,0,0,0,0,0,0,0,0,1,0
genome_001066,0,0,0,0,0,0,0,0,0,0,0,0,0,0,0,0,0,0,1,0
genome_001067,0,0,0,0,0,0,0,0,0,0,0,1,0,0,1,0,1,0,0,1
genome_001068,0,0,0,1,0,1,0,0,0,1,1,0,1,0,0,0,0,0,0,0
genome_001069,0,1,0,0,0,0,1,0,1,0,1,0,0,0,0,0,0,0,0,0
genome_001070,0,0,0,1,0,0,0,0,0,0,1,0,1,1,0,0,0,0,0,0
genome_001071,0,1,0,0,0,0,0,0,0,0,0,0,0,0,0,0,0,0,1,0
genome_001072,0,0,0,0,0,0,0,0,0,0,0,0,0,0,0,0,0,0,1,0
genome_001073,0,0,0,0,1,0,0,0,0,0,0,0,0,0,0,0,1,0,0,0
genome_001074,1,0,0,0,0,0,0,0,0,0,0,0,1,1,0,0,0,0,0,0
genome_001075,0,0,0,0,0,0,0,0,0,0,0,1,0,0,0,1,0,1,0,1
genome_001076,0,1,0,1,0,0,0,1,0,0,0,0,1,0,0,0,0,0,0,0
genome_001077,0,0,0,0,0,0,1,0,0,0,0,0,0,0,0,0,0,0,0,1
genome_001078,0,0,0,0,0,0,0,0,0,0,0,0,0,0,0,0,0,0,0,0
genome_001079,0,0,0,0,0,0,0,0,0,0,0,0,0,0,0,0,0,0,0,0
genome_001080,0,0,0,0,0,0,0,0,1,0,0,0,0,0,0,0,0,0,0,0
genome_001081,0,0,0,0,0,0,0,0,0,0,0,0,0,0,0,0,0,1,0,0
genome_001082,0,0,1,0,0,0,0,0,0,0,0,0,0,0,0,1,0,0,0,0
genome_001083,0,0,0,0,0,1,0,0,1,0,1,0,1,0,0,0,1,1,0,0
genome_001084,0,0,0,0,0,0,0,0,0,0,0,1,0,0,0,1,1,0,0,0
genome_001085,0,0,0,0,0,0,0,0,0,0,0,0,0,0,0,0,0,0,0,0
genome_001086,0,0,1,0,0,0,0,0,0,0,0,1,0,0,0,0,0,0,0,0
genome_001087,0,1,0,0,1,0,0,0,0,0,1,0,0,0,0,0,0,0,0,0
genome_001088,0,0,0,0,0,0,0,1,0,1,0,0,0,0,0,0,0,0,0,0
genome_001089,0,0,1,0,0,0,1,0,0,0,0,0,0,0,1,0,1,0,0,0
genome_001090,0,0,0,1,0,0,1,1,0,0,0,0,0,0,0,1,0,0,0,0
genome_001091,0,0,1,1,0,0,0,0,0,0,0,0,0,0,1,0,0,0,0,0
genome_001092,0,0,0,0,0,0,0,0,0,0,0,0,0,0,0,0,0,0,0,0
genome_001093,0,0,0,0,0,0,0,0,0,0,0,0,0,1,0,0,0,0,0,0
genome_001094,0,0,0,0,0,0,0,0,1,0,0,0,0,0,0,0,0,0,0,0
genome_001095,0,0,0,1,0,0,0,0,0,0,0,0,0,1,0,0,0,0,1,0
genome_001096,1,0,0,0,0,0,0,0,0,0,0,0,0,0,0,0,0,0,0,0
genome_001097,0,0,0,0,0,0,1,0,0,1,0,0,0,0,0,0,0,1,0,0
genome_001098,0,0,0,0,0,1,1,0,1,0,1,0,0,0,0,0,0,0,0,0
genome_001099,0,0,1,0,1,0,0,0,0,0,0,0,0,0,0,0,0,0,0,0
genome_001100,0,0,0,0,0,0,0,0,0,0,0,0,0,0,0,0,0,0,1,0
genome_001101,0,0,0,0,0,0,1,0,0,0,0,0,0,1,0,0,0,0,0,0
genome_001102,0,1,1,0,0,0,0,1,0,0,0,0,0,0,0,0,0,0,0,0
genome_001103,0,0,0,0,0,0,1,0,1,0,0,0,0,0,0,0,0,0,0,0
genome_001104,0,0,0,0,0,0,0,1,0,1,0,0,0,0,0,0,0,1,0,0
genome_001105,1,0,0,0,0,0,1,0,0,0,0,0,0,1,1,0,0,0,0,0
genome_001106,0,0,0,0,0,0,0,0,0,0,0,0,0,0,0,0,0,0,0,0
genome_001107,0,0,1,0,0,0,0,0,1,0,0,0,0,0,0,0,0,0,1,0
genome_001108,0,0,0,0,0,0,0,0,0,0,0,0,0,0,0,0,0,1,0,0
genome_001109,0,0,0,0,0,0,0,0,0,0,0,1,0,0,0,0,0,0,0,0
genome_001110,1,0,0,0,0,0,0,0,1,0,0,0,1,0,0,0,0,1,0,0
genome_001111,1,0,0,1,0,0,0,0,0,0,0,0,0,1,0,0,0,0,0,0
genome_001112,1,0,0,0,0,0,0,0,0,1,0,0,0,0,0,0,0,0,0,1
genome_001113,0,0,1,0,0,0,0,0,0,0,0,0,0,0,0,0,0,0,0,0
genome_001114,0,0,1,0,1,1,0,0,0,0,0,0,0,0,0,1,0,0,0,0
genome_001115,0,1,1,1,0,0,0,0,0,1,0,1,0,1,0,0,0,0,0,0
genome_001116,1,0,0,1,0,0,0,0,0,1,0,0,0,1,1,0,1,0,0,0
genome_001117,0,0,0,1,0,0,0,0,1,0,1,0,1,0,0,0,0,1,0,0
genome_001118,0,0,0,1,1,1,1,0,0,0,1,0,1,0,0,1,0,0,1,1
genome_001119,0,0,0,0,1,0,1,1,0,0,0,1,0,0,0,0,0,1,0,0
genome_001120,0,0,0,0,1,0,0,0,0,0,0,0,0,0,0,0,0,0,0,0
genome_001121,0,0,0,0,0,0,0,0,0,0,0,0,0,0,0,0,0,0,0,0
genome_001122,0,0,0,0,0,0,0,0,0,0,0,0,0,0,0,0,0,0,0,0
genome_001123,0,0,0,0,0,0,0,0,0,0,0,0,0,0,0,1,0,0,0,0
genome_001124,0,0,0,0,0,0,0,0,0,0,0,0,1,0,0,0,0,0,0,0
genome_001125,0,0,0,1,1,0,0,0,1,0,0,0,0,1,1,0,0,0,0,1
genome_001126,0,1,1,0,0,0,0,0,0,1,0,0,1,0,0,0,1,0,0,0
genome_001127,0,0,0,0,0,0,0,0,0,0,0,0,0,0,0,0,0,0,1,0
genome_001128,0,0,0,0,0,0,0,0,0,0,0,0,0,0,0,0,0,0,1,0
genome_001129,0,0,0,1,0,0,0,0,0,0,1,0,0,0,0,0,0,0,0,0
genome_001130,0,1,1,0,0,0,0,0,0,0,0,1,0,0,1,1,0,0,0,0
genome_001131,0,1,0,0,0,0,0,0,0,0,0,0,0,1,0,0,0,0,1,0
genome_001132,0,0,0,0,0,0,1,1,0,1,1,0,0,1,0,0,1,0,0,1
genome_001133,0,1,0,1,0,0,1,0,0,0,0,1,1,0,0,1,0,0,0,1
genome_001134,0,0,0,0,0,0,0,0,0,0,0,0,0,0,0,0,0,0,0,0
genome_001135,0,0,0,0,0,0,0,0,0,0,0,0,0,0,0,0,1,0,0,0
genome_001136,0,0,0,0,0,0,0,0,0,1,0,0,0,0,0,0,0,0,0,0
genome_001137,0,0,0,0,0,0,0,1,1,0,0,0,0,0,0,0,0,0,0,0
genome_001138,0,0,1,0,0,0,0,0,0,0,0,0,1,0,0,0,0,1,0,0
genome_001139,0,0,0,1,0,0,0,0,1,0,0,0,0,0,0,0,1,1,1,0
genome_001140,1,0,1,0,0,1,0,0,1,0,0,0,0,0,0,0,0,0,1,0
genome_001141,1,0,0,0,0,0,0,0,0,0,1,0,0,0,0,0,0,0,0,0
genome_001142,0,1,0,0,0,0,0,0,0,0,0,0,0,0,0,1,0,0,0,0
genome_001143,0,0,0,0,0,0,0,1,0,0,0,0,0,0,0,1,1,0,0,0
genome_001144,1,0,0,0,0,0,1,0,0,0,1,0,0,0,0,0,0,0,0,0
genome_001145,0,1,0,0,0,0,0,0,0,0,0,0,0,0,0,0,0,0,0,0
genome_001146,1,0,0,1,1,1,0,0,0,0,0,0,1,0,0,1,0,0,1,0
genome_001147,0,1,0,1,0,0,0,0,0,0,0,0,0,0,0,0,0,1,0,1
genome_001148,0,0,0,0,1,1,0,0,0,0,0,0,0,0,0,0,0,0,0,0
genome_001149,0,0,0,0,0,0,0,0,0,0,0,0,0,0,0,0,0,0,0,0
genome_001150,1,1,0,0,0,0,0,0,0,1,0,0,0,0,0,0,0,0,0,0
genome_001151,0,0,0,0,0,0,1,0,0,0,1,0,0,0,0,0,0,0,1,0
genome_001152,0,0,1,0,0,0,0,0,0,0,1,0,0,0,0,1,1,0,0,0
genome_001153,0,0,0,0,0,0,0,0,0,0,0,0,0,0,0,1,0,0,0,0
genome_001154,0,0,1,0,0,0,0,0,0,1,0,0,1,0,0,0,0,0,0,0
genome_001155,0,0,0,0,0,0,0,0,0,0,0,0,0,0,0,0,0,0,0,0
genome_001156,0,0,0,1,0,0,0,0,0,0,0,0,0,1,0,0,0,0,0,0
genome_001157,0,1,0,0,0,1,1,0,0,0,0,0,0,0,0,0,0,0,0,0
genome_001158,0,0,0,0,0,0,0,0,1,0,0,0,0,0,0,0,0,0,1,1
genome_001159,0,0,0,0,0,0,0,0,0,0,0,0,0,0,0,0,0,0,0,0
genome_001160,0,0,0,0,0,0,0,0,0,0,1,0,0,0,0,1,0,1,1,0
genome_001161,1,0,0,0,0,1,0,1,0,1,0,0,0,0,0,0,1,0,0,0
genome_001162,0,0,0,0,0,0,0,0,0,0,0,0,0,0,0,0,0,1,0,0
genome_001163,0,0,0,0,0,0,0,0,0,0,0,0,0,0,0,0,0,0,0,0
genome_001164,0,1,0,0,0,0,0,0,0,1,0,0,0,0,0,0,0,1,1,0
genome_001165,0,0,0,0,0,0,0,0,0,0,0,0,0,0,0,0,0,0,1,0
genome_001166,0,0,0,0,0,0,0,0,0,0,0,0,0,0,0,1,0,0,0,0
genome_001167,1,0,1,0,0,1,0,0,1,0,0,1,1,0,0,0,0,0,0,0
genome_001168,1,0,0,0,0,0,0,1,0,1,0,0,1,0,0,0,0,0,1,0
genome_001169,0,0,0,0,0,0,0,0,1,0,0,0,0,0,0,0,0,0,0,1
genome_001170,0,0,0,0,0,0,0,0,0,0,0,0,0,0,0,0,0,0,0,0
genome_001171,0,0,0,0,0,1,0,0,0,0,0,0,0,0,0,0,0,0,0,0
genome_001172,0,0,0,0,0,0,0,0,0,1,0,0,0,1,0,0,0,0,0,0
genome_001173,0,0,0,1,0,0,0,0,0,0,0,0,0,0,1,0,0,1,0,0
genome_001174,0,0,1,0,0,0,0,0,0,0,0,0,0,0,0,0,0,0,0,0
genome_001175,0,0,0,1,0,0,1,1,0,0,0,1,0,1,0,1,1,0,0,0
genome_001176,0,0,0,0,0,0,0,0,0,0,0,0,0,0,0,0,0,0,0,0
genome_001177,0,0,0,0,0,0,0,0,0,0,0,0,1,0,0,0,0,0,0,0
genome_001178,0,0,0,0,0,0,0,0,0,0,0,1,1,0,0,0,1,0,0,0
genome_001179,1,0,0,0,1,1,0,0,0,1,1,0,0,0,0,0,0,0,0,0
genome_001180,0,0,0,0,0,0,0,1,0,0,1,0,0,0,0,0,0,0,0,0
genome_001181,1,0,1,0,0,1,0,0,1,0,0,0,0,0,0,0,0,1,1,0
genome_001182,0,0,0,1,0,1,0,0,0,0,0,0,0,0,1,0,0,0,0,0
genome_001183,0,0,0,0,0,0,0,0,0,0,1,0,0,1,0,0,0,0,0,0
genome_001184,1,0,0,0,1,0,0,0,0,0,0,0,0,0,0,0,0,0,0,0
genome_001185,0,1,0,0,0,0,0,0,0,0,0,0,0,0,0,0,0,0,0,0
genome_001186,1,0,0,1,0,0,1,0,0,0,0,0,0,0,0,0,0,0,0,0
genome_001187,0,0,1,0,0,0,0,0,1,0,0,0,0,0,0,0,0,1,0,0
genome_001188,0,0,0,0,0,0,1,0,0,0,1,0,1,1,0,0,0,0,1,0
genome_001189,1,0,1,0,0,1,0,0,0,0,0,1,0,0,0,0,1,0,0,0
genome_001190,0,0,0,0,0,0,0,0,0,0,0,0,0,0,0,0,0,0,0,0
genome_001191,0,0,0,0,0,0,0,0,0,0,0,0,0,0,1,0,0,1,0,0
genome_001192,0,0,0,0,0,0,0,0,1,0,1,0,0,0,0,0,0,1,0,0
genome_001193,1,0,0,0,0,0,0,0,0,0,0,0,1,0,0,0,1,0,0,1
genome_001194,1,0,0,0,0,1,0,0,0,0,0,0,0,0,0,0,0,0,0,0
genome_001195,0,0,0,0,0,0,1,0,0,0,0,0,0,0,0,1,0,0,0,0
genome_001196,0,0,0,1,0,0,1,0,0,0,0,0,0,0,1,0,0,0,0,0
genome_001197,0,0,0,0,0,0,1,0,0,0,0,0,0,0,0,0,0,0,0,0
genome_001198,0,0,0,0,0,0,0,1,0,1,0,0,0,0,1,0,0,0,0,0
genome_001199,0,0,0,0,0,0,0,0,0,0,0,0,1,0,1,0,0,0,0,1
genome_001200,0,0,1,0,1,0,0,0,0,0,0,0,0,0,0,0,0,0,0,0
genome_001201,0,0,0,1,1,0,0,0,0,0,0,0,0,0,0,0,0,0,1,1
genome_001202,0,0,0,0,0,0,0,0,0,0,0,0,0,0,0,1,0,0,0,0
genome_001203,0,0,0,1,0,1,1,0,0,1,0,0,0,1,1,0,0,0,0,0
genome_001204,0,0,0,0,0,1,0,0,0,0,0,1,0,0,0,0,0,0,0,0
genome_001205,0,0,1,0,0,0,1,0,0,0,0,0,0,0,0,0,0,0,0,0
genome_001206,0,0,0,0,0,0,0,0,0,0,1,0,0,0,0,0,0,0,0,0
genome_001207,0,0,0,0,0,0,1,0,0,1,0,0,0,0,0,0,0,0,0,0
genome_001208,1,1,0,0,0,0,1,0,0,0,0,1,0,0,1,0,0,0,0,0
genome_001209,1,1,0,0,1,1,0,0,0,1,0,0,0,1,0,0,0,0,1,1
genome_001210,1,0,0,1,0,0,0,0,0,0,1,0,0,1,0,1,0,0,0,0
genome_001211,0,0,0,0,0,0,0,0,0,0,0,0,0,0,0,0,0,0,0,0
genome_001212,0,1,0,0,0,0,0,0,0,0,0,0,1,0,0,0,0,0,0,0
genome_001213,1,0,0,0,0,1,0,0,0,0,0,0,0,0,0,0,0,0,0,1
genome_001214,0,0,0,0,1,0,0,0,0,0,1,1,0,0,0,0,0,0,0,0
genome_001215,0,0,0,0,0,0,0,0,0,0,1,1,0,0,0,0,0,0,0,0
genome_001216,1,0,0,0,0,0,0,0,0,0,1,0,0,0,1,0,0,0,1,0
genome_001217,0,0,0,0,1,0,0,1,0,0,0,0,0,1,1,0,0,0,0,0
genome_001218,0,0,0,0,0,0,0,0,0,0,0,0,0,0,0,0,0,0,0,0
genome_001219,0,0,0,0,1,0,0,0,0,0,0,0,0,0,0,0,1,0,0,0
genome_001220,0,0,0,0,0,0,0,0,0,0,0,0,0,0,1,0,0,1,0,1
genome_001221,0,0,0,1,0,0,0,0,0,1,0,0,0,0,0,1,0,0,0,0
genome_001222,0,0,0,0,0,0,0,0,1,0,0,1,1,0,0,0,0,0,0,0
genome_001223,0,1,0,0,0,0,0,0,0,0,0,0,0,0,1,0,0,0,0,0
genome_001224,0,0,1,0,0,0,0,0,1,0,0,0,0,0,0,1,0,0,0,1
genome_001225,0,0,0,0,0,0,0,0,0,0,0,0,0,0,0,0,0,0,1,0
genome_001226,0,0,1,0,0,0,0,0,0,0,0,0,0,0,0,0,0,0,0,0
genome_001227,0,0,0,0,0,0,0,0,1,0,0,0,0,1,0,0,0,0,0,0
genome_001228,0,0,0,0,0,0,1,0,0,0,0,0,0,0,0,0,1,0,0,0
genome_001229,1,0,0,0,0,0,0,1,0,0,0,0,0,0,0,0,1,0,0,0
genome_001230,0,0,0,0,0,0,0,0,0,1,0,0,0,0,0,0,1,0,0,0
genome_001231,1,0,0,0,0,0,0,1,0,0,0,0,0,0,0,1,0,0,0,1
genome_001232,0,0,0,0,0,0,0,0,0,0,0,0,0,0,1,0,0,0,0,0
genome_001233,0,0,0,0,0,0,0,0,0,0,0,0,0,0,0,0,0,0,0,0
genome_001234,0,0,0,0,0,1,0,0,1,0,0,0,0,0,0,1,0,0,0,0
genome_001235,0,0,0,0,0,0,0,0,0,1,1,0,0,0,0,0,0,0,0,0
genome_001236,0,1,1,0,0,0,0,0,0,0,0,0,0,0,0,0,0,0,0,0
genome_001237,1,0,0,0,0,0,0,0,0,1,0,1,0,0,0,0,0,0,0,0
genome_001238,0,0,0,0,0,0,0,0,0,0,0,0,0,0,0,1,0,0,1,0
genome_001239,0,0,1,0,0,0,0,0,0,0,0,0,0,0,0,0,0,0,0,0
genome_001240,1,0,0,0,0,0,0,0,1,0,0,0,0,0,0,0,0,0,0,0
genome_001241,0,0,0,0,0,0,1,0,0,1,1,0,0,0,0,0,0,0,0,0
genome_001242,0,0,0,1,0,0,0,0,0,0,0,0,0,0,0,1,0,0,0,0
genome_001243,0,1,0,0,0,0,0,0,1,1,1,0,0,0,0,0,0,0,0,0
genome_001244,0,0,0,0,0,0,0,0,0,0,1,0,0,0,1,0,1,1,0,0
genome_001245,0,0,1,0,0,1,0,0,0,1,0,0,0,0,0,1,0,0,1,0
genome_001246,0,0,0,0,0,0,0,0,0,0,0,0,0,0,0,0,0,0,0,0
genome_001247,0,0,0,0,0,0,0,0,0,0,0,0,0,0,1,0,0,0,0,0
genome_001248,0,0,0,0,0,0,0,0,0,0,0,0,0,0,0,0,1,0,0,0
genome_001249,0,0,1,0,1,0,0,0,0,0,0,1,0,0,0,0,1,0,0,0
genome_001250,1,0,0,0,0,0,0,0,0,0,0,0,0,0,0,0,0,0,0,1
genome_001251,0,0,0,0,0,1,0,0,1,0,0,1,0,0,0,0,0,0,1,0
genome_001252,0,0,0,0,0,1,1,0,0,0,0,0,0,1,0,0,0,1,0,0
genome_001253,0,0,0,0,0,0,0,0,0,0,0,1,0,0,0,0,0,1,0,0
genome_001254,0,0,0,1,0,0,0,0,0,0,0,0,0,0,0,1,1,1,0,0
genome_001255,0,0,0,0,0,0,1,0,0,0,0,0,0,0,0,0,0,1,0,0
genome_001256,0,0,0,0,0,0,1,0,0,0,0,0,0,0,0,0,0,0,1,0
genome_001257,1,0,0,0,0,0,0,0,0,0,0,0,0,0,1,0,0,0,0,1
genome_001258,0,0,0,0,1,1,0,0,0,0,0,0,1,0,0,0,0,0,1,0
genome_001259,0,0,1,0,0,0,0,0,1,0,0,0,0,0,1,0,1,0,0,0
genome_001260,0,0,0,0,0,0,0,0,0,0,0,0,0,0,0,0,0,0,0,0
genome_001261,0,1,1,0,1,0,0,0,0,0,0,0,0,0,0,0,0,0,0,0
genome_001262,0,0,0,0,0,0,0,0,0,0,0,0,1,0,1,0,0,0,0,0
genome_001263,0,0,0,0,1,1,0,0,0,0,0,0,0,0,0,0,0,0,0,1
genome_001264,0,0,0,0,0,0,0,0,1,0,0,0,0,0,0,1,0,1,0,0
genome_001265,0,0,0,0,0,0,0,1,1,0,0,0,0,0,0,1,0,0,0,1
genome_001266,0,0,1,0,1,0,0,0,0,0,1,0,0,1,0,0,1,0,0,0
genome_001267,0,0,0,0,0,0,0,0,0,0,1,0,0,0,0,0,0,0,0,0
genome_001268,0,0,0,0,0,0,0,0,0,0,0,0,0,0,0,1,0,0,0,0
genome_001269,0,0,1,1,1,0,0,0,0,0,0,0,0,0,0,0,0,1,0,0
genome_001270,0,0,0,0,0,0,0,0,0,0,0,0,0,0,0,0,0,0,0,0
genome_001271,0,0,0,0,1,0,0,1,0,0,0,0,0,0,0,0,0,0,0,0
genome_001272,1,0,0,0,0,0,0,1,0,0,0,0,1,0,0,0,0,0,0,0
genome_001273,0,0,0,0,0,0,0,0,0,0,0,0,0,0,0,0,1,0,0,0
genome_001274,0,0,0,0,0,0,0,0,0,0,0,0,0,0,0,0,0,0,0,0
genome_001275,0,0,0,0,0,0,0,0,0,0,0,0,0,0,0,0,0,0,0,0
genome_001276,1,0,0,0,0,0,0,0,1,0,0,0,0,0,0,0,0,0,0,0
genome_001277,0,0,0,0,0,0,0,0,1,1,0,0,1,1,0,0,0,1,0,0
genome_001278,0,0,0,0,0,0,1,0,0,0,1,0,0,0,0,0,0,0,0,0
genome_001279,0,0,1,0,0,0,0,0,0,1,0,0,0,0,0,0,0,0,0,1
genome_001280,0,0,0,0,0,0,0,0,0,0,0,0,0,0,1,1,1,0,0,0
genome_001281,0,0,0,0,0,0,0,0,0,0,0,0,0,0,0,0,0,0,0,0
genome_001282,0,0,0,0,0,0,0,0,0,0,0,0,0,0,0,0,0,0,0,0
genome_001283,0,0,0,0,0,0,0,0,0,0,0,0,0,0,0,0,0,0,0,0
genome_001284,0,0,0,0,0,1,0,0,0,0,0,1,0,0,0,0,0,0,0,0
genome_001285,0,0,0,0,0,0,0,0,0,1,0,0,0,0,1,0,0,0,0,0
genome_001286,1,0,0,0,0,1,0,0,0,0,0,0,0,0,0,0,0,1,0,0
genome_001287,0,0,1,1,1,0,0,0,0,0,0,0,0,0,0,0,0,0,0,0
genome_001288,0,0,0,0,0,0,0,0,0,0,0,0,0,0,1,0,0,0,0,0
genome_001289,0,0,0,1,0,0,0,0,0,0,1,0,0,0,0,0,0,0,0,0
genome_001290,0,0,0,0,0,0,0,0,0,0,0,0,0,0,0,0,0,0,0,0
genome_001291,0,0,1,0,0,0,0,0,1,0,0,0,0,0,0,0,0,0,0,0
genome_001292,0,0,0,0,0,0,0,0,0,0,0,0,0,0,0,0,0,0,0,0
genome_001293,1,0,0,0,0,0,0,0,0,0,0,0,0,1,0,0,0,0,1,0
genome_001294,0,0,0,1,0,0,0,1,0,0,0,0,0,0,1,0,0,0,0,0
genome_001295,0,0,0,0,0,0,0,0,0,0,0,0,0,0,0,0,0,0,0,0
genome_001296,0,0,0,0,0,0,0,0,0,0,0,0,0,0,0,0,0,0,0,1
genome_001297,1,0,0,0,0,1,1,0,0,0,0,0,0,0,0,0,0,1,0,0
genome_001298,0,0,1,0,0,0,0,0,0,0,0,1,0,0,0,1,0,0,0,1
genome_001299,0,0,0,0,0,0,0,0,0,0,0,0,0,0,1,1,0,0,0,0
genome_001300,0,0,0,0,0,0,0,0,0,1,0,0,0,0,0,1,1,0,0,1
genome_001301,0,0,0,0,1,0,1,0,0,0,0,0,1,0,0,0,1,1,0,0
genome_001302,0,0,0,0,0,1,0,0,0,0,0,0,0,0,0,0,0,0,0,0
genome_001303,0,0,0,0,0,0,0,0,1,0,0,1,0,0,0,0,0,0,0,0
genome_001304,0,0,1,0,0,0,0,0,0,0,0,0,0,0,0,0,0,0,0,0
genome_001305,1,1,0,0,0,0,0,0,0,0,0,0,0,0,0,0,0,1,0,0
genome_001306,0,0,0,0,0,0,0,0,0,0,0,0,0,0,0,0,0,0,0,0
genome_001307,0,0,0,0,0,0,0,0,1,0,0,0,0,0,0,0,0,0,0,1
genome_001308,1,0,0,0,0,0,0,0,0,1,1,0,0,0,0,0,0,0,0,0
genome_001309,0,0,0,0,0,0,0,0,0,0,0,0,0,0,0,0,0,0,0,0
genome_001310,0,0,0,0,0,0,0,0,0,1,0,0,0,0,0,0,0,0,0,0
genome_001311,0,0,0,0,0,0,0,0,1,0,0,0,0,0,0,0,0,0,0,0
genome_001312,0,0,0,0,0,1,0,0,0,0,0,0,0,0,0,0,0,0,0,0
genome_001313,0,0,0,1,0,0,0,0,0,1,0,0,0,1,0,0,0,0,0,0
genome_001314,0,0,0,1,0,0,0,0,1,1,0,0,1,0,0,0,0,0,0,0
genome_001315,0,0,0,0,0,0,0,0,0,1,0,0,1,0,1,0,0,1,0,0
genome_001316,0,0,0,0,0,0,0,0,0,0,0,0,0,0,0,0,0,0,0,0
genome_001317,0,0,0,0,0,0,0,0,0,0,0,1,0,1,0,0,0,0,1,0
genome_001318,0,0,1,0,0,0,0,1,0,0,0,0,1,0,0,0,0,0,0,0
genome_001319,0,0,0,0,0,0,0,0,1,0,0,0,0,0,0,1,0,0,0,0
genome_001320,0,0,0,0,0,0,0,0,0,0,1,0,0,0,0,0,0,0,1,1
genome_001321,1,0,0,0,0,1,0,0,0,1,0,1,0,0,0,0,0,0,1,0
genome_001322,0,1,0,0,1,0,0,0,0,0,0,1,0,0,0,0,0,1,1,0
genome_001323,0,0,0,0,0,0,0,0,0,0,0,0,0,0,0,0,0,0,0,0
genome_001324,0,0,0,0,0,0,0,0,0,0,0,0,0,0,0,0,0,0,0,0
genome_001325,0,0,0,0,0,0,0,0,0,0,0,0,0,0,0,0,0,0,0,0
genome_001326,0,0,0,1,1,0,0,0,0,0,0,0,0,0,0,0,0,1,0,0
genome_001327,1,0,0,0,0,0,0,0,1,0,0,1,0,0,0,0,0,0,0,0
genome_001328,0,0,0,0,1,0,0,0,0,0,0,0,1,0,0,0,0,0,0,0
genome_001329,0,0,0,0,1,0,0,1,1,0,0,0,0,0,0,1,0,1,0,0
genome_001330,0,0,0,0,0,0,0,0,0,0,0,0,0,0,0,0,0,0,0,0
genome_001331,0,0,1,0,0,0,0,0,0,0,0,0,0,0,0,0,0,0,0,0
genome_001332,0,0,0,0,0,0,0,1,0,1,0,0,0,0,0,1,0,0,0,0
genome_001333,0,0,0,0,0,0,0,0,0,0,0,1,1,0,0,1,1,0,0,0
genome_001334,0,0,0,0,0,0,1,0,0,0,0,0,0,1,0,0,0,0,1,0
genome_001335,0,1,0,0,0,0,0,0,0,0,0,0,0,0,0,0,0,0,0,1
genome_001336,0,0,0,0,1,0,0,0,0,0,1,0,0,0,0,0,1,0,0,0
genome_001337,0,0,0,0,0,0,1,0,0,1,0,0,0,0,0,0,0,0,0,0
genome_001338,0,0,0,0,0,0,0,0,0,0,0,0,0,0,0,0,0,0,0,0
genome_001339,1,0,0,0,0,0,0,0,0,0,0,1,0,0,0,0,0,0,0,0
genome_001340,0,0,0,0,0,0,1,0,0,0,1,0,0,0,0,0,0,0,0,0
genome_001341,1,0,0,0,1,0,1,0,0,0,0,0,0,0,0,0,0,0,0,0
genome_001342,0,0,0,0,0,0,0,0,0,0,0,1,0,0,1,0,0,0,0,0
genome_001343,0,1,1,0,0,0,1,0,1,0,0,0,0,0,0,0,0,0,0,1
genome_001344,0,0,0,0,0,0,0,0,0,0,0,0,0,0,0,0,1,0,0,0
genome_001345,1,0,0,0,0,0,0,0,0,0,0,0,0,0,0,0,0,0,0,0
genome_001346,1,1,1,0,0,0,0,0,0,0,0,0,0,0,0,0,0,0,0,0
genome_001347,0,1,0,0,0,0,0,0,1,0,0,0,0,0,0,0,0,0,0,0
genome_001348,1,0,0,1,0,0,0,0,0,0,1,1,0,1,0,1,0,0,0,0
genome_001349,0,0,0,0,0,0,1,1,0,0,0,0,0,0,1,1,0,0,0,0
genome_001350,0,0,0,0,0,0,0,1,0,0,0,0,1,1,0,0,0,0,0,0
genome_001351,0,0,1,0,0,0,0,0,0,0,0,0,0,0,0,0,0,0,0,0
genome_001352,0,0,0,0,0,0,0,0,0,0,0,0,0,0,0,0,0,0,0,0
genome_001353,0,0,0,0,1,0,1,0,1,0,0,0,0,0,0,0,0,0,1,0
genome_001354,0,0,0,0,0,0,0,0,0,0,0,0,0,0,0,0,0,0,0,0
genome_001355,0,1,0,0,1,0,0,0,0,0,0,0,1,0,1,0,0,0,0,1
genome_001356,0,1,0,0,0,0,1,1,0,0,0,0,1,0,0,0,0,1,0,0
genome_001357,0,0,0,0,0,0,0,0,0,1,1,0,0,1,0,0,0,0,0,0
genome_001358,0,0,0,0,0,0,0,0,0,1,0,0,0,0,0,0,0,0,0,1
genome_001359,0,0,0,0,0,0,0,0,0,0,0,0,0,0,0,0,0,0,0,0
genome_001360,0,0,0,0,0,0,0,0,0,0,0,0,0,0,0,0,0,0,0,0
genome_001361,0,0,0,0,0,0,0,0,0,0,0,0,0,0,0,0,0,0,0,0
genome_001362,0,0,0,1,0,0,0,0,0,1,0,0,0,0,0,0,0,1,0,0
genome_001363,0,1,0,1,1,1,0,0,0,0,0,0,0,0,0,0,0,1,0,0
genome_001364,0,0,1,0,0,0,0,0,0,1,0,0,0,0,1,0,0,0,1,1
genome_001365,0,0,0,1,0,0,0,0,0,0,0,0,0,0,0,0,0,0,0,0
genome_001366,0,0,0,1,0,0,0,0,0,0,0,0,1,0,0,0,0,0,0,0
genome_001367,0,1,0,0,0,0,0,0,0,0,0,0,0,0,0,0,0,1,0,0
genome_001368,0,1,0,1,0,0,0,0,1,0,0,0,1,0,0,1,0,0,0,0
genome_001369,0,0,1,0,0,1,0,0,0,1,0,0,0,0,0,0,0,0,0,0
genome_001370,1,0,0,0,0,0,0,0,1,0,0,0,0,0,0,0,0,0,0,0
genome_001371,0,0,0,0,0,1,0,0,1,0,0,0,0,0,1,0,0,0,0,0
genome_001372,0,0,0,0,0,0,0,0,0,0,0,0,0,0,0,0,0,0,0,0
genome_001373,1,0,0,0,0,1,0,0,0,0,0,0,0,0,0,0,0,0,0,0
genome_001374,0,0,0,0,0,0,1,1,0,0,0,0,0,0,0,0,0,0,0,0
genome_001375,0,0,0,0,0,0,0,0,0,1,0,0,0,0,0,0,0,0,0,0
genome_001376,0,1,0,0,0,0,0,0,0,0,0,0,0,0,0,1,0,0,0,1
genome_001377,0,0,1,0,1,0,0,0,0,0,1,0,0,0,0,1,0,0,1,1
genome_001378,0,0,0,1,0,1,0,1,0,0,1,0,1,0,0,1,0,0,0,0
genome_001379,0,0,0,0,0,0,0,0,0,1,0,0,0,0,0,0,0,0,0,0
genome_001380,0,0,0,0,0,0,0,0,0,0,0,1,0,0,0,0,0,0,0,0
genome_001381,0,0,0,0,1,0,1,0,0,1,0,0,0,0,0,0,0,0,0,0
genome_001382,0,0,0,0,0,0,1,0,0,0,0,0,0,0,0,0,0,0,0,0
genome_001383,0,0,0,0,0,1,0,0,0,0,0,0,0,0,0,0,1,1,0,0
genome_001384,1,0,0,0,0,0,0,1,0,0,0,0,0,0,0,0,0,0,0,0
genome_001385,0,0,0,0,0,1,0,0,0,0,0,0,0,1,0,0,0,0,0,0
genome_001386,0,0,0,0,0,0,0,0,0,0,0,0,0,0,0,1,0,0,0,0
genome_001387,0,0,0,0,0,0,1,0,0,0,0,0,0,0,0,0,0,0,0,0
genome_001388,0,0,0,0,0,0,0,0,0,0,0,0,0,0,1,0,0,0,0,0
genome_001389,0,0,0,0,0,0,0,0,0,0,1,0,0,0,0,0,0,0,0,1
genome_001390,1,0,0,0,0,0,0,0,0,0,0,0,0,0,0,1,0,0,0,0
genome_001391,0,1,0,0,0,0,0,0,0,1,0,0,0,0,0,0,0,0,0,0
genome_001392,0,0,1,0,0,0,0,0,0,0,0,0,0,0,0,1,0,0,0,0
genome_001393,0,0,0,0,0,0,0,0,0,0,0,0,0,0,0,0,1,0,0,0
genome_001394,0,0,0,0,1,0,0,0,0,0,0,0,0,0,0,0,0,0,0,0
genome_001395,0,0,0,0,0,0,0,0,1,0,0,0,0,0,0,0,1,0,0,0
genome_001396,0,0,1,0,1,0,0,1,0,0,0,0,0,0,0,1,0,0,0,0
genome_001397,1,0,0,0,0,0,0,0,0,0,0,1,0,0,0,0,0,0,0,0
genome_001398,0,1,0,0,0,0,0,1,0,0,0,0,0,0,0,0,0,0,1,0
genome_001399,0,0,0,0,0,1,0,0,0,0,0,0,0,1,0,0,0,1,0,1
genome_001400,0,0,0,1,0,0,1,0,0,1,0,0,0,0,0,0,0,0,1,0
genome_001401,0,0,0,0,1,0,0,0,0,0,0,0,0,0,0,0,0,0,0,0
genome_001402,0,0,0,1,1,0,0,0,0,0,0,0,1,0,0,0,0,0,0,0
genome_001403,0,1,0,0,0,0,0,1,1,0,0,0,1,0,0,0,0,0,0,0
genome_001404,0,0,0,0,1,0,0,0,0,0,0,0,0,0,0,0,0,0,0,0
genome_001405,0,0,0,0,0,0,0,1,0,1,0,0,0,0,0,1,0,0,1,0
genome_001406,1,0,0,0,0,0,0,1,1,0,0,0,1,0,0,0,1,0,0,0
genome_001407,0,0,0,0,0,0,0,0,0,0,0,0,0,0,0,0,0,0,0,0
genome_001408,0,0,0,0,0,1,0,0,0,1,0,0,0,0,0,0,0,0,0,1
genome_001409,0,1,0,0,0,0,0,0,0,0,0,1,1,0,1,0,0,1,0,1
genome_001410,1,0,0,0,1,1,0,0,0,0,0,0,0,0,1,0,0,0,0,0
genome_001411,0,0,0,0,0,0,0,0,0,0,0,0,0,0,0,0,0,0,0,0
genome_001412,0,1,0,0,1,0,0,0,0,0,0,1,0,0,0,0,0,0,0,0
genome_001413,0,0,0,0,0,0,0,0,0,1,0,0,0,0,0,0,1,0,0,0
genome_001414,0,0,0,0,0,0,0,0,0,0,1,0,0,0,0,0,0,0,0,0
genome_001415,0,0,0,0,0,0,1,0,0,0,1,0,0,0,0,0,0,0,0,0
genome_001416,0,0,0,0,0,0,0,0,0,0,0,1,0,0,0,0,0,0,0,0
genome_001417,0,1,0,0,0,0,0,0,0,0,0,0,0,1,0,0,0,0,0,0
genome_001418,0,1,0,0,0,1,0,0,0,0,0,1,0,0,0,0,0,0,1,0
genome_001419,0,0,0,0,0,0,0,0,0,0,0,0,0,0,0,0,1,0,1,0
genome_001420,0,0,0,0,0,0,0,0,0,0,0,0,0,0,0,0,0,0,1,1
genome_001421,0,0,0,0,0,0,0,0,0,0,0,0,0,0,0,0,0,0,0,0
genome_001422,0,0,0,1,0,0,0,0,0,0,0,0,0,0,0,0,0,0,0,1
genome_001423,0,0,0,0,0,0,0,0,0,0,0,0,0,0,0,0,0,1,0,1
genome_001424,0,0,0,0,0,0,0,0,0,1,0,0,0,0,0,0,0,0,0,0
genome_001425,0,1,0,0,0,0,0,0,0,0,0,0,0,0,0,0,0,1,1,0
genome_001426,0,0,0,0,0,0,0,1,0,0,0,0,0,0,0,0,0,0,0,1
genome_001427,0,0,0,1,1,0,0,1,0,1,0,0,0,0,0,1,0,0,0,0
genome_001428,0,0,0,0,0,0,0,0,0,0,0,0,0,0,0,0,0,0,0,0
genome_001429,0,0,0,0,0,0,0,0,0,0,0,0,0,0,0,0,0,0,0,0
genome_001430,0,0,0,0,0,0,0,0,0,1,0,0,0,0,0,0,0,0,0,0
genome_001431,0,0,0,0,0,0,1,0,0,0,0,0,0,0,0,0,0,1,0,0
genome_001432,0,0,0,0,1,0,0,0,0,0,0,0,0,0,0,0,0,1,0,0
genome_001433,1,1,0,0,0,0,1,1,0,0,1,0,1,0,0,0,1,0,0,0
genome_001434,1,0,0,0,0,0,0,1,0,1,0,0,1,0,1,0,0,0,0,0
genome_001435,0,0,0,0,0,0,0,0,0,0,0,0,0,0,0,0,0,0,0,0
genome_001436,0,0,0,0,0,0,0,0,0,0,0,0,0,0,0,0,0,1,0,0
genome_001437,1,0,0,0,0,0,0,0,1,0,0,0,0,0,0,0,0,0,0,0
genome_001438,0,0,0,0,0,0,1,0,0,0,0,0,0,0,0,0,0,0,1,0
genome_001439,0,0,0,0,0,0,0,0,0,0,0,0,0,0,0,1,0,0,0,0
genome_001440,1,0,0,0,0,0,0,0,0,0,0,0,1,0,0,0,0,0,0,0
genome_001441,1,0,0,1,1,1,1,1,0,0,1,0,1,0,0,1,0,0,1,0
genome_001442,0,0,0,0,0,0,0,0,0,0,1,0,0,0,0,0,0,0,0,0
genome_001443,0,0,0,0,0,0,0,0,1,0,1,0,0,0,0,0,0,0,0,0
genome_001444,0,0,0,0,1,0,0,0,0,0,1,0,0,0,0,0,0,0,0,0
genome_001445,0,0,0,0,0,0,0,0,0,0,0,0,1,0,0,0,0,0,0,0
genome_001446,0,0,0,0,0,0,0,1,0,0,1,0,0,0,0,0,0,0,0,1
genome_001447,0,0,0,1,1,0,0,1,1,0,0,0,1,0,0,0,0,1,0,0
genome_001448,0,0,0,0,0,0,0,0,0,0,0,0,0,1,0,0,0,0,0,0
genome_001449,0,0,0,0,0,0,0,0,0,0,0,0,0,0,0,0,0,0,0,0
genome_001450,0,0,0,0,1,0,0,0,0,0,0,0,0,0,0,0,0,0,0,1
genome_001451,0,0,0,0,0,0,0,0,0,0,0,0,0,1,0,0,0,0,0,0
genome_001452,1,0,1,0,0,0,0,1,0,0,0,1,0,0,0,0,0,0,0,0
genome_001453,0,0,0,0,0,0,0,0,0,0,0,0,0,0,0,0,0,0,0,0
genome_001454,1,0,0,1,0,0,1,0,1,0,0,0,0,0,1,1,0,0,0,0
genome_001455,0,0,0,0,0,1,0,0,0,1,0,1,1,0,0,0,0,0,0,1
genome_001456,0,0,0,0,0,1,0,0,0,0,0,0,0,1,0,0,0,0,0,0
genome_001457,0,0,0,0,0,0,0,0,0,0,0,0,0,0,0,0,0,0,0,1
genome_001458,1,0,0,0,0,0,1,0,0,0,0,0,0,0,0,0,0,0,0,0
genome_001459,0,0,0,0,0,0,0,1,1,1,0,0,0,0,0,0,0,0,0,0
genome_001460,0,0,0,0,0,0,0,0,0,0,0,0,0,0,0,0,0,0,0,0
genome_001461,1,0,0,0,0,0,0,1,0,0,0,0,0,0,0,1,1,0,1,0
genome_001462,0,0,0,0,0,0,0,0,1,0,1,0,1,0,1,0,0,0,0,1
genome_001463,0,0,0,0,0,0,0,0,0,0,0,0,0,0,0,0,0,0,0,0
genome_001464,0,0,0,0,0,0,1,0,0,0,0,0,0,0,0,0,0,1,0,0
genome_001465,0,0,0,0,0,0,1,0,0,0,0,0,0,0,0,1,0,0,0,0
genome_001466,1,0,0,0,0,0,0,0,0,1,1,0,0,1,0,0,0,0,0,0
genome_001467,0,0,1,0,0,0,0,0,0,0,0,0,0,0,0,0,0,0,0,0
genome_001468,1,0,0,0,0,0,0,0,0,0,1,0,1,1,0,0,0,0,0,0
genome_001469,1,0,1,1,1,0,0,0,0,0,0,0,0,0,1,0,0,0,1,0
genome_001470,0,0,0,0,0,0,0,0,0,0,0,0,0,0,0,0,0,0,0,0
genome_001471,0,1,0,0,0,0,0,0,0,0,0,0,0,0,0,0,0,0,0,0
genome_001472,0,0,0,0,0,0,0,0,1,0,0,0,0,0,1,0,0,0,0,0
genome_001473,1,0,1,0,0,0,0,0,0,0,0,0,0,0,1,0,0,0,0,0
genome_001474,0,1,0,0,0,0,0,1,0,0,0,1,0,0,0,0,0,0,0,1
genome_001475,0,0,0,0,0,1,0,0,0,0,0,0,0,0,0,0,0,0,1,0
genome_001476,0,0,1,0,0,0,0,0,0,0,0,0,1,1,0,0,0,0,0,0
genome_001477,0,0,0,0,1,0,0,0,0,0,0,0,0,0,0,0,0,0,0,0
genome_001478,0,0,0,0,0,1,0,0,0,0,0,0,0,0,0,0,0,0,0,0
genome_001479,0,0,0,0,0,0,0,0,0,0,0,0,1,1,0,1,0,0,1,0
genome_001480,0,0,0,0,0,0,0,0,0,0,0,0,0,0,0,0,0,0,0,0
genome_001481,0,0,0,1,1,0,0,0,0,0,0,0,0,0,0,0,0,0,0,0
genome_001482,0,0,0,0,1,0,0,0,0,1,0,1,0,0,0,0,0,0,1,0
genome_001483,0,0,0,0,0,0,0,0,0,0,0,0,0,1,0,0,0,1,0,1
genome_001484,0,0,0,0,0,0,0,0,0,0,0,0,0,0,0,0,1,0,0,0
genome_001485,0,0,0,1,0,0,0,0,0,0,0,0,0,0,0,0,0,0,0,0
genome_001486,0,0,0,0,0,0,1,0,1,0,0,0,0,1,0,0,0,0,0,0
genome_001487,0,0,0,0,0,0,1,0,0,0,0,0,0,0,0,0,0,0,1,0
genome_001488,0,1,0,1,0,0,0,1,0,0,0,1,0,0,0,1,0,0,0,0
genome_001489,0,0,1,0,1,0,0,0,0,0,1,0,1,0,0,1,0,0,0,0
genome_001490,0,0,0,0,0,0,0,0,0,0,0,0,1,0,0,1,1,1,0,0
genome_001491,0,0,0,0,0,0,0,0,0,0,0,0,0,0,0,0,0,0,0,0
genome_001492,0,0,1,0,0,0,1,1,0,0,0,1,0,0,0,0,0,0,0,0
genome_001493,0,0,0,0,0,0,0,0,0,0,0,0,0,0,0,0,1,0,0,1
genome_001494,0,0,0,0,0,0,0,0,0,0,0,0,0,0,0,0,0,0,0,0
genome_001495,0,1,0,0,0,0,0,0,0,0,0,0,0,0,0,0,0,0,0,0
genome_001496,1,1,1,0,0,0,0,0,1,0,0,1,0,0,0,1,0,1,0,0
genome_001497,0,0,0,0,0,0,0,0,1,0,0,0,0,0,0,1,0,0,0,0
genome_001498,0,0,0,0,0,0,0,0,0,0,0,0,0,1,0,0,0,0,0,0
genome_001499,0,0,0,0,0,0,0,0,0,1,0,0,0,0,0,0,0,0,0,0
genome_001500,0,0,0,0,0,0,0,0,1,0,0,0,0,0,0,0,0,0,0,0
genome_001501,0,0,0,0,0,1,0,0,0,0,0,1,1,0,0,0,0,0,0,0
genome_001502,0,0,0,0,0,1,0,0,0,0,0,0,0,1,0,1,0,1,0,0
genome_001503,0,0,1,0,0,0,0,0,0,0,0,1,1,0,0,1,1,1,0,0
genome_001504,0,0,0,0,0,0,0,0,1,0,0,0,0,0,0,1,0,0,0,0
genome_001505,0,0,0,0,0,0,0,0,0,0,0,0,0,0,0,0,0,0,0,0
genome_001506,0,0,0,0,0,0,0,0,0,0,0,0,0,0,0,0,0,0,0,0
genome_001507,0,0,0,0,0,0,0,0,0,1,0,0,0,0,1,1,0,0,0,0
genome_001508,0,0,0,0,0,0,0,0,1,0,0,0,0,0,0,1,0,1,0,0
genome_001509,0,0,0,0,0,0,0,0,1,1,0,1,0,0,0,0,0,0,0,1
genome_001510,0,1,0,0,0,0,0,0,0,0,0,0,0,0,0,0,0,0,0,0
genome_001511,0,0,0,0,0,0,1,0,0,0,0,0,0,0,0,0,0,0,0,1
genome_001512,0,0,0,0,0,0,0,0,0,0,0,0,0,0,0,0,0,0,0,1
genome_001513,0,0,0,0,0,0,0,0,0,0,0,0,0,0,0,0,0,0,0,0
genome_001514,0,0,1,1,0,0,0,0,0,1,0,0,0,0,0,0,0,0,0,0
genome_001515,0,0,0,0,0,0,0,0,0,0,0,0,0,0,0,1,0,0,0,0
genome_001516,0,0,0,0,0,0,1,0,0,0,0,0,0,0,0,0,0,0,0,1
genome_001517,0,0,0,0,1,0,0,1,0,0,0,1,0,1,0,0,0,0,0,0
genome_001518,1,0,0,0,0,0,0,0,0,0,1,0,0,0,0,0,0,1,0,0
genome_001519,0,0,0,0,0,0,0,0,0,0,0,0,0,0,0,0,0,0,0,0
genome_001520,0,0,0,0,0,0,1,0,0,0,0,1,1,0,0,0,0,0,0,0
genome_001521,0,0,0,1,0,0,1,0,0,0,0,0,0,0,0,0,1,0,0,0
genome_001522,0,1,0,0,0,0,0,0,0,0,0,0,0,0,0,1,0,0,0,0
genome_001523,0,1,0,0,0,0,0,0,0,0,0,0,0,0,0,0,0,0,1,1
genome_001524,0,0,1,0,0,0,0,0,0,1,0,0,0,0,0,0,0,0,1,0
genome_001525,0,0,0,0,0,0,0,0,0,0,0,0,0,0,0,0,0,1,0,0
genome_001526,0,0,0,0,0,0,0,0,0,0,0,0,0,0,0,0,0,0,0,0
genome_001527,0,0,0,0,1,0,0,0,0,0,0,1,0,0,0,0,0,0,0,0
genome_001528,1,0,0,0,0,1,0,0,0,0,0,0,0,0,0,0,0,0,0,0
genome_001529,1,0,0,1,0,0,0,0,1,1,0,0,0,0,0,0,1,0,0,0
genome_001530,0,0,0,0,0,0,0,0,0,0,0,0,0,0,1,0,0,1,0,0
genome_001531,0,0,1,0,0,0,0,0,0,1,1,0,0,1,0,1,0,0,0,0
genome_001532,0,0,0,0,0,1,0,0,0,0,0,0,0,0,0,0,0,0,1,0
genome_001533,0,0,0,0,1,0,1,0,0,0,0,0,0,0,0,0,0,0,0,0
genome_001534,0,0,0,0,0,0,0,0,0,0,0,0,0,0,0,0,0,1,0,0
genome_001535,0,0,1,1,0,0,0,0,1,0,1,1,0,0,0,0,0,0,0,0
genome_001536,1,0,0,0,0,0,0,0,0,0,0,0,0,0,0,0,0,0,0,0
genome_001537,0,0,0,0,0,0,0,0,0,0,0,0,0,0,0,0,0,0,1,0
genome_001538,0,1,0,0,1,0,0,0,0,1,0,1,0,0,0,0,0,0,0,0
genome_001539,0,0,1,0,0,0,0,1,0,0,0,1,0,0,0,0,0,0,1,1
genome_001540,0,0,0,0,0,0,1,0,0,0,0,1,0,0,0,0,0,0,0,0
genome_001541,1,0,0,0,0,0,0,0,0,0,0,0,0,0,0,0,0,0,0,0
genome_001542,0,0,0,0,0,0,0,0,0,0,0,0,0,1,0,0,0,0,0,0
genome_001543,0,0,0,0,1,1,0,0,0,0,0,0,0,0,0,0,0,0,0,0
genome_001544,0,0,0,0,0,0,1,0,0,0,0,0,0,0,0,0,0,0,0,0
genome_001545,0,0,0,0,0,0,0,0,0,0,0,0,0,0,0,0,0,0,1,0
genome_001546,0,0,0,0,0,0,0,1,1,0,0,0,0,0,0,0,0,0,0,0
genome_001547,0,0,0,0,0,0,0,0,0,0,0,0,0,0,0,0,1,0,0,0
genome_001548,0,0,0,0,0,1,0,0,0,0,0,0,0,0,1,0,0,0,0,0
genome_001549,0,0,0,0,0,0,0,0,0,0,0,0,0,0,0,0,0,0,0,0
genome_001550,1,0,0,1,0,0,1,0,0,0,0,0,0,0,0,0,0,0,0,0
genome_001551,0,0,0,0,0,0,0,0,0,0,0,0,1,1,0,0,0,0,1,0
genome_001552,0,1,0,1,0,0,0,0,0,0,0,0,0,1,0,0,0,0,1,0
genome_001553,0,0,0,0,0,0,0,0,0,0,0,0,0,0,1,1,0,0,1,0
genome_001554,0,0,0,0,0,0,0,1,0,0,0,0,0,0,0,0,0,0,0,0
genome_001555,0,0,0,0,0,0,0,0,0,0,0,0,0,0,0,0,0,0,0,0
genome_001556,0,0,1,0,0,0,0,0,0,0,0,0,0,0,0,0,0,0,0,0
genome_001557,0,0,0,0,0,0,0,0,0,0,0,0,0,0,0,0,0,0,1,0
genome_001558,0,0,0,0,0,0,1,0,0,0,0,0,0,0,0,0,0,0,0,0
genome_001559,0,0,1,0,0,0,1,0,0,0,0,0,0,0,0,0,0,0,1,0
genome_001560,0,0,0,1,1,1,0,0,0,0,1,0,1,0,0,1,0,0,0,1
genome_001561,0,0,0,0,0,0,1,0,0,0,0,0,0,0,0,0,0,0,0,0
genome_001562,0,1,0,0,0,1,1,0,0,0,0,0,1,0,0,0,0,0,0,0
genome_001563,0,0,0,0,0,0,0,1,0,0,0,0,0,0,0,0,0,0,0,0
genome_001564,0,0,0,1,1,1,0,0,0,0,0,0,0,0,0,0,0,0,0,0
genome_001565,0,1,1,0,0,0,0,0,0,0,0,1,0,0,0,0,1,0,0,1
genome_001566,0,1,1,0,0,0,1,0,0,1,0,0,0,0,0,0,0,0,1,0
genome_001567,1,1,1,0,1,0,0,0,0,0,0,0,0,0,0,0,0,0,0,0
genome_001568,0,0,0,0,0,0,0,0,0,0,0,1,0,0,0,0,0,0,0,0
genome_001569,0,0,1,1,0,0,0,0,0,0,0,0,0,0,0,0,0,0,0,0
genome_001570,0,0,0,0,0,1,0,0,0,0,0,0,0,0,0,0,1,0,0,1
genome_001571,0,0,0,0,0,0,0,0,0,0,0,0,0,0,0,0,1,0,0,1
genome_001572,0,0,0,0,0,0,0,1,1,0,0,0,1,0,0,0,0,1,0,0
genome_001573,0,0,1,0,0,0,1,0,0,0,0,0,0,0,0,0,0,0,0,0
genome_001574,0,0,1,0,1,1,0,0,0,0,0,0,0,0,0,0,0,0,0,0
genome_001575,0,0,0,0,0,0,1,0,0,0,0,0,0,0,0,0,0,0,1,0
genome_001576,0,0,0,0,0,0,0,0,0,0,0,0,0,0,0,0,0,0,0,0
genome_001577,0,0,0,0,0,1,0,0,0,0,0,0,0,0,0,0,0,0,0,0
genome_001578,0,0,0,0,0,0,0,0,0,0,0,1,0,0,0,0,0,0,0,0
genome_001579,1,1,1,0,0,0,0,0,0,0,0,0,0,0,0,0,0,0,0,0
genome_001580,0,0,1,1,1,0,0,0,0,0,1,0,1,1,0,0,0,0,0,0
genome_001581,1,0,0,0,0,0,1,0,0,0,0,0,0,0,1,1,0,0,0,0
genome_001582,0,0,0,0,0,0,0,0,0,0,0,0,0,0,0,0,0,0,0,0
genome_001583,0,0,0,0,0,0,0,0,0,0,0,0,0,0,1,0,0,0,0,0
genome_001584,0,0,1,0,0,0,0,0,0,0,0,0,0,0,0,0,0,0,0,0
genome_001585,0,1,0,0,0,0,0,0,0,0,0,0,0,0,0,0,1,0,1,0
genome_001586,0,0,0,0,0,0,0,0,1,0,0,0,0,0,0,0,0,0,0,0
genome_001587,0,0,0,0,0,0,0,0,1,0,0,0,0,0,1,1,0,0,0,0
genome_001588,1,1,0,0,0,0,1,0,0,0,0,0,0,0,1,0,0,1,0,1
genome_001589,0,0,0,0,0,0,0,0,0,0,0,0,0,0,0,0,0,0,0,0
genome_001590,0,0,0,0,0,0,0,0,0,0,0,0,0,0,1,0,0,0,0,0
genome_001591,0,0,0,0,0,0,0,0,0,0,0,1,0,0,0,0,0,0,0,0
genome_001592,0,0,0,0,0,0,0,0,0,0,1,0,0,0,0,1,1,1,1,0
genome_001593,0,0,0,0,0,1,0,0,0,0,0,0,1,0,0,0,0,0,0,0
genome_001594,0,0,0,0,0,0,1,0,0,0,0,0,0,0,0,0,1,0,0,0
genome_001595,0,0,0,1,1,1,0,0,1,1,0,1,1,0,0,0,0,0,1,0
genome_001596,0,1,0,0,0,0,0,0,0,0,0,0,1,0,0,0,0,0,0,0
genome_001597,0,0,0,1,0,0,0,0,0,0,0,0,0,0,0,0,0,1,0,0
genome_001598,0,0,0,1,0,0,0,0,1,0,0,0,0,1,0,0,0,0,0,0
genome_001599,0,0,0,0,0,0,0,0,0,0,0,0,0,0,0,0,0,0,0,0
genome_001600,0,0,1,0,0,0,0,0,0,0,0,0,0,0,1,0,0,1,0,0
genome_001601,0,0,0,0,0,0,0,1,1,0,0,0,1,0,0,0,0,0,0,0
genome_001602,0,1,0,1,0,0,0,0,0,0,0,0,0,0,0,0,0,0,0,0
genome_001603,0,0,0,0,0,0,0,0,0,0,0,0,0,0,0,1,0,0,0,0
genome_001604,0,0,0,0,0,0,0,0,0,0,0,0,0,0,0,0,0,0,1,1
genome_001605,0,0,0,0,0,0,0,0,0,0,0,1,0,0,0,0,0,0,0,1
genome_001606,1,0,0,0,0,0,0,0,0,0,0,0,0,0,1,0,0,0,0,0
genome_001607,0,0,1,0,0,0,0,1,1,0,0,0,1,0,0,0,0,0,0,1
genome_001608,0,0,0,1,0,0,0,0,0,0,1,0,0,0,1,1,1,0,0,1
genome_001609,0,0,0,0,1,0,0,0,0,0,1,0,0,0,0,0,0,0,0,1
genome_001610,1,0,0,0,0,0,0,0,0,0,0,0,0,0,0,0,0,0,0,0
genome_001611,0,0,0,0,0,0,0,0,0,0,0,0,0,0,0,0,0,0,0,0
genome_001612,0,0,1,0,0,1,0,0,1,0,0,0,0,0,0,0,1,0,0,0
genome_001613,0,0,0,0,0,0,0,0,1,0,0,0,0,0,0,0,1,0,0,0
genome_001614,0,0,0,0,0,0,0,0,0,0,1,0,0,0,0,0,0,0,0,1
genome_001615,0,0,0,0,1,0,0,0,1,0,0,0,0,0,0,0,0,0,0,0
genome_001616,0,0,1,0,0,0,0,0,0,0,0,0,0,0,0,0,1,0,1,0
genome_001617,0,0,0,0,0,1,0,0,0,0,0,0,0,0,0,0,0,0,0,0
genome_001618,1,0,0,0,0,0,0,0,0,0,0,0,0,1,0,0,0,0,1,0
genome_001619,0,0,0,0,0,1,0,0,0,1,0,0,0,0,0,0,0,0,0,0
genome_001620,0,0,0,1,0,0,0,0,0,0,0,0,0,0,0,0,0,0,0,1
genome_001621,0,0,1,0,0,0,0,0,0,0,0,1,0,0,0,1,0,1,0,0
genome_001622,0,0,0,1,0,0,0,1,0,0,0,0,1,1,0,1,1,0,0,0
genome_001623,1,0,0,0,1,1,1,0,0,0,0,0,1,1,0,0,0,0,0,0
genome_001624,0,0,0,0,0,0,0,0,0,0,0,0,0,0,0,0,0,0,0,0
genome_001625,0,0,0,0,0,0,0,0,0,0,0,0,0,0,0,0,0,0,0,0
genome_001626,0,0,0,0,0,0,0,0,0,0,0,0,0,1,0,0,1,0,0,0
genome_001627,0,0,0,0,0,0,0,0,0,0,0,0,0,0,0,1,0,0,1,1
genome_001628,0,0,0,0,0,1,0,0,0,0,0,0,0,0,0,0,0,0,0,0
genome_001629,1,1,0,1,1,0,0,0,0,0,1,0,0,0,0,0,1,0,0,1
genome_001630,0,0,1,0,0,1,0,0,0,0,0,0,0,0,0,0,0,0,0,0
genome_001631,0,0,0,0,0,0,0,0,0,0,0,0,0,0,0,0,0,0,0,0
genome_001632,0,0,0,0,0,0,0,0,0,0,0,0,0,0,0,0,1,0,0,0
genome_001633,0,0,0,0,0,0,1,0,0,0,0,0,0,1,0,0,1,0,1,1
genome_001634,0,0,0,0,0,0,0,0,0,0,0,0,0,0,0,0,0,0,0,0
genome_001635,0,0,0,0,0,0,0,0,1,0,0,0,0,0,1,0,1,1,0,0
genome_001636,0,1,0,0,0,0,0,0,0,0,0,0,0,0,1,0,0,1,1,0
genome_001637,0,0,1,0,1,0,0,1,0,0,0,0,0,1,1,0,1,0,0,0
genome_001638,0,0,0,0,0,0,0,0,0,0,0,0,0,1,0,0,1,0,0,0
genome_001639,0,0,0,0,0,0,0,0,0,0,1,0,0,0,0,0,0,0,0,0
genome_001640,0,0,1,0,1,0,0,1,0,1,0,0,0,1,0,0,0,0,1,0
genome_001641,0,0,0,0,0,0,0,0,0,0,0,1,0,0,0,0,0,0,0,0
genome_001642,1,0,0,0,0,1,0,1,0,0,0,0,0,0,1,0,0,0,1,0
genome_001643,0,0,0,0,0,0,1,0,0,0,0,0,0,0,0,0,0,0,0,0
genome_001644,0,0,0,0,0,0,0,1,0,0,0,0,0,0,1,0,0,0,0,0
genome_001645,0,0,0,0,0,0,0,0,0,0,0,0,0,0,0,0,1,0,0,0
genome_001646,0,0,1,0,0,0,0,0,0,0,0,1,0,0,0,0,0,0,0,0
genome_001647,0,0,0,0,0,0,0,0,1,0,0,0,0,0,0,0,0,0,0,0
genome_001648,1,0,0,1,0,0,0,0,0,1,0,1,0,0,0,0,0,0,0,0
genome_001649,0,0,0,0,0,0,0,0,0,0,1,0,1,1,0,0,1,0,0,0
genome_001650,1,1,0,0,0,0,0,0,0,0,0,0,0,0,0,0,0,0,0,0
genome_001651,0,0,0,0,0,0,0,0,0,0,0,0,0,1,1,0,0,0,0,0
genome_001652,0,0,0,0,0,0,0,0,0,0,0,0,0,0,0,0,0,1,0,0
genome_001653,0,0,0,1,0,0,0,0,0,0,0,0,0,0,0,0,0,0,0,0
genome_001654,0,0,1,1,0,0,0,0,0,0,0,0,0,0,0,0,0,0,0,0
genome_001655,0,0,0,0,0,0,0,0,0,0,1,0,0,0,0,0,0,0,0,0
genome_001656,0,0,0,0,0,0,0,0,0,0,0,0,0,0,0,0,1,0,1,0
genome_001657,0,0,1,1,0,0,1,1,0,0,0,0,0,0,1,1,0,0,1,0
genome_001658,0,0,0,0,1,0,1,0,0,0,0,0,0,0,0,0,1,0,0,0
genome_001659,0,0,0,0,0,0,0,0,0,0,0,0,0,0,0,0,0,0,0,0
genome_001660,0,0,0,0,1,0,0,0,0,0,0,0,0,0,0,0,0,0,0,0
genome_001661,0,0,0,0,0,0,0,0,0,0,0,0,1,0,1,0,0,0,0,0
genome_001662,1,0,0,0,0,0,0,0,0,0,1,0,0,0,0,0,0,0,0,0
genome_001663,0,0,0,0,0,1,0,0,0,0,0,0,0,0,0,0,0,0,0,1
genome_001664,0,0,0,0,0,0,0,0,0,0,1,0,0,0,0,1,0,1,0,0
genome_001665,0,0,1,1,0,0,0,0,1,0,1,0,0,1,0,0,1,0,0,0
genome_001666,0,0,0,0,0,0,0,0,0,0,0,0,0,0,0,0,0,0,0,0
genome_001667,0,0,0,0,0,0,0,0,0,0,1,0,1,1,0,0,0,0,0,0
genome_001668,0,0,0,0,0,0,0,0,0,0,0,0,0,0,0,0,1,0,0,0
genome_001669,0,0,0,0,0,0,0,1,0,0,0,1,0,0,0,0,0,0,0,0
genome_001670,1,1,0,0,0,0,0,0,0,0,0,0,0,1,1,0,0,0,0,0
genome_001671,1,0,0,0,0,0,0,1,0,0,0,0,0,0,1,0,0,0,0,1
genome_001672,0,0,0,0,0,0,0,0,0,0,0,0,0,0,0,0,0,0,1,0
genome_001673,0,0,0,0,0,0,0,0,0,0,0,0,0,0,0,0,0,0,0,0
genome_001674,0,0,0,0,0,0,0,0,0,0,0,0,0,0,1,0,0,0,0,0
genome_001675,0,0,0,0,0,0,0,1,0,0,0,1,0,0,0,0,0,0,0,0
genome_001676,0,1,1,0,0,0,0,0,1,1,0,0,0,0,1,0,0,0,0,0
genome_001677,0,0,0,0,1,0,0,0,0,0,0,1,0,0,0,0,0,1,0,0
genome_001678,0,0,0,0,0,0,1,0,0,0,0,0,0,0,0,0,0,1,0,0
genome_001679,0,0,1,0,0,0,0,0,1,0,0,0,0,0,0,0,0,0,1,0
genome_001680,0,0,0,0,0,0,0,0,0,0,0,0,0,0,0,0,0,0,0,0
genome_001681,0,0,0,0,0,0,0,0,0,0,0,0,0,0,0,0,0,0,0,0
genome_001682,0,0,0,0,0,0,0,0,0,0,0,0,0,1,0,0,0,0,0,0
genome_001683,0,0,0,1,0,0,0,0,0,0,0,0,0,0,0,0,0,0,1,0
genome_001684,0,0,1,0,1,0,0,1,0,0,0,0,0,0,0,0,0,0,0,1
genome_001685,0,1,0,0,1,0,0,0,0,0,0,1,0,0,0,0,0,0,0,0
genome_001686,1,1,1,0,0,0,0,0,0,0,0,0,0,0,0,0,0,0,0,0
genome_001687,0,0,0,0,0,0,0,0,0,0,0,0,0,0,0,0,0,0,0,0
genome_001688,0,0,0,0,0,0,0,0,0,0,0,1,0,0,0,0,0,0,0,0
genome_001689,0,0,0,0,0,1,0,0,1,0,0,0,0,0,0,0,0,1,0,1
genome_001690,0,1,0,0,0,0,0,0,0,1,0,0,0,0,0,0,0,1,0,0
genome_001691,0,0,0,0,0,0,0,0,0,0,0,0,1,0,1,0,0,0,0,0
genome_001692,0,0,0,0,0,0,0,0,0,0,0,0,0,0,0,0,0,0,0,0
genome_001693,1,0,1,1,0,0,0,0,0,0,1,0,0,1,0,1,1,0,0,0
genome_001694,0,0,1,0,0,0,0,1,0,0,0,0,0,0,0,0,0,0,0,0
genome_001695,0,0,0,0,0,0,0,0,0,0,0,0,0,1,0,0,0,0,0,0
genome_001696,0,0,1,0,0,0,0,0,0,0,0,0,0,0,0,0,1,0,0,0
genome_001697,0,0,1,0,0,0,0,0,0,0,1,0,0,0,0,0,0,0,0,0
genome_001698,1,0,0,0,0,0,0,0,0,0,0,0,0,0,0,0,0,0,0,0
genome_001699,0,1,0,1,0,0,0,0,0,0,0,0,0,0,1,0,0,0,0,0
genome_001700,0,1,0,1,0,0,0,1,0,0,0,0,0,0,0,1,0,1,0,0
genome_001701,0,0,0,0,0,0,0,0,0,0,0,0,0,0,0,0,0,0,0,1
genome_001702,0,0,0,0,0,0,0,0,0,0,0,0,0,0,0,0,0,0,0,0
genome_001703,0,0,0,0,0,0,0,0,0,0,0,0,0,0,0,0,0,0,0,0
genome_001704,0,0,0,0,0,0,0,0,0,0,1,0,1,0,0,0,0,0,0,0
genome_001705,0,0,0,0,0,0,0,0,0,0,0,1,0,1,0,0,0,0,0,0
genome_001706,0,0,1,0,1,0,1,0,0,0,0,0,1,1,0,0,0,0,0,0
genome_001707,0,1,0,1,0,0,0,1,0,0,0,0,1,0,1,0,0,1,0,1
genome_001708,1,0,0,0,0,0,0,0,0,0,0,0,0,0,0,0,0,0,0,0
genome_001709,0,1,0,0,0,0,0,0,0,0,1,1,1,0,0,0,0,0,0,0
genome_001710,0,0,0,1,0,0,0,0,0,0,0,0,0,0,0,0,0,0,0,0
genome_001711,0,0,0,0,0,0,0,0,0,0,0,0,0,1,0,0,0,0,1,1
genome_001712,0,0,0,0,0,0,0,0,0,0,0,0,0,0,1,0,0,0,0,0
genome_001713,1,0,0,0,1,1,0,0,0,0,0,0,1,1,0,0,0,0,0,0
genome_001714,0,0,0,0,1,0,0,0,0,0,0,0,0,0,0,0,0,0,0,0
genome_001715,0,0,0,0,0,0,0,0,0,0,0,0,0,0,0,0,0,0,0,0
genome_001716,0,0,0,0,0,0,0,0,0,0,0,0,0,0,0,1,1,0,0,0
genome_001717,0,1,0,1,0,1,0,0,0,0,0,0,0,0,0,0,0,0,0,0
genome_001718,0,0,1,0,0,0,0,0,0,0,0,0,0,1,0,0,0,0,0,0
genome_001719,0,0,0,0,0,1,1,0,1,1,0,0,0,0,0,0,0,0,0,0
genome_001720,0,0,0,0,0,0,0,0,0,1,0,0,1,1,0,1,0,0,0,0
genome_001721,0,0,0,0,0,0,0,0,0,0,0,1,0,0,1,0,0,0,0,0
genome_001722,0,0,0,0,0,0,0,1,0,0,0,0,0,0,0,0,0,0,0,0
genome_001723,0,1,1,0,1,0,0,1,0,0,0,0,0,0,0,0,0,0,0,0
genome_001724,0,0,0,0,0,0,0,0,0,0,0,0,0,0,0,0,1,0,0,0
genome_001725,0,0,0,1,0,0,0,0,0,0,0,0,0,0,0,0,0,0,0,0
genome_001726,1,0,0,0,0,0,0,0,0,0,0,0,1,1,0,0,0,0,0,0
genome_001727,0,0,0,0,0,0,0,0,0,0,1,0,0,0,0,0,0,0,1,0
genome_001728,0,1,1,0,1,0,0,1,0,0,0,0,0,0,1,0,0,0,0,0
genome_001729,0,0,0,0,0,0,0,0,0,0,0,0,0,0,0,0,0,0,0,0
genome_001730,0,0,0,0,0,0,0,0,0,0,0,0,0,0,0,0,0,1,0,0
genome_001731,0,0,0,0,0,0,0,0,0,0,0,0,0,0,0,0,0,0,0,1
genome_001732,0,0,0,0,0,0,0,0,0,0,0,0,0,0,0,0,0,0,1,0
genome_001733,0,0,0,1,0,0,0,0,0,0,0,1,0,0,0,1,0,0,0,1
genome_001734,0,0,1,0,0,0,0,0,0,1,0,0,0,0,0,1,0,0,0,0
genome_001735,0,0,0,0,0,1,0,0,1,0,0,0,0,0,0,0,1,0,0,0
genome_001736,0,0,0,0,0,0,0,0,0,0,0,0,0,1,0,0,1,0,0,0
genome_001737,0,0,0,0,0,1,0,0,0,0,0,0,0,0,0,0,0,0,0,0
genome_001738,0,0,0,0,0,0,1,0,0,0,0,0,1,0,0,0,0,0,0,0
genome_001739,1,0,0,0,0,0,1,0,0,0,0,0,0,0,0,1,0,1,0,0
genome_001740,0,0,0,0,0,1,0,0,0,0,0,0,0,1,0,0,0,0,0,0
genome_001741,0,0,1,1,0,0,0,0,0,0,0,0,0,0,0,0,0,0,0,0
genome_001742,0,0,0,0,0,0,0,0,0,0,0,0,1,0,0,0,0,0,0,0
genome_001743,0,0,0,0,0,0,0,0,0,0,0,0,0,0,0,0,0,0,0,0
genome_001744,0,0,0,0,0,0,0,1,0,0,0,0,1,0,0,0,0,1,0,0
genome_001745,0,0,1,0,0,0,0,0,0,0,0,0,0,0,0,0,0,0,0,1
genome_001746,0,0,0,0,0,0,0,1,0,0,0,0,0,0,0,0,0,0,0,1
genome_001747,0,0,0,0,0,0,1,0,0,0,0,0,0,0,0,0,0,0,0,0
genome_001748,1,1,0,1,0,0,0,0,1,0,0,0,1,1,0,1,1,1,0,1
genome_001749,0,0,0,1,1,0,0,0,0,0,0,0,0,0,0,0,0,0,0,0
genome_001750,0,0,0,1,0,0,0,0,0,0,0,0,0,0,0,0,0,0,0,0
genome_001751,0,1,0,0,0,0,0,0,0,0,0,0,1,0,0,0,0,0,0,0
genome_001752,0,0,0,0,0,0,0,1,0,0,0,0,0,0,0,0,0,0,1,0
genome_001753,0,0,0,0,0,0,0,1,1,0,0,0,0,0,0,0,0,1,0,0
genome_001754,0,0,0,0,0,1,0,0,0,1,0,0,1,0,0,0,0,0,0,0
genome_001755,0,0,0,0,0,1,1,0,0,0,0,1,0,0,0,0,1,0,0,0
genome_001756,0,0,0,0,0,0,1,0,0,0,1,0,0,0,0,0,1,0,0,0
genome_001757,0,0,0,0,0,0,0,0,0,0,0,0,0,0,1,0,0,0,0,0
genome_001758,0,0,0,0,0,0,1,0,0,0,0,0,1,0,0,0,1,0,0,0
genome_001759,0,0,0,0,0,0,0,0,0,0,0,0,0,0,0,0,0,0,0,0
genome_001760,0,0,0,0,0,0,0,0,0,0,0,0,0,0,0,0,0,0,0,0
genome_001761,1,1,1,0,0,0,0,0,0,0,0,0,0,0,0,0,0,0,1,0
genome_001762,0,0,0,0,0,0,0,1,0,0,1,0,0,0,0,0,0,0,0,0
genome_001763,0,0,0,0,0,1,0,0,0,1,0,0,0,1,0,1,0,0,0,0
genome_001764,0,1,0,0,0,0,0,0,0,0,0,0,1,0,0,0,0,0,0,0
genome_001765,0,0,0,0,0,0,0,0,0,0,0,0,0,0,0,0,0,0,0,0
genome_001766,0,0,0,0,0,0,0,0,0,0,0,0,0,0,0,0,1,0,0,0
genome_001767,0,0,0,0,0,0,1,0,0,0,0,0,0,0,0,0,0,0,0,1
genome_001768,0,1,0,1,0,0,0,0,0,0,0,0,1,0,0,0,0,0,0,0
genome_001769,0,0,0,1,1,0,0,1,0,0,0,0,0,0,0,1,0,1,1,0
genome_001770,0,1,0,0,0,0,0,1,0,1,1,0,0,0,0,0,0,0,1,1
genome_001771,0,0,0,0,0,0,0,0,0,0,1,0,0,0,0,0,0,0,0,0
genome_001772,1,0,0,1,0,0,0,0,0,0,0,0,0,0,0,0,0,1,0,0
genome_001773,0,0,0,0,0,0,0,0,0,1,0,0,0,0,0,0,0,0,0,0
genome_001774,0,0,0,0,1,0,1,0,0,0,0,0,0,0,0,0,0,0,0,0
genome_001775,0,0,0,0,0,0,0,0,1,0,0,0,0,0,0,0,0,0,0,0
genome_001776,0,0,1,0,1,0,0,1,0,0,0,0,1,0,1,0,0,0,0,0
genome_001777,0,0,1,0,0,0,0,1,1,1,0,0,0,0,1,1,1,0,0,1
genome_001778,0,0,0,0,0,0,0,0,0,0,0,0,0,0,0,1,0,0,0,0
genome_001779,0,0,0,0,0,0,0,0,0,0,0,0,0,0,0,0,0,0,0,0
genome_001780,1,0,0,0,0,0,0,0,0,0,0,0,0,0,0,0,0,0,0,0
genome_001781,0,0,0,0,0,0,0,0,0,0,0,0,0,0,0,0,0,0,0,0
genome_001782,0,0,0,0,0,0,1,0,0,0,0,0,0,0,0,0,0,0,0,0
genome_001783,0,0,0,0,0,0,0,0,0,0,0,0,1,0,0,0,0,0,0,0
genome_001784,0,0,0,0,0,0,0,1,0,0,0,0,0,0,0,0,1,1,0,0
genome_001785,0,0,0,0,0,0,0,0,0,0,0,0,0,1,0,0,0,0,0,0
genome_001786,0,0,0,0,0,0,0,0,0,0,0,0,0,0,0,0,0,0,0,0
genome_001787,0,0,0,0,0,0,0,0,0,0,0,1,0,0,0,0,0,0,0,0
genome_001788,0,1,0,0,0,0,0,0,0,1,0,0,0,0,1,0,0,1,0,0
genome_001789,0,0,0,0,0,0,0,0,0,0,0,0,0,0,0,0,0,0,0,1
genome_001790,0,1,0,0,0,0,0,0,0,0,0,0,0,0,0,0,0,0,0,0
genome_001791,0,0,0,0,0,0,1,0,0,0,0,0,1,0,0,1,0,0,0,0
genome_001792,0,0,0,0,0,1,0,0,0,0,0,0,0,0,0,0,0,0,0,0
genome_001793,0,0,0,0,0,0,0,0,0,0,0,1,0,0,0,0,0,0,0,0
genome_001794,0,0,0,0,0,1,0,0,0,0,0,0,0,0,0,0,0,0,0,0
genome_001795,0,0,0,1,0,1,0,0,1,0,0,1,0,0,0,0,1,0,0,0
genome_001796,0,0,0,0,0,0,1,0,0,0,0,0,0,0,0,0,0,0,0,0
genome_001797,0,0,0,0,0,0,0,1,0,0,1,0,0,0,0,0,0,0,0,0
genome_001798,0,0,1,1,0,0,0,1,0,1,0,1,0,0,0,0,1,1,0,0
genome_001799,0,0,0,0,0,0,0,0,0,0,0,1,0,0,0,0,0,0,0,0
genome_001800,0,0,0,0,0,0,0,1,0,0,0,0,0,0,0,1,1,0,0,0
genome_001801,0,0,0,0,0,1,0,0,0,0,0,0,0,0,0,0,0,0,0,0
genome_001802,1,0,0,0,0,1,0,0,0,0,0,0,0,0,0,0,0,0,0,0
genome_001803,1,1,0,1,0,0,1,1,0,0,0,0,0,0,0,0,1,1,1,0
genome_001804,0,1,0,0,0,0,0,0,0,0,0,0,0,0,0,0,1,0,1,0
genome_001805,1,0,0,0,1,1,0,1,0,0,0,0,0,0,0,1,0,0,0,0
genome_001806,0,0,0,0,0,0,0,0,0,0,0,0,0,0,0,0,0,0,0,0
genome_001807,0,0,0,0,0,0,0,0,0,0,1,0,0,0,0,0,0,0,0,0
genome_001808,0,1,0,0,0,0,0,0,0,0,0,0,0,0,0,0,0,0,1,0
genome_001809,1,0,0,0,0,0,0,0,0,0,1,0,0,0,0,0,0,0,0,0
genome_001810,0,0,0,0,0,0,1,0,0,0,0,0,0,0,0,1,0,0,1,0
genome_001811,0,0,0,0,0,0,0,0,0,0,0,0,0,0,0,1,0,0,0,0
genome_001812,0,1,0,0,0,1,1,0,0,1,0,0,0,0,0,0,0,1,0,0
genome_001813,0,0,1,0,0,0,0,0,0,0,0,0,0,0,0,0,0,0,0,0
genome_001814,1,0,0,0,0,0,0,0,0,0,0,0,0,0,0,0,0,0,0,0
genome_001815,0,0,0,0,0,0,0,0,0,0,0,0,0,0,0,0,0,0,0,0
genome_001816,1,0,0,0,0,0,0,0,0,0,0,0,0,0,0,0,0,0,0,0
genome_001817,0,0,0,0,0,0,0,0,0,0,0,0,0,0,0,0,1,0,0,0
genome_001818,0,0,0,0,0,0,0,0,0,0,0,0,0,0,0,0,0,0,1,0
genome_001819,0,0,0,0,0,0,0,1,0,0,0,0,0,0,1,0,0,0,0,1
genome_001820,0,0,0,0,0,0,0,0,0,0,0,0,0,0,0,0,1,0,0,1
genome_001821,1,0,0,0,0,0,0,0,0,0,0,0,0,0,1,0,0,0,0,0
genome_001822,1,0,1,0,0,0,0,0,0,0,0,0,0,0,0,0,0,0,0,0
genome_001823,0,0,0,0,0,0,0,0,0,0,0,0,0,0,0,0,0,0,0,0
genome_001824,0,0,1,0,0,0,0,1,0,1,0,0,0,0,0,0,0,0,0,0
genome_001825,0,0,0,0,0,0,0,0,0,0,0,0,0,0,0,0,0,0,0,1
genome_001826,0,0,0,0,0,0,1,1,0,0,0,0,0,1,0,0,0,0,0,0
genome_001827,1,0,0,0,0,0,0,0,0,0,0,0,0,0,0,0,0,0,0,0
genome_001828,0,0,0,0,0,0,0,0,0,0,0,0,1,0,0,0,0,0,0,1
genome_001829,0,0,0,0,0,1,0,0,1,0,0,0,0,0,1,0,0,0,0,0
genome_001830,0,0,0,0,0,0,0,0,0,0,0,0,0,0,0,0,0,0,0,1
genome_001831,0,0,0,0,0,0,0,0,0,0,0,0,0,0,0,0,1,1,0,0
genome_001832,0,0,1,0,0,0,0,1,0,0,0,0,0,0,0,0,0,0,1,0
genome_001833,0,0,0,0,1,0,0,0,0,1,0,0,0,0,0,0,1,0,0,1
genome_001834,0,0,0,0,0,0,0,0,0,0,0,0,0,0,0,0,0,0,0,0
genome_001835,0,0,0,0,0,0,0,0,0,0,1,0,0,0,0,1,0,0,0,0
genome_001836,0,0,0,1,0,0,0,0,1,1,0,0,0,0,0,0,0,0,1,0
genome_001837,0,0,0,0,0,0,0,0,0,0,0,0,0,0,0,0,0,0,0,0
genome_001838,0,0,0,0,1,0,0,0,0,0,0,0,0,0,0,0,0,1,0,1
genome_001839,0,0,1,0,0,0,1,1,0,0,0,0,0,1,0,0,0,1,0,0
genome_001840,0,0,0,0,0,0,0,0,0,0,0,0,0,0,0,1,1,0,0,0
genome_001841,0,0,0,0,0,0,0,0,0,0,0,0,0,0,0,0,0,0,0,0
genome_001842,0,0,0,0,0,0,0,0,0,0,0,0,0,1,0,0,0,1,0,0
genome_001843,0,0,0,0,0,0,0,0,0,0,0,0,0,0,0,0,0,0,1,0
genome_001844,0,0,0,0,0,0,0,0,0,0,0,0,0,0,0,0,0,0,0,0
genome_001845,0,0,0,0,0,0,0,0,0,0,0,0,0,0,0,0,0,0,0,1
genome_001846,0,0,0,0,0,0,0,0,0,0,0,0,0,1,0,0,0,0,0,0
genome_001847,0,1,0,0,1,0,0,1,0,0,0,1,0,0,0,0,1,0,0,0
genome_001848,0,0,0,0,0,0,0,0,0,0,0,0,0,0,0,0,0,0,0,0
genome_001849,0,0,0,0,0,0,0,0,1,0,0,1,0,0,1,0,0,1,0,0
genome_001850,0,0,0,1,0,0,0,0,0,0,0,0,0,0,0,0,1,0,0,1
genome_001851,0,0,0,0,0,0,1,0,0,0,0,0,0,0,1,0,0,0,0,0
genome_001852,0,0,0,0,0,0,0,0,0,0,0,0,0,0,0,0,0,0,1,1
genome_001853,0,0,0,0,0,0,1,0,0,0,0,0,0,0,0,0,1,0,1,0
genome_001854,1,0,0,0,0,0,0,0,0,1,0,0,0,1,0,0,0,0,0,0
genome_001855,0,0,0,1,1,0,0,0,0,0,0,0,1,0,0,0,0,0,0,0
genome_001856,0,0,0,0,0,0,0,0,0,0,0,0,0,0,0,0,0,0,0,1
genome_001857,0,0,1,0,0,0,0,0,0,0,0,0,0,0,0,0,0,0,0,0
genome_001858,0,1,0,0,0,0,0,0,0,0,0,0,0,0,0,1,0,0,0,0
genome_001859,1,0,0,0,0,0,0,1,0,0,0,0,0,0,0,0,1,0,0,0
genome_001860,0,0,0,1,0,0,1,0,0,0,0,1,0,0,0,0,0,0,0,0
genome_001861,1,1,0,0,0,1,0,0,1,0,0,0,1,0,0,0,1,0,0,0
genome_001862,0,0,0,0,0,0,0,0,0,0,0,0,0,0,0,0,0,0,0,0
genome_001863,0,0,0,0,1,0,0,0,1,0,0,0,0,0,0,0,0,0,0,1
genome_001864,0,0,0,0,0,0,0,0,0,0,0,0,0,0,1,0,0,0,0,1
genome_001865,0,0,0,0,1,1,0,0,0,0,0,0,0,1,0,0,0,0,0,0
genome_001866,0,0,0,0,0,0,0,0,0,0,0,0,0,0,0,0,0,0,0,0
genome_001867,0,0,0,0,0,0,0,1,0,0,0,0,0,0,0,0,0,0,0,0
genome_001868,1,0,0,0,1,0,0,0,0,0,0,0,1,0,0,0,0,0,0,1
genome_001869,0,0,0,0,0,0,0,1,0,1,0,0,0,0,0,0,0,0,0,1
genome_001870,0,0,0,0,0,0,0,0,0,0,0,0,0,0,0,0,0,0,0,0
genome_001871,0,1,0,0,1,0,0,1,0,0,0,0,0,0,1,0,0,0,0,0
genome_001872,0,0,0,0,0,0,0,1,0,0,0,0,0,0,0,0,0,0,0,1
genome_001873,0,1,0,0,0,0,0,0,0,0,1,0,0,0,0,0,0,0,0,0
genome_001874,0,0,0,0,0,0,1,1,0,0,0,0,0,1,0,0,1,0,0,0
genome_001875,1,1,0,0,0,0,1,1,1,0,0,0,0,0,0,0,0,0,1,0
genome_001876,0,0,0,0,0,0,0,0,0,0,0,0,1,0,0,0,0,0,0,0
genome_001877,0,0,0,0,0,0,0,0,1,0,0,0,0,0,0,0,0,0,0,0
genome_001878,0,0,0,0,0,0,0,0,0,1,0,0,0,0,1,0,0,0,0,1
genome_001879,0,0,0,0,0,0,1,0,0,0,0,1,1,0,1,0,0,0,0,0
genome_001880,0,0,0,0,0,0,0,0,0,1,0,0,0,1,1,1,0,0,1,1
genome_001881,1,0,0,0,0,0,0,0,1,0,0,1,1,0,1,0,0,0,0,0
genome_001882,0,0,0,0,0,0,0,0,0,0,0,0,1,1,0,0,0,0,1,0
genome_001883,0,0,0,0,0,0,0,0,0,0,1,0,0,0,0,0,0,0,0,0
genome_001884,0,0,0,0,0,0,0,0,0,0,0,0,0,0,0,0,0,0,0,0
genome_001885,0,0,0,0,0,0,0,0,0,0,0,0,0,0,0,0,0,1,0,1
genome_001886,0,0,0,0,0,0,0,0,0,1,1,0,1,0,0,1,1,1,0,1
genome_001887,1,1,0,0,1,0,0,0,0,1,0,0,0,0,0,0,1,0,0,0
genome_001888,0,0,0,1,0,1,0,0,0,1,0,1,0,0,0,1,0,0,0,0
genome_001889,0,0,0,0,0,0,0,0,1,0,0,0,0,0,1,1,1,0,0,1
genome_001890,0,0,0,0,0,0,0,0,0,0,0,0,0,0,0,0,0,0,0,0
genome_001891,0,1,1,0,0,0,0,0,0,0,0,0,0,0,0,0,0,0,1,0
genome_001892,0,0,0,0,0,0,0,0,1,0,0,0,1,0,0,0,0,0,0,0
genome_001893,0,0,0,0,0,0,0,0,0,1,0,0,0,0,0,0,0,0,0,0
genome_001894,1,0,0,0,1,0,1,0,0,0,0,0,0,0,0,0,0,0,1,0
genome_001895,0,1,1,0,0,0,0,0,0,0,0,0,0,0,0,1,0,0,0,0
genome_001896,0,0,0,0,0,0,0,0,0,0,0,0,0,0,1,1,0,0,0,0
genome_001897,0,0,0,0,0,0,0,0,0,0,1,0,0,0,0,0,0,0,0,0
genome_001898,0,0,0,0,0,0,0,0,0,0,0,0,0,0,0,0,1,0,1,0
genome_001899,0,0,0,0,1,0,0,0,0,0,0,0,0,0,0,0,0,0,0,0
genome_001900,0,0,0,0,0,0,0,0,0,0,0,0,0,0,0,1,0,0,1,0
genome_001901,1,0,1,0,1,0,1,1,0,0,0,1,0,0,0,0,0,0,0,0
genome_001902,1,1,0,0,0,0,0,0,0,0,0,0,1,0,0,0,0,0,1,0
genome_001903,0,0,0,0,0,0,1,0,0,0,0,0,1,0,0,0,0,0,1,1
genome_001904,0,0,0,0,0,0,0,0,0,0,0,0,0,0,0,0,0,0,0,0
genome_001905,0,0,0,0,1,0,0,1,0,0,0,0,0,0,0,0,0,0,0,1
genome_001906,0,0,0,0,0,1,0,0,0,0,0,0,0,0,0,0,0,0,0,0
genome_001907,0,0,0,0,1,0,0,0,0,1,0,0,0,0,1,0,0,0,0,0
genome_001908,0,0,0,0,0,0,0,0,0,1,0,0,0,1,0,0,0,0,0,0
genome_001909,0,0,0,0,0,0,1,1,1,0,0,0,0,0,0,0,0,0,0,0
genome_001910,0,0,0,0,0,0,0,0,0,0,0,1,0,0,0,0,1,0,0,0
genome_001911,0,0,0,0,0,0,0,0,0,0,0,0,0,0,0,0,0,0,0,0
genome_001912,0,0,0,0,0,0,0,0,0,0,0,0,0,0,0,0,0,0,0,0
genome_001913,0,0,0,0,0,0,1,0,1,0,0,1,0,0,0,1,0,1,1,0
genome_001914,0,0,0,0,1,1,1,0,1,0,0,0,0,0,0,0,0,0,0,0
genome_001915,1,0,0,0,0,0,1,0,1,0,0,0,0,0,1,0,0,0,0,0
genome_001916,0,0,1,0,0,0,1,0,0,1,0,0,1,0,1,0,0,0,0,0
genome_001917,0,0,1,0,0,0,0,0,0,1,0,0,0,1,0,0,1,0,0,0
genome_001918,0,0,0,0,0,0,0,0,0,0,0,0,0,0,0,0,0,0,0,0
genome_001919,0,0,0,0,0,0,0,0,0,0,0,0,0,0,0,0,0,0,0,0
genome_001920,0,0,0,0,0,0,0,0,0,0,0,1,0,0,0,0,0,0,0,0
genome_001921,0,0,0,0,0,0,1,1,0,1,0,0,0,0,0,0,0,0,1,0
genome_001922,0,0,0,0,0,1,0,0,0,0,0,0,0,1,0,0,0,0,1,0
genome_001923,0,0,0,0,0,0,0,0,1,0,0,0,0,0,0,0,0,0,0,0
genome_001924,1,0,0,0,0,0,0,0,0,0,0,0,0,0,0,1,0,0,0,0
genome_001925,0,0,0,0,0,0,0,0,0,0,0,0,0,0,1,0,0,0,0,0
genome_001926,0,0,0,0,0,0,0,0,0,0,0,0,0,0,0,0,0,0,0,0
genome_001927,0,0,0,0,0,0,0,0,0,0,0,0,0,0,0,0,0,0,1,0
genome_001928,0,0,1,0,0,0,0,0,0,0,0,0,0,0,0,0,0,0,0,0
genome_001929,0,0,0,1,0,1,0,0,1,0,1,1,0,1,1,0,0,0,0,1
genome_001930,0,0,0,0,0,0,0,0,0,0,0,1,0,0,0,0,1,0,1,0
genome_001931,0,0,0,0,0,0,0,0,0,0,0,1,1,1,0,0,0,0,0,0
genome_001932,0,0,0,0,0,0,0,0,0,0,0,0,0,0,0,0,0,0,0,0
genome_001933,0,0,0,0,1,0,0,0,0,0,0,0,0,0,0,0,0,0,0,0
genome_001934,0,0,0,0,0,0,0,0,0,0,0,0,0,0,0,0,0,0,0,0
genome_001935,1,0,0,0,0,0,0,0,0,0,1,1,0,0,0,0,0,0,0,0
genome_001936,0,1,0,0,0,1,1,1,1,0,0,1,1,0,0,0,0,0,0,0
genome_001937,0,0,1,0,0,0,1,0,0,0,0,1,1,0,0,0,0,0,1,0
genome_001938,1,1,0,1,0,0,0,1,0,0,0,0,0,1,0,0,0,0,0,0
genome_001939,0,0,0,0,1,0,0,0,0,0,0,0,0,0,0,0,0,0,0,0
genome_001940,0,0,0,0,0,0,0,0,0,0,0,0,0,0,0,0,0,0,0,0
genome_001941,1,0,0,0,1,0,0,1,0,0,0,0,0,0,0,0,0,0,0,0
genome_001942,0,0,0,0,0,0,0,0,0,0,0,0,0,0,0,0,0,0,0,0
genome_001943,0,0,0,0,1,0,0,0,0,0,0,0,1,1,0,0,1,1,0,1
genome_001944,1,0,0,0,0,1,1,0,0,0,0,1,0,0,0,0,0,1,0,0
genome_001945,1,0,0,1,0,0,0,1,0,0,0,0,0,0,0,0,0,0,1,1
genome_001946,0,0,0,0,0,0,1,0,0,0,0,1,0,0,0,0,0,0,0,0
genome_001947,0,0,0,0,0,0,0,0,1,0,0,0,0,0,0,0,0,0,1,0
genome_001948,0,0,0,0,0,0,0,0,0,0,0,0,0,0,0,0,0,0,0,0
genome_001949,0,0,0,0,0,0,0,0,0,0,0,0,0,0,0,0,0,1,0,1
genome_001950,0,0,0,0,0,0,0,0,0,0,1,0,0,0,0,1,0,1,1,0
genome_001951,1,0,0,1,1,0,0,0,0,0,0,1,0,0,0,0,0,0,0,0
genome_001952,0,0,0,0,0,0,0,0,0,0,0,0,1,0,0,0,0,0,0,0
genome_001953,0,0,0,0,0,0,0,0,0,0,0,0,0,0,0,0,0,0,0,0
genome_001954,0,0,1,1,1,0,0,0,0,0,0,0,0,0,0,0,0,1,0,0
genome_001955,0,0,0,0,0,0,0,0,0,0,0,0,0,0,0,0,1,0,0,0
genome_001956,0,0,1,0,0,1,0,0,0,0,1,0,1,0,0,0,1,0,0,0
genome_001957,0,0,0,0,0,0,0,0,0,0,0,0,0,0,0,1,0,0,0,0
genome_001958,0,1,0,1,0,1,0,0,0,0,0,0,1,0,0,0,0,0,1,1
genome_001959,0,0,1,1,0,0,0,0,1,0,0,1,0,0,0,0,0,0,0,1
genome_001960,0,0,0,0,0,0,0,0,0,0,0,0,0,0,0,0,0,1,0,0
genome_001961,0,0,0,0,0,0,0,0,0,0,0,0,0,0,0,0,0,0,0,0
genome_001962,0,0,0,0,0,0,0,0,1,0,0,0,0,0,0,0,0,0,0,0
genome_001963,0,0,0,0,0,1,0,0,0,0,0,0,0,0,0,0,0,0,0,0
genome_001964,1,1,0,0,0,0,0,0,0,1,0,0,1,0,0,0,0,0,0,0
genome_001965,0,0,0,0,0,0,0,1,0,0,0,1,0,0,0,0,0,0,0,1
genome_001966,0,0,1,0,0,0,0,0,0,0,0,0,1,0,1,0,0,0,1,0
genome_001967,0,0,0,0,0,0,0,1,0,0,0,0,0,0,1,0,0,0,0,0
genome_001968,0,0,0,0,0,0,1,1,0,0,1,0,0,0,0,0,0,0,1,0
genome_001969,0,0,0,0,0,0,0,0,0,0,0,1,1,1,0,0,0,0,0,0
genome_001970,0,0,0,0,0,0,1,0,0,0,0,0,0,0,0,0,0,1,0,0
genome_001971,0,0,0,0,0,0,0,0,1,0,0,0,0,0,0,0,0,0,1,0
genome_001972,0,0,0,0,1,0,1,0,0,0,0,0,0,1,0,1,0,0,0,0
genome_001973,0,0,0,0,0,0,1,0,0,0,0,0,1,0,0,0,0,0,0,0
genome_001974,0,0,0,0,0,0,0,0,0,1,0,0,0,0,0,0,0,0,0,0
genome_001975,0,0,0,0,0,0,0,0,0,0,0,0,0,0,0,1,0,0,0,0
genome_001976,0,0,0,0,0,0,0,0,0,0,1,0,1,1,0,0,0,0,0,0
genome_001977,0,0,0,0,0,1,0,0,0,0,0,0,0,0,0,1,0,0,0,0
genome_001978,0,0,0,0,0,0,0,0,0,0,1,0,0,0,0,0,0,1,0,0
genome_001979,1,0,0,0,0,0,1,0,0,0,0,0,0,0,1,0,0,0,0,0
genome_001980,0,1,0,0,0,0,0,0,0,0,0,0,0,0,1,0,1,0,0,0
genome_001981,0,0,1,0,0,0,0,0,0,0,0,0,0,0,0,0,0,0,0,0
genome_001982,0,0,0,0,0,0,0,0,0,0,0,0,0,0,0,0,0,0,0,0
genome_001983,0,0,0,0,0,0,0,0,0,0,0,0,0,0,0,0,0,0,0,0
genome_001984,0,0,0,0,0,0,0,0,0,0,1,0,0,0,1,1,0,0,0,0
genome_001985,0,0,0,0,0,1,0,0,0,0,0,0,0,0,0,0,1,0,0,0
genome_001986,0,0,0,0,0,0,0,0,0,1,1,0,0,0,0,0,0,1,0,0
genome_001987,0,1,0,0,0,0,0,0,0,0,0,0,1,0,0,0,1,0,1,1
genome_001988,0,0,0,0,0,0,0,0,0,0,0,0,0,0,0,0,0,0,0,0
genome_001989,0,0,0,0,0,0,0,0,0,0,0,0,0,0,0,0,0,0,0,0
genome_001990,0,0,0,0,0,0,0,0,0,0,0,0,0,0,0,0,0,0,0,0
genome_001991,0,0,0,0,0,0,0,0,0,0,1,0,0,1,0,0,0,0,0,0
genome_001992,0,0,0,0,0,0,0,1,0,0,0,1,0,0,0,0,0,1,0,0
genome_001993,0,0,0,1,0,0,0,1,0,0,0,0,0,0,0,0,0,1,1,1
genome_001994,1,0,0,0,0,0,1,0,1,0,0,0,0,0,1,0,0,0,0,0
genome_001995,0,0,0,0,0,0,0,0,0,0,0,0,0,0,0,0,0,0,0,0
genome_001996,0,0,0,0,0,0,0,0,0,0,0,0,0,0,0,0,0,0,0,1
genome_001997,0,0,0,0,0,0,0,0,0,0,0,0,0,1,0,0,0,1,0,0
genome_001998,0,1,0,0,0,0,0,0,0,0,0,0,0,0,0,0,0,0,0,1
genome_001999,0,0,1,1,0,0,0,0,0,0,0,0,0,0,0,0,0,1,0,0
genome_002000,0,0,0,0,0,1,0,0,0,1,0,0,0,0,1,0,0,0,0,0
genome_002001,0,0,0,0,0,0,1,0,0,0,0,1,0,0,0,0,1,0,0,0
genome_002002,0,0,0,0,0,0,0,0,0,0,0,0,0,0,0,0,0,0,0,0
genome_002003,0,0,0,0,1,0,0,1,0,0,0,0,0,0,0,1,0,0,0,0
genome_002004,0,0,0,0,0,0,0,0,0,0,0,0,0,0,0,0,0,0,0,0
genome_002005,0,0,0,0,0,0,1,0,0,0,0,0,0,0,1,0,0,0,0,0
genome_002006,0,0,0,0,0,0,0,0,0,0,0,0,0,0,0,0,0,0,0,1
genome_002007,0,0,0,0,1,0,0,0,1,1,0,0,0,0,1,0,0,1,0,0
genome_002008,0,1,0,0,1,1,0,0,0,0,0,1,0,0,1,0,1,0,0,1
genome_002009,0,0,0,0,0,0,0,0,0,0,0,0,0,0,0,0,0,0,0,0
genome_002010,1,0,0,0,1,0,0,0,0,0,1,0,0,0,0,0,0,0,0,1
genome_002011,1,1,1,0,0,1,0,0,0,0,0,0,0,0,0,0,0,0,0,0
genome_002012,0,0,0,0,1,1,0,0,0,0,0,0,0,0,0,0,1,0,0,0
genome_002013,0,0,0,0,0,0,0,0,0,1,0,1,1,0,0,0,0,1,0,0
genome_002014,1,0,0,0,0,0,1,0,0,1,0,0,0,0,0,0,1,0,0,0
genome_002015,0,1,0,0,0,0,0,0,0,1,1,1,0,1,0,0,0,0,0,1
genome_002016,0,0,0,0,1,0,0,0,0,0,0,0,0,0,0,1,0,0,0,0
genome_002017,0,0,0,1,1,0,0,0,0,0,0,0,0,0,0,1,0,0,0,0
genome_002018,0,0,0,0,1,0,0,0,0,0,0,0,0,0,0,0,0,0,0,0
genome_002019,1,1,0,0,0,0,0,0,0,1,0,0,0,0,0,0,0,0,0,0
genome_002020,0,0,0,0,0,0,0,0,0,0,0,0,0,0,0,0,0,0,0,0
genome_002021,0,0,0,1,1,0,0,1,0,0,0,0,0,0,1,0,0,0,0,0
genome_002022,1,1,0,0,0,0,1,0,0,0,1,1,0,1,1,0,0,0,0,0
genome_002023,0,1,0,0,0,0,0,0,0,0,0,0,0,0,0,0,0,1,0,0
genome_002024,1,0,0,0,0,0,1,0,0,1,0,0,0,0,0,0,0,0,0,0
genome_002025,0,0,0,0,0,0,0,0,0,0,0,1,0,1,0,0,0,0,0,0
genome_002026,0,0,0,0,0,0,1,1,0,1,0,0,0,0,0,0,0,0,1,0
genome_002027,0,0,0,1,1,0,1,1,0,0,0,0,0,0,0,0,0,1,1,0
genome_002028,0,1,0,0,1,0,0,1,0,0,0,1,0,1,1,0,0,0,0,0
genome_002029,0,0,0,1,1,0,1,0,0,1,0,0,0,0,0,0,1,0,0,0
genome_002030,0,0,0,1,0,0,0,1,0,0,0,0,0,0,0,0,0,0,0,0
genome_002031,0,0,0,0,0,0,1,0,0,0,0,0,0,0,1,0,0,0,0,1
genome_002032,0,0,0,0,0,0,0,0,0,1,0,0,0,0,0,0,1,0,0,0
genome_002033,0,0,0,0,1,0,0,0,1,0,1,0,0,0,1,0,0,0,0,0
genome_002034,0,0,0,0,0,0,0,0,0,0,0,0,0,0,1,0,0,0,1,0
genome_002035,1,0,0,0,0,0,0,1,0,0,0,1,0,1,0,0,1,0,0,0
genome_002036,0,0,1,0,1,1,0,0,0,0,0,0,0,0,0,0,0,0,0,1
genome_002037,0,1,0,0,0,0,1,0,0,0,0,0,0,0,0,0,0,0,0,0
genome_002038,0,0,0,1,0,0,0,0,0,1,0,0,0,0,0,0,0,0,0,0
genome_002039,0,0,0,0,1,0,0,0,0,0,1,0,0,0,0,1,0,0,0,0
genome_002040,1,0,0,0,0,0,0,0,0,0,0,0,0,1,0,0,1,0,0,1
genome_002041,0,0,0,0,0,0,0,0,0,0,0,0,0,0,1,0,0,0,0,0
genome_002042,0,0,0,1,0,0,0,0,0,0,0,0,0,0,0,1,0,0,0,1
genome_002043,0,0,0,0,0,0,0,0,1,0,1,0,0,0,1,1,0,0,0,0
genome_002044,0,0,0,0,1,0,0,0,0,0,0,0,0,0,0,0,0,0,0,0
genome_002045,0,0,0,0,0,1,0,0,1,0,0,1,0,0,1,0,0,0,0,0
genome_002046,0,1,0,0,1,1,0,0,0,0,0,0,0,0,0,0,0,0,0,0
genome_002047,0,0,0,0,0,0,1,0,0,0,0,0,0,0,0,0,0,0,0,0
genome_002048,0,0,0,0,1,0,0,1,0,1,0,0,0,0,0,0,0,0,1,0
genome_002049,0,0,1,0,0,0,0,1,0,0,0,0,0,0,0,1,0,0,0,0
genome_002050,0,0,0,0,1,0,1,0,1,1,0,0,0,0,0,1,1,1,0,0
genome_002051,0,0,0,0,0,0,0,0,0,0,0,0,0,0,0,0,0,0,0,0
genome_002052,0,0,0,0,0,1,0,0,0,0,0,1,0,0,0,0,0,0,0,1
genome_002053,0,1,0,0,0,0,0,0,0,0,0,0,0,0,0,1,0,0,1,0
genome_002054,0,0,0,0,1,0,0,0,0,0,0,0,0,0,1,0,0,1,0,0
genome_002055,0,0,1,1,0,0,0,0,0,0,0,0,0,0,0,0,0,0,0,0
genome_002056,0,0,0,0,0,0,0,0,1,1,0,0,0,0,0,0,0,0,0,0
genome_002057,1,0,0,1,1,0,0,0,1,0,1,0,0,0,1,0,0,0,0,0
genome_002058,0,0,0,0,0,0,0,0,0,0,0,0,0,0,0,0,0,0,0,0
genome_002059,0,0,0,0,0,0,0,0,0,0,0,0,0,0,0,0,0,1,0,0
genome_002060,1,1,0,1,0,0,1,0,0,0,0,1,0,0,0,0,0,0,0,0
genome_002061,0,0,0,1,0,0,0,0,0,1,0,0,0,0,0,1,0,0,0,1
genome_002062,0,0,1,0,0,0,0,0,0,0,0,0,0,0,1,0,0,0,0,0
genome_002063,0,0,0,0,0,0,0,1,0,0,0,0,0,0,0,0,0,0,0,1
genome_002064,1,0,1,0,0,0,1,1,0,0,0,0,0,0,1,0,1,1,0,0
genome_002065,0,0,0,0,0,0,0,1,0,0,0,0,0,0,1,0,0,0,1,0
genome_002066,0,0,0,0,1,0,0,0,0,0,0,0,0,0,0,0,0,0,1,0
genome_002067,0,0,0,0,0,0,0,1,1,0,0,0,1,0,1,0,0,0,0,0
genome_002068,0,0,1,0,0,0,0,0,0,0,0,1,0,0,0,0,0,0,0,0
genome_002069,0,0,1,1,0,0,0,0,0,0,0,0,0,0,0,0,0,0,0,1
genome_002070,0,0,0,0,0,0,0,0,0,1,0,0,0,0,0,0,0,1,1,0
genome_002071,1,0,0,0,0,1,0,0,0,0,0,0,0,1,0,0,0,0,0,0
genome_002072,0,0,0,0,0,0,0,0,0,0,0,0,0,0,0,0,0,0,0,0
genome_002073,0,0,0,0,0,1,0,0,0,0,0,0,0,0,0,0,0,0,0,0
genome_002074,0,0,0,0,0,0,0,0,0,0,0,1,0,0,0,0,0,0,0,0
genome_002075,0,0,0,0,0,0,0,1,0,0,0,0,0,0,0,0,0,0,0,0
genome_002076,0,1,0,1,0,0,1,0,0,0,0,0,0,0,0,0,0,0,0,0
genome_002077,0,1,0,0,0,0,0,1,0,1,0,0,0,0,1,0,1,0,0,0
genome_002078,0,0,0,1,0,0,0,0,0,1,0,0,1,0,0,0,0,0,0,0
genome_002079,0,0,0,0,0,0,0,0,0,0,0,0,0,0,0,0,0,0,0,0
genome_002080,0,0,0,0,0,0,0,0,0,0,0,0,0,1,0,0,0,0,0,1
genome_002081,0,0,0,0,0,0,0,0,0,0,0,0,0,0,0,0,0,0,0,0
genome_002082,0,1,1,0,0,1,0,0,1,0,0,0,0,1,0,0,0,0,0,0
genome_002083,0,1,0,0,0,0,0,0,0,1,0,0,0,0,0,0,0,0,0,0
genome_002084,0,0,0,0,0,0,1,1,0,0,0,0,1,0,0,0,0,0,0,0
genome_002085,1,0,1,0,0,1,0,0,0,0,1,0,0,0,0,0,0,0,0,0
genome_002086,0,0,0,0,0,0,0,0,0,0,0,0,0,0,0,0,0,0,0,0
genome_002087,0,0,0,0,0,0,0,0,0,0,0,0,0,0,0,0,0,0,0,0
genome_002088,0,0,0,0,0,0,0,0,0,1,0,0,0,0,0,0,0,0,0,0
genome_002089,0,0,1,1,0,0,0,1,0,0,0,0,0,0,0,0,0,0,0,0
genome_002090,0,0,0,0,0,0,0,0,1,0,0,0,0,1,0,0,0,0,0,0
genome_002091,0,0,1,1,0,0,0,0,0,0,0,1,0,0,0,0,0,0,0,0
genome_002092,0,0,0,0,0,0,0,0,0,0,0,0,0,1,0,0,0,0,0,0
genome_002093,0,0,0,0,0,0,0,0,0,0,0,0,0,0,0,0,0,0,0,0
genome_002094,0,0,0,0,0,0,0,0,0,0,0,0,0,0,0,0,0,0,0,0
genome_002095,0,0,0,0,1,0,0,0,0,0,0,0,0,1,0,0,0,0,0,0
genome_002096,0,0,0,0,0,0,0,0,0,0,0,1,0,0,0,0,1,1,1,0
genome_002097,0,0,0,0,1,0,0,0,1,0,0,0,0,0,0,1,1,0,0,0
genome_002098,0,0,0,0,0,1,0,0,0,1,1,0,1,0,0,1,1,0,1,0
genome_002099,0,1,0,0,0,0,0,0,1,0,0,0,1,0,0,0,0,0,0,0
genome_002100,0,0,0,0,0,0,0,0,0,0,0,0,0,0,0,0,0,0,0,0
genome_002101,0,1,0,0,1,0,0,0,0,0,0,0,0,0,0,0,0,0,0,0
genome_002102,0,0,0,0,0,0,1,0,0,0,0,0,0,0,0,0,0,0,0,0
genome_002103,1,1,0,0,0,0,0,0,0,0,0,1,0,0,0,0,0,0,0,0
genome_002104,0,0,1,0,0,0,1,0,1,0,0,0,0,0,1,0,0,0,0,0
genome_002105,1,0,1,0,0,0,0,0,0,1,0,0,0,0,1,0,0,0,0,0
genome_002106,0,0,0,0,0,1,1,1,0,1,0,0,0,0,0,0,0,0,0,1
genome_002107,0,0,0,0,0,0,0,1,0,0,0,0,0,0,0,0,0,0,0,0
genome_002108,0,0,0,0,0,0,0,0,0,0,0,0,0,0,0,0,0,0,1,0
genome_002109,0,0,0,0,1,0,0,0,0,0,1,0,0,1,0,0,0,0,0,0
genome_002110,0,0,0,0,0,0,0,1,1,0,0,0,0,0,0,0,0,0,1,0
genome_002111,0,0,0,0,0,1,0,0,0,0,0,0,1,0,0,1,0,0,0,1
genome_002112,0,0,0,0,0,0,0,1,0,0,0,0,0,0,0,1,0,0,0,0
genome_002113,1,0,0,0,1,0,0,1,0,1,0,0,0,1,0,0,0,0,0,1
genome_002114,0,1,0,0,0,0,0,0,0,0,0,0,0,0,0,0,0,0,0,0
genome_002115,0,0,0,0,0,0,0,0,0,0,0,0,0,0,0,0,1,0,0,0
genome_002116,0,0,0,0,0,1,0,0,0,0,0,0,0,0,1,0,0,0,0,0
genome_002117,0,1,0,1,0,0,0,0,0,0,0,0,0,0,0,0,0,0,1,0
genome_002118,0,0,1,0,0,0,1,0,1,0,0,1,1,0,0,0,0,0,1,0
genome_002119,0,0,0,0,0,0,0,0,0,1,0,1,0,0,1,0,0,0,0,0
genome_002120,1,0,0,0,0,0,0,0,1,1,0,0,0,0,1,0,1,0,0,0
genome_002121,0,0,0,1,0,0,0,0,0,0,0,0,0,0,0,0,0,0,0,0
genome_002122,0,0,0,0,0,0,0,1,0,1,0,0,0,0,0,0,0,0,0,0
genome_002123,0,0,0,1,1,0,0,0,0,0,0,0,0,0,0,0,0,0,0,0
genome_002124,1,0,0,0,0,0,0,0,0,0,0,0,0,0,0,0,0,0,0,0
genome_002125,0,0,0,0,0,0,0,0,0,0,1,1,0,0,0,0,0,0,0,1
genome_002126,0,0,0,0,0,0,0,1,0,0,0,0,0,1,0,0,1,0,0,0
genome_002127,0,0,0,0,0,0,0,0,1,1,0,0,0,0,0,0,0,0,1,1
genome_002128,0,0,0,0,0,0,0,0,0,0,0,0,0,0,0,0,0,0,0,0
genome_002129,0,0,1,1,0,1,0,1,0,0,0,0,0,0,0,0,0,0,0,0
genome_002130,0,0,0,0,1,0,0,0,0,1,0,0,0,0,0,0,0,0,0,0
genome_002131,0,0,1,0,0,0,1,0,0,0,0,0,1,0,0,0,0,0,0,0
genome_002132,0,0,0,0,0,0,0,1,0,1,0,0,0,1,0,0,0,0,0,0
genome_002133,0,0,0,1,0,1,1,0,0,0,0,0,0,0,0,0,0,0,0,0
genome_002134,0,0,0,0,0,0,0,0,1,0,0,0,0,0,1,0,0,0,1,1
genome_002135,0,0,0,0,0,0,0,0,0,0,0,0,0,0,0,0,0,0,0,0
genome_002136,0,0,1,0,0,0,1,0,0,0,0,0,0,0,0,0,0,0,0,0
genome_002137,0,0,0,1,0,0,0,0,1,0,0,0,0,0,0,0,0,1,0,0
genome_002138,1,0,0,0,1,0,0,0,0,0,0,0,0,0,0,0,0,0,0,0
genome_002139,0,0,0,0,0,0,0,0,1,0,1,0,0,0,1,0,0,0,0,1
genome_002140,0,0,1,0,0,0,0,1,0,0,0,0,0,0,0,0,0,0,0,0
genome_002141,1,1,0,0,0,0,0,1,0,0,0,0,1,0,0,0,0,0,0,0
genome_002142,0,0,0,0,0,0,0,0,0,0,0,0,0,0,0,0,0,0,0,0
genome_002143,0,0,0,0,0,0,1,0,0,0,0,0,0,0,0,1,0,0,0,0
genome_002144,0,0,0,1,0,0,0,0,0,0,0,1,0,0,0,0,0,0,0,1
genome_002145,0,0,0,0,1,0,0,0,0,0,0,0,0,0,0,0,0,0,1,0
genome_002146,0,0,0,0,0,0,0,0,0,1,0,0,0,0,0,0,0,0,1,0
genome_002147,0,0,0,0,0,0,0,0,0,1,0,0,0,0,0,0,0,0,1,0
genome_002148,0,0,0,0,0,0,1,0,0,1,0,1,0,1,0,0,0,1,0,1
genome_002149,0,0,0,0,0,0,0,1,0,0,0,0,0,0,0,0,0,0,0,1
genome_002150,0,0,0,0,0,0,0,0,0,0,0,0,0,0,0,0,0,0,1,0
genome_002151,0,0,0,0,0,0,0,0,0,0,0,0,0,0,0,0,0,0,0,0
genome_002152,0,1,1,0,0,0,0,0,0,0,0,0,0,0,0,0,0,0,0,0
genome_002153,0,0,0,0,0,0,0,0,0,0,0,0,0,0,0,0,0,0,1,0
genome_002154,0,1,0,0,0,0,0,1,0,0,1,0,0,0,1,1,0,0,0,0
genome_002155,1,0,0,0,0,0,0,0,0,0,1,0,1,0,0,1,0,0,0,1
genome_002156,0,0,0,0,0,0,0,0,0,0,1,0,0,0,0,1,0,0,0,0
genome_002157,0,0,0,0,0,0,0,1,0,0,0,0,0,0,0,0,0,0,0,0
genome_002158,0,0,0,0,0,0,0,0,0,0,0,0,0,0,0,0,0,0,0,0
genome_002159,0,0,0,0,0,1,0,0,0,0,0,0,0,1,0,0,0,1,0,0
genome_002160,0,0,0,0,0,0,0,0,0,0,0,0,0,1,0,0,1,0,0,0
genome_002161,0,1,1,0,0,0,0,0,0,0,0,0,1,0,0,0,0,0,1,0
genome_002162,0,0,0,1,0,0,0,1,0,0,0,0,0,0,0,0,0,1,0,1
genome_002163,0,0,0,0,0,0,0,0,0,0,0,0,0,0,0,0,0,0,0,0
genome_002164,0,0,0,0,0,0,0,0,0,0,0,0,0,0,0,0,0,0,0,1
genome_002165,0,0,0,0,0,0,0,1,0,0,0,1,1,1,1,0,0,0,0,1
genome_002166,0,0,0,1,0,0,0,0,1,0,1,1,0,0,0,0,0,0,0,0
genome_002167,0,1,0,0,0,0,1,0,1,1,1,0,0,0,1,0,0,0,0,0
genome_002168,0,0,0,1,0,0,0,1,1,0,0,1,0,0,1,0,0,0,0,1
genome_002169,0,0,1,0,1,1,0,1,0,0,0,0,0,0,1,1,0,0,1,0
genome_002170,0,0,0,0,0,0,0,0,0,0,0,0,1,0,0,0,0,0,1,0
genome_002171,0,1,0,0,0,0,0,0,1,0,0,0,0,0,0,0,0,0,0,0
genome_002172,0,1,0,0,0,0,0,0,0,0,0,0,0,0,0,0,0,0,0,0
genome_002173,0,0,0,0,0,0,0,0,0,0,0,0,0,0,0,0,0,0,0,1
genome_002174,1,0,0,0,0,0,0,0,0,0,0,0,0,0,0,1,1,0,1,0
genome_002175,0,0,0,1,0,0,0,0,0,0,0,0,0,0,0,0,0,1,1,0
genome_002176,0,0,0,0,0,0,0,0,0,0,0,0,0,1,1,0,0,1,0,1
genome_002177,0,0,0,0,0,0,0,1,0,0,0,0,0,0,0,0,0,0,0,1
genome_002178,0,0,0,1,1,0,1,0,0,1,0,0,1,0,0,0,0,0,0,0
genome_002179,0,0,0,0,0,0,0,0,0,0,0,0,0,0,0,0,1,0,0,0
genome_002180,0,0,0,0,0,0,1,0,0,0,0,0,0,0,0,0,0,1,0,0
genome_002181,1,0,0,0,0,0,0,0,0,0,1,0,0,0,0,0,1,0,0,0
genome_002182,0,0,0,0,0,0,0,0,0,1,0,0,0,0,0,0,1,1,1,1
genome_002183,0,0,0,0,0,0,1,0,1,0,0,0,0,1,0,1,0,1,0,0
genome_002184,0,0,0,0,0,0,0,0,0,0,1,0,0,0,0,0,0,0,0,0
genome_002185,0,0,0,0,0,1,0,0,0,1,0,1,0,0,0,0,0,0,0,0
genome_002186,0,0,0,0,0,0,0,0,0,0,0,0,0,0,1,1,0,0,0,1
genome_002187,0,0,0,0,0,0,0,0,0,0,0,0,0,0,0,0,0,0,0,1
genome_002188,0,0,0,0,1,0,0,0,0,0,0,0,0,0,1,1,0,0,1,0
genome_002189,0,0,0,0,0,1,0,0,0,0,0,0,1,0,0,0,0,1,0,0
genome_002190,0,0,0,0,0,0,0,0,0,0,1,0,1,0,0,0,0,1,1,0
genome_002191,0,0,1,0,0,0,0,0,0,0,0,0,0,0,0,0,0,0,0,0
genome_002192,0,0,0,0,1,0,0,0,0,0,0,0,0,0,0,0,0,0,0,0
genome_002193,0,0,0,0,0,0,0,0,0,0,0,0,1,0,0,0,0,0,0,0
genome_002194,0,0,1,0,0,0,0,0,0,0,0,1,0,0,0,0,1,0,0,0
genome_002195,0,0,1,0,0,0,0,0,0,0,0,0,0,0,0,0,0,1,0,0
genome_002196,0,0,0,1,0,0,0,1,0,0,1,0,1,0,1,0,1,0,0,0
genome_002197,0,0,0,0,0,0,0,0,0,0,0,0,1,0,0,0,0,1,1,0
genome_002198,0,0,0,0,0,0,0,0,0,0,0,0,0,0,0,0,0,0,1,0
genome_002199,0,0,0,0,0,0,0,0,0,0,0,0,1,0,0,0,0,0,0,0
genome_002200,0,0,0,0,0,1,0,0,0,0,0,0,0,0,0,0,0,0,0,0
genome_002201,0,0,0,0,0,0,0,1,0,0,0,0,0,0,0,0,0,1,0,0
genome_002202,0,0,0,0,0,0,0,0,0,0,0,1,0,0,0,0,0,0,0,0
genome_002203,0,1,0,0,0,0,1,0,1,0,1,0,0,0,0,0,0,0,1,1
genome_002204,0,0,1,0,1,0,0,0,0,0,0,0,0,0,0,0,0,0,1,0
genome_002205,0,0,0,0,0,0,0,0,0,0,0,0,0,0,0,0,0,0,0,0
genome_002206,0,0,0,0,0,0,1,0,0,0,0,0,0,0,0,0,0,0,0,0
genome_002207,0,0,0,0,0,0,0,0,0,0,0,0,1,0,0,0,0,0,0,1
genome_002208,0,0,0,0,0,0,0,0,0,0,0,0,0,0,0,0,0,1,0,0
genome_002209,0,0,0,0,0,0,0,0,0,0,0,0,0,0,0,0,0,0,0,1
genome_002210,0,0,0,0,0,0,0,0,0,0,0,0,0,0,0,0,0,0,0,0
genome_002211,0,0,1,0,0,0,0,0,0,0,0,0,0,1,1,0,0,0,0,0
genome_002212,0,0,0,0,0,0,0,0,0,0,0,0,0,0,0,0,0,0,0,0
genome_002213,0,0,0,0,0,0,1,0,1,0,0,0,0,0,0,0,0,0,1,0
genome_002214,0,1,0,0,0,1,0,0,0,0,0,1,0,0,0,0,0,0,0,0
genome_002215,0,0,1,0,1,0,0,0,0,0,0,0,0,0,0,1,0,0,0,0
genome_002216,1,0,0,0,0,0,0,0,1,0,0,0,0,0,0,0,0,0,0,0
genome_002217,0,1,1,0,0,0,0,1,0,0,0,0,0,0,0,0,1,1,0,1
genome_002218,1,1,0,0,0,1,0,0,0,0,1,0,0,0,0,0,0,0,0,0
genome_002219,0,0,1,0,0,0,0,0,0,0,0,0,0,0,0,0,0,0,0,0
genome_002220,0,0,0,0,0,1,0,0,1,0,0,0,0,0,0,0,1,0,0,0
genome_002221,0,0,0,1,0,0,0,0,1,0,0,0,0,0,0,0,0,0,0,0
genome_002222,0,0,0,1,0,0,1,1,0,0,0,0,0,0,0,0,0,0,1,0
genome_002223,0,0,0,0,0,1,1,1,1,0,0,1,0,1,0,0,0,0,1,0
genome_002224,0,1,0,0,0,1,0,0,0,0,0,0,0,0,0,1,0,0,0,0
genome_002225,0,0,0,0,1,0,0,0,1,1,0,0,0,1,0,0,0,1,0,1
genome_002226,0,0,0,0,0,0,0,0,0,0,0,0,0,0,1,0,0,0,0,0
genome_002227,0,0,0,0,0,0,0,0,0,0,0,0,0,0,0,0,0,0,0,0
genome_002228,0,0,1,0,0,0,0,0,1,0,0,0,0,0,0,0,1,0,0,0
genome_002229,0,0,1,0,0,0,0,0,0,0,1,0,0,0,0,0,0,0,0,0
genome_002230,0,0,0,0,0,0,0,0,1,0,1,0,0,0,0,0,0,1,0,0
genome_002231,0,0,0,1,0,1,0,0,1,0,0,0,0,0,0,0,0,0,1,0
genome_002232,1,1,1,0,0,1,1,1,0,0,1,0,0,0,0,0,0,0,0,0
genome_002233,0,0,0,1,0,0,0,0,0,0,0,0,0,0,0,0,0,0,0,0
genome_002234,0,1,0,0,0,0,0,0,0,0,0,0,0,0,0,0,0,0,0,0
genome_002235,0,0,1,0,0,0,0,0,0,0,0,0,0,0,0,0,0,0,0,0
genome_002236,1,0,0,0,0,0,0,0,0,0,0,0,0,1,0,0,0,0,0,1
genome_002237,0,0,1,0,0,0,0,0,0,0,0,0,0,0,0,0,0,0,0,0
genome_002238,0,0,0,0,0,0,0,1,0,0,0,0,1,0,0,0,0,0,1,0
genome_002239,0,0,0,1,0,0,0,0,0,0,0,0,0,0,0,1,0,0,0,0
genome_002240,0,0,0,0,0,0,0,0,0,0,0,0,0,0,0,0,0,0,0,0
genome_002241,0,0,0,0,0,0,0,0,0,0,1,0,0,1,0,0,0,0,0,0
genome_002242,1,1,0,0,0,0,0,0,0,0,0,0,0,0,0,1,0,0,0,0
genome_002243,0,1,0,0,0,0,0,0,0,0,0,0,0,0,0,0,0,1,1,0
genome_002244,0,0,0,0,0,1,0,0,0,0,0,0,0,0,0,1,0,0,0,0
genome_002245,0,0,0,0,0,0,1,0,1,0,0,0,0,0,0,0,0,0,1,0
genome_002246,0,0,1,0,0,0,0,1,0,0,0,0,0,0,0,1,0,1,0,0
genome_002247,0,0,0,0,0,1,0,0,0,0,0,0,0,1,0,0,0,0,1,0
genome_002248,0,0,0,0,0,0,0,0,0,0,0,0,0,0,0,0,0,0,0,0
genome_002249,0,0,0,1,0,0,1,0,0,0,0,0,0,0,0,0,0,0,0,0
genome_002250,0,0,0,0,0,0,0,1,0,0,0,0,0,0,0,0,0,0,0,0
genome_002251,1,1,0,0,1,0,0,0,0,0,1,1,0,0,0,0,0,0,0,1
genome_002252,0,0,0,1,0,0,0,1,1,0,0,0,0,0,0,0,0,0,0,0
genome_002253,0,0,0,0,0,1,0,0,0,0,0,0,0,0,1,1,0,0,1,0
genome_002254,0,0,0,0,0,0,0,0,0,0,0,0,0,0,0,0,0,0,0,0
genome_002255,0,0,0,0,0,0,0,0,0,0,0,0,0,0,0,1,0,0,0,0
genome_002256,0,0,0,0,0,0,0,0,0,0,1,0,0,0,1,0,0,0,1,0
genome_002257,0,0,0,0,0,0,0,0,0,0,0,0,0,0,0,0,0,0,0,0
genome_002258,0,0,0,0,0,0,0,0,0,0,0,0,0,0,0,1,0,0,0,0
genome_002259,1,0,0,0,1,0,0,1,0,0,0,0,0,0,1,1,0,0,0,1
genome_002260,0,0,0,1,0,0,0,0,1,0,0,1,0,1,0,0,1,1,1,0
genome_002261,0,0,0,0,0,0,0,0,0,0,0,0,1,0,0,0,0,0,0,0
genome_002262,0,0,1,0,0,0,0,0,0,0,0,0,0,0,0,0,0,1,0,0
genome_002263,0,0,0,0,0,0,1,0,0,0,0,0,0,0,0,0,0,0,0,0
genome_002264,0,0,1,0,0,0,0,0,0,0,0,0,0,0,0,0,0,0,0,0
genome_002265,0,0,0,0,1,0,0,1,0,0,0,0,0,1,0,0,0,1,0,0
genome_002266,0,0,1,0,0,0,0,0,0,0,1,0,0,0,0,0,1,0,0,0
genome_002267,1,0,0,0,0,0,0,0,0,0,0,0,0,0,0,0,0,0,0,1
genome_002268,0,0,0,0,0,0,0,0,0,0,0,0,0,0,0,0,0,0,0,0
genome_002269,0,0,0,0,0,0,0,0,0,0,0,0,0,0,0,0,0,0,0,0
genome_002270,0,0,0,0,0,1,0,0,0,0,0,0,0,1,0,0,0,0,0,1
genome_002271,0,0,0,0,1,0,0,1,0,0,0,0,1,1,0,0,0,0,0,0
genome_002272,0,1,0,0,1,1,1,0,0,1,0,1,0,0,0,0,0,0,0,0
genome_002273,0,0,0,0,0,1,0,0,1,0,0,1,0,1,1,0,0,0,0,1
genome_002274,0,0,0,0,0,0,0,0,0,1,1,0,0,0,0,0,0,0,0,0
genome_002275,0,0,0,0,0,0,0,0,0,0,0,0,0,0,0,0,0,0,0,0
genome_002276,0,0,0,0,0,0,0,0,0,0,0,0,0,0,0,0,0,0,0,0
genome_002277,0,0,0,0,0,0,0,0,0,0,0,0,0,0,0,0,0,0,0,0
genome_002278,0,1,0,0,0,0,0,0,0,1,0,1,0,0,0,1,0,0,0,0
genome_002279,0,0,0,1,1,0,0,0,0,0,0,0,0,0,0,0,0,0,1,0
genome_002280,0,0,0,0,0,0,1,1,0,0,0,0,0,0,0,0,0,0,0,1
genome_002281,0,0,0,1,1,1,1,1,1,0,0,0,1,1,0,1,0,1,0,0
genome_002282,0,0,0,0,0,0,0,0,0,0,0,0,0,0,0,0,0,0,0,0
genome_002283,0,0,0,0,0,0,0,0,0,1,0,0,0,0,1,0,0,1,0,1
genome_002284,0,0,0,0,0,1,0,0,0,0,0,0,0,0,0,0,0,0,0,0
genome_002285,0,1,0,0,0,1,0,0,0,0,0,1,0,1,0,0,0,0,0,0
genome_002286,0,0,1,1,0,1,0,0,0,0,0,0,0,0,0,0,0,1,0,0
genome_002287,0,0,0,0,0,0,0,0,0,0,0,0,0,0,0,0,0,0,1,1
genome_002288,0,0,0,1,1,0,0,0,1,1,0,0,0,0,0,0,0,0,0,0
genome_002289,0,0,0,1,0,0,0,0,0,0,0,0,0,0,0,0,0,0,0,0
genome_002290,0,0,0,0,0,0,1,1,0,0,0,0,0,0,0,0,0,0,0,0
genome_002291,0,1,0,0,0,0,0,0,0,0,0,0,0,0,0,0,0,0,0,0
genome_002292,0,1,0,0,0,1,1,0,0,0,1,0,0,0,0,0,0,0,0,0
genome_002293,0,0,1,1,0,0,0,0,0,0,0,0,1,0,0,0,0,1,0,0
genome_002294,1,0,0,0,0,0,0,0,0,0,0,1,0,1,0,0,0,0,0,0
genome_002295,0,0,0,0,0,0,1,0,0,0,0,0,0,0,0,0,0,0,0,0
genome_002296,0,0,0,0,0,0,0,0,0,0,0,0,0,0,0,0,0,0,0,0
genome_002297,0,0,1,0,0,0,0,0,1,0,1,0,0,0,1,0,0,0,0,0
genome_002298,0,1,0,0,0,0,0,0,0,0,0,0,0,0,0,0,0,0,0,0
genome_002299,0,0,0,0,0,0,0,1,0,0,0,0,0,0,1,0,0,0,0,0
genome_002300,0,0,0,0,0,0,0,0,0,0,0,0,0,0,0,0,0,0,0,0
genome_002301,1,0,0,0,1,1,0,1,1,0,0,0,0,1,0,0,0,0,1,0
genome_002302,0,0,1,0,0,0,0,0,0,1,0,0,0,1,0,0,0,0,0,0
genome_002303,0,0,0,0,1,0,1,0,0,0,0,0,0,0,0,1,0,0,0,1
genome_002304,0,0,0,0,1,0,0,0,0,1,0,0,0,0,0,1,0,0,0,0
genome_002305,0,0,0,0,0,0,0,0,0,0,0,0,0,0,0,0,1,0,0,0
genome_002306,0,0,0,0,0,0,0,0,0,1,0,0,0,1,0,0,0,0,1,0
genome_002307,0,0,0,0,0,0,0,0,0,0,0,0,0,0,0,0,0,0,0,0
genome_002308,0,0,0,0,0,1,0,1,0,0,0,1,0,0,0,0,0,1,0,0
genome_002309,1,1,0,1,0,0,1,0,0,0,0,0,0,0,0,0,0,1,0,1
genome_002310,0,0,0,0,0,0,0,0,0,0,0,0,0,0,0,0,0,0,1,0
genome_002311,0,0,0,0,1,0,0,0,0,0,0,1,0,0,0,0,0,0,0,0
genome_002312,0,0,1,0,0,0,0,0,0,0,0,0,0,0,0,0,0,0,1,0
genome_002313,0,0,0,0,0,0,0,0,1,0,0,0,0,1,0,1,0,1,0,0
genome_002314,0,0,0,0,0,0,0,1,0,0,0,0,1,0,0,0,0,0,0,0
genome_002315,0,0,0,1,0,0,0,0,0,0,0,0,0,0,0,0,1,0,1,0
genome_002316,0,0,1,1,0,0,0,0,0,0,0,0,0,0,0,0,0,1,0,0
genome_002317,0,0,0,0,0,0,0,0,0,0,0,0,0,0,0,0,0,0,0,0
genome_002318,0,0,0,0,0,0,0,0,0,0,0,0,0,0,0,0,0,0,0,0
genome_002319,0,0,0,1,0,0,0,0,0,0,0,0,0,0,0,1,0,0,0,0
genome_002320,0,0,0,0,0,0,0,0,1,1,0,0,0,0,0,0,0,0,0,0
genome_002321,0,1,0,0,0,0,1,1,0,0,0,0,0,0,1,1,1,0,0,0
genome_002322,1,0,0,0,1,0,0,0,0,0,0,0,0,0,0,0,0,0,0,0
genome_002323,0,0,0,0,0,0,0,0,1,0,0,0,0,0,1,0,0,0,0,0
genome_002324,0,0,0,0,0,0,0,0,0,0,0,0,0,0,0,0,0,0,0,0
genome_002325,0,0,0,0,0,0,0,0,0,0,0,0,0,1,0,0,0,0,0,0
genome_002326,1,0,0,0,0,0,0,0,1,0,0,1,0,0,0,0,0,0,0,0
genome_002327,0,0,0,1,0,1,0,0,0,0,0,0,0,0,0,0,0,0,0,0
genome_002328,0,0,0,0,1,0,0,0,1,0,1,0,0,0,0,1,0,1,0,0
genome_002329,1,0,0,0,1,0,0,1,1,0,0,0,0,0,1,0,0,0,0,0
genome_002330,0,0,0,0,0,0,0,1,0,0,0,1,0,0,0,0,0,1,0,0
genome_002331,0,0,0,0,0,0,0,0,0,0,0,0,0,0,0,0,0,0,0,0
genome_002332,0,0,0,0,0,0,0,0,0,0,0,0,0,1,0,0,0,0,0,0
genome_002333,1,0,0,0,0,0,0,0,0,1,0,0,0,0,0,1,0,0,0,0
genome_002334,0,0,1,0,0,1,0,0,0,0,0,0,0,0,0,0,0,0,0,0
genome_002335,0,0,0,1,0,0,0,0,1,0,0,0,0,0,0,0,0,0,0,1
genome_002336,0,0,0,0,0,0,0,0,0,0,1,0,0,0,0,0,0,0,0,1
genome_002337,0,0,0,0,1,0,0,0,0,0,1,0,0,0,1,1,1,0,0,0
genome_002338,0,0,0,0,0,0,0,0,0,1,0,0,0,0,0,0,0,0,0,0
genome_002339,0,0,0,0,0,0,0,0,1,0,0,0,0,0,0,0,1,0,0,0
genome_002340,0,0,0,0,0,0,0,0,0,0,0,0,0,0,0,0,0,0,0,0
genome_002341,0,0,1,1,0,0,0,0,0,1,0,1,0,0,0,0,0,0,1,1
genome_002342,1,0,0,0,0,1,1,1,1,1,1,0,0,0,0,0,0,1,1,0
genome_002343,1,0,1,0,0,1,0,0,0,0,1,0,0,0,0,0,1,0,0,0
genome_002344,1,0,0,0,0,0,0,0,0,0,1,0,0,0,0,1,0,1,0,0
genome_002345,0,0,0,0,0,0,0,1,0,0,0,0,0,0,0,0,0,0,0,0
genome_002346,0,0,0,0,1,0,0,0,0,0,0,0,0,0,0,0,0,0,0,0
genome_002347,0,1,1,1,0,0,0,0,0,0,0,0,0,0,0,0,0,0,1,0
genome_002348,0,1,0,0,0,1,0,0,0,0,0,0,0,0,0,0,0,0,0,0
genome_002349,1,0,1,0,0,0,0,0,0,0,0,0,0,0,0,0,0,0,1,0
genome_002350,0,0,0,0,0,0,0,0,0,0,0,1,0,1,0,0,0,0,0,0
genome_002351,1,0,0,0,0,0,0,0,0,1,0,0,1,1,0,0,0,0,0,0
genome_002352,0,0,0,0,0,0,0,0,0,0,0,0,0,0,0,0,0,0,0,0
genome_002353,0,0,0,0,1,0,0,0,0,0,0,0,0,1,0,0,0,0,1,0
genome_002354,0,0,1,0,0,0,0,0,0,0,0,1,0,0,0,0,1,0,0,0
genome_002355,0,0,1,0,0,0,0,0,0,0,1,0,0,1,1,0,0,0,1,0
genome_002356,0,0,0,0,0,1,0,0,0,0,0,0,0,0,0,0,0,0,1,0
genome_002357,1,1,0,0,0,0,0,0,0,0,0,0,0,0,0,1,0,0,0,0
genome_002358,1,0,0,0,0,0,0,0,0,0,0,0,0,0,0,0,0,0,0,0
genome_002359,0,0,0,0,0,0,0,0,0,0,0,0,0,0,0,0,0,1,0,0
genome_002360,0,1,0,0,0,0,0,0,0,0,0,0,0,1,0,0,0,0,0,0
genome_002361,0,0,0,0,0,0,0,1,0,0,0,0,0,0,0,0,0,0,0,0
genome_002362,0,0,0,0,0,0,0,0,0,1,0,0,1,0,1,0,0,0,0,0
genome_002363,0,0,1,1,0,0,0,0,0,1,0,0,0,0,0,0,0,0,1,1
genome_002364,0,0,0,0,0,0,1,0,0,0,0,0,0,1,1,1,0,0,0,0
genome_002365,0,0,0,0,0,0,0,0,0,0,1,0,0,0,0,1,0,0,1,0
genome_002366,0,0,0,0,0,0,0,0,0,0,0,0,0,0,0,0,0,0,1,0
genome_002367,0,0,1,0,0,1,0,0,0,0,0,0,0,0,0,0,0,0,0,0
genome_002368,0,0,0,0,0,1,0,0,0,0,0,0,1,0,0,0,0,0,0,0
genome_002369,0,1,0,0,0,0,0,0,0,1,0,0,0,0,0,0,0,0,0,0
genome_002370,0,0,0,0,0,1,0,0,1,0,0,0,0,0,0,1,0,0,0,0
genome_002371,0,0,0,0,0,1,0,0,0,1,0,1,0,1,0,0,0,0,0,0
genome_002372,0,0,1,1,1,0,1,0,0,0,0,0,1,0,0,0,1,1,1,0
genome_002373,0,0,0,0,0,0,0,0,1,0,0,0,0,0,1,0,0,0,0,0
genome_002374,0,0,0,0,0,0,0,0,0,0,0,0,0,0,0,0,0,0,0,0
genome_002375,0,0,0,0,0,0,0,0,0,0,0,0,0,0,0,1,0,0,0,0
genome_002376,0,0,1,0,1,0,1,0,0,0,0,1,0,0,0,0,0,0,0,1
genome_002377,0,0,0,0,0,0,0,0,0,0,0,0,1,0,0,0,0,0,0,0
genome_002378,0,0,0,0,0,0,1,0,1,0,0,0,0,0,1,0,0,0,0,0
genome_002379,0,0,0,0,0,0,0,1,0,0,0,0,0,0,0,0,1,0,0,0
genome_002380,0,0,0,0,0,0,0,0,0,0,0,0,0,0,0,0,0,0,0,0
genome_002381,0,0,0,0,0,0,0,0,0,0,0,0,1,1,0,0,1,0,0,0
genome_002382,0,0,0,0,0,0,0,0,1,1,1,0,0,0,0,0,0,0,0,0
genome_002383,0,0,0,0,0,0,0,0,0,0,0,0,0,1,0,1,0,0,0,1
genome_002384,0,1,0,0,0,0,0,0,0,1,0,0,0,0,0,1,0,0,0,0
genome_002385,0,0,0,0,0,1,0,0,0,0,0,0,0,0,0,1,0,1,0,0
genome_002386,0,0,0,0,0,0,0,0,0,0,0,0,0,0,0,0,0,0,1,0
genome_002387,0,0,0,0,0,0,0,0,0,0,0,0,0,0,0,0,0,0,0,0
genome_002388,0,0,0,0,0,0,0,0,0,0,0,0,0,0,0,0,1,0,0,0
genome_002389,0,0,1,0,0,0,1,0,0,0,0,0,0,0,0,0,1,0,0,0
genome_002390,0,0,0,0,1,0,0,0,0,0,0,0,0,0,0,1,0,0,0,0
genome_002391,0,1,0,1,0,0,1,0,0,0,1,1,0,0,0,0,0,1,0,0
genome_002392,0,0,0,0,0,0,0,0,0,0,0,0,0,1,0,0,0,0,0,0
genome_002393,0,0,1,1,0,0,0,0,0,1,0,0,1,0,0,0,1,1,0,0
genome_002394,0,0,0,0,0,0,0,1,0,0,0,0,0,0,0,0,0,0,0,0
genome_002395,0,0,0,0,0,0,0,0,0,0,0,0,0,0,0,0,0,0,1,0
genome_002396,0,0,0,0,0,0,0,0,0,0,0,1,0,0,0,0,0,0,0,0
genome_002397,0,0,0,0,0,0,0,0,0,1,0,0,0,0,0,0,0,0,0,0
genome_002398,0,0,0,0,1,0,0,0,0,0,1,1,0,0,0,0,0,0,0,0
genome_002399,0,0,0,0,0,0,0,0,0,0,0,0,0,0,0,0,0,0,0,0
genome_002400,0,0,1,0,0,0,0,1,0,0,0,0,1,0,0,0,0,0,0,0
genome_002401,0,0,0,0,1,0,0,0,0,0,0,0,0,0,0,0,0,0,0,0
genome_002402,0,0,0,0,1,0,0,0,0,0,0,0,0,0,0,0,1,0,0,0
genome_002403,0,0,0,0,0,0,0,0,0,0,0,0,0,1,0,0,0,0,0,0
genome_002404,1,0,0,1,0,0,0,0,0,1,0,0,0,0,0,0,0,0,0,0
genome_002405,0,0,1,1,0,0,0,0,0,0,0,0,1,0,0,0,0,0,0,0
genome_002406,0,0,0,0,0,0,1,0,1,0,0,0,0,0,0,0,0,0,0,0
genome_002407,0,0,0,0,0,0,0,0,1,1,0,0,0,0,0,0,0,0,1,0
genome_002408,0,0,0,0,0,0,0,0,0,0,0,0,0,0,0,0,0,0,0,0
genome_002409,1,0,0,0,0,0,1,0,1,1,0,0,0,0,0,0,0,0,0,0
genome_002410,0,0,0,0,0,0,0,0,1,0,0,0,0,1,0,0,0,0,0,0
genome_002411,0,0,1,0,0,0,0,1,1,0,0,0,0,1,0,0,0,0,0,1
genome_002412,1,0,0,0,0,1,0,0,1,0,0,0,0,1,0,0,0,0,0,0
genome_002413,0,0,0,0,0,0,0,0,0,1,0,0,0,0,0,1,1,0,1,0
genome_002414,0,0,0,0,0,0,1,0,0,1,0,0,0,0,0,0,0,1,0,0
genome_002415,0,0,0,0,0,1,0,0,1,0,0,0,0,1,0,0,0,0,0,0
genome_002416,0,0,0,0,0,0,0,0,0,0,1,0,0,0,0,0,0,0,0,0
genome_002417,0,0,0,0,0,0,0,0,0,0,0,0,0,1,0,0,1,0,0,0
genome_002418,0,0,1,1,0,0,0,0,0,0,0,0,0,0,1,0,0,0,0,0
genome_002419,1,0,0,0,0,0,0,0,1,0,0,1,0,0,0,0,0,1,0,0
genome_002420,0,0,0,0,1,0,0,0,0,0,0,1,0,0,0,1,0,0,0,0
genome_002421,0,0,0,0,0,0,1,1,0,0,0,0,0,0,0,0,1,0,0,0
genome_002422,0,0,0,0,0,0,0,0,0,0,0,0,0,0,0,0,0,0,0,0
genome_002423,1,0,0,0,0,0,0,0,0,0,0,0,0,0,0,0,0,0,0,0
genome_002424,0,0,0,0,0,0,0,0,0,0,0,0,0,0,0,0,0,0,0,0
genome_002425,0,0,0,0,0,0,0,0,0,1,0,0,0,0,0,0,0,0,0,0
genome_002426,0,0,0,0,0,0,0,0,0,1,0,1,0,0,0,0,0,0,0,0
genome_002427,0,0,0,1,0,0,0,0,0,0,0,0,0,0,0,0,0,0,0,0
genome_002428,0,0,0,0,0,0,0,1,1,0,0,0,0,0,0,1,1,0,0,0
genome_002429,0,0,0,0,0,0,1,0,0,0,0,0,0,0,0,0,0,1,0,0
genome_002430,0,0,0,0,0,0,0,0,0,0,0,0,0,0,0,0,0,1,1,0
genome_002431,0,0,0,0,0,0,0,0,0,0,0,0,0,0,0,1,0,0,0,0
genome_002432,0,0,0,0,0,0,0,0,0,0,0,0,0,1,0,1,0,0,0,0
genome_002433,0,1,1,1,0,0,0,1,0,1,1,0,0,1,0,0,0,0,1,0
genome_002434,0,0,0,0,0,0,0,0,0,0,1,0,0,0,0,0,1,0,0,0
genome_002435,0,1,0,0,0,0,0,0,0,0,1,0,0,0,0,1,1,0,1,1
genome_002436,0,0,0,0,1,0,0,0,0,0,0,0,0,0,0,0,0,0,0,0
genome_002437,0,0,0,0,0,1,0,0,0,0,0,0,0,0,0,0,0,0,0,0
genome_002438,0,0,0,1,0,0,0,0,0,0,0,0,0,0,0,0,0,0,0,0
genome_002439,0,0,0,0,0,0,1,0,1,0,0,0,0,0,0,0,0,0,0,0
genome_002440,0,0,0,0,0,0,0,0,0,0,0,0,0,0,0,0,0,1,0,0
genome_002441,0,0,0,0,0,0,0,0,0,0,1,0,0,0,0,0,0,1,0,0
genome_002442,0,0,0,0,1,1,0,1,0,1,1,1,1,0,0,1,1,0,0,0
genome_002443,0,0,0,0,0,0,0,0,0,0,0,0,0,0,0,0,1,0,0,0
genome_002444,0,0,0,0,0,0,0,0,0,0,0,0,0,0,0,0,0,0,0,0
genome_002445,0,0,0,0,0,1,0,0,1,0,0,0,0,0,0,0,0,0,0,0
genome_002446,0,0,0,0,0,0,0,0,1,0,0,0,0,1,0,1,0,0,0,0
genome_002447,0,0,0,0,1,0,0,0,0,0,0,0,0,0,0,0,1,0,1,1
genome_002448,1,0,0,0,0,0,0,0,0,0,0,0,1,0,0,0,0,0,0,0
genome_002449,0,0,0,0,1,0,0,1,0,0,0,0,0,0,0,0,0,0,0,0
genome_002450,0,0,0,0,0,1,0,0,0,0,0,0,0,0,0,0,0,0,0,0
genome_002451,0,0,0,0,0,0,0,0,0,0,0,0,0,0,0,0,0,0,0,1
genome_002452,0,0,0,0,0,0,0,0,0,0,0,0,1,0,0,0,0,0,0,0
genome_002453,0,0,0,0,1,0,0,0,0,0,0,0,0,0,0,0,0,1,0,0
genome_002454,0,1,0,0,1,0,0,0,0,0,0,0,0,0,0,0,0,0,1,1
genome_002455,0,1,1,0,0,0,0,0,0,0,0,0,1,0,0,0,1,0,0,0
genome_002456,1,0,0,1,0,0,0,0,1,0,0,0,0,1,0,0,0,0,0,0
genome_002457,0,0,0,0,0,0,0,0,1,0,0,0,0,0,0,0,0,0,0,0
genome_002458,1,0,0,0,0,0,0,0,0,0,0,0,0,0,1,0,0,0,0,0
genome_002459,0,0,0,0,0,0,0,0,0,1,0,0,0,0,1,0,0,0,0,0
genome_002460,0,0,0,0,0,0,0,0,0,0,0,0,0,0,0,0,0,0,0,0
genome_002461,0,0,0,1,0,1,0,0,0,0,0,1,0,0,0,1,0,0,1,0
genome_002462,1,0,0,0,0,0,0,0,1,0,0,0,0,0,1,0,0,0,0,0
genome_002463,0,0,0,0,0,0,0,0,0,0,0,0,0,0,0,0,1,0,0,0
genome_002464,0,0,0,0,0,0,0,0,1,0,0,0,0,0,0,0,0,0,0,0
genome_002465,0,0,0,0,0,0,0,0,0,0,0,0,0,0,0,0,0,0,1,0
genome_002466,0,0,0,1,0,0,0,0,0,0,0,0,0,0,0,1,0,0,0,0
genome_002467,0,0,0,0,0,0,0,1,1,0,1,0,0,0,0,0,0,0,0,0
genome_002468,1,0,0,0,0,0,1,1,0,0,0,0,0,0,0,1,1,0,0,0
genome_002469,0,0,0,0,0,0,1,0,0,0,0,0,0,1,0,0,1,0,0,0
genome_002470,0,0,0,0,0,0,0,1,0,1,1,0,0,0,0,0,0,0,1,0
genome_002471,0,0,0,0,0,1,1,0,0,0,0,0,0,0,0,0,0,0,0,0
genome_002472,0,0,0,0,0,0,0,1,0,0,0,0,0,0,0,0,0,0,0,0
genome_002473,0,0,0,0,1,0,0,0,0,0,0,0,0,0,0,0,0,0,0,0
genome_002474,0,1,0,0,0,0,1,0,0,0,0,0,0,0,0,0,0,0,0,0
genome_002475,0,0,1,0,0,0,0,0,0,0,0,0,0,0,1,0,0,0,0,0
genome_002476,0,0,0,0,0,0,0,0,0,0,0,1,0,1,0,0,0,0,0,0
genome_002477,0,0,1,0,0,0,0,0,0,0,1,0,0,1,0,0,0,0,0,0
genome_002478,0,0,0,0,0,0,0,0,0,0,0,0,0,0,0,0,0,0,0,0
genome_002479,0,0,0,0,0,0,0,0,0,0,0,0,0,0,0,0,0,0,0,0
genome_002480,0,0,0,0,0,0,1,1,1,0,0,0,0,0,1,0,0,1,1,0
genome_002481,0,0,0,0,0,0,0,0,0,0,0,0,0,0,0,0,0,0,0,0
genome_002482,0,0,0,1,1,0,0,1,0,0,0,0,0,0,0,0,0,0,0,0
genome_002483,0,0,1,0,0,0,0,0,0,0,0,0,0,0,1,0,1,1,0,0
genome_002484,0,0,0,0,1,0,0,0,0,0,0,0,0,0,0,0,1,0,0,0
genome_002485,0,0,0,0,0,0,0,0,0,0,0,0,0,0,0,0,0,0,0,1
genome_002486,0,0,0,0,0,0,0,0,0,0,0,0,0,0,0,0,0,0,0,0
genome_002487,0,0,0,0,0,0,0,1,0,1,0,0,0,0,0,0,0,0,0,0
genome_002488,0,0,0,0,0,0,0,1,0,0,0,0,0,0,0,1,0,0,0,0
genome_002489,0,0,0,0,1,0,1,0,0,1,0,0,0,0,0,0,0,0,1,0
genome_002490,0,0,0,0,0,1,0,0,1,0,0,0,0,0,0,1,0,0,1,0
genome_002491,0,0,0,0,0,0,0,0,0,0,0,0,0,0,0,0,0,0,0,0
genome_002492,0,0,0,0,0,0,0,0,0,1,1,0,0,0,0,0,0,0,0,0
genome_002493,0,0,0,0,0,0,0,0,0,0,0,0,0,0,0,0,1,0,0,0
genome_002494,0,1,0,0,0,0,0,0,0,0,0,0,1,0,1,0,0,0,0,0
genome_002495,0,0,0,0,0,0,0,1,0,1,0,0,0,0,0,0,0,0,1,0
genome_002496,0,0,0,0,0,0,1,0,0,0,0,0,0,0,1,0,0,0,0,0
genome_002497,0,0,0,0,0,0,1,1,0,1,0,0,0,0,0,0,0,1,1,0
genome_002498,0,1,0,0,0,0,0,0,1,0,0,0,1,0,0,0,0,1,0,0
genome_002499,0,0,0,0,0,0,0,0,0,0,0,0,0,0,0,0,0,0,0,0
genome_002500,0,0,0,0,0,0,0,0,0,0,0,0,0,0,0,0,0,0,0,0
genome_002501,0,0,0,0,0,0,0,0,0,0,1,0,0,0,0,0,0,0,0,0
genome_002502,0,0,1,0,0,0,0,0,0,0,0,0,0,1,0,0,0,0,0,1
genome_002503,0,0,0,0,0,0,0,0,0,0,0,0,0,0,1,0,1,1,0,0
genome_002504,0,0,0,0,0,0,1,0,0,0,0,0,0,0,0,0,0,0,0,0
genome_002505,0,0,0,1,1,0,0,0,0,0,0,1,0,1,0,1,0,0,1,0
genome_002506,0,0,1,0,0,0,0,0,0,0,0,0,0,0,1,0,0,0,0,1
genome_002507,0,0,0,0,0,0,0,0,0,0,0,0,0,0,0,0,0,0,0,0
genome_002508,0,0,0,0,0,0,0,0,0,1,1,0,0,0,1,0,0,0,0,0
genome_002509,0,0,0,0,0,0,0,0,0,0,0,0,1,0,0,0,0,0,0,0
genome_002510,0,0,1,0,0,0,0,1,0,0,0,0,0,1,1,0,0,0,0,0
genome_002511,0,0,0,0,0,1,1,0,0,0,0,0,1,0,0,0,0,0,0,0
genome_002512,0,0,1,0,0,0,0,0,1,0,0,1,0,0,1,0,0,0,1,0
genome_002513,0,0,1,0,0,0,0,0,0,0,0,0,0,0,0,0,0,0,1,0
genome_002514,0,0,0,0,1,1,0,0,0,0,0,0,0,0,0,0,0,0,0,0
genome_002515,0,0,0,0,0,0,0,0,0,0,0,0,0,0,0,0,0,1,0,0
genome_002516,0,0,0,0,0,0,0,0,0,0,0,0,0,0,0,0,0,1,0,0
genome_002517,1,0,0,1,0,0,0,0,0,0,0,0,0,0,0,0,0,0,0,0
genome_002518,0,0,1,0,0,0,0,0,0,0,0,1,1,0,0,0,0,0,0,0
genome_002519,0,0,0,1,1,0,1,0,0,0,0,0,0,0,0,1,1,0,0,0
genome_002520,0,0,0,0,0,0,0,0,0,0,0,0,0,0,0,0,0,0,0,0
genome_002521,0,1,0,0,0,0,0,0,0,0,0,0,0,0,1,1,0,0,0,0
genome_002522,1,1,1,0,0,0,1,0,0,1,0,0,0,0,1,0,1,0,1,0
genome_002523,0,1,1,0,0,0,0,0,0,0,0,0,0,1,0,0,0,0,0,0
genome_002524,0,0,1,0,0,1,1,0,0,0,0,0,1,0,0,1,0,0,1,0
genome_002525,0,1,0,0,0,0,0,0,0,0,0,0,0,0,0,0,0,0,0,0
genome_002526,1,1,0,1,1,0,1,0,0,0,0,1,0,0,1,0,0,0,1,1
genome_002527,0,0,0,0,0,0,0,0,0,0,0,0,0,1,0,0,0,0,0,0
genome_002528,0,0,0,1,1,0,0,0,0,0,0,0,0,0,0,0,0,0,0,0
genome_002529,0,0,0,0,0,0,0,0,0,0,0,0,0,0,0,0,1,0,0,0
genome_002530,0,0,0,0,1,0,0,0,0,0,1,0,0,1,0,0,0,0,1,0
genome_002531,0,0,0,0,0,0,1,0,0,0,0,0,0,1,1,0,0,0,0,0
genome_002532,0,0,0,1,1,1,0,0,0,0,0,0,0,0,0,0,1,1,0,0
genome_002533,1,0,0,0,1,0,0,1,0,0,0,0,0,0,0,0,0,0,0,0
genome_002534,0,0,0,0,0,0,0,0,0,0,0,0,0,0,0,0,0,0,0,0
genome_002535,0,0,0,0,0,0,0,0,0,0,0,1,0,0,0,0,0,0,0,0
genome_002536,0,0,0,1,0,1,0,0,0,0,0,0,0,0,0,0,0,0,0,0
genome_002537,0,0,0,0,0,0,0,0,0,0,1,0,1,0,0,1,1,0,0,0
genome_002538,0,0,1,0,0,0,1,0,1,0,0,1,1,0,0,1,0,0,0,0
genome_002539,1,0,0,0,1,1,0,0,0,0,1,0,0,0,0,0,0,0,1,0
genome_002540,0,0,0,0,1,0,0,0,0,0,1,0,0,0,1,0,0,0,0,0
genome_002541,1,0,0,0,0,0,0,0,0,0,1,0,0,0,0,0,0,0,0,0
genome_002542,0,0,0,1,0,0,0,0,0,0,0,0,0,0,0,1,0,0,0,0
genome_002543,0,0,0,0,0,0,0,0,0,0,0,0,0,0,0,0,1,0,0,0
genome_002544,0,0,0,0,0,0,0,0,0,0,1,0,0,0,0,0,0,0,0,0
genome_002545,0,0,0,0,0,0,0,0,0,1,0,1,0,0,0,0,0,0,0,0
genome_002546,0,0,0,0,0,0,0,0,0,0,1,0,0,0,1,0,0,1,0,0
genome_002547,0,0,1,0,1,0,0,0,0,0,0,0,0,0,0,0,0,0,1,0
genome_002548,0,0,0,0,0,0,0,0,0,0,1,0,0,0,0,0,0,0,0,1
genome_002549,0,0,0,1,0,0,0,0,0,0,1,0,0,0,0,0,0,0,0,0
genome_002550,0,0,0,1,0,0,0,0,0,1,0,0,0,1,1,0,0,0,0,0
genome_002551,0,0,0,0,0,0,0,0,0,1,0,0,0,0,0,0,0,0,0,0
genome_002552,0,0,0,0,0,0,0,0,0,1,0,0,0,0,0,0,1,0,1,0
genome_002553,0,0,0,0,0,0,0,0,0,0,0,0,1,0,1,0,0,0,0,0
genome_002554,0,0,0,1,1,0,0,0,1,0,1,0,0,0,0,0,0,0,0,0
genome_002555,0,0,1,0,0,0,0,0,0,0,0,0,0,0,1,0,0,0,0,0
genome_002556,0,0,0,0,0,0,0,0,0,0,0,0,0,0,0,0,0,0,0,0
genome_002557,0,0,0,0,0,0,0,0,0,0,0,0,0,0,0,0,0,0,0,0
genome_002558,0,0,0,1,0,1,0,0,0,0,0,0,0,1,0,0,1,0,0,0
genome_002559,0,0,0,0,0,0,0,0,0,0,0,0,1,0,0,1,0,0,0,0
genome_002560,1,0,1,0,0,0,1,0,1,0,0,0,0,0,0,0,0,0,0,1
genome_002561,0,0,1,1,1,0,0,0,0,0,0,1,0,0,0,0,0,0,0,0
genome_002562,0,0,0,0,0,0,0,0,0,0,0,1,0,0,0,0,0,0,0,0
genome_002563,0,0,0,0,0,0,0,0,0,0,0,0,0,0,0,0,0,0,0,0
genome_002564,0,0,0,0,0,1,0,0,0,0,0,0,0,0,0,0,0,0,0,0
genome_002565,0,0,0,0,0,0,1,0,0,0,1,0,0,1,0,0,0,1,0,0
genome_002566,0,1,0,0,0,0,0,0,0,0,0,0,0,1,0,0,0,1,1,0
genome_002567,1,0,0,0,0,0,0,0,0,0,0,0,0,0,0,0,0,1,0,1
genome_002568,1,1,0,0,1,0,0,1,1,0,0,0,1,0,0,0,0,0,0,1
genome_002569,0,0,0,0,0,0,0,0,0,1,0,0,0,0,0,0,0,0,0,0
genome_002570,0,0,0,0,0,0,0,0,0,0,1,0,0,0,0,0,0,0,0,0
genome_002571,0,0,0,0,0,1,0,0,0,0,0,0,0,0,0,0,0,0,0,1
genome_002572,0,0,0,0,1,0,0,1,0,0,1,0,0,0,0,0,1,0,0,0
genome_002573,0,0,1,0,0,0,0,0,0,0,0,0,0,0,1,1,0,1,0,1
genome_002574,0,0,0,0,0,0,0,1,1,0,0,0,1,0,0,0,0,1,0,0
genome_002575,0,0,0,0,0,0,1,1,1,0,0,1,0,0,1,0,0,0,0,0
genome_002576,0,0,0,0,0,0,0,0,0,0,0,0,0,0,0,1,0,0,0,0
genome_002577,0,0,1,0,0,1,1,0,1,1,0,0,0,0,0,0,0,0,0,0
genome_002578,0,0,0,0,0,0,0,1,0,0,0,0,0,0,1,0,0,0,0,0
genome_002579,0,1,0,0,0,0,1,0,0,0,0,0,0,0,0,1,0,0,0,0
genome_002580,0,0,0,0,0,0,0,0,0,0,0,1,0,0,0,0,0,0,0,0
genome_002581,1,0,0,0,0,0,1,0,1,0,1,0,0,1,0,0,0,1,0,0
genome_002582,1,0,1,1,0,0,0,0,0,0,0,1,0,0,1,0,0,0,0,1
genome_002583,0,0,0,0,0,0,0,0,0,0,0,0,1,0,0,0,0,0,0,1
genome_002584,0,0,0,0,0,0,0,0,0,0,0,0,0,0,0,0,0,0,0,0
genome_002585,0,0,0,0,0,0,0,0,0,0,0,0,0,1,0,0,0,0,0,0
genome_002586,1,0,0,0,0,0,0,0,1,1,0,0,1,0,0,0,0,0,0,0
genome_002587,1,0,0,0,0,0,0,0,0,0,0,0,0,0,1,0,0,1,0,0
genome_002588,0,1,0,0,1,0,1,1,0,0,1,0,0,0,0,1,0,0,0,0
genome_002589,0,0,0,0,0,0,0,0,0,0,0,0,1,1,0,0,0,0,0,0
genome_002590,0,0,0,0,0,0,0,0,0,0,0,0,0,0,0,0,0,0,1,1
genome_002591,0,0,0,0,0,0,0,0,0,0,0,0,0,0,0,0,0,0,0,0
genome_002592,1,0,1,0,0,0,0,0,0,0,0,0,0,0,0,0,0,0,0,1
genome_002593,0,0,0,0,1,0,0,0,0,0,0,0,0,1,0,0,0,0,0,1
genome_002594,0,0,0,0,0,0,0,0,1,0,0,0,0,1,1,1,0,0,0,1
genome_002595,0,0,0,0,1,0,0,0,1,0,0,1,0,0,0,0,0,1,1,0
genome_002596,1,0,0,0,1,0,0,1,0,0,0,0,0,0,1,0,0,0,0,1
genome_002597,0,0,0,0,0,0,1,0,0,0,0,0,0,0,0,0,0,0,0,0
genome_002598,0,0,0,0,0,0,0,0,1,0,0,0,0,0,0,0,0,1,0,1
genome_002599,0,0,0,0,0,0,0,0,0,0,0,0,0,0,0,0,0,0,0,0
genome_002600,0,0,0,1,0,1,0,0,0,1,0,0,0,0,0,1,0,0,0,0
genome_002601,0,1,0,0,0,0,0,0,0,1,0,0,1,0,0,0,0,0,0,0
genome_002602,0,0,0,0,1,0,0,0,0,0,1,0,0,0,0,0,1,0,0,0
genome_002603,0,1,0,0,1,0,0,0,0,0,0,0,0,0,1,1,0,0,0,0
genome_002604,0,0,0,0,0,0,0,0,0,0,0,0,0,0,0,0,0,0,0,0
genome_002605,0,0,0,0,0,0,0,1,0,0,0,0,0,0,1,0,0,1,0,0
genome_002606,0,0,0,0,1,0,0,0,0,0,0,0,1,0,0,0,0,1,0,0
genome_002607,0,0,0,0,0,1,0,0,0,0,0,0,0,0,0,1,0,0,0,0
genome_002608,0,0,0,0,0,0,0,0,0,0,1,0,0,0,1,0,0,0,0,0
genome_002609,0,0,1,0,0,0,0,0,1,0,0,1,0,0,0,0,0,0,0,0
genome_002610,0,0,1,0,0,0,0,0,0,0,0,0,1,0,0,0,1,0,0,0
genome_002611,0,0,0,0,0,0,0,0,0,0,0,0,0,0,0,0,1,1,0,0
genome_002612,0,0,0,0,0,0,1,0,0,0,0,0,0,0,0,0,0,0,0,0
genome_002613,0,0,0,1,0,0,0,0,0,0,0,1,0,0,0,0,0,0,0,1
genome_002614,0,0,0,0,0,1,0,0,0,0,0,0,0,0,0,0,1,1,0,0
genome_002615,0,0,0,0,0,1,0,0,0,0,0,0,0,0,0,0,0,0,0,0
genome_002616,0,0,0,1,0,0,0,0,0,1,1,0,0,0,0,0,0,0,0,0
genome_002617,0,0,1,0,0,0,0,0,0,0,0,0,0,0,0,1,0,1,0,0
genome_002618,0,0,0,0,0,0,0,0,0,0,0,0,0,0,0,1,0,1,0,0
genome_002619,0,0,0,0,0,1,0,0,0,1,0,0,0,0,0,0,0,0,0,0
genome_002620,0,0,0,0,0,1,0,0,0,0,0,0,0,1,0,0,0,0,0,0
genome_002621,0,0,0,0,0,0,1,0,0,1,0,0,0,0,0,0,0,0,0,0
genome_002622,1,0,0,0,0,0,0,1,0,0,0,0,0,0,0,0,0,0,1,0
genome_002623,0,1,0,0,0,0,0,0,0,0,0,0,1,0,0,1,0,0,0,0
genome_002624,0,1,0,0,0,0,1,0,0,0,0,0,1,0,1,0,1,0,0,1
genome_002625,0,0,0,1,0,0,0,1,0,0,0,0,0,0,0,0,0,0,0,0
genome_002626,0,0,0,0,0,0,0,0,0,0,0,0,0,0,1,0,0,1,0,0
genome_002627,0,1,0,0,0,0,0,0,0,0,0,0,0,0,0,0,0,0,0,1
genome_002628,0,0,0,0,0,1,0,0,0,0,0,0,1,0,0,0,0,0,0,0
genome_002629,0,0,0,0,0,0,0,0,0,0,0,0,0,1,0,0,0,0,0,0
genome_002630,0,0,0,0,0,0,0,0,1,0,0,1,0,0,0,0,0,0,0,0
genome_002631,0,0,0,0,0,0,0,0,0,0,0,0,0,1,0,0,0,0,0,0
genome_002632,0,0,0,0,0,0,0,0,0,0,0,0,0,0,0,0,0,0,0,0
genome_002633,0,0,0,0,0,0,0,0,0,0,0,0,0,1,0,0,0,0,0,0
genome_002634,0,0,0,0,0,0,0,0,0,0,1,0,0,0,0,0,0,0,0,0
genome_002635,0,0,0,0,0,0,0,0,1,0,0,0,0,0,0,0,0,1,0,0
genome_002636,0,0,0,0,0,0,0,0,0,0,0,1,0,0,0,1,0,0,0,0
genome_002637,0,0,0,0,0,0,0,0,1,0,0,0,0,1,0,0,0,0,0,0
genome_002638,0,0,1,1,1,0,0,0,0,1,1,0,1,0,1,0,0,0,1,0
genome_002639,0,0,0,0,0,0,0,0,0,0,0,0,0,0,0,0,0,1,0,0
genome_002640,1,0,0,0,0,1,0,0,0,0,0,0,0,0,0,0,0,0,0,0
genome_002641,0,0,0,0,0,1,0,0,0,0,0,0,0,0,0,0,0,0,0,1
genome_002642,0,0,0,0,0,0,0,0,1,0,0,0,0,0,0,0,0,0,0,0
genome_002643,0,0,0,0,0,0,0,0,0,0,0,0,0,1,1,1,0,0,0,0
genome_002644,0,0,0,0,0,0,1,0,0,1,0,0,1,0,0,0,0,1,0,0
genome_002645,0,0,0,0,0,0,0,0,0,0,0,0,0,0,0,0,0,0,0,1
genome_002646,0,0,0,0,0,0,1,0,0,0,0,0,0,0,0,0,0,0,0,0
genome_002647,0,1,0,0,0,1,1,0,0,0,0,0,0,0,0,0,0,0,1,0
genome_002648,0,0,0,0,0,0,0,0,0,0,0,0,0,0,0,0,0,1,0,0
genome_002649,0,0,1,0,0,0,1,0,0,1,0,0,0,0,0,0,0,1,0,0
genome_002650,0,0,0,0,0,0,0,0,0,0,0,0,0,0,0,0,0,0,0,1
genome_002651,0,0,0,1,0,0,0,0,0,0,1,0,1,0,0,0,0,0,0,0
genome_002652,0,0,1,0,0,1,0,0,0,0,1,0,0,0,0,0,1,1,0,0
genome_002653,0,0,0,0,0,0,0,0,0,0,0,1,0,0,0,0,0,0,0,0
genome_002654,0,0,0,0,1,0,0,0,0,0,0,0,0,0,0,0,0,1,0,0
genome_002655,0,0,0,0,0,0,1,0,0,0,1,0,0,0,0,0,1,0,0,0
genome_002656,0,0,0,0,0,0,0,0,0,0,0,0,0,1,0,0,0,0,0,0
genome_002657,0,0,1,0,0,1,1,0,0,0,0,1,0,0,0,0,0,0,1,0
genome_002658,0,0,0,1,0,0,0,0,0,0,1,0,0,0,0,0,0,0,0,0
genome_002659,0,0,0,0,0,0,0,0,1,0,0,0,0,0,0,1,1,0,0,0
genome_002660,0,0,0,0,0,1,1,0,0,0,0,0,0,0,0,0,0,0,0,0
genome_002661,0,0,0,1,0,0,0,0,0,0,0,0,0,0,0,0,0,0,0,0
genome_002662,0,0,1,0,0,0,0,0,0,0,0,1,0,0,0,0,0,0,0,0
genome_002663,0,0,0,0,0,1,0,0,0,0,0,0,0,0,0,0,1,0,0,0
genome_002664,0,0,0,0,1,0,1,0,0,1,1,0,0,0,0,0,1,0,0,0
genome_002665,0,0,0,0,0,0,0,0,0,0,1,0,0,0,1,1,1,1,0,1
genome_002666,0,0,0,0,0,1,0,0,0,0,0,1,1,1,0,1,0,1,0,0
genome_002667,0,0,0,0,0,0,0,0,0,0,0,0,0,0,0,0,0,0,0,0
genome_002668,0,0,0,0,0,0,0,0,0,0,0,0,0,0,0,0,0,0,0,0
genome_002669,0,0,0,0,0,0,0,0,0,0,0,0,0,0,0,0,0,0,0,1
genome_002670,0,0,0,0,1,0,0,0,0,0,0,0,0,1,0,0,0,0,1,0
genome_002671,0,0,0,0,0,1,0,0,1,1,0,0,0,0,0,1,0,0,1,0
genome_002672,1,1,0,0,1,0,0,0,0,1,0,0,0,0,0,0,0,0,0,0
genome_002673,1,1,1,0,0,0,0,0,1,0,0,0,0,0,0,0,0,0,1,0
genome_002674,0,0,0,0,0,0,0,0,0,0,0,0,0,0,0,0,0,0,0,0
genome_002675,1,0,0,1,0,0,0,0,0,0,0,0,0,0,0,0,0,0,0,0
genome_002676,0,0,0,0,0,0,0,0,0,1,0,0,0,0,0,0,0,1,0,0
genome_002677,0,0,0,0,1,0,1,1,0,0,1,0,0,1,0,0,1,0,0,0
genome_002678,0,0,0,0,1,0,0,0,0,0,0,0,0,0,0,0,0,0,0,0
genome_002679,0,0,0,0,0,0,0,1,0,0,1,0,0,0,1,0,0,1,0,0
genome_002680,0,1,0,1,0,0,1,0,0,0,0,0,0,0,0,1,0,0,0,0
genome_002681,0,0,0,0,0,0,0,0,0,0,0,0,0,0,0,0,0,0,0,0
genome_002682,0,0,0,0,0,0,0,0,0,0,0,0,0,0,0,0,0,0,0,0
genome_002683,0,0,0,0,0,0,0,0,0,0,0,0,1,0,0,1,0,0,0,0
genome_002684,1,0,0,0,0,0,0,0,0,0,1,0,0,1,1,0,0,0,0,0
genome_002685,0,0,0,0,0,0,0,0,1,1,0,0,0,0,0,0,0,0,0,0
genome_002686,0,0,0,0,0,0,0,0,1,0,0,0,1,0,1,0,0,0,0,0
genome_002687,0,1,0,0,1,0,0,0,0,0,1,0,0,0,0,0,0,0,1,1
genome_002688,0,0,0,0,0,0,0,0,0,0,0,0,0,0,0,1,0,0,0,0
genome_002689,0,0,0,0,0,1,0,0,0,0,0,0,0,0,0,1,0,0,0,0
genome_002690,0,0,0,0,0,0,0,0,1,0,0,0,0,0,0,0,0,0,0,0
genome_002691,0,0,0,0,0,0,0,0,0,0,0,0,0,0,1,0,0,0,0,0
genome_002692,0,0,0,0,0,0,0,0,0,0,0,1,0,0,0,0,0,0,0,0
genome_002693,0,1,0,0,0,0,0,0,0,0,0,0,0,0,0,0,0,0,0,0
genome_002694,0,0,0,1,1,0,0,0,0,1,0,0,0,0,0,1,0,0,0,0
genome_002695,0,1,0,0,0,0,0,0,0,0,0,0,0,0,1,0,0,0,0,0
genome_002696,0,1,0,0,0,0,0,0,0,0,1,1,0,0,0,0,0,0,0,0
genome_002697,0,0,0,0,0,1,0,0,0,0,0,0,0,0,0,0,0,0,0,0
genome_002698,0,0,0,0,0,1,0,0,0,0,0,0,0,0,0,1,1,0,0,0
genome_002699,0,0,0,1,0,0,0,1,0,0,0,1,0,0,0,0,0,0,0,0
genome_002700,0,0,0,0,0,0,0,0,0,0,0,0,0,0,0,0,0,0,0,0
genome_002701,1,0,0,1,0,0,0,0,0,0,0,0,0,1,0,0,0,0,0,0
genome_002702,0,0,0,0,0,0,0,0,0,0,0,0,0,0,0,0,0,0,0,0
genome_002703,0,0,0,0,0,0,0,0,0,0,0,0,0,0,0,0,0,0,0,0
genome_002704,0,0,0,0,0,0,0,0,0,0,0,0,0,0,0,0,1,0,1,1
genome_002705,0,0,0,0,0,0,0,0,0,0,0,0,0,0,0,1,0,0,0,0
genome_002706,0,0,0,0,0,0,0,0,1,0,0,0,0,0,0,1,0,0,0,0
genome_002707,1,0,0,0,0,0,0,0,0,0,0,0,0,0,0,1,1,0,0,0
genome_002708,0,0,1,0,0,0,1,0,0,1,0,0,0,0,0,0,0,0,0,0
genome_002709,0,0,0,0,0,0,0,0,0,0,0,0,0,1,0,0,0,1,0,0
genome_002710,0,0,0,0,0,0,0,0,0,0,0,0,0,0,0,0,0,0,0,0
genome_002711,0,1,0,0,0,0,0,0,0,0,0,0,0,0,1,0,0,0,0,0
genome_002712,0,0,0,0,0,0,0,0,0,1,0,0,0,0,0,0,1,0,0,0
genome_002713,0,1,0,0,0,0,0,0,0,0,0,0,0,0,0,0,0,0,0,0
genome_002714,1,0,0,1,1,0,0,0,0,0,0,0,0,0,0,0,0,0,0,0
genome_002715,0,0,0,1,0,0,1,0,0,0,0,0,0,0,0,0,0,0,0,0
genome_002716,0,0,0,0,0,0,0,0,0,0,0,1,0,0,0,0,0,0,0,0
genome_002717,1,0,0,0,0,0,0,1,0,0,0,0,0,0,0,0,0,0,0,0
genome_002718,0,0,0,0,0,1,0,0,0,0,0,0,0,0,0,0,0,0,0,0
genome_002719,0,0,0,1,0,0,0,1,0,0,1,1,1,0,0,0,0,0,0,0
genome_002720,0,0,1,0,0,0,0,0,0,0,0,0,1,0,1,0,0,0,1,1
genome_002721,1,1,0,0,0,0,0,0,0,0,0,1,0,0,1,0,0,0,0,0
genome_002722,0,0,1,0,0,0,0,0,0,0,1,0,0,0,1,0,0,0,0,1
genome_002723,0,0,0,0,0,0,0,0,0,1,0,0,0,0,1,0,0,0,0,0
genome_002724,0,0,0,1,0,0,0,0,0,0,0,0,0,0,0,0,0,0,0,0
genome_002725,0,0,0,0,1,0,0,0,1,0,0,0,0,0,0,1,0,0,0,0
genome_002726,0,0,0,0,0,0,1,1,0,0,1,0,0,1,0,0,0,0,0,0
genome_002727,0,0,0,1,1,0,0,1,0,0,0,0,0,0,0,0,0,0,1,0
genome_002728,0,0,1,0,0,1,0,0,1,0,0,0,0,0,0,0,0,0,0,0
genome_002729,0,0,0,0,0,0,1,0,0,0,0,0,0,0,0,0,0,0,0,0
genome_002730,0,0,0,0,0,0,0,0,0,0,0,1,0,1,0,0,0,0,0,0
genome_002731,0,0,0,0,0,0,0,0,0,0,0,0,0,0,0,0,0,0,0,0
genome_002732,0,0,0,0,0,0,0,0,0,0,0,0,0,1,0,0,0,0,0,0
genome_002733,0,0,0,0,1,0,0,0,0,1,0,0,0,1,0,0,1,0,1,0
genome_002734,0,0,0,1,0,0,0,0,0,1,1,0,0,0,0,0,0,0,0,0
genome_002735,0,0,0,0,0,0,0,0,1,0,1,0,0,0,0,0,1,0,0,0
genome_002736,1,1,0,0,0,0,1,0,1,1,1,0,0,1,0,0,0,0,0,0
genome_002737,0,0,0,0,0,0,0,0,0,0,0,0,0,0,0,0,0,0,0,0
genome_002738,0,0,0,0,0,0,0,0,0,0,0,0,0,0,0,0,0,0,0,0
genome_002739,0,0,1,0,0,0,0,0,0,0,0,0,0,0,0,0,0,0,0,1
genome_002740,0,0,1,0,0,0,0,1,1,0,0,0,0,0,0,1,0,0,0,0
genome_002741,0,0,1,0,0,0,0,0,0,0,0,1,0,1,0,0,0,1,0,0
genome_002742,0,0,0,0,1,0,0,1,0,0,0,0,1,0,0,0,0,0,0,0
genome_002743,0,1,0,0,1,0,1,1,1,0,0,0,0,0,1,0,0,0,1,0
genome_002744,0,0,0,0,1,0,0,0,0,1,0,0,0,0,0,0,0,0,0,0
genome_002745,0,0,0,0,0,0,0,0,0,0,0,0,0,0,0,0,0,0,0,0
genome_002746,0,0,0,0,0,0,0,0,0,0,0,0,0,0,0,0,0,0,0,1
genome_002747,0,0,0,0,0,0,0,0,0,0,0,0,0,1,1,0,0,0,0,0
genome_002748,0,0,0,0,0,0,0,1,0,0,0,0,0,0,0,0,0,0,1,1
genome_002749,0,1,1,0,0,0,0,1,1,0,0,0,0,0,1,0,0,0,0,0
genome_002750,0,0,0,0,0,1,0,0,0,1,0,0,0,0,0,0,0,0,0,0
genome_002751,0,0,0,0,0,0,0,0,0,0,0,0,0,0,0,0,0,0,0,0
genome_002752,0,0,0,0,0,0,0,0,0,0,0,0,0,0,0,0,0,0,0,0
genome_002753,0,1,0,0,0,0,0,0,0,0,0,0,0,0,0,0,0,0,0,0
genome_002754,1,0,0,0,0,0,0,0,0,1,0,0,0,0,0,0,1,0,0,0
genome_002755,1,0,0,0,0,0,0,0,1,1,0,0,0,0,0,0,0,0,0,1
genome_002756,0,0,0,0,0,0,0,0,0,0,0,1,0,0,0,0,0,1,0,0
genome_002757,1,0,0,0,0,0,0,0,0,0,0,0,0,0,0,1,0,0,1,1
genome_002758,0,0,0,0,0,0,0,0,0,0,0,1,0,0,0,0,0,0,0,0
genome_002759,0,0,0,0,0,0,0,0,0,0,1,0,0,0,0,0,0,0,0,0
genome_002760,0,1,0,0,0,0,0,0,0,0,0,0,0,0,0,0,0,0,0,1
genome_002761,0,1,0,0,1,0,0,0,0,0,0,0,0,0,0,0,0,0,0,1
genome_002762,0,0,0,1,0,0,0,0,0,1,0,0,0,0,0,0,0,1,0,0
genome_002763,0,0,1,0,1,1,0,0,0,0,1,0,1,0,0,0,0,1,0,1
genome_002764,0,1,1,0,1,0,0,0,1,0,1,0,1,0,0,0,1,0,1,1
genome_002765,0,0,0,0,0,0,0,0,0,0,0,0,0,0,0,0,0,0,0,0
genome_002766,0,0,0,0,0,0,0,0,1,0,0,0,0,0,0,0,0,0,0,0
genome_002767,0,0,0,0,0,0,0,1,0,0,0,0,0,0,0,0,1,0,0,0
genome_002768,0,0,0,0,1,0,0,0,0,1,0,0,0,0,0,0,0,0,0,0
genome_002769,0,0,0,0,0,0,0,0,0,0,0,0,0,1,0,0,0,0,0,0
genome_002770,0,0,0,0,1,1,0,1,0,1,1,0,0,0,0,0,0,0,0,0
genome_002771,0,0,1,0,0,0,1,0,0,0,0,0,0,0,1,0,1,0,1,0
genome_002772,0,0,0,0,0,0,0,0,0,0,0,0,1,0,0,0,1,0,0,0
genome_002773,0,0,0,0,0,0,0,0,0,0,0,0,0,0,0,0,0,0,0,0
genome_002774,0,0,0,0,0,1,0,1,0,0,1,0,0,1,0,0,0,0,0,0
genome_002775,0,0,0,0,1,0,0,0,0,0,0,0,0,0,0,1,0,1,0,0
genome_002776,0,0,0,0,0,0,0,0,0,0,1,0,0,0,0,0,0,0,0,1
genome_002777,1,0,0,0,0,1,0,0,0,0,0,0,0,1,0,0,0,0,0,0
genome_002778,1,1,0,0,0,1,0,0,0,0,0,1,0,0,0,0,0,0,0,0
genome_002779,0,0,0,0,0,0,0,0,0,0,0,0,0,0,0,0,0,0,0,0
genome_002780,1,0,0,1,0,0,0,0,0,0,1,0,0,0,0,0,0,0,1,0
genome_002781,0,0,0,0,0,0,0,0,0,0,0,0,0,0,0,0,0,0,0,0
genome_002782,0,0,0,0,0,0,1,0,0,0,0,1,0,1,0,0,0,0,0,0
genome_002783,0,0,1,0,0,1,0,1,0,1,1,1,0,0,0,0,0,0,0,0
genome_002784,1,0,0,0,0,0,1,0,0,0,0,0,0,0,1,1,0,0,0,0
genome_002785,0,0,0,0,0,0,0,1,1,1,0,0,0,0,0,0,0,0,0,0
genome_002786,0,0,0,0,0,0,1,0,0,0,0,0,0,0,0,1,0,0,0,0
genome_002787,0,0,0,0,1,0,0,0,0,0,0,0,0,0,0,0,0,0,0,0
genome_002788,0,0,0,0,0,0,0,0,0,0,0,0,0,0,0,0,0,0,0,0
genome_002789,0,0,0,0,0,1,0,0,0,1,0,0,0,0,0,1,0,0,0,0
genome_002790,0,1,0,0,0,0,0,0,0,0,0,0,0,0,0,0,0,0,0,0
genome_002791,0,0,0,0,0,0,0,0,0,1,0,0,0,1,1,0,0,0,0,0
genome_002792,0,0,1,0,0,0,0,0,0,0,0,0,0,0,0,0,0,0,1,0
genome_002793,0,0,0,0,0,0,0,0,0,0,0,0,0,0,0,0,0,0,0,0
genome_002794,0,0,1,0,0,0,0,0,0,0,0,1,0,0,0,0,0,0,0,0
genome_002795,0,1,0,0,0,0,0,0,0,0,0,0,0,0,0,0,1,0,0,0
genome_002796,1,0,0,0,0,0,1,0,0,0,1,0,0,0,0,0,0,0,0,1
genome_002797,0,0,0,0,1,0,0,0,0,1,0,1,0,0,0,0,0,0,0,1
genome_002798,0,1,0,1,0,0,0,0,0,0,0,1,0,1,0,1,0,0,0,0
genome_002799,0,0,0,1,0,0,1,1,0,0,0,0,1,0,0,0,1,0,1,0
genome_002800,0,0,0,0,0,0,0,0,0,0,0,0,0,0,0,0,0,0,0,0
genome_002801,0,0,0,0,0,0,0,0,0,1,0,0,0,0,0,0,0,0,0,0
genome_002802,0,0,0,0,1,0,1,0,0,1,0,0,0,1,0,0,0,0,0,0
genome_002803,0,0,0,0,0,0,0,0,0,0,0,0,0,0,0,1,0,0,0,0
genome_002804,0,0,0,0,1,0,0,0,0,0,0,0,0,0,0,0,0,0,0,0
genome_002805,0,0,0,0,0,0,0,0,0,0,0,1,0,0,0,0,0,1,1,0
genome_002806,1,0,1,0,0,1,0,0,0,0,0,0,0,0,0,0,0,0,0,0
genome_002807,0,0,0,0,0,0,0,0,0,0,0,0,0,0,0,0,0,0,0,0
genome_002808,0,0,0,0,0,0,0,1,0,0,0,0,0,0,0,0,0,0,0,0
genome_002809,0,0,0,0,0,0,0,1,0,0,0,0,0,1,0,1,0,0,0,0
genome_002810,0,0,0,0,0,0,0,0,1,0,0,0,0,0,0,0,0,0,0,0
genome_002811,0,1,1,0,0,0,0,0,0,1,0,0,0,0,0,0,0,0,0,1
genome_002812,0,1,0,0,0,0,0,0,0,1,0,0,1,0,1,0,0,1,0,0
genome_002813,0,0,1,0,1,0,0,0,0,0,0,0,0,0,0,0,1,1,0,1
genome_002814,0,0,0,0,0,0,0,0,1,0,0,0,0,0,0,0,0,0,0,0
genome_002815,0,0,0,1,0,1,1,0,0,0,0,0,0,0,0,0,0,0,0,1
genome_002816,0,1,0,0,0,0,0,0,0,0,0,0,0,0,0,0,0,0,0,0
genome_002817,0,0,0,0,0,0,0,1,0,0,0,0,1,0,0,1,0,0,0,0
genome_002818,0,0,0,1,0,0,0,0,0,0,0,1,1,0,0,0,0,0,0,1
genome_002819,0,1,1,0,1,0,0,0,1,0,1,0,0,0,0,0,0,1,0,0
genome_002820,0,0,0,0,1,1,0,0,0,0,0,1,1,0,0,0,0,0,0,0
genome_002821,0,0,0,0,0,0,0,0,0,0,0,0,0,0,0,0,0,0,0,0
genome_002822,0,1,0,0,0,0,1,0,0,1,0,0,0,0,0,1,0,0,0,0
genome_002823,0,0,0,0,0,1,0,0,0,0,0,0,0,0,0,0,0,0,0,0
genome_002824,0,1,0,0,0,0,0,0,0,0,0,1,0,0,0,0,1,0,0,0
genome_002825,1,0,0,0,1,1,0,1,0,0,1,0,0,0,1,0,0,1,0,0
genome_002826,0,0,0,0,0,0,0,0,1,1,0,0,0,0,0,0,0,0,0,0
genome_002827,0,0,1,0,0,1,1,0,0,0,0,0,1,0,0,0,0,0,1,0
genome_002828,0,1,0,0,0,0,0,0,0,0,0,0,0,0,0,0,0,0,0,0
genome_002829,0,0,0,0,0,0,0,0,0,0,0,0,0,0,1,0,0,0,0,0
genome_002830,0,0,0,0,1,0,0,0,0,0,0,0,1,0,0,0,0,0,0,0
genome_002831,0,0,0,1,0,0,0,0,0,0,0,0,1,0,0,0,0,0,0,0
genome_002832,0,0,0,0,0,1,0,1,0,0,0,0,1,0,1,0,0,0,0,0
genome_002833,0,0,0,0,0,1,0,0,0,0,1,0,0,0,0,0,1,0,0,0
genome_002834,0,0,0,1,0,0,0,0,0,1,0,0,0,1,0,0,0,0,0,0
genome_002835,0,0,0,0,0,0,0,0,0,0,0,0,0,0,0,0,0,0,0,0
genome_002836,0,0,0,0,0,0,0,0,0,0,0,0,0,0,0,0,0,0,0,0
genome_002837,0,0,0,0,0,0,0,0,0,0,0,0,0,0,0,0,0,0,0,0
genome_002838,0,0,0,0,0,0,1,1,0,0,0,0,0,0,0,0,1,1,0,0
genome_002839,0,0,0,0,0,0,0,1,0,0,0,0,0,0,0,0,0,0,0,0
genome_002840,0,0,0,1,0,0,1,0,1,0,0,0,1,0,0,0,0,0,1,0
genome_002841,1,0,0,0,0,0,0,0,0,0,0,0,0,1,0,0,0,0,1,0
genome_002842,0,0,0,0,0,0,0,1,0,0,0,0,0,0,0,0,0,0,0,0
genome_002843,0,1,0,0,0,0,0,0,0,0,0,0,0,0,0,0,0,0,0,0
genome_002844,0,0,0,1,0,0,1,0,0,0,0,0,0,0,0,0,0,0,0,0
genome_002845,0,1,1,1,0,0,0,0,1,0,0,1,0,0,0,0,1,1,0,0
genome_002846,0,0,0,0,0,0,0,0,0,0,0,0,0,0,0,0,0,0,1,0
genome_002847,0,0,0,0,0,1,1,1,0,0,0,0,0,0,0,0,1,0,0,0
genome_002848,0,0,0,0,0,0,0,0,0,0,0,0,0,0,0,0,1,0,1,1
genome_002849,0,0,0,0,1,0,1,0,0,0,0,0,0,0,0,1,0,0,0,0
genome_002850,0,0,0,0,0,0,0,0,0,0,0,0,0,1,0,0,0,0,0,1
genome_002851,0,0,0,0,0,0,0,0,0,0,0,0,0,0,0,0,0,0,0,0
genome_002852,0,0,0,0,0,1,0,0,0,0,0,0,1,0,0,0,0,0,1,0
genome_002853,0,0,0,0,0,0,1,0,0,0,1,0,0,0,0,0,0,0,0,0
genome_002854,0,0,0,1,0,0,0,0,1,0,0,0,0,0,0,0,0,0,1,0
genome_002855,0,0,0,1,0,0,0,1,0,0,0,0,0,1,1,1,0,0,0,0
genome_002856,0,0,0,1,0,0,0,0,0,0,0,0,0,0,0,0,0,0,0,0
genome_002857,0,0,0,0,0,0,0,0,0,0,0,0,0,0,0,0,0,1,0,0
genome_002858,0,0,0,1,1,0,0,0,0,0,1,0,0,0,0,1,0,0,0,0
genome_002859,0,0,0,0,0,1,0,0,0,0,0,0,0,1,0,0,0,0,0,0
genome_002860,0,0,0,0,0,0,0,0,0,0,0,0,1,0,0,0,0,0,0,0
genome_002861,1,0,0,1,1,0,0,0,0,0,0,0,0,0,0,0,0,0,0,1
genome_002862,0,0,0,0,0,1,1,0,1,0,0,0,0,0,0,0,1,0,1,0
genome_002863,0,0,0,0,0,0,0,0,0,0,0,0,0,0,0,0,0,0,0,0
genome_002864,0,0,0,0,0,0,0,0,0,0,0,0,1,0,0,0,0,0,0,1
genome_002865,0,0,0,0,0,0,0,0,0,0,0,0,1,0,0,0,1,0,0,0
genome_002866,0,0,0,1,0,0,0,0,0,0,0,0,0,0,0,0,0,0,0,0
genome_002867,0,0,0,0,1,0,0,0,0,1,0,0,0,0,0,1,0,0,0,0
genome_002868,0,0,1,0,0,0,0,0,0,0,0,0,0,0,0,0,0,0,0,0
genome_002869,0,0,0,0,0,0,1,1,0,1,1,1,0,0,0,0,0,0,1,1
genome_002870,0,0,0,0,0,0,0,0,0,0,0,0,0,0,0,0,0,0,1,0
genome_002871,0,0,1,0,0,0,0,0,0,0,0,0,0,0,0,0,0,0,0,0
genome_002872,0,0,0,0,0,0,0,0,1,0,0,0,0,0,0,0,0,0,0,0
genome_002873,0,0,0,0,1,0,0,0,0,0,0,0,0,1,0,0,0,0,0,0
genome_002874,0,0,0,0,0,0,0,0,0,0,0,1,0,0,0,1,0,0,0,0
genome_002875,1,0,0,1,0,0,0,0,1,0,1,0,0,0,0,0,0,1,1,0
genome_002876,0,0,0,0,0,1,0,0,0,0,0,0,0,0,0,0,0,0,0,0
genome_002877,0,0,0,0,0,0,0,0,0,0,0,0,0,0,0,0,0,0,0,0
genome_002878,0,0,0,0,0,0,0,0,0,0,0,0,0,0,0,0,0,0,0,0
genome_002879,0,0,0,0,1,0,0,0,0,0,0,0,0,0,0,0,0,1,0,0
genome_002880,0,0,0,1,0,0,0,0,0,0,0,1,0,0,0,0,0,0,0,1
genome_002881,0,0,0,1,1,0,0,0,0,1,0,0,0,0,0,0,0,0,1,1
genome_002882,0,0,0,0,1,0,0,1,0,0,0,0,1,0,0,0,0,0,0,0
genome_002883,0,0,0,1,0,0,0,0,0,1,0,1,0,0,0,0,0,1,0,0
genome_002884,0,0,0,0,0,0,0,0,0,0,1,0,0,1,0,0,0,0,0,0
genome_002885,0,0,0,0,0,0,1,1,0,0,0,0,0,0,1,0,0,0,0,1
genome_002886,0,0,0,0,1,0,0,0,0,0,0,1,0,0,0,0,0,0,0,0
genome_002887,1,0,0,0,0,0,1,0,0,0,0,0,0,0,0,0,0,0,0,0
genome_002888,1,0,0,0,0,0,0,0,0,0,0,0,0,0,0,1,0,0,1,0
genome_002889,0,0,0,1,0,0,0,0,0,0,0,0,0,0,1,1,0,0,1,0
genome_002890,0,0,0,1,0,1,0,0,1,0,0,0,0,0,1,0,0,1,1,1
genome_002891,0,0,0,1,0,0,0,0,0,0,1,0,0,0,0,0,0,0,0,0
genome_002892,0,0,0,0,0,0,0,1,0,0,1,0,0,0,1,0,0,0,0,0
genome_002893,1,0,0,0,0,0,0,0,1,1,0,0,0,0,0,0,0,0,1,1
genome_002894,0,0,0,0,1,0,0,0,0,0,0,0,0,0,0,0,0,0,0,0
genome_002895,1,1,0,0,0,0,0,1,0,0,0,0,0,0,0,0,0,1,0,0
genome_002896,1,0,0,0,0,0,0,0,0,0,0,0,0,0,0,0,0,0,0,0
genome_002897,0,0,0,1,0,0,0,0,0,0,0,1,1,0,0,0,0,0,0,0
genome_002898,0,0,0,0,1,0,0,0,1,0,0,0,0,0,0,0,0,0,0,0
genome_002899,0,0,0,0,0,0,1,0,0,0,0,0,0,1,0,0,0,0,0,0
genome_002900,0,0,0,0,1,0,0,0,0,0,0,0,0,0,1,0,0,0,0,0
genome_002901,0,0,0,0,0,0,0,0,1,0,1,0,0,0,0,1,0,1,0,1
genome_002902,1,1,0,0,0,0,1,0,0,0,0,0,0,1,0,1,0,0,1,1
genome_002903,0,0,0,0,0,0,1,0,0,1,0,0,0,0,1,0,0,0,0,0
genome_002904,1,0,1,0,0,0,0,0,1,1,0,0,0,1,0,0,0,0,0,1
genome_002905,0,0,0,1,0,0,0,0,0,0,0,0,0,0,0,0,0,0,0,1
genome_002906,0,0,0,0,0,0,0,0,0,0,0,0,0,0,0,0,0,0,0,0
genome_002907,0,0,0,0,0,0,1,0,0,0,0,0,0,1,0,1,0,1,0,0
genome_002908,0,0,0,0,0,0,0,1,0,0,0,0,0,0,0,0,0,0,1,1
genome_002909,1,0,0,0,0,0,0,0,0,0,0,0,0,0,0,0,0,0,0,0
genome_002910,0,1,1,0,0,0,0,1,0,1,0,0,0,1,0,0,0,0,0,0
genome_002911,0,1,0,0,0,0,0,0,0,0,0,0,1,0,0,1,0,0,0,0
genome_002912,0,0,0,0,0,0,0,0,0,0,0,0,0,0,0,0,0,0,0,0
genome_002913,0,0,0,0,0,0,0,0,0,0,0,0,0,0,0,0,0,0,0,0
genome_002914,0,0,0,0,1,0,0,0,1,0,0,0,0,0,0,1,0,0,0,0
genome_002915,0,0,0,0,0,0,0,0,1,0,0,0,0,0,0,0,0,0,0,0
genome_002916,0,0,0,0,0,0,0,0,0,0,0,0,1,0,0,0,0,1,0,0
genome_002917,0,0,1,1,0,0,0,1,0,0,0,0,1,0,0,0,0,0,0,0
genome_002918,0,0,0,0,0,0,0,0,0,0,0,0,0,0,0,0,0,0,0,0
genome_002919,0,0,0,0,0,0,0,0,0,0,0,0,0,0,0,1,0,0,0,0
genome_002920,0,0,0,0,0,0,0,0,0,0,0,0,0,1,0,0,0,1,0,0
genome_002921,0,0,0,0,0,0,0,0,0,0,0,0,0,0,0,0,0,0,0,0
genome_002922,0,0,1,0,0,0,0,0,0,1,0,0,0,0,0,0,0,1,0,0
genome_002923,0,0,0,0,0,0,0,0,0,0,0,1,0,0,1,0,0,0,0,0
genome_002924,1,0,1,1,0,0,0,0,0,0,0,0,1,0,0,0,0,0,0,1
genome_002925,1,0,0,0,1,0,0,0,1,0,0,0,0,0,0,1,1,0,1,0
genome_002926,0,0,0,0,0,0,0,0,0,0,0,0,0,0,0,0,0,0,0,0
genome_002927,1,0,0,1,0,0,0,0,0,0,0,0,1,0,0,0,0,1,0,1
genome_002928,1,0,0,0,1,0,1,0,0,0,1,0,0,0,0,0,0,0,0,0
genome_002929,0,0,0,0,0,0,1,0,1,0,0,1,0,0,0,0,0,0,0,0
genome_002930,0,0,0,0,0,0,0,0,1,0,0,0,0,0,0,0,0,0,0,0
genome_002931,0,0,0,0,0,0,0,0,0,0,0,0,0,0,0,0,0,0,0,0
genome_002932,0,0,0,0,1,0,1,0,0,0,0,0,0,0,1,0,0,0,1,1
genome_002933,0,0,0,0,0,0,0,0,0,0,0,0,0,0,0,0,1,0,0,0
genome_002934,0,0,0,0,0,0,0,0,0,0,1,0,0,0,0,0,0,0,0,0
genome_002935,0,0,0,1,0,1,0,0,0,1,1,0,0,0,0,0,0,0,0,0
genome_002936,0,0,0,0,0,0,0,0,0,1,0,0,0,0,1,1,0,0,0,0
genome_002937,0,0,0,0,0,0,0,0,1,1,0,0,0,0,0,0,0,0,0,0
genome_002938,0,0,0,1,0,0,0,0,0,0,0,1,0,0,0,0,0,0,1,0
genome_002939,1,0,0,1,0,0,0,0,0,0,0,0,0,0,0,0,0,0,0,0
genome_002940,0,0,0,0,0,0,0,0,1,0,0,1,0,0,0,0,0,0,1,0
genome_002941,0,0,0,0,0,0,0,0,0,0,0,0,0,0,0,1,0,0,0,0
genome_002942,0,0,1,0,0,0,0,0,0,0,0,0,0,0,0,0,0,0,0,0
genome_002943,0,1,0,0,0,0,0,0,0,0,0,0,0,0,0,0,0,0,0,0
genome_002944,0,0,0,0,0,0,0,0,1,0,0,1,0,0,0,1,1,0,0,0
genome_002945,0,0,0,0,0,0,0,0,1,1,0,0,0,1,0,0,0,1,1,1
genome_002946,0,1,0,0,0,0,1,0,0,0,0,0,0,0,0,0,0,0,1,0
genome_002947,1,0,0,0,0,0,0,0,0,0,0,0,0,0,0,0,0,0,0,0
genome_002948,0,1,0,0,0,0,0,0,1,1,0,0,0,0,0,0,0,0,0,0
genome_002949,0,0,0,0,0,0,0,0,0,0,0,0,0,0,0,0,0,0,0,0
genome_002950,0,1,0,0,0,0,0,0,1,0,1,0,0,0,0,0,0,0,1,0
genome_002951,0,0,0,0,0,0,0,0,1,1,1,0,0,1,0,0,0,0,0,0
genome_002952,1,1,0,0,0,1,0,0,0,1,0,0,0,1,1,0,0,0,0,0
genome_002953,0,1,0,0,0,0,0,0,0,0,0,0,0,0,0,0,0,0,0,0
genome_002954,1,0,0,0,0,0,0,0,0,0,0,0,0,0,0,1,0,0,0,0
genome_002955,0,0,0,0,0,0,0,0,0,0,0,1,0,0,0,0,0,0,0,0
genome_002956,0,0,0,0,0,1,0,0,0,0,0,0,0,0,0,0,0,0,1,0
genome_002957,0,0,0,0,0,0,0,0,1,0,1,0,0,0,0,0,0,0,1,0
genome_002958,1,0,0,1,0,0,0,0,0,0,0,0,0,0,0,0,0,0,0,0
genome_002959,0,0,0,0,0,0,0,0,0,0,0,0,0,0,0,0,0,0,1,0
genome_002960,0,1,0,0,0,0,0,0,0,0,0,0,0,0,0,0,0,0,0,0
genome_002961,0,0,0,0,0,0,0,0,0,1,0,0,0,0,0,0,0,0,0,0
genome_002962,0,0,0,0,0,0,0,0,0,0,0,0,0,0,0,0,0,0,0,0
genome_002963,0,0,0,0,1,0,0,0,0,0,1,0,0,0,0,0,0,1,0,0
genome_002964,0,0,1,1,1,0,1,0,0,0,0,0,0,1,0,0,0,0,0,0
genome_002965,0,0,0,0,0,1,0,0,0,0,0,0,0,0,0,0,0,0,0,0
genome_002966,1,0,0,0,0,0,0,0,0,0,0,0,0,0,0,0,1,0,0,0
genome_002967,0,1,0,0,0,1,0,0,1,0,0,0,0,0,0,0,0,1,0,0
genome_002968,0,0,0,0,0,0,0,0,0,1,0,0,0,1,0,0,0,0,0,0
genome_002969,0,0,0,0,0,0,0,0,0,0,0,0,0,0,1,0,0,0,0,0
genome_002970,0,0,0,1,0,1,0,0,0,0,0,1,0,0,0,0,0,0,0,0
genome_002971,0,0,0,0,0,0,0,0,0,0,0,0,0,0,0,0,0,0,0,0
genome_002972,0,0,0,0,0,0,0,0,0,0,0,0,1,0,0,0,0,1,0,0
genome_002973,1,1,1,0,0,0,0,0,0,0,0,0,1,0,0,0,0,0,0,1
genome_002974,0,1,0,0,0,0,0,1,0,0,0,0,0,0,1,1,1,0,0,0
genome_002975,0,0,0,0,0,0,0,0,0,0,0,0,0,0,0,0,0,0,0,0
genome_002976,1,0,0,0,0,1,0,0,0,0,0,0,1,0,0,0,0,0,0,1
genome_002977,1,0,0,0,0,0,0,0,0,0,0,0,0,0,0,0,0,0,0,0
genome_002978,0,0,0,1,0,0,0,0,0,0,0,0,0,0,0,0,0,0,1,0
genome_002979,0,0,0,0,0,0,0,0,0,0,0,0,0,1,1,0,0,0,0,0
genome_002980,0,0,0,0,0,0,0,0,0,0,0,0,0,0,0,1,0,1,0,0
genome_002981,0,0,1,0,1,1,0,0,0,0,0,1,0,0,1,0,0,1,0,1
genome_002982,0,0,0,0,0,0,0,0,0,0,0,0,0,1,0,0,0,0,0,0
genome_002983,0,0,1,0,0,0,0,0,1,0,0,0,0,0,0,0,0,0,0,0
genome_002984,0,0,0,0,0,0,1,1,0,0,0,0,0,0,0,0,0,0,0,0
genome_002985,0,1,0,0,0,0,1,0,0,0,0,1,0,1,0,0,0,0,1,0
genome_002986,0,0,0,0,0,0,0,1,0,0,0,0,1,0,0,0,1,0,0,0
genome_002987,0,1,0,1,1,0,0,0,1,0,0,0,1,0,0,1,0,1,0,0
genome_002988,0,0,0,0,1,1,0,0,0,0,1,1,0,0,0,1,0,1,0,0
genome_002989,0,0,0,0,0,0,0,0,0,0,0,0,0,0,0,0,0,0,0,0
genome_002990,0,0,1,0,0,0,0,0,0,0,0,0,0,1,0,1,0,0,0,0
genome_002991,0,0,0,0,0,0,0,0,0,0,0,1,1,0,1,0,0,0,0,0
genome_002992,1,0,0,0,0,0,0,0,1,1,0,0,0,0,0,1,0,0,0,0
genome_002993,0,0,0,0,1,1,0,0,0,0,0,0,0,0,0,1,0,0,0,0
genome_002994,0,1,0,0,0,1,0,1,0,0,0,0,0,0,1,0,0,0,0,0
genome_002995,0,0,0,0,0,0,1,0,0,0,0,0,0,0,0,0,0,0,1,0
genome_002996,0,0,0,0,0,0,0,0,0,0,0,0,0,0,0,0,0,0,0,0
genome_002997,0,0,0,0,0,0,0,0,0,0,0,0,0,1,0,0,0,0,0,0
genome_002998,1,0,0,0,0,0,1,0,0,0,0,0,0,0,0,0,0,0,0,0
genome_002999,1,0,0,0,0,0,0,0,0,1,0,0,0,0,0,0,1,0,0,0
genome_003000,0,0,0,0,0,0,1,0,0,0,0,0,0,1,0,0,0,0,1,0
genome_003001,0,0,1,0,0,0,0,0,0,0,0,0,1,0,0,0,0,0,1,0
genome_003002,0,0,0,0,0,1,0,0,0,0,0,0,0,0,0,0,1,0,0,0
genome_003003,0,0,0,0,0,0,0,0,0,0,0,0,0,0,1,0,0,0,0,0
genome_003004,0,0,0,0,0,0,0,0,0,0,0,0,0,0,0,0,0,0,1,0
genome_003005,0,0,0,0,0,1,0,0,0,0,0,0,0,0,0,0,0,0,0,0
genome_003006,0,0,0,0,0,1,0,0,1,0,0,0,0,0,0,0,0,0,0,0
genome_003007,0,0,0,0,0,1,0,0,0,1,0,0,1,0,0,0,0,0,0,0
genome_003008,0,0,1,0,0,0,0,0,0,1,0,0,0,0,0,1,0,0,0,1
genome_003009,0,0,0,1,0,0,0,0,0,0,0,1,0,1,0,0,0,0,0,1
genome_003010,0,0,0,0,0,0,0,1,0,0,0,0,0,0,0,1,0,0,0,0
genome_003011,0,0,0,0,0,0,0,0,0,0,0,0,0,0,0,0,0,1,0,1
genome_003012,0,0,0,0,0,0,0,0,0,0,0,0,0,0,0,0,0,0,0,0
genome_003013,0,0,0,0,0,0,0,0,0,0,0,0,0,0,1,1,0,0,0,0
genome_003014,0,0,0,0,0,0,0,0,0,1,1,0,1,0,0,0,0,1,0,0
genome_003015,0,0,0,0,0,0,0,0,0,0,0,1,1,0,0,0,0,0,0,0
genome_003016,0,0,1,0,0,1,0,0,0,1,0,0,0,1,1,0,0,0,1,0
genome_003017,0,0,0,0,0,0,0,0,0,0,0,0,0,0,0,0,1,0,0,0
genome_003018,0,0,0,0,0,0,0,0,0,0,0,1,0,0,0,0,0,0,0,1
genome_003019,0,1,0,0,0,0,0,0,1,0,0,0,0,0,0,0,0,0,0,1
genome_003020,0,0,0,0,0,0,0,0,0,0,0,0,0,1,1,0,0,0,0,1
genome_003021,1,0,0,0,0,0,0,0,0,0,0,0,0,0,0,0,0,1,1,0
genome_003022,0,0,0,0,0,0,0,0,0,0,0,0,0,0,0,0,0,0,0,0
genome_003023,0,0,0,0,1,1,0,0,1,0,0,0,0,0,0,0,0,1,1,0
genome_003024,0,1,0,0,0,0,0,0,0,0,0,0,0,0,0,0,1,1,0,0
genome_003025,0,0,0,0,0,0,0,0,0,0,0,0,0,0,0,0,1,0,0,0
genome_003026,0,0,0,1,0,0,0,0,0,0,0,0,0,1,0,0,0,0,0,0
genome_003027,0,0,0,0,1,0,0,0,0,0,1,0,0,0,0,0,0,0,0,1
genome_003028,0,0,0,0,1,1,0,0,0,0,0,0,1,0,0,0,0,0,0,0
genome_003029,0,0,0,0,0,0,0,0,0,0,0,0,0,0,0,0,0,1,1,0
genome_003030,0,0,0,1,0,0,0,0,0,0,0,1,0,1,0,0,0,0,0,1
genome_003031,0,0,0,0,0,0,0,1,0,1,0,0,0,1,0,0,0,0,0,0
genome_003032,0,0,0,0,0,0,0,0,0,0,0,0,0,0,1,0,0,0,0,0
genome_003033,0,0,0,0,0,0,0,0,0,0,0,0,0,1,0,1,0,0,0,0
genome_003034,0,0,1,0,0,0,0,0,0,0,0,0,0,0,0,0,0,0,0,0
genome_003035,0,0,0,0,0,0,0,0,0,0,0,0,0,0,0,0,0,1,0,0
genome_003036,0,0,1,0,1,0,0,0,0,0,0,0,0,0,0,0,0,0,0,1
genome_003037,0,1,0,0,0,0,1,0,1,0,0,0,0,0,0,0,1,0,1,1
genome_003038,0,0,0,0,1,0,1,0,0,0,0,0,0,0,0,0,0,0,0,0
genome_003039,0,0,0,0,1,0,0,0,0,0,0,0,1,0,0,0,1,1,0,0
genome_003040,0,0,0,0,0,0,0,0,0,0,0,0,0,0,1,0,0,1,0,0
genome_003041,0,0,0,0,1,1,0,0,0,0,0,0,0,0,0,0,1,0,0,0
genome_003042,0,0,1,0,1,0,1,0,0,0,0,1,1,1,0,0,1,0,0,0
genome_003043,0,0,0,0,0,0,0,1,0,0,0,1,0,0,0,1,1,0,0,1
genome_003044,0,0,1,0,0,0,1,0,0,1,1,1,0,0,0,0,0,0,0,1
genome_003045,0,0,0,0,0,0,0,0,0,0,0,0,1,0,0,0,0,0,0,0
genome_003046,0,0,0,0,0,0,0,0,0,0,0,0,0,0,0,0,0,0,0,0
genome_003047,0,0,0,0,0,0,0,0,0,0,0,0,0,0,0,0,0,0,0,0
genome_003048,0,1,0,0,0,0,0,0,0,0,0,1,0,0,0,0,0,0,0,1
genome_003049,0,0,0,0,0,0,0,0,0,0,1,0,0,0,0,0,0,0,0,0
genome_003050,0,1,0,0,0,0,0,0,0,0,0,1,0,0,0,0,0,0,0,0
genome_003051,1,0,1,1,1,0,0,0,0,0,1,0,0,0,0,0,0,0,0,0
genome_003052,0,1,0,0,0,0,0,0,0,0,0,0,0,0,1,0,0,0,0,0
genome_003053,1,0,0,0,0,0,0,0,0,0,0,0,0,1,0,0,0,0,0,0
genome_003054,1,0,1,0,0,0,0,0,0,0,0,0,0,0,0,0,0,0,0,0
genome_003055,0,0,0,0,0,0,0,1,0,0,0,0,0,0,0,0,0,1,0,0
genome_003056,1,0,0,0,1,0,0,0,0,0,0,0,0,0,0,0,0,1,0,0
genome_003057,0,0,0,0,1,0,0,1,0,0,1,0,0,1,1,0,0,0,0,1
genome_003058,0,0,0,0,0,1,0,1,0,0,0,0,0,0,0,1,0,0,0,1
genome_003059,0,0,0,0,0,0,0,0,0,0,0,0,0,0,0,0,0,0,0,0
genome_003060,0,0,0,0,0,1,1,0,0,0,0,0,1,0,0,0,0,1,0,0
genome_003061,0,0,0,0,0,0,0,0,0,1,1,0,0,0,0,1,0,1,0,0
genome_003062,1,0,0,0,1,0,0,1,0,0,0,0,1,0,1,0,0,0,0,1
genome_003063,0,0,0,0,1,0,0,0,0,1,0,0,0,0,0,0,0,0,1,1
genome_003064,0,1,1,0,0,0,1,0,0,1,0,0,0,0,0,0,0,0,0,0
genome_003065,0,0,0,0,0,0,1,1,0,1,0,0,0,1,0,0,0,0,0,0
genome_003066,0,0,0,0,0,0,0,0,0,0,0,0,0,0,0,0,0,0,0,0
genome_003067,0,0,0,1,0,0,0,1,0,0,0,0,0,0,0,0,0,0,0,0
genome_003068,0,1,0,0,0,0,0,0,0,1,0,0,0,0,0,0,0,0,0,0
genome_003069,0,0,0,0,0,0,0,0,0,1,0,0,0,0,0,0,0,0,0,0
genome_003070,1,0,0,0,0,0,0,0,0,1,0,0,0,0,1,0,1,1,1,0
genome_003071,0,0,0,0,0,0,0,0,0,0,0,0,1,0,1,1,0,0,1,0
genome_003072,0,0,1,0,0,0,0,1,0,0,0,0,1,0,0,0,0,0,0,0
genome_003073,0,0,0,0,0,0,0,0,1,0,0,0,1,0,0,0,0,0,0,0
genome_003074,0,0,0,0,1,0,0,0,0,0,0,0,0,0,0,0,0,0,0,0
genome_003075,1,0,0,0,0,0,0,0,0,0,0,0,0,0,0,0,0,1,0,0
genome_003076,0,0,0,0,1,1,0,0,1,0,0,0,0,0,0,0,0,0,0,0
genome_003077,0,1,0,0,0,0,1,1,1,0,0,0,0,0,0,0,0,0,1,0
genome_003078,0,0,1,1,0,0,1,0,0,0,0,0,0,1,0,0,0,0,0,0
genome_003079,0,0,0,0,0,0,0,0,1,1,0,1,0,0,1,0,0,0,0,0
genome_003080,0,0,0,0,0,0,0,0,0,0,0,0,0,0,0,0,0,0,0,0
genome_003081,0,0,0,0,0,0,1,0,0,1,0,0,0,1,0,0,0,0,0,0
genome_003082,1,0,0,0,0,0,0,0,0,0,0,0,0,0,0,0,0,0,1,0
genome_003083,0,0,0,0,0,0,0,0,1,0,0,0,0,0,0,0,0,0,0,0
genome_003084,0,0,0,0,0,0,0,0,0,0,0,0,0,0,0,1,0,0,0,0
genome_003085,0,0,0,1,0,0,0,0,1,0,0,0,0,0,0,0,0,0,0,0
genome_003086,1,0,0,0,0,0,1,1,0,1,0,1,0,1,0,0,0,0,0,0
genome_003087,0,0,0,0,0,0,0,0,0,0,0,0,0,0,0,0,0,0,0,0
genome_003088,0,0,0,0,0,0,0,0,0,0,0,0,0,0,0,0,0,0,0,1
genome_003089,1,0,0,0,0,0,0,0,0,0,0,1,0,0,0,1,1,0,0,0
genome_003090,0,0,0,0,0,0,0,0,0,0,1,0,0,0,1,0,0,1,0,0
genome_003091,0,0,0,0,0,0,1,0,1,0,0,0,0,0,0,0,0,0,0,1
genome_003092,0,0,0,1,0,1,0,1,1,0,0,0,0,0,0,0,0,0,0,0
genome_003093,0,0,1,0,1,0,1,0,0,0,1,1,0,0,1,0,0,0,0,0
genome_003094,0,0,0,0,0,0,0,0,0,0,0,0,0,0,0,0,0,0,0,0
genome_003095,0,0,0,0,0,0,0,0,0,0,0,0,0,0,0,0,0,0,0,0
genome_003096,0,0,0,0,0,0,1,0,0,0,0,0,0,0,0,0,0,0,0,0
genome_003097,0,0,0,0,0,0,0,0,0,1,0,0,0,0,0,0,0,0,0,0
genome_003098,0,0,0,0,0,0,1,0,0,0,0,0,0,0,0,0,0,0,0,1
genome_003099,0,0,0,0,0,0,1,0,0,0,0,1,0,1,0,0,0,0,0,0
genome_003100,0,0,0,0,0,0,1,0,1,0,1,0,0,0,1,0,0,0,0,0
genome_003101,0,0,0,0,0,0,0,0,0,0,0,0,0,0,0,0,0,0,0,0
genome_003102,0,0,0,0,0,0,0,0,0,0,1,0,0,0,0,0,0,0,0,0
genome_003103,0,0,1,0,0,0,0,0,0,0,0,0,1,0,0,0,0,0,0,0
genome_003104,0,0,0,0,0,0,0,0,0,0,1,1,0,0,0,0,0,0,0,0
genome_003105,0,0,1,0,0,0,0,0,0,1,0,1,0,0,1,0,0,0,0,0
genome_003106,0,0,0,1,1,0,0,0,0,0,0,0,0,0,0,0,0,0,0,1
genome_003107,0,0,0,0,0,0,1,0,1,0,1,1,1,1,0,0,0,0,0,0
genome_003108,0,0,0,0,0,0,1,0,0,0,0,0,0,0,1,0,0,0,0,0
genome_003109,0,0,0,0,1,0,0,0,0,0,0,0,0,1,0,0,0,0,0,0
genome_003110,0,0,0,0,0,0,0,1,0,0,0,0,0,0,0,0,0,0,0,0
genome_003111,1,0,0,1,0,0,0,0,0,0,0,0,0,1,0,0,0,0,0,0
genome_003112,0,0,0,1,0,0,0,0,0,0,0,0,0,0,0,0,0,0,0,0
genome_003113,0,1,0,0,0,0,0,0,0,0,1,0,0,1,0,0,0,0,0,0
genome_003114,1,0,1,0,0,0,1,1,0,0,0,1,0,0,0,0,0,0,0,0
genome_003115,0,0,0,0,0,0,0,0,0,0,0,0,0,0,0,0,0,0,0,1
genome_003116,0,0,0,0,0,0,0,0,0,0,0,0,0,0,0,0,0,0,0,0
genome_003117,0,0,0,0,0,0,0,0,0,0,0,0,0,0,0,0,0,0,0,0
genome_003118,0,0,0,0,0,0,0,0,0,0,0,0,0,1,0,0,0,0,0,0
genome_003119,0,0,0,0,0,0,0,0,0,0,0,1,1,0,0,0,0,0,0,0
genome_003120,0,0,1,0,0,1,0,0,0,0,1,0,0,0,0,0,1,0,0,0
genome_003121,0,0,1,0,1,1,1,1,0,0,0,0,0,1,1,0,1,0,0,1
genome_003122,0,0,0,0,0,0,0,0,0,0,0,0,0,0,0,0,0,0,0,0
genome_003123,0,0,0,0,0,0,0,0,0,0,0,0,0,0,0,0,1,0,0,0
genome_003124,0,0,0,0,1,1,0,0,0,1,0,0,0,0,0,0,0,0,0,0
genome_003125,0,0,0,0,0,1,0,1,0,0,0,0,0,1,0,0,0,0,1,1
genome_003126,0,0,0,0,0,0,0,0,1,0,0,0,0,0,0,0,0,0,1,0
genome_003127,1,0,0,0,0,0,1,0,1,0,0,0,0,0,0,0,0,0,0,0
genome_003128,0,1,0,0,0,1,0,0,0,0,0,0,1,0,0,0,0,0,0,0
genome_003129,0,0,0,0,0,0,0,0,0,0,0,0,0,0,0,0,0,0,0,0
genome_003130,0,0,1,0,0,0,0,0,0,0,1,1,0,0,0,0,0,1,1,0
genome_003131,0,0,0,0,0,0,1,0,0,0,0,0,1,0,1,0,1,0,0,0
genome_003132,0,0,0,0,0,0,0,0,0,1,0,0,0,0,0,0,0,1,0,1
genome_003133,0,0,0,0,0,0,0,0,0,0,0,0,0,0,0,0,0,1,0,0
genome_003134,0,0,0,0,0,0,0,0,0,0,0,0,0,0,0,0,0,0,1,1
genome_003135,1,1,0,0,0,0,1,0,0,0,0,1,0,0,0,0,0,0,0,1
genome_003136,0,0,0,0,0,0,0,0,0,0,0,0,0,0,0,0,0,0,0,0
genome_003137,0,0,0,0,0,0,0,0,0,0,0,0,0,0,0,0,0,1,0,0
genome_003138,0,0,0,0,0,0,0,0,0,0,0,0,0,0,0,1,0,0,1,0
genome_003139,0,0,0,0,1,1,0,0,1,0,0,0,0,0,0,0,0,0,0,1
genome_003140,1,0,0,1,0,0,1,0,0,0,0,0,0,0,0,0,0,0,0,0
genome_003141,0,1,0,0,0,0,0,0,0,0,0,1,1,0,0,0,0,0,0,0
genome_003142,0,0,0,0,0,0,0,0,0,0,0,1,0,0,1,0,0,0,0,0
genome_003143,0,0,0,0,0,0,0,0,0,0,0,0,0,0,0,0,0,0,1,0
genome_003144,1,0,0,0,0,0,0,0,0,0,0,0,0,0,1,0,0,0,0,1
genome_003145,0,0,0,0,0,0,0,0,0,0,0,0,0,1,0,0,0,0,0,0
genome_003146,1,0,1,0,0,0,0,0,0,0,0,0,1,0,1,0,0,0,0,0
genome_003147,1,0,1,1,0,0,0,0,0,0,0,0,0,0,0,0,0,0,0,0
genome_003148,0,0,0,0,1,0,0,0,0,0,0,0,0,0,0,0,0,0,0,0
genome_003149,0,0,0,0,0,0,0,0,0,0,0,0,0,0,0,0,1,1,1,0
genome_003150,0,0,0,0,0,0,0,0,0,0,0,0,0,0,0,0,0,0,0,0
genome_003151,1,0,0,0,0,0,0,0,0,0,0,0,0,0,0,0,0,0,0,0
genome_003152,1,0,0,0,0,0,0,0,0,0,0,0,0,0,0,1,1,0,0,0
genome_003153,1,0,0,0,1,0,1,0,0,0,0,0,0,0,0,0,0,1,1,0
genome_003154,0,0,0,0,0,0,1,0,0,0,0,0,0,0,0,1,0,0,0,0
genome_003155,0,1,0,1,0,0,0,0,1,0,0,1,0,1,0,0,0,0,0,0
genome_003156,0,0,0,0,0,1,0,0,0,1,1,0,0,0,1,0,0,0,0,0
genome_003157,0,0,0,0,0,0,0,0,0,0,0,0,0,0,1,0,0,0,0,0
genome_003158,0,0,0,0,0,0,0,0,0,0,0,0,0,0,0,0,1,0,0,0
genome_003159,0,0,0,0,0,0,0,0,0,0,0,0,1,0,0,1,1,0,0,0
genome_003160,0,0,0,0,0,0,0,0,0,0,0,0,0,0,0,0,0,0,0,0
genome_003161,0,0,1,0,0,0,0,0,1,0,0,1,0,0,0,0,0,0,1,0
genome_003162,0,0,0,0,1,1,0,1,0,1,0,0,0,1,0,0,0,1,0,0
genome_003163,0,0,1,0,1,0,0,1,0,0,1,0,0,0,1,1,1,0,0,0
genome_003164,0,1,0,0,0,0,0,0,0,0,0,0,0,0,0,0,0,0,0,0
genome_003165,0,0,0,0,0,0,0,0,0,0,0,0,0,0,0,0,0,0,0,0
genome_003166,1,0,0,0,0,0,0,0,0,0,0,0,0,0,0,0,0,0,0,0
genome_003167,0,0,0,1,0,0,0,0,0,0,0,0,0,0,0,0,0,0,0,0
genome_003168,0,0,0,0,1,0,0,0,0,0,0,0,0,0,0,0,1,0,1,0
genome_003169,0,0,0,1,0,0,1,0,1,0,0,0,0,0,0,0,0,0,1,1
genome_003170,0,0,0,0,0,0,0,0,1,1,0,0,0,0,0,1,0,0,0,0
genome_003171,0,0,0,0,0,0,0,0,0,0,1,0,0,0,0,0,0,0,0,0
genome_003172,0,0,0,0,0,0,0,0,0,0,0,0,0,0,0,0,0,0,0,0
genome_003173,0,0,0,0,0,1,0,0,0,0,1,0,0,0,1,0,0,0,0,0
genome_003174,0,0,0,0,0,0,0,0,0,0,0,0,0,1,0,0,1,0,0,0
genome_003175,0,0,0,0,0,0,0,0,0,0,0,0,0,0,0,0,0,0,0,0
genome_003176,1,0,0,0,1,0,0,1,0,1,1,1,0,1,0,0,0,0,0,0
genome_003177,1,1,1,0,1,1,1,0,1,0,0,0,0,0,1,0,1,0,0,0
genome_003178,0,1,0,0,0,0,0,0,0,1,0,0,0,0,0,0,0,1,0,0
genome_003179,0,0,0,0,0,0,0,0,0,0,0,1,1,0,0,0,0,0,0,0
genome_003180,1,0,0,0,0,0,0,0,0,0,0,0,0,0,0,0,0,0,0,0
genome_003181,0,1,0,1,0,0,0,0,0,0,0,0,0,0,0,0,0,0,0,0
genome_003182,0,0,0,0,0,0,0,0,1,0,0,0,0,0,0,1,0,0,0,0
genome_003183,0,0,0,0,0,0,0,0,0,1,0,0,1,0,1,0,0,0,0,1
genome_003184,1,1,0,0,0,0,1,0,0,0,0,1,0,0,0,0,1,0,0,0
genome_003185,0,0,0,0,0,0,0,0,0,0,0,0,0,0,0,1,0,0,0,0
genome_003186,1,0,0,0,0,0,0,0,0,1,0,0,1,0,1,0,0,0,0,0
genome_003187,0,0,0,0,0,0,1,0,1,0,0,0,0,1,0,0,0,0,0,0
genome_003188,0,0,1,0,0,0,0,0,0,1,0,1,1,0,0,0,0,0,0,0
genome_003189,0,0,0,0,0,0,0,0,0,0,0,0,0,0,0,0,0,0,0,0
genome_003190,0,0,0,0,1,1,0,0,0,1,0,0,0,0,0,0,0,0,1,0
genome_003191,0,0,0,1,0,0,0,0,0,0,0,0,1,0,0,0,1,0,1,0
genome_003192,0,0,0,0,0,0,0,0,0,0,0,0,0,0,0,0,0,0,0,0
genome_003193,0,0,0,0,0,0,1,0,0,0,0,0,0,0,0,0,0,0,0,0
genome_003194,0,0,0,0,0,0,0,0,0,0,0,1,1,0,0,0,0,0,0,0
genome_003195,0,0,0,1,0,0,1,0,0,0,0,0,0,1,0,0,1,0,1,1
genome_003196,0,0,0,0,0,0,0,0,0,0,0,0,0,0,0,0,0,0,0,0
genome_003197,0,0,1,0,0,0,0,0,1,0,1,0,1,0,0,0,0,0,0,0
genome_003198,1,0,0,0,1,0,1,1,0,0,0,0,0,0,0,0,0,0,0,0
genome_003199,0,0,0,0,0,0,0,0,0,0,0,0,0,0,0,0,0,0,0,0
genome_003200,0,0,0,0,0,1,0,0,0,0,0,0,0,0,0,0,0,0,0,0
genome_003201,0,0,0,0,0,0,0,0,0,0,0,0,0,1,0,0,0,0,0,1
genome_003202,0,0,0,1,0,0,0,0,0,0,1,0,0,0,1,1,0,0,0,0
genome_003203,0,1,0,0,1,0,1,1,0,0,0,0,0,0,0,0,0,0,1,0
genome_003204,0,0,0,1,0,0,0,0,1,0,0,0,0,1,0,0,0,0,0,0
genome_003205,0,0,0,0,0,0,0,0,1,0,0,0,0,0,0,0,0,0,0,1
genome_003206,0,0,0,0,0,0,1,0,0,0,0,0,0,1,1,0,1,0,0,0
genome_003207,0,0,0,0,0,0,0,0,0,0,0,0,0,0,0,0,0,0,0,0
genome_003208,0,0,0,0,0,0,0,0,0,0,0,0,1,0,0,0,0,0,0,0
genome_003209,0,1,0,0,0,0,0,0,0,0,0,0,0,0,1,0,0,0,0,0
genome_003210,1,0,0,0,0,0,0,0,1,0,0,0,1,0,0,0,0,0,0,0
genome_003211,1,0,0,0,0,1,0,0,0,1,0,0,0,1,0,0,0,1,0,0
genome_003212,0,1,0,0,0,0,0,0,1,1,0,0,0,0,0,0,1,0,0,0
genome_003213,0,0,1,0,0,0,0,0,0,0,0,0,1,0,0,0,0,0,0,0
genome_003214,0,0,0,1,0,1,0,0,0,0,0,0,1,0,0,0,0,0,0,0
genome_003215,0,0,0,0,0,1,0,0,0,0,0,0,0,0,1,0,0,0,1,0
genome_003216,0,0,1,0,0,0,0,0,0,0,0,0,0,1,0,0,0,0,0,0
genome_003217,0,0,0,0,0,0,0,0,1,0,1,0,0,0,1,0,0,1,0,0
genome_003218,1,1,0,0,0,1,1,0,0,0,0,0,0,0,0,0,0,0,1,0
genome_003219,0,0,0,0,0,0,0,0,0,0,0,0,0,1,0,0,0,0,0,0
genome_003220,0,0,0,0,0,0,0,0,0,0,0,0,0,0,0,0,0,0,0,0
genome_003221,0,0,0,0,1,0,0,0,0,0,0,0,0,0,0,0,0,0,0,0
genome_003222,0,1,0,0,0,0,0,0,0,0,0,0,0,1,0,1,0,0,0,0
genome_003223,0,1,0,0,0,1,0,0,0,0,0,0,0,0,1,0,0,1,0,0
genome_003224,0,0,0,0,0,0,0,0,0,0,0,0,0,0,0,0,0,0,0,0
genome_003225,0,1,0,0,0,0,1,0,1,1,0,0,0,0,0,1,0,0,0,1
genome_003226,0,0,0,0,0,1,1,1,1,0,0,0,0,0,1,0,0,1,1,1
genome_003227,0,0,1,0,1,0,0,0,0,0,0,0,0,0,0,0,0,0,0,0
genome_003228,0,0,0,0,0,0,0,0,0,0,0,0,0,0,0,0,0,0,0,0
genome_003229,0,0,0,0,0,0,0,1,0,0,0,0,0,0,0,0,1,0,0,1
genome_003230,0,0,1,0,0,1,0,0,0,0,0,0,0,0,0,0,0,0,0,0
genome_003231,0,0,0,0,0,0,0,0,0,0,0,1,0,0,0,0,0,0,0,0
genome_003232,1,1,0,0,0,0,0,0,0,0,0,0,0,0,0,0,0,1,0,0
genome_003233,0,1,0,0,0,1,0,0,0,0,0,0,1,0,0,0,0,0,0,0
genome_003234,0,0,0,0,0,0,0,0,0,0,0,0,0,0,0,0,0,0,0,0
genome_003235,0,1,0,0,0,1,0,0,0,1,0,0,0,0,0,0,0,0,0,0
genome_003236,0,0,0,1,1,0,0,0,0,0,0,0,0,0,0,0,0,0,0,0
genome_003237,0,1,0,0,0,0,0,1,0,1,0,0,0,0,0,0,0,0,0,0
genome_003238,0,0,0,0,0,0,0,0,0,1,0,0,1,0,1,0,0,0,0,0
genome_003239,0,0,0,0,0,0,0,0,0,0,0,0,0,0,1,0,1,0,0,0
genome_003240,0,0,0,0,0,0,0,1,1,1,0,0,0,1,1,0,1,0,1,0
genome_003241,0,1,0,0,0,0,0,0,0,0,0,0,0,0,0,0,0,0,0,0
genome_003242,0,0,0,0,0,0,0,0,0,0,0,1,0,0,0,0,0,0,0,0
genome_003243,0,1,0,0,0,0,0,1,0,0,0,0,0,0,0,0,0,0,0,0
genome_003244,0,0,0,0,0,0,1,0,0,1,0,1,0,0,1,0,1,0,0,0
genome_003245,0,0,0,0,0,0,1,1,0,0,0,0,0,0,0,0,0,1,0,0
genome_003246,1,1,0,0,0,0,0,1,0,0,0,1,0,1,0,0,0,1,0,0
genome_003247,0,0,0,0,0,0,0,0,0,0,0,0,0,0,0,0,0,0,0,0
genome_003248,0,0,0,0,0,0,0,0,0,0,0,0,0,0,1,0,0,0,0,0
genome_003249,0,0,0,0,0,0,0,0,0,0,0,0,0,0,0,0,0,0,0,0
genome_003250,0,0,0,0,0,0,0,0,0,0,0,0,0,0,1,0,0,0,0,0
genome_003251,0,0,0,0,1,1,0,0,0,0,0,0,0,0,0,1,0,0,0,0
genome_003252,0,0,0,0,0,1,1,0,0,0,1,0,0,1,0,0,1,0,0,0
genome_003253,1,1,0,0,0,1,0,0,0,0,0,0,0,0,1,1,0,1,0,0
genome_003254,0,0,0,0,0,0,0,0,0,1,0,1,0,0,0,0,1,0,0,0
genome_003255,1,0,0,0,0,0,0,0,0,0,0,0,1,0,0,0,0,0,0,0
genome_003256,0,1,0,0,0,0,0,0,0,0,0,1,0,0,0,0,0,0,0,0
genome_003257,0,0,0,0,0,1,0,1,0,0,0,0,0,0,1,0,0,0,0,0
genome_003258,0,1,0,0,0,0,0,1,0,0,0,1,0,0,0,0,0,1,0,0
genome_003259,1,0,0,0,0,1,1,0,0,0,0,0,0,0,0,1,0,0,0,0
genome_003260,0,0,0,1,0,0,0,0,0,0,0,0,1,0,0,0,0,0,1,0
genome_003261,0,0,0,1,0,1,0,1,0,1,1,0,0,0,0,1,0,0,0,1
genome_003262,0,0,0,0,0,0,0,1,0,0,0,0,1,0,0,0,0,0,0,0
genome_003263,0,0,0,0,0,0,0,0,0,0,0,0,0,0,0,0,0,0,0,0
genome_003264,1,0,0,0,0,0,0,0,0,0,0,0,0,0,0,0,1,1,0,0
genome_003265,0,0,0,0,0,0,0,1,1,0,0,0,0,0,0,0,0,1,0,0
genome_003266,0,0,0,0,0,0,0,0,0,0,0,0,0,0,0,1,0,0,1,0
genome_003267,1,1,1,1,0,0,1,0,0,0,0,1,0,0,0,0,0,0,0,0
genome_003268,1,0,0,1,1,0,0,0,0,1,0,0,0,0,0,1,0,1,0,0
genome_003269,0,0,0,0,0,0,0,0,0,0,0,0,0,0,0,0,0,0,0,0
genome_003270,0,0,0,0,0,0,0,0,0,0,0,0,0,0,0,0,0,0,0,0
genome_003271,0,1,0,0,0,0,0,0,0,0,0,0,1,0,0,0,0,0,0,0
genome_003272,0,1,0,0,1,0,0,0,1,0,0,0,1,1,0,0,0,0,0,0
genome_003273,0,0,0,0,0,0,0,0,0,0,0,0,0,0,0,0,0,0,0,0
genome_003274,0,0,0,0,0,0,0,0,0,0,0,0,0,0,1,0,0,0,0,1
genome_003275,0,0,0,0,0,0,1,0,1,1,1,0,1,0,0,0,0,0,0,0
genome_003276,0,0,0,0,0,0,0,0,0,0,0,0,0,0,1,0,0,0,0,0
genome_003277,0,0,0,1,0,1,0,0,0,0,0,0,0,0,0,0,0,0,0,0
genome_003278,0,0,0,0,0,1,0,1,1,0,1,0,0,0,0,0,0,0,0,0
genome_003279,0,0,0,0,0,0,1,0,0,0,0,0,1,0,0,0,0,0,0,0
genome_003280,0,0,0,0,0,0,0,0,0,1,0,0,0,0,1,1,0,0,0,0
genome_003281,0,0,0,1,0,0,0,1,0,0,0,0,0,0,0,1,0,1,0,0
genome_003282,1,1,0,1,1,0,0,1,0,0,1,0,0,0,0,0,0,0,0,1
genome_003283,0,0,0,0,0,0,0,0,1,0,0,0,0,0,0,0,0,0,0,0
genome_003284,0,0,0,0,0,0,0,0,0,0,0,0,0,0,0,0,0,0,0,0
genome_003285,0,0,0,0,0,0,0,0,1,0,0,0,0,0,0,0,0,0,0,0
genome_003286,0,0,0,0,0,0,0,1,1,0,0,0,0,0,0,0,0,0,0,0
genome_003287,1,0,0,0,0,0,0,1,0,0,0,0,0,0,0,0,0,0,0,0
genome_003288,0,1,1,0,0,1,0,0,0,0,0,1,0,0,0,0,0,0,1,0
genome_003289,0,0,1,1,1,0,0,0,0,0,0,1,0,0,0,1,1,1,0,1
genome_003290,0,0,0,0,0,0,0,0,0,0,0,0,0,0,0,1,0,0,0,0
genome_003291,0,0,0,0,0,0,0,0,0,0,0,0,0,0,0,0,0,0,0,0
genome_003292,0,1,0,0,1,0,0,0,0,0,0,0,1,0,0,0,0,0,0,0
genome_003293,0,0,0,0,0,1,0,0,0,0,0,0,0,1,0,0,0,0,0,0
genome_003294,0,0,0,0,0,0,0,1,0,0,0,0,0,0,0,1,0,0,0,0
genome_003295,1,1,0,0,0,0,0,0,0,1,0,0,0,1,1,0,0,0,0,0
genome_003296,0,0,0,1,0,0,0,0,0,0,0,1,0,0,0,0,0,0,0,0
genome_003297,0,0,0,0,0,0,0,0,1,0,0,0,0,0,0,0,0,0,0,0
genome_003298,0,1,0,0,0,0,0,0,1,0,0,0,0,0,0,0,0,0,0,0
genome_003299,0,0,0,0,0,0,1,0,0,0,0,0,0,0,0,0,0,0,0,0
genome_003300,0,0,0,0,0,0,0,1,1,0,0,0,1,0,1,0,1,0,0,1
genome_003301,0,0,0,0,0,0,0,0,0,0,0,0,0,0,0,0,0,1,0,0
genome_003302,0,0,0,0,0,1,0,0,0,0,0,0,0,0,0,1,0,0,0,0
genome_003303,0,1,0,0,1,0,0,0,0,0,0,0,0,0,0,0,1,0,0,0
genome_003304,0,0,0,1,0,0,0,0,0,0,1,0,0,1,0,0,0,0,0,1
genome_003305,0,0,0,1,0,0,0,0,0,1,0,0,0,0,0,0,1,1,0,0
genome_003306,0,0,0,0,0,0,0,1,0,0,0,0,0,0,0,0,0,0,0,0
genome_003307,0,0,0,0,1,0,0,0,0,0,0,0,0,0,0,1,0,0,0,0
genome_003308,1,0,0,1,0,1,0,0,0,0,0,0,0,1,0,1,0,0,1,0
genome_003309,1,0,0,1,1,0,0,0,0,0,0,0,0,0,0,1,0,0,0,1
genome_003310,0,0,0,0,0,1,0,0,1,0,0,0,0,0,0,1,0,0,0,0
genome_003311,0,0,0,0,0,0,0,0,0,0,0,0,0,0,0,0,0,0,0,0
genome_003312,0,0,0,0,0,0,0,0,0,0,0,0,0,0,0,0,0,0,0,0
genome_003313,0,0,0,0,1,1,0,0,0,0,0,0,0,0,0,0,0,0,0,0
genome_003314,0,0,0,0,0,0,0,0,0,0,1,0,0,0,0,0,0,0,0,0
genome_003315,0,1,1,0,0,0,0,0,0,0,0,0,0,0,0,0,0,1,1,0
genome_003316,0,0,0,0,0,0,1,0,0,0,0,0,1,0,0,1,0,0,0,0
genome_003317,1,0,1,0,0,0,0,0,0,1,0,1,0,0,0,0,0,0,1,0
genome_003318,0,0,0,1,0,0,0,0,0,0,0,0,0,0,0,0,0,0,0,0
genome_003319,0,0,0,0,0,0,0,0,0,0,0,0,0,0,0,0,0,0,1,0
genome_003320,0,0,0,0,0,0,0,0,0,0,0,0,0,0,0,0,0,0,0,0
genome_003321,0,0,0,0,0,0,0,0,0,0,0,0,0,0,0,0,0,0,0,1
genome_003322,1,0,0,0,0,0,0,0,0,0,0,1,0,0,0,0,0,0,0,1
genome_003323,0,0,0,0,0,0,0,0,0,1,0,1,0,1,0,1,0,0,0,1
genome_003324,0,0,0,0,0,0,0,0,0,0,0,0,0,0,0,0,0,0,0,0
genome_003325,0,0,0,0,0,0,0,0,0,0,0,0,0,0,0,0,0,0,0,0
genome_003326,0,0,0,0,0,0,0,0,0,0,0,0,0,0,0,0,0,0,1,0
genome_003327,1,0,0,1,1,0,0,0,0,0,0,1,0,0,0,0,0,0,0,1
genome_003328,0,0,0,0,0,0,0,0,1,0,0,0,0,0,0,0,0,1,0,0
genome_003329,0,1,0,0,0,0,0,0,0,0,0,0,0,0,0,0,0,0,0,0
genome_003330,0,0,0,0,1,0,1,0,1,0,0,1,0,0,0,0,0,0,0,0
genome_003331,0,0,1,0,0,0,0,1,0,0,0,1,0,0,0,0,1,1,1,0
genome_003332,0,0,0,0,0,0,0,0,0,1,0,0,0,0,0,0,0,0,0,0
genome_003333,0,0,0,0,0,0,0,0,0,0,1,0,0,0,0,1,0,0,0,0
genome_003334,0,0,0,0,0,0,0,1,0,0,0,0,0,0,0,0,0,0,0,0
genome_003335,0,0,0,0,0,1,0,1,0,0,0,0,0,0,0,1,0,0,0,0
genome_003336,0,0,1,0,0,0,0,0,0,0,0,0,0,0,0,0,0,0,0,0
genome_003337,0,0,0,0,0,1,1,0,0,0,0,0,0,0,0,0,0,0,0,1
genome_003338,0,0,0,0,0,0,0,0,0,0,0,1,1,0,1,0,0,0,1,0
genome_003339,0,0,0,0,1,0,0,0,0,1,0,0,0,0,0,1,0,0,0,0
genome_003340,0,0,1,0,0,0,0,0,0,0,0,0,0,0,0,0,0,0,0,0
genome_003341,1,0,1,0,0,0,0,0,1,0,0,0,0,0,1,0,0,0,0,0
genome_003342,0,1,0,0,0,0,1,0,0,0,0,0,0,0,0,0,0,0,0,0
genome_003343,1,0,0,0,0,0,0,0,0,0,0,0,0,0,1,0,0,0,0,0
genome_003344,0,0,0,0,1,0,0,0,0,0,1,0,0,0,1,0,1,1,0,0
genome_003345,0,0,1,1,0,0,0,0,0,0,0,0,1,0,0,1,0,0,0,0
genome_003346,0,0,0,0,0,0,1,0,0,0,0,0,0,0,0,0,0,0,0,0
genome_003347,0,0,1,0,0,0,0,0,0,0,0,0,0,0,0,0,0,0,1,0
genome_003348,0,1,0,1,0,0,0,0,0,0,0,0,1,0,0,0,0,0,0,0
genome_003349,0,0,0,0,0,0,0,0,0,1,0,0,0,0,0,0,0,0,0,1
genome_003350,0,0,1,0,0,1,0,0,1,0,0,0,1,0,0,0,0,1,0,1
genome_003351,0,0,0,0,0,1,0,0,0,0,1,0,0,0,0,0,0,0,0,0
genome_003352,1,0,0,0,0,1,1,0,0,1,0,0,0,0,0,0,0,1,0,0
genome_003353,0,0,0,0,0,0,0,0,0,1,0,0,0,1,0,0,0,1,0,0
genome_003354,0,0,0,0,0,0,0,0,0,0,0,0,0,0,0,0,0,1,0,0
genome_003355,0,0,0,0,0,0,0,0,0,0,1,0,0,0,0,0,0,0,0,0
genome_003356,0,0,0,0,0,0,0,0,1,0,0,0,0,1,0,0,0,0,0,0
genome_003357,0,1,0,1,0,0,1,0,0,1,0,1,0,0,0,0,0,0,0,0
genome_003358,0,0,0,0,0,0,0,0,0,0,1,0,1,0,1,1,0,0,0,1
genome_003359,1,0,0,0,1,0,0,0,1,1,1,0,1,0,1,1,1,1,1,0
genome_003360,0,0,1,1,0,0,1,0,0,0,0,0,0,0,0,0,0,0,0,0
genome_003361,0,0,1,0,0,0,0,0,1,0,0,0,0,0,0,0,0,0,0,0
genome_003362,0,0,0,0,0,0,0,0,0,0,0,0,0,0,0,1,0,0,0,0
genome_003363,0,0,0,0,0,0,0,0,0,0,0,0,0,0,0,0,0,0,0,0
genome_003364,0,0,0,1,0,1,0,1,0,0,0,0,1,0,0,0,0,0,0,0
genome_003365,0,0,0,1,0,0,0,0,0,0,0,0,0,0,0,1,0,0,0,1
genome_003366,0,1,0,0,0,0,0,1,0,0,1,0,0,1,0,0,1,0,0,0
genome_003367,0,0,0,0,0,0,0,0,0,0,0,0,0,0,0,0,0,0,0,0
genome_003368,0,0,1,0,0,1,0,0,0,0,0,0,1,0,0,0,0,0,0,1
genome_003369,0,0,0,0,0,0,0,0,0,1,0,0,0,1,0,0,0,0,0,0
genome_003370,1,1,0,0,0,0,0,1,0,1,0,0,0,0,0,0,0,0,1,0
genome_003371,0,0,0,0,0,0,0,0,0,0,0,0,0,0,0,0,0,0,0,1
genome_003372,0,1,0,0,0,0,0,1,0,1,0,0,0,0,0,0,0,0,0,0
genome_003373,0,0,1,0,0,0,0,0,1,0,1,0,0,1,0,1,0,1,0,0
genome_003374,0,0,0,0,0,0,0,0,0,0,0,0,0,0,0,0,0,0,0,0
genome_003375,0,0,0,0,0,0,0,0,0,0,1,0,0,0,0,0,0,0,1,0
genome_003376,0,0,0,0,0,0,0,0,0,0,0,0,0,0,0,0,0,0,0,0
genome_003377,0,0,0,0,0,0,0,0,1,0,0,0,0,1,0,0,0,0,0,0
genome_003378,0,0,1,1,0,0,0,0,0,1,0,0,0,0,0,0,0,0,0,0
genome_003379,0,0,1,1,1,0,0,0,0,0,0,0,0,0,0,0,1,0,0,0
genome_003380,0,0,0,0,0,0,0,0,1,0,0,1,0,0,0,0,0,0,0,0
genome_003381,0,0,0,0,0,0,0,0,0,0,0,0,0,0,0,0,0,0,0,0
genome_003382,0,0,0,0,0,0,0,0,0,0,0,0,0,0,0,0,0,0,0,0
genome_003383,0,1,0,0,1,0,0,1,0,1,0,0,0,0,1,0,0,0,0,1
genome_003384,0,0,0,0,0,0,0,0,1,0,0,0,0,0,0,0,0,0,0,0
genome_003385,0,1,0,0,0,1,0,0,0,0,0,1,0,0,0,0,1,0,1,0
genome_003386,0,0,0,0,0,0,0,0,0,1,0,0,0,0,0,0,1,1,0,1
genome_003387,0,1,0,0,1,0,0,0,0,0,0,0,0,0,0,0,0,0,0,0
genome_003388,0,0,0,0,0,1,0,0,0,0,0,0,0,0,0,0,0,0,0,0
genome_003389,0,0,0,0,1,1,0,0,0,0,1,0,0,0,0,0,0,0,0,0
genome_003390,0,0,0,1,0,0,0,0,0,0,0,0,0,0,0,0,0,0,0,0
genome_003391,0,0,0,0,0,0,1,0,0,0,1,0,1,0,0,1,0,0,1,0
genome_003392,0,0,0,1,0,0,0,0,0,0,0,0,0,0,1,0,0,0,0,0
genome_003393,0,0,0,0,1,0,0,0,0,0,0,1,0,0,0,0,0,0,0,0
genome_003394,0,0,0,0,0,0,0,0,1,0,0,0,1,0,0,0,0,0,0,0
genome_003395,0,0,0,0,0,0,0,0,0,0,0,0,0,0,0,0,0,0,0,0
genome_003396,0,0,0,0,0,0,0,0,0,0,1,0,0,0,0,0,0,0,0,1
genome_003397,0,0,0,0,0,0,0,0,1,0,0,0,0,0,0,0,0,0,0,0
genome_003398,0,0,0,0,0,0,0,0,0,0,1,0,0,0,0,0,0,0,0,0
genome_003399,0,0,0,0,1,1,0,0,0,0,0,0,0,0,0,1,0,0,0,0
genome_003400,0,0,0,1,0,0,0,0,1,1,1,0,0,0,1,0,0,0,0,0
genome_003401,0,0,0,0,1,1,0,0,0,0,0,0,1,0,0,0,0,0,1,0
genome_003402,0,0,0,0,0,0,0,0,0,0,0,0,0,0,0,0,0,0,0,0
genome_003403,0,0,0,0,0,0,0,0,0,0,0,1,0,0,1,0,0,1,0,0
genome_003404,0,0,0,0,1,0,0,0,1,0,0,0,0,1,0,0,0,1,0,0
genome_003405,0,1,0,0,0,0,0,0,0,0,0,0,0,0,0,1,0,0,0,0
genome_003406,0,0,0,0,0,1,1,0,0,0,0,0,1,0,0,0,1,0,0,0
genome_003407,0,1,0,0,0,1,0,0,0,0,0,0,0,1,0,0,0,0,0,0
genome_003408,0,0,0,1,0,0,0,0,0,0,1,0,0,0,0,0,0,0,1,1
genome_003409,0,0,0,0,0,0,0,1,0,0,0,0,1,0,0,0,0,0,0,0
genome_003410,0,0,0,0,0,0,0,0,0,0,0,0,0,0,1,0,0,0,0,0
genome_003411,1,1,0,0,0,0,0,0,0,0,0,0,0,1,1,0,0,1,0,0
genome_003412,0,0,0,0,0,0,0,0,0,0,0,0,0,0,0,0,0,0,0,0
genome_003413,0,0,0,0,0,0,0,1,0,1,0,0,0,0,0,0,0,0,1,0
genome_003414,0,1,1,0,0,0,0,0,0,1,0,0,0,0,0,0,0,0,0,1
genome_003415,0,0,0,0,0,1,0,0,0,0,0,0,0,0,0,0,1,0,0,0
genome_003416,0,0,0,0,0,0,0,0,1,0,0,0,0,0,0,0,0,0,0,0
genome_003417,0,0,0,0,0,0,1,0,0,1,1,0,0,0,1,0,0,0,0,0
genome_003418,0,1,0,0,0,0,0,0,1,0,0,0,0,0,0,0,0,0,0,0
genome_003419,1,1,0,1,1,1,0,0,0,0,0,0,0,0,1,0,0,0,1,0
genome_003420,0,0,0,0,0,0,1,0,0,0,0,1,0,0,0,1,0,1,0,0
genome_003421,0,0,0,0,0,0,0,0,0,0,0,1,1,0,0,0,0,0,1,0
genome_003422,0,0,0,0,0,0,0,0,0,1,0,1,1,0,0,0,1,1,1,0
genome_003423,0,0,0,0,0,0,0,0,0,0,0,0,0,0,1,0,0,0,0,0
genome_003424,0,0,0,0,1,0,1,0,0,0,0,0,0,0,0,0,0,1,0,0
genome_003425,0,0,0,0,0,0,1,0,0,0,0,0,1,0,0,0,1,0,0,0
genome_003426,0,0,0,1,0,0,1,0,0,0,0,1,0,0,0,0,0,0,1,0
genome_003427,0,0,0,0,0,0,0,0,1,0,1,0,0,0,0,0,0,0,0,0
genome_003428,0,0,0,0,0,0,0,0,0,0,0,0,0,1,0,0,1,0,1,1
genome_003429,1,1,0,0,0,0,0,0,0,0,0,0,0,1,1,0,0,1,1,0
genome_003430,0,0,0,0,0,0,0,0,0,0,0,0,0,0,0,0,0,0,0,0
genome_003431,0,0,1,0,0,0,0,0,0,0,0,0,0,0,0,0,0,0,0,0
genome_003432,0,0,0,0,0,0,0,0,0,0,0,0,0,0,0,0,0,1,0,0
genome_003433,0,0,1,0,0,1,0,0,0,0,0,0,0,0,0,0,0,1,0,0
genome_003434,0,0,0,0,0,0,0,0,0,0,0,0,0,1,1,1,1,0,0,0
genome_003435,0,0,0,0,0,1,0,1,0,0,0,0,1,1,0,0,1,1,0,0
genome_003436,1,0,0,0,0,0,1,1,0,0,0,0,0,0,0,0,0,0,0,0
genome_003437,0,0,0,0,0,0,0,0,0,0,0,0,0,0,0,0,0,0,0,0
genome_003438,0,0,0,0,0,0,0,0,0,0,0,0,0,0,0,0,0,0,0,0
genome_003439,0,0,0,0,1,0,0,0,0,0,0,0,0,1,0,0,0,0,0,0
genome_003440,0,1,0,0,0,0,0,0,0,0,0,0,1,0,0,0,0,1,0,0
genome_003441,0,0,0,0,0,0,0,0,0,0,1,0,0,0,0,0,0,0,0,1
genome_003442,0,0,0,1,0,0,0,0,0,0,1,0,0,0,0,1,0,0,0,1
genome_003443,0,0,0,1,0,0,0,0,0,0,0,0,0,0,0,0,0,0,0,0
genome_003444,0,0,0,0,0,0,0,0,0,0,1,0,0,0,0,0,0,0,0,0
genome_003445,0,0,0,0,1,0,0,0,1,0,0,0,0,0,0,0,0,0,0,0
genome_003446,0,0,0,0,0,0,0,0,0,0,1,0,1,0,0,0,0,0,0,0
genome_003447,0,0,0,0,0,0,0,0,0,0,0,0,0,0,0,0,0,0,0,0
genome_003448,0,0,0,0,0,1,0,1,0,0,0,0,1,0,0,1,0,0,0,1
genome_003449,1,1,0,0,1,0,0,1,0,0,0,0,0,0,0,1,0,0,0,1
genome_003450,0,1,0,0,0,0,0,1,0,0,0,0,0,0,1,1,0,1,0,0
genome_003451,1,0,0,0,0,0,0,0,0,0,0,0,0,1,0,0,0,0,0,0
genome_003452,0,0,0,1,0,0,0,0,0,0,0,0,0,0,1,0,0,0,0,0
genome_003453,1,0,0,0,0,0,0,0,0,1,0,0,0,0,0,0,0,0,0,0
genome_003454,1,0,0,0,0,0,0,1,0,0,0,1,0,0,0,0,0,0,0,0
genome_003455,1,0,0,0,0,0,0,0,0,0,0,0,0,0,0,1,0,0,0,1
genome_003456,0,0,0,0,0,0,0,0,0,0,0,0,1,0,0,0,0,0,0,0
genome_003457,0,0,0,0,0,0,0,1,1,0,0,1,0,0,1,0,0,0,0,0
genome_003458,0,0,0,0,0,0,0,0,0,0,0,0,0,0,0,0,0,0,0,1
genome_003459,0,0,0,0,0,0,0,0,0,0,1,0,0,0,0,0,1,0,0,0
genome_003460,0,0,0,0,1,0,0,0,0,1,0,0,1,0,0,0,0,0,0,0
genome_003461,0,0,1,0,0,0,0,1,0,1,0,0,0,0,0,0,1,0,0,0
genome_003462,0,0,0,0,0,1,0,0,0,0,0,0,0,0,0,0,0,0,0,0
genome_003463,1,0,0,0,0,0,1,0,0,0,0,0,0,0,0,0,0,0,0,1
genome_003464,0,1,0,0,0,1,0,0,0,0,0,0,0,0,1,1,0,0,0,0
genome_003465,0,0,0,0,0,0,0,0,0,1,0,0,1,0,0,0,0,0,0,0
genome_003466,0,0,0,0,0,0,1,0,0,1,0,0,1,0,0,0,0,0,0,0
genome_003467,0,0,0,1,0,0,0,1,0,0,0,0,0,0,0,0,0,0,0,1
genome_003468,0,0,0,0,0,0,1,0,0,0,0,0,1,1,0,0,0,0,0,0
genome_003469,0,0,0,0,0,0,0,0,0,0,0,0,0,0,0,0,0,0,0,0
genome_003470,0,0,0,0,0,0,0,0,1,0,0,0,0,0,0,1,0,0,0,1
genome_003471,0,0,0,1,0,0,0,1,0,0,0,0,0,0,0,0,1,1,0,1
genome_003472,0,0,0,0,0,0,0,0,0,0,0,0,0,0,0,0,0,0,0,0
genome_003473,0,0,0,0,0,0,0,0,0,0,0,0,0,0,0,0,0,0,0,0
genome_003474,0,0,0,0,0,0,1,0,0,0,0,0,0,0,1,0,0,0,0,0
genome_003475,0,0,1,0,0,0,0,1,0,0,0,1,0,0,0,0,0,0,0,0
genome_003476,0,0,0,0,0,1,0,0,0,0,0,0,0,0,1,0,1,0,0,0
genome_003477,0,1,0,1,1,0,0,0,1,0,1,0,0,0,0,1,1,0,0,0
genome_003478,0,0,0,1,0,0,0,0,0,1,0,0,0,1,0,0,0,0,0,0
genome_003479,0,0,0,0,0,1,0,1,0,0,0,0,1,0,0,0,0,0,0,0
genome_003480,0,0,0,0,0,0,0,0,0,0,0,0,0,0,0,0,0,0,0,0
genome_003481,0,0,0,0,0,0,0,0,0,1,0,0,1,0,0,0,1,0,0,1
genome_003482,0,0,1,0,0,0,0,0,0,0,0,0,0,1,0,0,0,0,0,0
genome_003483,0,0,0,0,0,0,0,0,0,0,0,0,1,0,0,0,0,0,0,0
genome_003484,0,0,0,0,0,0,0,0,0,1,0,0,0,0,0,0,0,1,0,0
genome_003485,0,1,1,0,0,0,0,1,0,0,1,0,0,1,0,1,0,1,1,0
genome_003486,0,0,0,0,0,0,0,0,0,0,0,0,0,0,0,0,0,0,1,0
genome_003487,0,1,0,1,0,0,0,0,0,0,0,0,0,0,0,0,0,1,0,1
genome_003488,0,0,0,0,0,0,0,0,0,0,0,0,1,0,0,0,0,0,0,0
genome_003489,0,1,0,0,0,0,0,0,0,0,1,0,0,0,0,0,0,0,0,0
genome_003490,0,0,0,1,0,0,0,0,0,0,0,0,1,0,1,0,0,0,1,1
genome_003491,0,1,0,0,0,0,0,1,1,0,0,0,0,0,0,0,0,0,0,1
genome_003492,0,0,0,0,0,1,0,0,0,0,0,1,0,0,0,0,0,0,0,0
genome_003493,0,0,0,0,0,0,0,0,0,0,0,0,0,0,0,0,0,0,0,0
genome_003494,0,0,0,0,1,0,0,0,0,0,0,1,0,0,0,0,0,0,1,0
genome_003495,0,0,0,0,0,0,0,0,0,0,0,0,0,0,0,0,1,1,0,0
genome_003496,1,0,0,0,0,0,1,0,0,0,0,0,0,0,0,0,0,0,0,0
genome_003497,0,0,0,1,0,0,0,0,0,0,1,0,0,0,0,0,0,0,0,0
genome_003498,1,0,0,0,0,0,0,1,0,0,0,0,0,0,0,0,0,0,0,0
genome_003499,0,0,1,0,0,0,0,0,1,1,1,0,0,1,1,0,0,0,0,0
genome_003500,0,0,1,0,0,0,0,0,0,0,0,0,0,0,0,0,0,0,0,0
genome_003501,0,0,0,0,0,0,0,0,0,0,0,0,0,0,0,0,0,0,0,0
genome_003502,0,0,1,1,0,0,0,0,1,1,0,0,0,0,0,0,0,0,1,0
genome_003503,0,0,0,1,0,0,0,0,0,0,0,1,0,0,0,0,0,0,0,0
genome_003504,0,0,1,0,1,0,0,1,0,0,0,0,0,0,0,1,0,0,0,0
genome_003505,0,0,0,0,0,0,0,0,0,0,0,0,0,1,0,0,0,1,0,0
genome_003506,0,0,0,1,0,0,1,0,1,0,0,0,0,0,0,0,0,1,0,0
genome_003507,1,0,0,0,0,0,0,0,0,1,0,0,0,0,0,0,0,0,0,0
genome_003508,0,0,0,0,0,0,0,0,1,0,0,0,0,0,0,0,0,1,0,0
genome_003509,0,0,0,0,0,0,0,0,0,0,0,0,0,0,0,0,0,0,0,0
genome_003510,0,0,0,0,0,0,1,0,0,0,1,1,0,1,0,1,0,0,0,0
genome_003511,0,0,0,0,0,0,1,0,1,1,0,0,0,0,0,1,0,0,0,0
genome_003512,0,0,0,0,0,0,0,0,0,1,0,0,0,0,0,0,0,0,1,0
genome_003513,1,0,0,1,0,0,0,0,0,0,0,1,0,0,0,0,0,1,1,0
genome_003514,0,0,1,0,0,0,0,0,1,0,0,0,0,0,0,0,0,0,0,0
genome_003515,0,1,0,0,0,0,0,0,0,0,1,0,1,0,0,0,0,0,1,0
genome_003516,0,0,0,0,0,0,0,0,0,0,0,0,0,0,0,0,0,0,0,0
genome_003517,0,0,0,0,1,0,0,0,0,0,0,0,0,0,0,1,0,0,1,0
genome_003518,0,1,0,0,0,0,0,0,0,0,0,0,0,0,0,0,0,0,0,0
genome_003519,0,1,0,0,0,1,0,0,1,0,0,0,0,1,0,1,1,0,0,0
genome_003520,0,1,0,0,0,1,0,0,0,0,0,1,1,0,0,0,0,0,0,1
genome_003521,0,0,0,0,1,0,0,0,0,0,0,0,0,0,0,0,0,0,0,0
genome_003522,0,0,0,0,0,0,0,0,0,0,0,0,0,0,0,0,0,1,0,0
genome_003523,0,0,0,0,0,1,0,0,0,0,1,0,0,0,0,1,0,0,1,0
genome_003524,0,0,0,0,0,0,0,0,1,0,0,0,0,0,0,0,0,0,0,0
genome_003525,1,0,0,0,1,1,0,0,0,1,1,0,0,0,0,0,0,0,0,0
genome_003526,0,0,0,1,0,1,0,0,1,1,0,0,1,0,0,0,0,0,1,0
genome_003527,0,0,1,0,0,0,0,1,0,0,1,1,0,0,1,0,0,0,0,0
genome_003528,0,0,0,0,0,0,0,0,0,0,0,0,0,0,0,0,0,0,0,0
genome_003529,0,0,0,1,0,0,0,0,0,0,0,0,0,0,0,0,0,0,0,0
genome_003530,0,1,0,0,0,0,0,0,0,0,1,0,0,0,0,0,0,0,0,0
genome_003531,0,1,0,0,0,0,0,0,0,0,0,0,0,0,0,0,1,0,0,0
genome_003532,0,0,0,0,0,1,0,0,0,0,0,0,0,0,0,1,0,0,0,0
genome_003533,1,0,0,0,0,0,1,0,1,0,0,0,1,0,1,0,0,1,0,0
genome_003534,0,0,1,0,0,0,1,0,0,0,0,0,0,0,0,0,1,0,0,0
genome_003535,0,0,0,0,0,0,0,0,0,0,0,0,0,0,0,0,0,0,0,0
genome_003536,0,0,0,0,0,0,0,0,0,0,1,0,0,0,0,0,1,0,0,0
genome_003537,0,0,0,0,0,1,0,0,0,0,0,0,0,0,0,0,0,0,0,1
genome_003538,0,0,0,0,0,0,0,0,0,0,0,0,0,1,0,0,0,0,0,1
genome_003539,0,0,0,0,0,0,0,0,1,0,0,0,0,0,0,0,0,0,0,0
genome_003540,0,0,0,0,0,1,0,0,0,1,0,0,0,0,0,0,0,1,1,0
genome_003541,0,0,0,1,1,0,0,0,0,1,0,0,0,0,0,0,1,0,1,0
genome_003542,0,0,0,0,0,0,0,0,0,0,0,0,0,0,0,0,0,0,0,0
genome_003543,0,1,0,0,0,0,0,0,0,0,1,0,0,0,0,0,0,0,0,0
genome_003544,0,0,1,0,0,0,1,0,0,0,1,0,0,0,0,0,1,0,0,0
genome_003545,1,0,0,0,0,0,0,0,0,0,0,0,0,0,0,0,0,0,1,0
genome_003546,1,1,0,0,0,0,0,0,0,0,0,1,0,0,1,0,0,0,0,0
genome_003547,0,0,1,1,0,0,0,0,0,0,0,1,0,0,0,0,0,0,0,1
genome_003548,0,0,1,0,0,0,0,0,0,0,1,0,0,0,0,0,0,0,0,0
genome_003549,0,0,0,0,0,0,0,0,0,0,0,0,0,0,0,0,0,0,0,0
genome_003550,0,0,0,0,0,0,0,0,0,0,0,0,0,0,0,0,0,1,0,0
genome_003551,0,0,0,0,0,0,0,0,0,0,0,1,1,0,1,0,0,1,0,1
genome_003552,1,0,0,0,0,0,0,0,0,1,0,0,0,0,0,0,0,0,0,0
genome_003553,0,0,0,1,0,0,0,0,0,0,0,0,1,1,0,0,0,0,1,0
genome_003554,1,0,1,0,0,0,0,0,1,0,0,0,0,1,1,1,1,1,1,0
genome_003555,1,0,0,1,0,1,0,0,0,0,0,0,0,0,0,1,1,0,0,0
genome_003556,0,0,0,1,0,0,0,0,0,0,0,0,0,0,0,0,0,0,1,0
genome_003557,0,0,0,0,0,0,0,0,0,0,0,0,1,0,0,0,0,0,0,0
genome_003558,0,0,0,0,0,0,0,0,0,0,1,0,0,0,0,0,0,0,0,0
genome_003559,0,0,0,1,0,0,0,0,1,1,0,0,1,0,1,1,0,0,0,0
genome_003560,1,0,0,0,1,1,0,0,0,0,1,0,1,1,0,0,0,0,0,0
genome_003561,0,0,1,0,0,0,1,0,0,0,0,0,0,0,0,0,1,0,0,0
genome_003562,0,0,0,0,0,0,0,0,0,0,0,0,0,0,0,1,0,1,0,0
genome_003563,0,0,0,0,0,0,0,0,0,0,0,0,0,0,0,0,1,0,0,0
genome_003564,0,0,0,0,0,0,0,0,0,0,0,0,0,0,0,0,0,0,0,0
genome_003565,0,0,0,0,0,0,1,0,0,0,0,0,0,0,0,0,0,0,0,0
genome_003566,0,0,0,0,0,0,0,0,0,0,1,0,0,0,0,0,0,0,0,0
genome_003567,1,1,0,0,1,0,0,1,0,0,1,0,0,1,0,0,0,0,0,0
genome_003568,0,0,1,0,1,0,0,0,0,0,0,0,0,0,1,0,0,0,0,0
genome_003569,0,0,0,0,1,0,0,0,0,1,0,1,0,1,0,0,0,1,0,0
genome_003570,0,1,0,0,0,0,0,0,0,0,0,0,0,0,0,0,0,0,0,0
genome_003571,0,0,0,0,0,0,0,0,0,0,0,0,0,0,0,0,0,1,0,1
genome_003572,0,0,0,0,0,0,0,0,0,0,0,0,0,0,0,0,0,0,0,0
genome_003573,0,0,0,0,1,0,1,0,0,0,0,0,0,1,1,0,0,1,0,0
genome_003574,0,0,0,0,0,0,0,0,0,0,0,0,1,0,0,1,0,0,0,0
genome_003575,0,0,0,0,0,0,0,1,0,0,0,0,0,0,0,1,0,0,0,1
genome_003576,0,0,0,1,0,1,1,1,1,0,0,0,0,0,0,0,0,0,0,0
genome_003577,1,0,0,0,0,0,0,0,0,1,0,0,0,0,0,0,0,0,0,0
genome_003578,0,0,0,0,0,0,0,0,0,0,0,1,0,0,1,0,0,0,0,0
genome_003579,0,0,0,0,0,0,0,0,0,0,0,1,0,0,0,1,0,0,0,0
genome_003580,0,0,0,0,0,0,0,0,0,0,0,0,1,0,0,0,0,0,0,1
genome_003581,0,1,0,0,0,0,0,0,1,0,1,0,0,0,0,0,1,0,0,0
genome_003582,0,0,1,0,0,0,0,0,1,0,1,0,0,0,0,1,0,1,0,0
genome_003583,0,0,0,0,0,0,0,0,0,0,1,1,1,0,0,0,0,0,0,1
genome_003584,0,0,0,0,0,0,0,0,0,0,0,0,0,0,0,0,0,0,0,0
genome_003585,0,0,0,0,0,0,0,0,0,0,0,0,0,0,0,0,0,0,0,0
genome_003586,0,0,0,0,0,0,0,0,1,0,0,0,0,0,0,0,0,0,0,0
genome_003587,0,0,1,0,0,0,1,0,0,0,0,0,0,0,0,0,0,0,0,0
genome_003588,0,0,0,0,0,0,0,0,0,0,1,0,0,1,0,0,0,0,0,0
genome_003589,0,0,0,0,1,0,0,0,0,0,1,0,0,0,0,0,1,0,0,0
genome_003590,0,0,0,0,0,1,0,0,1,0,0,0,0,0,0,0,0,1,0,0
genome_003591,0,0,0,0,0,0,0,0,0,0,0,0,1,0,0,0,0,1,0,0
genome_003592,0,0,0,1,0,0,0,0,0,0,0,0,1,0,0,0,0,0,0,0
genome_003593,1,0,0,0,0,0,0,0,0,0,0,1,0,0,0,0,0,0,0,0
genome_003594,0,0,0,0,0,0,0,0,0,1,0,0,0,0,0,0,0,0,0,0
genome_003595,1,0,0,0,0,0,0,0,0,0,0,0,0,1,0,0,1,0,0,0
genome_003596,1,0,0,0,0,1,0,0,1,0,0,0,1,1,1,0,1,0,0,1
genome_003597,1,1,0,1,0,0,0,0,0,1,0,0,0,0,1,0,1,0,0,0
genome_003598,0,0,0,0,0,0,0,0,0,0,0,0,0,0,0,0,0,0,0,0
genome_003599,0,0,0,0,1,0,0,0,0,0,1,0,0,0,0,0,0,0,0,0
genome_003600,0,0,1,0,0,0,0,1,0,0,0,0,0,1,0,0,0,0,0,0
genome_003601,0,0,0,0,0,0,0,0,0,1,1,1,0,1,0,0,0,0,0,0
genome_003602,0,0,0,0,0,0,0,0,0,0,0,0,0,0,0,1,1,0,0,1
genome_003603,0,0,0,1,1,0,0,0,0,0,0,0,0,0,0,0,0,0,0,0
genome_003604,0,1,0,1,0,0,1,0,1,0,0,0,0,0,0,0,0,0,0,0
genome_003605,0,0,0,0,0,0,0,0,0,0,0,0,0,0,0,0,0,0,0,0
genome_003606,0,0,0,1,0,0,1,0,0,0,0,0,0,0,0,0,0,0,0,0
genome_003607,0,0,0,1,0,0,0,0,0,1,0,0,0,0,0,0,0,0,1,0
genome_003608,0,0,0,0,0,0,0,0,1,0,0,0,0,0,0,0,0,0,0,0
genome_003609,0,0,0,1,0,0,0,1,0,0,0,0,1,0,0,0,0,0,1,0
genome_003610,1,0,0,0,0,0,0,1,1,1,1,0,1,1,0,0,1,0,0,0
genome_003611,0,0,0,0,0,1,0,0,0,0,0,0,0,1,0,1,0,1,1,1
genome_003612,0,0,0,0,0,0,1,0,0,0,0,0,0,0,0,0,0,0,0,0
genome_003613,0,0,0,0,0,0,1,0,0,0,0,0,0,0,0,0,0,0,0,0
genome_003614,0,0,0,0,0,0,0,0,1,0,0,0,1,0,0,0,0,0,1,0
genome_003615,0,0,0,1,0,0,0,0,0,0,0,0,0,0,0,0,0,0,0,0
genome_003616,1,0,1,0,0,1,0,0,0,0,0,0,1,0,0,0,0,0,0,0
genome_003617,0,0,0,0,0,1,1,0,0,0,0,0,0,0,0,0,0,0,0,0
genome_003618,0,0,0,0,1,0,0,0,1,1,0,0,0,0,0,0,1,0,0,1
genome_003619,0,1,0,0,1,0,0,0,0,0,1,1,0,0,0,0,0,0,0,0
genome_003620,0,0,1,0,0,0,0,0,0,0,0,0,0,0,0,0,0,0,0,0
genome_003621,0,0,0,0,0,0,1,0,0,0,0,0,0,0,0,0,0,0,0,0
genome_003622,1,0,0,0,0,0,0,0,0,0,0,0,1,0,0,0,0,0,0,1
genome_003623,1,0,0,1,1,1,0,0,0,0,0,1,0,1,0,0,0,0,0,1
genome_003624,0,1,0,1,0,0,0,0,0,0,0,1,0,0,0,0,0,1,1,0
genome_003625,0,0,0,0,0,0,0,0,0,1,0,0,0,1,0,0,0,0,0,1
genome_003626,0,0,0,0,0,0,0,0,0,0,0,0,0,0,0,0,0,0,0,0
genome_003627,0,0,0,0,0,0,0,0,1,0,0,0,0,0,0,0,0,0,0,0
genome_003628,0,0,0,0,1,0,0,0,0,0,0,0,0,0,0,0,0,0,0,0
genome_003629,0,0,0,0,0,0,0,1,0,0,0,0,0,0,0,0,0,0,0,0
genome_003630,0,1,0,1,0,1,0,0,0,0,1,0,0,0,0,0,0,0,1,0
genome_003631,0,0,0,0,0,0,0,0,0,0,0,1,1,0,0,0,0,0,1,0
genome_003632,0,0,0,0,0,0,0,0,0,1,0,0,0,0,1,0,0,1,0,0
genome_003633,0,1,0,1,0,0,0,0,0,0,0,0,0,0,0,0,0,0,0,0
genome_003634,0,0,1,0,0,0,0,0,0,0,0,0,1,0,0,0,0,0,0,0
genome_003635,0,0,0,0,0,0,0,0,0,0,0,1,1,0,0,0,0,0,0,0
genome_003636,0,0,0,0,0,0,1,0,0,0,0,1,0,0,1,0,0,0,0,0
genome_003637,0,0,0,1,0,0,0,0,0,0,0,1,0,0,0,0,0,1,1,1
genome_003638,1,0,0,1,0,0,0,1,0,0,0,1,0,1,0,0,0,1,0,0
genome_003639,0,1,1,0,0,1,0,1,0,0,1,0,0,0,0,0,0,1,1,1
genome_003640,0,0,0,0,0,0,0,0,0,0,0,0,0,0,0,0,0,0,0,0
genome_003641,0,0,0,0,1,1,0,1,0,0,0,0,0,0,0,0,0,0,0,0
genome_003642,0,0,1,0,1,0,0,0,0,0,0,0,0,1,0,0,0,0,0,1
genome_003643,0,0,0,0,0,0,0,0,0,0,0,0,0,1,0,0,0,0,0,0
genome_003644,0,1,0,0,0,1,0,0,0,0,0,0,0,0,0,0,1,0,0,0
genome_003645,0,1,1,0,0,0,0,0,1,0,0,0,0,0,0,0,0,0,0,1
genome_003646,0,0,0,1,0,0,0,1,1,0,0,0,0,0,1,0,0,1,1,0
genome_003647,0,0,0,0,0,0,0,0,0,0,0,0,0,0,0,0,1,0,0,0
genome_003648,0,0,0,0,0,0,0,0,0,0,0,0,0,0,0,0,0,1,0,0
genome_003649,0,0,1,0,0,0,0,0,0,0,0,0,0,1,1,0,0,0,0,0
genome_003650,0,0,1,1,0,0,0,0,0,0,0,0,0,0,0,1,0,0,0,0
genome_003651,0,0,0,1,0,1,0,0,1,0,0,0,0,0,0,1,0,1,0,0
genome_003652,0,0,1,0,1,0,0,0,0,1,0,0,0,0,0,0,0,0,0,0
genome_003653,0,0,1,0,0,0,0,0,0,0,0,0,0,1,0,1,0,1,0,0
genome_003654,0,0,0,0,0,0,0,0,0,0,0,0,0,0,0,0,0,0,0,0
genome_003655,0,0,1,0,0,1,0,0,0,0,0,0,0,0,0,0,0,0,0,0
genome_003656,0,0,0,0,1,0,0,0,0,0,0,0,0,0,1,0,0,0,0,0
genome_003657,0,0,0,0,0,0,0,0,0,0,1,1,0,0,0,0,0,1,0,0
genome_003658,0,1,0,0,0,0,1,0,0,0,0,0,0,0,0,0,1,0,1,0
genome_003659,0,0,1,0,0,0,0,0,0,0,0,0,0,0,0,0,0,1,1,0
genome_003660,0,0,0,0,0,0,0,0,0,0,0,1,0,0,0,0,0,0,0,0
genome_003661,0,0,0,0,0,0,0,0,0,0,0,0,0,0,0,0,0,0,0,0
genome_003662,0,0,0,0,0,0,0,0,0,0,0,1,0,0,0,0,0,0,0,0
genome_003663,0,0,1,0,1,1,0,0,0,0,0,0,0,0,0,0,0,0,0,0
genome_003664,0,0,0,0,0,0,0,0,0,0,0,0,0,0,0,0,0,0,0,1
genome_003665,0,1,0,0,0,0,0,0,1,0,0,0,1,0,0,0,0,0,0,0
genome_003666,0,0,1,0,0,0,0,1,0,1,0,0,0,0,0,0,0,0,0,0
genome_003667,1,1,0,0,0,0,0,0,1,0,1,0,0,0,0,0,0,0,0,0
genome_003668,0,0,0,1,0,1,0,0,0,0,0,0,0,0,0,0,0,0,0,0
genome_003669,0,0,0,0,0,0,0,0,0,0,0,0,0,0,0,0,0,0,0,0
genome_003670,0,0,0,1,0,1,0,0,0,1,0,0,0,0,0,0,0,0,1,0
genome_003671,0,0,0,0,1,0,0,0,0,0,0,1,0,0,0,0,0,0,0,1
genome_003672,1,0,0,0,0,1,0,0,1,1,0,1,0,0,0,0,0,0,0,0
genome_003673,0,0,0,0,0,0,1,1,0,0,0,0,0,0,0,0,1,0,1,0
genome_003674,0,0,0,0,0,1,0,0,1,0,0,0,1,0,0,0,0,0,0,0
genome_003675,0,0,0,0,0,0,0,1,0,0,0,0,0,0,0,0,0,1,0,0
genome_003676,0,0,0,0,0,0,0,0,0,0,0,0,0,0,1,0,0,1,0,0
genome_003677,0,0,0,0,0,1,0,0,0,0,0,0,0,0,0,0,0,0,0,0
genome_003678,0,0,0,0,0,0,0,0,0,0,0,0,0,0,1,0,0,0,1,0
genome_003679,0,0,0,0,0,1,0,0,0,0,0,0,1,0,0,0,0,0,0,0
genome_003680,1,0,0,0,0,0,1,0,0,0,0,0,0,0,0,0,0,0,0,0
genome_003681,0,0,0,0,0,0,1,0,0,0,1,0,0,1,0,0,0,1,0,0
genome_003682,0,0,0,0,0,0,0,0,0,0,0,0,0,0,0,0,0,0,1,0
genome_003683,0,0,0,0,0,0,0,0,0,0,0,0,0,0,1,1,0,0,0,0
genome_003684,0,0,0,0,0,0,1,0,0,0,0,0,0,0,0,0,0,0,0,0
genome_003685,0,0,0,0,0,0,0,0,0,0,0,1,1,0,0,0,0,0,0,1
genome_003686,0,0,0,0,0,0,0,0,0,0,0,0,0,1,0,0,0,0,0,0
genome_003687,0,0,0,0,0,1,0,0,1,1,0,0,0,0,0,0,0,0,0,1
genome_003688,0,0,0,0,0,0,0,0,0,0,0,0,0,0,1,0,0,1,0,0
genome_003689,0,0,0,0,0,0,0,0,0,0,0,0,1,0,0,0,0,0,0,0
genome_003690,0,0,0,0,0,0,0,0,0,0,0,0,0,0,0,0,0,0,0,0
genome_003691,0,0,0,0,1,1,0,0,0,0,1,1,0,1,0,1,0,0,1,0
genome_003692,0,0,0,0,1,0,1,0,0,0,0,0,0,0,0,0,1,0,0,0
genome_003693,0,0,0,0,0,0,1,0,1,0,1,0,0,0,0,1,0,0,0,0
genome_003694,0,0,0,0,0,1,0,0,0,0,0,0,0,0,1,0,0,0,0,0
genome_003695,0,1,0,0,0,0,0,0,0,0,0,0,0,0,1,0,1,0,1,0
genome_003696,1,0,0,0,0,0,0,0,0,0,0,0,0,0,0,0,0,0,0,0
genome_003697,1,0,1,0,0,0,0,0,0,0,0,0,0,0,0,0,0,0,1,0
genome_003698,0,0,0,0,0,0,0,0,0,0,0,0,0,0,0,1,0,0,0,0
genome_003699,0,0,0,0,0,0,0,0,0,0,0,0,0,0,0,0,0,0,0,0
genome_003700,0,0,0,0,0,0,0,0,0,0,1,0,0,0,0,0,0,0,0,0
genome_003701,0,1,0,0,0,0,1,1,0,0,0,0,0,0,0,0,0,0,0,0
genome_003702,0,1,0,1,1,0,0,0,1,0,0,1,0,0,1,0,0,0,0,0
genome_003703,0,0,1,0,1,0,0,0,0,0,0,0,0,0,0,0,0,0,0,1
genome_003704,0,0,0,0,0,0,0,0,0,1,0,0,0,0,0,0,0,0,0,0
genome_003705,0,0,1,1,0,0,0,1,0,0,0,0,0,0,0,0,0,0,0,0
genome_003706,0,1,0,0,0,0,0,0,0,1,0,1,0,0,0,0,0,0,0,0
genome_003707,0,0,0,1,0,0,0,0,0,0,1,1,0,1,0,0,0,0,1,1
genome_003708,0,0,1,0,0,0,0,0,0,0,0,1,0,0,0,0,0,1,0,0
genome_003709,0,0,0,0,0,0,0,0,0,0,1,0,1,1,0,1,1,0,0,1
genome_003710,0,0,1,0,0,1,0,0,0,0,0,0,0,0,0,0,0,0,0,0
genome_003711,0,0,1,0,0,0,0,0,0,0,0,0,0,0,1,0,0,0,0,1
genome_003712,0,0,0,1,0,0,0,0,0,0,0,0,0,0,0,0,0,0,0,0
genome_003713,0,0,1,0,0,0,0,0,0,0,0,0,0,0,0,0,0,0,0,0
genome_003714,0,0,0,0,1,0,1,0,0,0,0,0,0,0,0,1,0,0,0,0
genome_003715,0,1,1,0,0,0,0,0,0,0,0,0,0,0,0,0,1,0,0,0
genome_003716,0,0,0,0,0,0,0,0,0,0,1,0,0,0,0,0,0,1,1,1
genome_003717,0,0,0,0,0,0,0,0,0,0,0,0,0,0,0,0,0,0,0,0
genome_003718,0,0,0,0,0,0,0,0,0,0,0,0,1,0,0,0,0,0,0,0
genome_003719,1,1,0,0,0,0,0,0,0,0,0,0,0,0,0,0,0,0,0,0
genome_003720,0,0,0,0,0,0,0,0,0,0,0,0,0,0,0,0,0,0,0,0
genome_003721,0,0,0,0,0,0,0,0,0,0,0,1,0,0,0,1,0,0,0,0
genome_003722,0,0,1,0,0,0,0,0,0,0,0,0,0,0,0,0,0,0,1,0
genome_003723,0,0,0,0,1,0,0,0,1,0,0,0,0,0,0,0,0,0,0,1
genome_003724,0,0,0,0,0,0,0,0,0,0,0,0,0,0,0,0,0,1,0,0
genome_003725,0,0,0,0,0,0,0,0,0,0,1,0,0,0,0,0,0,0,0,0
genome_003726,0,0,1,0,0,0,0,0,1,0,0,0,0,0,0,0,1,0,0,0
genome_003727,0,0,0,0,0,0,0,0,0,0,1,0,0,0,0,0,0,0,0,0
genome_003728,0,0,0,1,0,1,1,1,0,0,0,0,0,0,0,0,0,0,0,0
genome_003729,0,0,0,0,0,0,0,0,0,0,0,0,0,0,0,1,0,0,0,0
genome_003730,0,0,0,1,0,0,0,0,0,0,1,0,0,1,0,0,0,1,0,0
genome_003731,0,1,0,0,0,0,0,0,0,0,0,0,0,0,0,0,0,0,0,0
genome_003732,0,0,0,1,0,0,0,0,0,0,0,0,0,0,0,0,1,0,0,0
genome_003733,0,0,0,0,0,1,1,0,0,0,0,0,0,0,1,0,0,0,0,1
genome_003734,1,0,0,0,1,0,0,0,1,0,0,0,0,0,0,0,0,0,0,1
genome_003735,0,0,0,0,1,0,0,0,0,1,0,1,1,0,0,0,0,1,0,0
genome_003736,0,0,0,0,0,0,0,0,0,0,0,1,0,0,0,1,0,0,0,0
genome_003737,0,0,0,0,1,0,0,0,0,1,0,0,0,0,0,0,1,0,0,0
genome_003738,0,0,0,0,0,0,0,0,0,0,0,1,0,0,0,0,0,0,0,0
genome_003739,0,0,0,0,0,1,0,0,0,0,0,0,0,0,0,0,0,0,0,0
genome_003740,0,0,0,1,0,0,1,0,0,0,0,0,0,0,0,0,0,0,0,0
genome_003741,0,0,0,0,0,1,0,1,0,1,0,0,0,0,0,0,0,0,0,1
genome_003742,1,0,0,0,1,0,1,1,0,0,0,1,0,0,0,1,0,0,0,1
genome_003743,0,0,0,0,0,0,0,1,1,0,1,0,1,0,0,0,0,1,0,1
genome_003744,0,1,0,0,1,0,1,0,0,0,1,0,1,0,0,1,0,0,0,0
genome_003745,0,0,0,0,0,0,0,0,0,0,0,0,0,0,0,0,0,0,0,0
genome_003746,0,0,0,0,0,0,0,0,0,0,0,0,0,1,0,0,0,0,0,0
genome_003747,0,0,0,0,0,0,0,0,0,0,0,0,1,0,0,0,0,0,1,0
genome_003748,0,0,0,0,0,0,0,0,0,0,0,0,1,0,1,0,0,0,0,0
genome_003749,0,0,0,0,0,0,0,1,0,0,1,1,0,0,0,0,0,0,0,0
genome_003750,0,0,0,1,1,0,0,0,1,0,0,0,1,0,1,0,0,0,0,1
genome_003751,0,0,1,0,0,0,0,1,0,0,0,0,1,0,1,0,0,0,1,1
genome_003752,0,1,0,0,0,0,0,0,0,0,0,0,0,0,0,0,0,0,0,0
genome_003753,0,0,0,0,0,1,0,0,0,0,0,0,0,0,0,1,0,0,0,0
genome_003754,0,0,0,0,0,1,0,1,0,0,0,1,0,0,0,1,0,0,0,1
genome_003755,0,0,0,0,0,0,0,0,0,0,0,0,0,0,0,0,0,0,0,0
genome_003756,0,0,0,0,0,0,0,0,0,0,0,0,0,0,0,0,1,0,0,0
genome_003757,0,1,0,1,0,1,0,0,1,1,0,0,0,1,0,0,1,0,0,0
genome_003758,0,1,0,0,1,0,0,0,0,0,0,1,0,0,0,0,0,1,0,0
genome_003759,0,1,0,0,0,0,0,1,0,0,1,0,0,0,0,0,0,0,0,0
genome_003760,0,0,0,0,0,0,0,0,0,0,0,0,1,0,0,0,0,0,0,0
genome_003761,0,1,0,0,0,0,0,0,0,1,0,0,0,0,0,0,0,0,0,0
genome_003762,0,0,0,0,0,0,0,0,0,0,0,0,1,0,0,0,0,0,0,0
genome_003763,0,1,0,0,0,1,0,1,0,0,0,0,0,0,0,0,0,0,0,0
genome_003764,0,0,0,0,0,0,0,0,1,0,0,0,0,0,0,0,0,1,0,1
genome_003765,0,0,1,0,1,0,0,0,0,0,0,0,0,1,1,0,1,0,0,0
genome_003766,0,0,0,0,0,0,0,0,0,0,0,0,0,0,0,0,0,0,0,0
genome_003767,1,0,0,0,1,0,1,0,1,0,1,0,0,0,0,0,1,0,0,0
genome_003768,0,0,1,0,0,0,0,0,0,0,0,0,0,0,0,0,0,0,0,0
genome_003769,0,0,0,0,0,0,0,0,0,0,0,0,0,0,0,0,0,1,0,0
genome_003770,0,0,0,0,0,1,0,1,0,1,0,1,0,0,0,0,0,0,0,1
genome_003771,0,0,0,1,0,0,0,0,1,0,0,0,1,1,0,0,1,0,0,0
genome_003772,0,0,0,0,0,1,0,0,0,0,0,0,0,1,0,0,0,1,0,0
genome_003773,0,0,0,0,0,0,0,0,0,0,0,0,0,0,0,0,0,0,0,0
genome_003774,0,0,0,0,0,0,0,0,0,0,0,0,0,0,0,0,0,0,0,1
genome_003775,0,0,0,0,0,0,0,0,0,0,0,0,0,0,1,1,0,0,0,0
genome_003776,0,0,0,0,0,1,0,0,0,0,0,0,0,0,0,0,1,0,0,0
genome_003777,0,0,0,0,0,0,0,0,0,0,1,0,0,0,0,0,1,0,0,0
genome_003778,0,0,1,0,0,0,0,0,0,0,0,0,0,0,0,1,0,0,1,0
genome_003779,1,0,0,0,0,0,0,0,0,1,0,0,1,0,1,0,0,0,0,0
genome_003780,0,1,0,0,0,0,0,0,0,0,1,1,0,0,0,0,0,0,0,0
genome_003781,0,0,0,0,0,0,0,0,0,1,0,0,0,0,0,0,0,0,0,0
genome_003782,0,0,0,0,0,1,0,0,0,0,0,0,0,0,0,0,0,0,0,0
genome_003783,0,1,0,0,0,0,0,1,0,0,0,0,1,0,0,0,0,0,0,0
genome_003784,0,0,0,0,1,0,0,0,0,0,0,0,0,0,1,0,0,1,1,1
genome_003785,0,0,0,0,0,1,0,0,0,1,0,0,0,0,1,1,1,1,0,1
genome_003786,0,0,1,1,0,1,1,0,0,0,0,1,0,0,0,0,0,0,0,0
genome_003787,0,1,0,0,1,0,0,0,0,0,0,0,0,0,0,0,1,0,0,0
genome_003788,0,0,0,1,0,0,0,0,0,0,0,0,0,0,0,0,0,0,0,0
genome_003789,0,0,0,0,0,0,0,0,0,0,0,0,0,1,0,1,0,0,0,0
genome_003790,0,0,0,0,0,1,0,0,0,0,0,0,0,0,0,0,0,1,0,0
genome_003791,0,0,0,0,1,1,1,0,0,0,0,0,0,0,1,1,0,0,0,0
genome_003792,0,0,0,0,0,0,0,0,1,0,0,1,0,0,1,0,0,1,0,0
genome_003793,1,0,0,0,1,0,0,0,1,0,0,0,0,0,0,1,0,0,0,0
genome_003794,0,0,1,0,0,0,0,0,0,0,0,0,0,0,0,0,0,0,0,0
genome_003795,0,0,0,0,0,0,0,0,0,0,0,0,0,0,0,0,0,1,0,0
genome_003796,0,0,0,0,0,0,0,0,0,0,1,0,0,0,0,0,0,0,0,0
genome_003797,0,0,0,0,0,0,1,0,0,0,0,0,0,0,0,1,0,0,0,0
genome_003798,0,0,0,1,0,0,0,0,0,0,1,1,0,0,0,0,0,1,1,0
genome_003799,1,0,0,0,0,0,0,0,1,0,0,0,0,0,1,0,0,0,0,0
genome_003800,0,0,0,0,0,0,0,0,0,0,0,0,0,1,0,0,0,0,0,0
genome_003801,0,0,0,0,0,0,0,0,0,0,0,0,0,0,0,0,0,0,0,0
genome_003802,0,0,0,0,0,0,0,0,0,0,0,0,0,0,0,0,0,0,0,0
genome_003803,0,0,0,0,0,0,0,0,0,0,1,0,0,0,1,1,0,0,0,0
genome_003804,0,1,1,0,0,0,0,0,0,0,0,0,1,0,0,0,0,0,1,0
genome_003805,1,0,0,0,1,0,0,0,0,0,1,0,0,0,0,0,0,0,0,1
genome_003806,0,1,0,0,0,0,0,1,0,0,0,0,0,0,0,0,0,1,0,0
genome_003807,0,0,0,0,0,0,0,0,0,1,0,0,0,0,0,1,0,0,0,0
genome_003808,0,0,0,0,0,0,0,0,0,0,0,0,0,0,0,0,0,0,0,0
genome_003809,0,1,0,0,0,0,0,0,0,0,0,0,0,0,0,0,0,0,0,0
genome_003810,0,0,0,0,0,0,0,1,0,0,0,0,0,0,0,0,0,0,0,0
genome_003811,0,0,1,0,0,1,0,0,0,1,1,1,0,0,0,0,0,0,1,0
genome_003812,0,0,0,0,0,0,0,0,0,0,0,0,0,0,0,0,0,0,0,0
genome_003813,0,0,0,0,0,0,1,0,0,0,0,0,0,0,0,1,0,0,0,0
genome_003814,0,0,0,0,0,1,0,1,0,1,1,0,1,0,1,0,1,0,0,0
genome_003815,0,0,1,0,0,0,0,0,0,0,0,0,0,0,0,0,0,0,0,0
genome_003816,0,0,0,0,0,1,0,0,0,0,0,0,0,0,0,0,0,0,0,0
genome_003817,0,0,0,0,0,0,0,0,0,0,0,0,0,0,1,0,0,1,0,1
genome_003818,1,0,0,0,0,1,0,0,0,0,0,0,0,0,0,1,0,0,0,0
genome_003819,0,0,0,1,0,0,0,0,0,0,0,1,1,0,0,0,0,1,0,1
genome_003820,0,0,0,1,0,0,0,0,1,0,0,0,0,0,0,0,0,0,0,0
genome_003821,0,0,0,0,0,1,0,0,0,0,0,0,1,0,0,0,0,0,1,0
genome_003822,0,0,0,0,0,0,0,0,0,0,0,0,0,0,0,0,0,0,0,0
genome_003823,0,0,0,0,0,0,0,0,0,0,0,0,0,0,0,0,0,0,0,0
genome_003824,0,0,0,0,0,0,0,0,0,0,1,0,0,0,0,0,0,1,0,0
genome_003825,0,1,0,0,0,0,0,0,0,0,0,0,0,0,0,0,0,0,1,0
genome_003826,0,0,0,0,0,0,1,0,0,0,0,0,0,0,0,1,0,0,0,0
genome_003827,0,0,0,0,0,0,1,1,0,1,0,0,1,0,1,0,0,0,0,0
genome_003828,0,0,0,0,0,0,0,0,0,0,0,0,0,0,0,0,1,0,1,0
genome_003829,0,0,0,0,0,0,0,1,0,0,1,0,0,0,0,0,0,0,0,0
genome_003830,0,0,0,0,0,0,0,0,0,0,0,0,0,0,0,0,0,0,0,0
genome_003831,0,0,0,0,0,0,0,0,1,0,0,0,0,0,0,0,0,0,1,1
genome_003832,0,1,0,0,0,0,1,0,0,0,0,0,1,0,0,0,0,0,0,0
genome_003833,0,1,0,0,1,1,0,0,0,0,0,0,1,0,0,0,0,0,0,0
genome_003834,0,0,0,0,1,0,0,0,0,0,0,0,0,0,0,0,0,0,0,0
genome_003835,0,0,0,0,0,1,0,0,1,0,0,0,0,1,0,0,0,0,0,0
genome_003836,0,0,0,0,0,0,0,0,0,0,0,0,0,0,0,0,0,0,0,0
genome_003837,0,0,1,1,0,0,0,0,1,0,0,0,0,0,0,0,0,0,0,0
genome_003838,0,0,0,0,0,0,1,0,0,0,1,0,0,0,0,0,1,0,0,0
genome_003839,0,0,0,1,0,0,0,0,0,0,0,0,0,1,0,0,0,0,0,0
genome_003840,1,0,0,0,1,0,0,0,1,0,0,0,0,0,0,0,0,0,0,0
genome_003841,0,0,0,0,0,0,0,0,0,0,0,0,0,0,0,1,0,1,0,0
genome_003842,0,0,0,1,0,0,1,0,0,1,0,0,0,0,0,0,0,0,0,0
genome_003843,0,0,0,1,0,0,0,0,0,0,0,0,0,0,0,0,0,0,0,0
genome_003844,1,0,0,0,0,0,0,0,0,0,0,0,0,0,1,0,0,0,0,0
genome_003845,0,0,0,0,0,0,0,1,0,0,0,0,0,0,0,0,0,0,0,0
genome_003846,0,0,0,0,0,0,0,0,0,0,1,0,0,0,0,0,0,0,0,0
genome_003847,0,0,0,0,0,0,0,0,0,0,0,1,0,0,0,0,1,0,0,0
genome_003848,0,0,0,0,0,0,0,0,0,1,0,0,0,0,0,0,0,0,0,0
genome_003849,0,0,0,0,0,0,0,0,0,0,0,0,0,1,0,0,0,0,0,0
genome_003850,0,0,0,0,0,0,0,0,0,0,0,0,0,0,0,0,0,1,0,0
genome_003851,0,0,1,1,0,0,0,0,0,0,0,0,0,0,0,1,1,0,0,0
genome_003852,0,0,0,1,0,0,0,0,1,0,1,0,0,1,0,0,0,0,0,0
genome_003853,0,0,0,0,0,1,0,0,0,0,0,0,0,0,0,0,0,1,1,0
genome_003854,0,0,0,0,0,1,1,0,0,0,0,0,0,0,1,0,0,0,0,0
genome_003855,0,0,0,0,0,0,0,0,1,0,0,0,0,1,1,0,0,1,0,0
genome_003856,0,0,0,0,0,1,0,0,0,0,0,0,0,0,0,0,0,0,0,0
genome_003857,0,0,0,0,0,0,0,0,0,0,0,0,0,0,0,0,0,0,0,0
genome_003858,1,0,0,0,0,0,0,0,0,0,0,0,0,1,0,0,0,0,0,1
genome_003859,0,0,0,0,0,0,0,0,0,1,1,0,0,0,0,0,0,0,0,0
genome_003860,0,1,0,0,0,0,0,0,0,0,0,0,0,0,0,0,1,1,0,0
genome_003861,0,1,0,0,0,1,0,0,1,0,0,0,0,0,0,0,0,1,0,0
genome_003862,0,0,0,0,0,0,0,0,0,1,0,1,0,0,0,0,0,0,0,0
genome_003863,0,0,0,0,1,0,0,0,1,0,0,1,0,0,0,1,0,0,0,0
genome_003864,0,0,0,0,0,0,0,0,1,0,0,0,0,0,0,1,0,0,0,0
genome_003865,0,1,0,1,0,0,0,0,0,0,0,0,0,1,0,0,0,0,0,0
genome_003866,0,0,0,0,0,0,1,0,0,0,0,1,0,0,1,0,0,0,1,0
genome_003867,0,0,0,0,0,0,0,0,0,0,0,0,0,0,0,0,0,0,0,1
genome_003868,1,0,0,0,0,0,0,1,1,0,0,0,0,0,1,0,0,1,1,0
genome_003869,0,1,0,0,0,1,0,0,1,0,0,0,0,0,1,0,1,0,0,1
genome_003870,0,0,0,0,0,0,0,0,0,1,0,1,0,1,0,1,0,0,0,0
genome_003871,0,0,0,0,0,1,0,0,0,1,0,1,0,0,1,0,0,0,0,0
genome_003872,0,0,0,0,0,0,0,0,0,0,0,0,0,0,0,0,0,0,0,0
genome_003873,0,0,0,0,0,0,0,0,1,0,0,0,0,0,0,0,0,0,0,0
genome_003874,1,0,0,0,0,0,0,0,0,0,0,0,0,0,0,0,0,0,0,0
genome_003875,0,0,1,0,0,0,0,0,0,0,1,1,0,0,0,0,1,0,0,0
genome_003876,0,0,0,0,1,0,0,1,0,0,0,0,0,0,0,1,0,1,0,0
genome_003877,0,0,1,1,1,0,0,0,1,0,0,0,0,0,0,0,0,1,1,0
genome_003878,0,0,1,0,0,0,0,0,0,0,0,0,0,0,0,0,0,0,0,0
genome_003879,0,0,1,0,0,1,0,0,0,0,0,0,0,0,0,0,0,0,0,0
genome_003880,0,0,0,0,0,0,1,0,0,0,1,0,0,0,0,0,0,0,0,0
genome_003881,1,0,1,0,0,0,1,1,1,0,0,0,0,0,0,0,0,1,0,0
genome_003882,0,0,0,0,1,0,0,0,0,1,1,0,0,0,0,0,0,0,1,0
genome_003883,0,0,0,0,0,0,0,0,0,1,0,0,0,0,1,0,0,0,0,0
genome_003884,0,1,1,1,0,1,0,0,0,0,0,0,0,0,0,0,0,0,0,1
genome_003885,0,0,0,0,0,0,1,0,0,0,0,0,0,0,0,0,0,0,0,0
genome_003886,0,0,0,0,0,0,1,0,0,0,0,0,0,0,0,0,0,0,0,0
genome_003887,0,0,0,0,0,1,1,0,0,0,0,0,0,0,1,0,0,0,0,0
genome_003888,0,0,0,0,0,0,0,1,0,0,0,0,0,0,0,0,1,1,0,0
genome_003889,0,0,1,0,0,0,0,0,0,0,0,0,0,0,0,0,0,1,1,0
genome_003890,0,0,0,0,0,1,1,0,0,1,0,0,0,0,0,0,0,0,0,0
genome_003891,0,1,0,0,0,1,0,0,0,0,0,0,0,0,1,0,0,0,0,0
genome_003892,0,0,0,0,0,0,0,0,0,0,0,0,0,0,0,0,0,0,0,0
genome_003893,0,0,0,0,0,0,0,0,0,0,0,0,0,0,0,0,0,0,0,0
genome_003894,0,1,0,0,0,0,0,0,0,0,0,1,1,1,0,0,0,0,0,0
genome_003895,0,0,1,0,0,0,0,0,0,0,0,0,0,0,0,0,0,0,0,0
genome_003896,0,1,0,0,0,0,1,0,0,1,1,0,0,0,0,0,0,0,0,1
genome_003897,0,1,0,0,1,0,0,0,0,0,0,0,0,0,0,0,1,0,0,1
genome_003898,0,0,0,1,0,0,0,0,0,1,0,0,0,0,0,0,0,0,0,0
genome_003899,0,0,0,0,0,0,0,0,0,0,0,0,0,0,0,0,0,0,1,0
genome_003900,0,0,0,0,0,0,0,0,0,0,0,0,0,0,0,0,0,0,0,1
genome_003901,0,0,0,0,0,0,0,0,0,1,0,0,0,0,0,0,0,0,0,0
genome_003902,0,0,0,0,0,0,0,0,0,0,0,0,0,0,0,0,0,0,0,0
genome_003903,0,1,0,0,0,0,1,0,0,0,0,0,0,0,0,0,0,0,0,0
genome_003904,0,0,0,0,0,0,0,0,0,0,0,0,1,0,1,0,0,0,0,0
genome_003905,0,0,1,0,1,0,0,0,0,1,0,1,0,1,0,0,0,0,1,1
genome_003906,0,0,0,0,0,0,0,0,0,0,0,0,0,0,0,0,0,0,0,0
genome_003907,0,0,0,1,0,0,0,1,0,0,0,0,0,0,0,0,0,0,0,0
genome_003908,0,0,0,0,0,0,0,0,0,0,0,0,0,0,0,0,0,0,1,0
genome_003909,0,0,0,0,0,0,0,1,0,0,1,0,0,1,0,0,0,1,0,0
genome_003910,0,0,0,1,0,0,0,0,0,0,0,0,0,0,0,0,0,0,0,0
genome_003911,0,1,0,0,0,1,0,0,0,0,0,0,0,1,0,0,0,0,0,1
genome_003912,0,0,0,0,1,0,0,0,0,0,0,0,0,0,0,0,0,1,0,1
genome_003913,0,0,0,0,0,0,0,0,0,0,0,0,0,0,0,0,0,0,0,0
genome_003914,0,0,0,0,0,0,0,0,0,0,0,0,0,0,0,0,0,0,1,0
genome_003915,0,0,0,0,0,0,0,0,0,0,1,0,0,0,0,0,0,0,0,0
genome_003916,0,0,0,0,0,0,0,1,0,0,0,0,1,1,0,0,0,0,1,0
genome_003917,0,0,1,0,0,0,0,0,0,1,0,0,0,0,0,0,0,0,0,0
genome_003918,0,1,0,0,1,0,0,0,0,0,0,0,0,0,0,0,0,0,1,0
genome_003919,0,0,1,0,0,1,0,0,0,1,0,0,1,0,0,0,0,0,0,1
genome_003920,0,0,0,0,0,0,0,0,0,0,0,0,1,0,0,0,0,0,0,0
genome_003921,0,0,0,0,0,0,0,0,0,0,0,0,0,0,0,0,0,0,0,0
genome_003922,1,1,0,0,0,0,0,0,0,0,1,0,0,0,0,0,0,0,1,0
genome_003923,1,0,0,0,0,1,0,0,0,0,0,0,1,0,0,1,1,0,0,0
genome_003924,0,0,0,1,0,0,0,0,0,0,0,1,0,0,0,0,0,0,1,0
genome_003925,0,0,0,0,0,1,0,0,0,0,0,0,0,1,0,1,1,0,0,0
genome_003926,1,0,1,0,0,1,0,0,1,0,0,0,0,0,1,1,0,0,0,1
genome_003927,0,0,0,0,0,0,0,0,0,0,0,0,1,0,0,0,0,0,0,0
genome_003928,0,0,0,0,0,1,0,0,1,0,1,0,0,0,0,0,0,0,0,0
genome_003929,0,0,0,0,1,0,0,0,0,0,0,0,0,0,1,0,0,0,0,1
genome_003930,0,0,0,0,0,0,0,0,0,0,0,0,0,0,0,0,0,0,1,0
genome_003931,0,0,0,0,0,0,0,0,1,0,0,0,0,0,0,0,0,0,0,0
genome_003932,0,0,0,0,0,0,0,0,1,0,0,0,1,0,0,0,0,0,0,0
genome_003933,0,0,0,1,1,0,1,0,1,0,0,0,0,0,0,0,0,0,0,1
genome_003934,0,0,0,0,1,0,0,0,0,0,0,0,0,0,0,0,0,0,0,0
genome_003935,0,0,0,0,0,0,0,0,0,0,0,0,0,0,0,0,0,0,0,0
genome_003936,0,0,0,0,0,0,0,0,0,0,0,0,0,0,0,0,0,0,0,0
genome_003937,1,0,0,0,0,0,0,1,0,0,0,0,0,0,0,0,0,0,0,0
genome_003938,0,1,0,0,0,1,0,0,0,0,0,0,0,0,0,0,0,0,1,0
genome_003939,0,0,0,1,0,0,1,0,0,0,0,0,1,0,0,0,0,1,0,0
genome_003940,0,0,0,0,0,0,0,0,0,0,0,1,1,0,0,0,0,0,0,0
genome_003941,0,0,0,0,0,0,0,0,0,0,0,0,0,0,0,0,0,0,0,0
genome_003942,1,0,0,0,0,0,0,0,0,0,0,0,0,0,0,0,0,0,1,0
genome_003943,1,0,0,0,0,0,0,0,1,0,0,0,0,0,0,0,0,0,0,0
genome_003944,0,0,0,0,0,0,0,0,0,0,0,0,0,0,0,0,0,0,1,0
genome_003945,1,0,0,1,0,0,0,0,0,0,0,0,0,0,0,0,0,0,0,0
genome_003946,0,0,0,0,0,0,0,0,0,0,0,1,0,0,0,0,0,0,0,0
genome_003947,0,1,1,0,1,0,0,0,0,0,0,0,0,1,0,0,0,0,1,0
genome_003948,0,0,0,0,0,0,0,0,0,0,0,0,0,0,0,0,0,0,0,0
genome_003949,0,0,0,0,1,0,0,0,1,1,0,0,0,0,0,0,1,0,0,0
genome_003950,0,0,0,0,0,0,0,0,0,0,0,0,1,0,0,0,0,0,0,1
genome_003951,0,0,0,0,0,1,1,0,0,0,0,0,1,1,0,0,0,0,0,0
genome_003952,0,0,0,0,0,0,0,0,0,0,0,1,0,0,0,0,0,0,0,0
genome_003953,0,0,0,0,0,1,0,0,0,0,0,0,0,1,0,0,0,0,0,0
genome_003954,0,0,0,1,0,0,0,0,0,0,0,0,1,0,0,0,0,0,1,0
genome_003955,0,0,0,0,0,0,0,0,0,0,0,0,0,1,0,0,1,0,0,0
genome_003956,0,0,0,0,0,0,0,0,0,0,0,0,0,0,0,0,0,0,0,0
genome_003957,0,0,0,0,0,0,0,0,0,0,0,0,0,0,0,0,1,0,0,0
genome_003958,1,0,0,0,0,0,0,0,1,0,0,0,1,0,1,0,1,0,0,0
genome_003959,0,1,0,0,0,0,0,0,0,0,0,0,0,0,0,0,0,1,0,0
genome_003960,0,0,1,0,1,0,0,1,1,0,0,0,0,0,1,0,0,0,0,0
genome_003961,0,1,0,0,0,0,0,0,0,0,1,0,0,0,0,0,0,0,0,0
genome_003962,0,0,0,0,0,0,0,0,0,0,0,0,0,0,0,0,1,0,0,0
genome_003963,0,0,0,0,0,0,0,0,0,0,0,1,0,0,0,0,0,0,0,0
genome_003964,0,0,0,0,0,0,0,0,0,0,0,0,0,0,1,0,0,0,0,0
genome_003965,0,0,0,0,0,0,0,0,0,1,0,0,0,0,1,0,0,0,0,0
genome_003966,0,1,0,0,1,1,0,0,1,0,0,0,0,0,0,0,0,0,0,0
genome_003967,0,0,0,0,0,0,1,0,0,1,0,0,0,1,0,1,1,0,0,0
genome_003968,1,0,0,0,0,1,0,0,0,0,0,0,0,0,0,0,0,1,0,0
genome_003969,0,0,0,0,0,0,0,0,0,0,0,0,0,0,0,0,0,0,0,0
genome_003970,0,0,0,1,0,0,0,1,0,0,0,0,0,0,0,0,0,0,0,0
genome_003971,0,0,0,0,0,1,0,0,0,0,0,0,0,0,0,0,0,0,0,0
genome_003972,0,0,1,0,0,0,1,0,1,1,0,0,0,0,1,0,0,0,0,0
genome_003973,0,1,0,1,0,0,0,0,0,0,0,0,0,1,0,1,0,0,0,0
genome_003974,0,0,1,0,0,1,1,1,0,0,0,0,0,0,0,0,0,1,0,0
genome_003975,0,0,0,0,0,0,0,0,1,1,1,1,0,0,0,0,0,1,0,1
genome_003976,0,0,0,0,0,0,1,0,0,0,0,0,0,0,0,0,0,0,0,0
genome_003977,0,0,0,0,0,1,0,1,0,0,0,0,0,0,0,0,0,0,0,0
genome_003978,0,0,0,0,0,0,0,0,1,0,0,0,0,0,0,0,0,0,0,0
genome_003979,0,0,0,0,0,0,0,0,0,0,0,0,0,0,0,0,0,0,1,0
genome_003980,0,0,1,0,0,1,0,1,0,0,0,1,0,0,0,0,0,0,0,0
genome_003981,0,0,1,0,1,0,0,0,0,0,0,0,0,0,0,0,0,1,0,0
genome_003982,0,0,0,1,0,0,0,1,0,1,1,0,0,0,0,0,1,1,1,1
genome_003983,0,0,0,0,0,0,0,0,1,0,0,0,0,0,0,0,0,0,0,0
genome_003984,0,0,0,0,1,0,0,1,0,0,0,0,0,0,0,0,0,0,0,0
genome_003985,0,1,0,0,0,1,0,0,0,0,0,0,0,0,0,0,0,0,1,0
genome_003986,0,0,0,0,0,0,0,0,0,0,0,0,0,0,0,0,0,0,0,0
genome_003987,0,1,0,0,0,0,0,0,0,1,0,0,0,0,0,0,0,1,0,1
genome_003988,1,0,0,0,0,0,0,1,0,0,0,1,0,0,0,0,0,0,0,0
genome_003989,0,0,0,0,0,0,0,1,0,0,0,0,0,0,0,0,1,1,0,0
genome_003990,0,0,0,0,0,0,0,0,0,0,0,0,0,0,0,0,0,0,0,0
genome_003991,0,0,0,0,0,0,0,0,0,0,0,0,1,0,1,0,0,0,0,1
genome_003992,0,1,0,0,0,0,0,1,0,0,0,0,1,0,0,1,0,0,0,0
genome_003993,0,0,0,0,1,0,0,0,0,0,1,0,0,0,0,0,0,0,0,0
genome_003994,1,0,0,0,0,0,0,0,0,0,0,1,0,0,0,0,0,0,0,0
genome_003995,0,0,0,0,0,1,0,0,0,0,0,0,0,0,0,0,1,0,0,1
genome_003996,0,0,0,0,0,0,0,1,0,0,0,0,0,0,1,0,0,0,0,0
genome_003997,0,0,0,0,0,0,0,0,0,0,0,0,0,0,0,0,0,0,0,0
genome_003998,0,0,1,0,1,0,0,0,0,0,0,0,0,0,0,0,0,0,1,0
genome_003999,0,0,0,0,0,0,0,0,0,0,0,0,0,0,1,1,0,0,1,0
genome_004000,0,0,0,0,0,0,0,0,0,0,0,1,0,0,0,0,0,1,0,0
genome_004001,0,0,0,0,0,0,1,0,0,0,0,0,0,1,0,0,0,1,0,1
genome_004002,0,1,0,0,0,0,0,0,1,0,0,0,0,0,0,0,0,0,0,1
genome_004003,0,0,0,0,0,0,1,0,0,0,0,1,0,0,1,0,1,1,0,0
genome_004004,0,0,0,0,0,0,0,0,0,0,0,0,0,0,0,0,0,0,0,0
genome_004005,0,0,0,0,0,0,0,0,0,0,1,0,0,0,0,0,0,0,0,0
genome_004006,0,0,0,0,0,0,0,0,0,0,0,0,0,0,0,0,0,0,0,0
genome_004007,0,0,0,0,0,0,1,0,0,0,0,0,1,0,0,0,0,1,0,1
genome_004008,0,1,1,0,0,0,0,0,0,0,0,0,1,0,0,1,0,0,0,0
genome_004009,0,1,0,1,0,0,0,0,0,0,0,0,0,0,0,0,0,0,0,0
genome_004010,0,1,1,1,0,0,0,0,0,1,0,0,1,1,0,0,1,0,0,0
genome_004011,0,0,0,0,0,0,0,0,0,0,0,0,0,0,0,0,0,0,0,0
genome_004012,0,0,0,0,0,0,0,1,0,0,0,0,0,0,0,0,0,0,0,0
genome_004013,0,0,0,0,0,0,0,0,0,0,0,0,0,0,1,0,0,0,0,0
genome_004014,0,0,1,0,0,0,0,0,1,0,0,0,0,0,0,0,1,0,0,0
genome_004015,0,0,0,0,1,0,0,0,0,1,0,0,1,0,0,0,0,0,0,0
genome_004016,0,0,0,0,0,0,0,1,0,0,1,0,0,0,0,0,0,0,0,0
genome_004017,0,1,1,0,0,0,0,0,0,1,0,0,0,1,0,0,0,0,0,1
genome_004018,0,0,0,0,0,0,0,0,0,0,0,0,0,0,0,0,0,0,0,0
genome_004019,0,0,0,0,0,0,0,0,0,0,0,0,0,0,0,0,0,0,1,0
genome_004020,0,1,0,1,0,0,0,1,0,0,0,0,0,0,0,0,0,1,0,0
genome_004021,0,0,0,0,0,0,1,1,1,0,0,0,0,0,0,1,0,0,0,0
genome_004022,0,0,0,0,0,0,0,0,0,0,0,0,0,0,0,0,0,0,0,0
genome_004023,0,0,0,0,0,0,0,0,0,1,0,0,0,0,0,0,0,0,0,0
genome_004024,0,0,0,0,0,1,0,0,0,0,1,0,0,1,0,0,0,0,0,0
genome_004025,0,0,1,0,0,0,0,0,0,1,0,0,0,0,0,0,0,0,0,0
genome_004026,0,0,0,0,0,1,0,0,0,0,0,0,1,0,0,0,0,0,0,0
genome_004027,0,0,0,1,0,0,0,0,0,0,1,0,1,0,0,0,1,1,0,0
genome_004028,0,0,0,0,0,0,0,0,1,0,0,0,1,0,0,0,0,0,0,0
genome_004029,1,0,1,0,0,0,0,0,0,0,0,0,0,1,0,0,1,0,0,0
genome_004030,0,0,0,0,0,0,0,0,0,0,0,1,0,0,0,0,0,0,0,0
genome_004031,0,1,0,0,0,1,0,0,1,0,0,0,0,0,0,0,0,0,0,0
genome_004032,0,0,1,0,0,0,0,0,0,0,0,0,0,0,0,0,0,1,0,0
genome_004033,0,0,0,0,0,0,0,0,0,0,0,0,0,0,1,0,0,0,0,0
genome_004034,0,0,0,0,0,0,0,0,0,0,0,0,0,0,0,0,0,0,0,0
genome_004035,0,0,0,0,0,1,0,0,0,0,0,1,1,0,0,0,0,0,0,0
genome_004036,0,0,0,0,0,0,1,0,0,1,0,0,1,0,1,0,0,0,0,1
genome_004037,0,0,0,0,1,1,0,0,0,0,0,0,0,1,1,0,0,0,1,0
genome_004038,1,0,0,0,1,0,0,0,1,0,0,1,0,0,0,0,0,0,0,0
genome_004039,0,0,0,0,0,0,0,0,0,0,0,0,0,0,0,0,0,0,0,0
genome_004040,0,0,0,0,0,0,0,0,0,0,0,0,0,0,0,0,0,0,0,0
genome_004041,0,0,0,0,0,0,0,0,0,1,0,0,0,0,0,0,0,0,0,0
genome_004042,0,0,0,0,1,0,0,0,0,0,0,0,0,0,0,0,1,1,0,0
genome_004043,0,0,0,0,0,0,0,1,0,0,0,1,0,0,0,0,0,0,0,0
genome_004044,1,0,0,0,0,1,0,1,0,0,0,0,0,0,0,0,0,1,0,0
genome_004045,0,0,0,0,1,0,0,0,0,0,0,0,0,0,0,0,1,1,0,0
genome_004046,0,0,0,0,0,0,1,0,0,0,0,0,0,0,0,0,0,0,0,1
genome_004047,0,0,0,1,0,0,0,0,0,0,0,0,1,0,0,0,1,0,0,0
genome_004048,0,0,1,0,0,0,0,0,0,0,0,0,0,0,0,1,0,0,0,0
genome_004049,0,0,0,0,0,0,0,0,0,1,0,0,0,0,0,0,0,0,1,0
genome_004050,0,0,0,0,0,1,1,1,0,0,0,0,0,0,0,0,0,1,0,0
genome_004051,1,0,1,0,0,1,0,0,0,0,0,0,0,0,0,0,0,0,0,0
genome_004052,0,1,0,0,0,0,0,0,0,0,0,1,0,0,1,0,1,1,0,0
genome_004053,0,0,0,0,0,0,0,0,0,0,0,0,1,0,0,0,0,0,0,0
genome_004054,0,1,0,0,0,0,0,1,0,0,0,0,0,0,0,0,0,0,0,0
genome_004055,0,0,0,0,0,0,0,0,0,0,0,0,0,0,0,0,0,0,0,0
genome_004056,0,0,0,0,0,0,0,0,0,1,0,0,0,0,0,0,0,0,0,0
genome_004057,0,0,0,0,0,0,0,0,0,0,0,0,0,1,0,0,0,0,0,0
genome_004058,0,0,0,0,0,0,0,0,0,0,0,0,1,0,0,0,1,0,0,0
genome_004059,1,0,0,0,0,1,0,0,0,1,0,0,1,0,0,0,0,0,0,0
genome_004060,0,0,0,0,0,0,0,1,0,0,0,0,0,0,0,0,0,0,0,0
genome_004061,0,0,0,0,0,0,0,0,0,0,0,0,1,0,0,0,0,1,0,0
genome_004062,0,0,0,0,0,0,1,0,0,1,0,0,0,0,0,0,0,0,0,0
genome_004063,0,0,0,0,1,0,0,0,0,0,0,0,0,0,0,1,0,0,0,0
genome_004064,0,0,0,0,0,0,1,0,0,0,1,0,0,0,0,0,0,1,0,0
genome_004065,0,0,0,1,1,0,0,0,0,1,0,0,0,1,0,0,0,0,0,0
genome_004066,0,0,0,0,0,1,0,1,1,0,0,0,0,0,0,0,0,0,0,0
genome_004067,0,0,0,0,0,1,0,0,0,0,0,0,0,0,0,0,0,0,0,0
genome_004068,0,0,0,0,0,0,0,0,0,0,0,0,0,0,0,0,0,0,0,0
genome_004069,0,0,0,0,0,0,0,0,0,1,0,1,0,0,0,0,0,0,0,0
genome_004070,0,0,0,0,0,0,0,0,0,0,0,0,0,0,0,0,0,0,0,0
genome_004071,0,0,1,0,0,0,0,1,0,0,1,0,0,0,0,0,1,0,0,1
genome_004072,0,0,0,0,0,0,0,0,0,0,0,0,0,0,0,0,0,0,1,0
genome_004073,0,0,0,0,1,0,0,0,0,0,0,0,0,0,1,0,0,0,0,1
genome_004074,0,0,0,0,0,0,0,0,0,0,0,0,0,0,0,0,0,0,0,0
genome_004075,0,0,0,0,0,0,0,0,0,0,0,0,0,0,1,0,0,0,0,0
genome_004076,0,0,0,0,0,0,0,0,0,0,0,0,0,0,0,0,1,0,0,0
genome_004077,0,1,0,0,0,0,0,1,0,1,0,0,1,0,0,0,0,0,0,0
genome_004078,0,0,0,0,0,0,0,0,0,1,0,0,0,0,0,1,1,0,0,0
genome_004079,0,0,0,0,0,0,0,1,0,1,0,0,0,0,0,0,0,0,0,0
genome_004080,1,1,1,0,0,0,1,1,0,0,0,0,0,0,0,0,0,1,0,0
genome_004081,0,0,0,0,0,0,0,0,0,0,0,0,0,0,0,0,0,0,0,0
genome_004082,0,0,0,1,0,0,0,0,0,0,0,0,0,0,0,1,1,0,0,0
genome_004083,0,0,0,0,0,0,0,0,0,0,1,0,0,0,0,0,0,0,0,0
genome_004084,0,0,0,0,1,0,0,0,0,0,0,0,0,0,1,1,0,0,0,0
genome_004085,0,0,0,0,0,0,1,0,0,1,1,1,0,0,0,0,0,0,0,0
genome_004086,0,1,0,1,0,0,0,0,0,0,0,0,0,1,0,0,0,0,0,0
genome_004087,0,0,0,0,0,0,1,1,0,0,0,0,1,0,0,0,1,1,0,0
genome_004088,0,0,0,0,0,0,0,0,0,0,0,0,1,0,0,0,0,0,0,0
genome_004089,0,0,0,0,0,0,0,0,0,0,0,0,0,0,0,0,1,0,0,0
genome_004090,0,0,0,0,0,0,0,0,0,0,0,0,0,0,0,0,0,0,0,0
genome_004091,1,1,0,0,0,0,0,0,0,0,0,0,1,0,0,0,0,0,0,0
genome_004092,0,0,0,0,0,0,0,1,0,0,0,0,0,0,1,0,0,0,1,1
genome_004093,0,0,0,0,0,1,0,0,0,0,0,0,0,0,0,0,0,1,0,0
genome_004094,1,0,0,0,0,0,1,0,0,0,0,1,0,0,1,0,0,0,0,0
genome_004095,0,0,0,0,0,0,0,0,0,0,0,0,0,0,0,0,1,0,0,0
