id,genus
t4720,G0001
t4721,G0001
t4722,G0001
t4723,G0001
t4724,G0001
t4725,G0001
t4726,G0001
t4727,G0001
t4728,F0001
t4729,F0001
t4730,G0001
t4731,G0001
t4732,G0001
t4733,G0001
t4734,G0001
t4735,G0001
t112,G0002
t113,G0002
t114,G0002
t115,G0002
t116,G0002
t117,G0002
t118,G0002
t119,G0002
t120,F0002
t121,F0002
t122,G0002
t123,G0002
t124,G0002
t125,G0002
t126,G0002
t127,G0002
t1568,G0003
t1569,G0003
t1570,G0003
t1571,G0003
t1572,G0003
t1573,G0003
t1574,G0003
t1575,G0003
t1576,F0003
t1577,F0003
t1578,G0003
t1579,G0003
t1580,G0003
t1581,G0003
t1582,G0003
t1583,G0003
t8096,G0004
t8097,G0004
t8098,G0004
t8099,G0004
t8100,G0004
t8101,G0004
t8102,G0004
t8103,G0004
t8104,F0004
t8105,F0004
t8106,G0004
t8107,G0004
t8108,G0004
t8109,G0004
t8110,G0004
t8111,G0004
t2384,G0005
t2385,G0005
t2386,G0005
t2387,G0005
t2388,G0005
t2389,G0005
t2390,G0005
t2391,G0005
t2392,F0005
t2393,F0005
t2394,G0005
t2395,G0005
t2396,G0005
t2397,G0005
t2398,G0005
t2399,G0005
t7056,G0006
t7057,G0006
t7058,G0006
t7059,G0006
t7060,G0006
t7061,G0006
t7062,G0006
t7063,G0006
t7064,F0006
t7065,F0006
t7066,G0006
t7067,G0006
t7068,G0006
t7069,G0006
t7070,G0006
t7071,G0006
t7632,G0007
t7633,G0007
t7634,G0007
t7635,G0007
t7636,G0007
t7637,G0007
t7638,G0007
t7639,G0007
t7640,F0007
t7641,F0007
t7642,G0007
t7643,G0007
t7644,G0007
t7645,G0007
t7646,G0007
t7647,G0007
t1648,G0008
t1649,G0008
t1650,G0008
t1651,G0008
t1652,G0008
t1653,G0008
t1654,G0008
t1655,G0008
t1656,F0008
t1657,F0008
t1658,G0008
t1659,G0008
t1660,G0008
t1661,G0008
t1662,G0008
t1663,G0008
t8144,G0009
t8145,G0009
t8146,G0009
t8147,G0009
t8148,G0009
t8149,G0009
t8150,G0009
t8151,G0009
t8152,F0009
t8153,F0009
t8154,G0009
t8155,G0009
t8156,G0009
t8157,G0009
t8158,G0009
t8159,G0009
t1792,G0010
t1793,G0010
t1794,G0010
t1795,G0010
t1796,G0010
t1797,G0010
t1798,G0010
t1799,G0010
t1800,F0010
t1801,F0010
t1802,G0010
t1803,G0010
t1804,G0010
t1805,G0010
t1806,G0010
t1807,G0010
t3440,G0011
t3441,G0011
t3442,G0011
t3443,G0011
t3444,G0011
t3445,G0011
t3446,G0011
t3447,G0011
t3448,F0011
t3449,F0011
t3450,G0011
t3451,G0011
t3452,G0011
t3453,G0011
t3454,G0011
t3455,G0011
t3760,G0012
t3761,G0012
t3762,G0012
t3763,G0012
t3764,G0012
t3765,G0012
t3766,G0012
t3767,G0012
t3768,F0012
t3769,F0012
t3770,G0012
t3771,G0012
t3772,G0012
t3773,G0012
t3774,G0012
t3775,G0012
t4864,G0013
t4865,G0013
t4866,G0013
t4867,G0013
t4868,G0013
t4869,G0013
t4870,G0013
t4871,G0013
t4872,F0013
t4873,F0013
t4874,G0013
t4875,G0013
t4876,G0013
t4877,G0013
t4878,G0013
t4879,G0013
t6704,G0014
t6705,G0014
t6706,G0014
t6707,G0014
t6708,G0014
t6709,G0014
t6710,G0014
t6711,G0014
t6712,F0014
t6713,F0014
t6714,G0014
t6715,G0014
t6716,G0014
t6717,G0014
t6718,G0014
t6719,G0014
t1824,G0015
t1825,G0015
t1826,G0015
t1827,G0015
t1828,G0015
t1829,G0015
t1830,G0015
t1831,G0015
t1832,F0015
t1833,F0015
t1834,G0015
t1835,G0015
t1836,G0015
t1837,G0015
t1838,G0015
t1839,G0015
t528,G0016
t529,G0016
t530,G0016
t531,G0016
t532,G0016
t533,G0016
t534,G0016
t535,G0016
t536,F0016
t537,F0016
t538,G0016
t539,G0016
t540,G0016
t541,G0016
t542,G0016
t543,G0016
t3232,G0017
t3233,G0017
t3234,G0017
t3235,G0017
t3236,G0017
t3237,G0017
t3238,G0017
t3239,G0017
t3240,F0017
t3241,F0017
t3242,G0017
t3243,G0017
t3244,G0017
t3245,G0017
t3246,G0017
t3247,G0017
t5632,G0018
t5633,G0018
t5634,G0018
t5635,G0018
t5636,G0018
t5637,G0018
t5638,G0018
t5639,G0018
t5640,F0018
t5641,F0018
t5642,G0018
t5643,G0018
t5644,G0018
t5645,G0018
t5646,G0018
t5647,G0018
t7744,G0019
t7745,G0019
t7746,G0019
t7747,G0019
t7748,G0019
t7749,G0019
t7750,G0019
t7751,G0019
t7752,F0019
t7753,F0019
t7754,G0019
t7755,G0019
t7756,G0019
t7757,G0019
t7758,G0019
t7759,G0019
t5232,G0020
t5233,G0020
t5234,G0020
t5235,G0020
t5236,G0020
t5237,G0020
t5238,G0020
t5239,G0020
t5240,F0020
t5241,F0020
t5242,G0020
t5243,G0020
t5244,G0020
t5245,G0020
t5246,G0020
t5247,G0020
t4464,G0021
t4465,G0021
t4466,G0021
t4467,G0021
t4468,G0021
t4469,G0021
t4470,G0021
t4471,G0021
t4472,F0021
t4473,F0021
t4474,G0021
t4475,G0021
t4476,G0021
t4477,G0021
t4478,G0021
t4479,G0021
t5280,G0022
t5281,G0022
t5282,G0022
t5283,G0022
t5284,G0022
t5285,G0022
t5286,G0022
t5287,G0022
t5288,F0022
t5289,F0022
t5290,G0022
t5291,G0022
t5292,G0022
t5293,G0022
t5294,G0022
t5295,G0022
t5488,G0023
t5489,G0023
t5490,G0023
t5491,G0023
t5492,G0023
t5493,G0023
t5494,G0023
t5495,G0023
t5496,F0023
t5497,F0023
t5498,G0023
t5499,G0023
t5500,G0023
t5501,G0023
t5502,G0023
t5503,G0023
t1008,G0024
t1009,G0024
t1010,G0024
t1011,G0024
t1012,G0024
t1013,G0024
t1014,G0024
t1015,G0024
t1016,F0024
t1017,F0024
t1018,G0024
t1019,G0024
t1020,G0024
t1021,G0024
t1022,G0024
t1023,G0024
t992,G0025
t993,G0025
t994,G0025
t995,G0025
t996,G0025
t997,G0025
t998,G0025
t999,G0025
t1000,F0025
t1001,F0025
t1002,G0025
t1003,G0025
t1004,G0025
t1005,G0025
t1006,G0025
t1007,G0025
t1664,G0026
t1665,G0026
t1666,G0026
t1667,G0026
t1668,G0026
t1669,G0026
t1670,G0026
t1671,G0026
t1672,F0026
t1673,F0026
t1674,G0026
t1675,G0026
t1676,G0026
t1677,G0026
t1678,G0026
t1679,G0026
t4320,G0027
t4321,G0027
t4322,G0027
t4323,G0027
t4324,G0027
t4325,G0027
t4326,G0027
t4327,G0027
t4328,F0027
t4329,F0027
t4330,G0027
t4331,G0027
t4332,G0027
t4333,G0027
t4334,G0027
t4335,G0027
t4896,G0028
t4897,G0028
t4898,G0028
t4899,G0028
t4900,G0028
t4901,G0028
t4902,G0028
t4903,G0028
t4904,F0028
t4905,F0028
t4906,G0028
t4907,G0028
t4908,G0028
t4909,G0028
t4910,G0028
t4911,G0028
t2592,G0029
t2593,G0029
t2594,G0029
t2595,G0029
t2596,G0029
t2597,G0029
t2598,G0029
t2599,G0029
t2600,F0029
t2601,F0029
t2602,G0029
t2603,G0029
t2604,G0029
t2605,G0029
t2606,G0029
t2607,G0029
t2432,G0030
t2433,G0030
t2434,G0030
t2435,G0030
t2436,G0030
t2437,G0030
t2438,G0030
t2439,G0030
t2440,F0030
t2441,F0030
t2442,G0030
t2443,G0030
t2444,G0030
t2445,G0030
t2446,G0030
t2447,G0030
t5616,G0031
t5617,G0031
t5618,G0031
t5619,G0031
t5620,G0031
t5621,G0031
t5622,G0031
t5623,G0031
t5628,G0031
t5629,G0031
t5630,G0031
t5631,G0031
t3248,G0032
t3249,G0032
t3250,G0032
t3251,G0032
t3252,G0032
t3253,G0032
t3254,G0032
t3255,G0032
t3260,G0032
t3261,G0032
t3262,G0032
t3263,G0032
t880,G0033
t881,G0033
t882,G0033
t883,G0033
t884,G0033
t885,G0033
t886,G0033
t887,G0033
t892,G0033
t893,G0033
t894,G0033
t895,G0033
t4528,G0034
t4529,G0034
t4530,G0034
t4531,G0034
t4532,G0034
t4533,G0034
t4534,G0034
t4535,G0034
t4540,G0034
t4541,G0034
t4542,G0034
t4543,G0034
t2560,G0035
t2561,G0035
t2562,G0035
t2563,G0035
t2564,G0035
t2565,G0035
t2566,G0035
t2567,G0035
t2572,G0035
t2573,G0035
t2574,G0035
t2575,G0035
t7888,G0036
t7889,G0036
t7890,G0036
t7891,G0036
t7892,G0036
t7893,G0036
t7894,G0036
t7895,G0036
t7900,G0036
t7901,G0036
t7902,G0036
t7903,G0036
t4544,G0037
t4545,G0037
t4546,G0037
t4547,G0037
t4548,G0037
t4549,G0037
t4550,G0037
t4551,G0037
t4556,G0037
t4557,G0037
t4558,G0037
t4559,G0037
t6544,G0038
t6545,G0038
t6546,G0038
t6547,G0038
t6548,G0038
t6549,G0038
t6550,G0038
t6551,G0038
t6556,G0038
t6557,G0038
t6558,G0038
t6559,G0038
t432,G0039
t433,G0039
t434,G0039
t435,G0039
t436,G0039
t437,G0039
t438,G0039
t439,G0039
t444,G0039
t445,G0039
t446,G0039
t447,G0039
t6752,G0040
t6753,G0040
t6754,G0040
t6755,G0040
t6756,G0040
t6757,G0040
t6758,G0040
t6759,G0040
t6764,G0040
t6765,G0040
t6766,G0040
t6767,G0040
t5456,G0041
t5457,G0041
t5458,G0041
t5459,G0041
t5460,G0041
t5461,G0041
t5462,G0041
t5463,G0041
t5468,G0041
t5469,G0041
t5470,G0041
t5471,G0041
t128,G0042
t129,G0042
t130,G0042
t131,G0042
t132,G0042
t133,G0042
t134,G0042
t135,G0042
t140,G0042
t141,G0042
t142,G0042
t143,G0042
t624,G0043
t625,G0043
t626,G0043
t627,G0043
t628,G0043
t629,G0043
t630,G0043
t631,G0043
t636,G0043
t637,G0043
t638,G0043
t639,G0043
t3792,G0044
t3793,G0044
t3794,G0044
t3795,G0044
t3796,G0044
t3797,G0044
t3798,G0044
t3799,G0044
t3804,G0044
t3805,G0044
t3806,G0044
t3807,G0044
t3120,G0045
t3121,G0045
t3122,G0045
t3123,G0045
t3124,G0045
t3125,G0045
t3126,G0045
t3127,G0045
t3132,G0045
t3133,G0045
t3134,G0045
t3135,G0045
t2256,G0046
t2257,G0046
t2258,G0046
t2259,G0046
t2260,G0046
t2261,G0046
t2262,G0046
t2263,G0046
t2268,G0046
t2269,G0046
t2270,G0046
t2271,G0046
t6608,G0047
t6609,G0047
t6610,G0047
t6611,G0047
t6612,G0047
t6613,G0047
t6614,G0047
t6615,G0047
t6620,G0047
t6621,G0047
t6622,G0047
t6623,G0047
t5024,G0048
t5025,G0048
t5026,G0048
t5027,G0048
t5028,G0048
t5029,G0048
t5030,G0048
t5031,G0048
t5036,G0048
t5037,G0048
t5038,G0048
t5039,G0048
t7872,G0049
t7873,G0049
t7874,G0049
t7875,G0049
t7876,G0049
t7877,G0049
t7878,G0049
t7879,G0049
t7884,G0049
t7885,G0049
t7886,G0049
t7887,G0049
t1024,G0050
t1025,G0050
t1026,G0050
t1027,G0050
t1028,G0050
t1029,G0050
t1030,G0050
t1031,G0050
t1036,G0050
t1037,G0050
t1038,G0050
t1039,G0050
t1424,G0051
t1425,G0051
t1426,G0051
t1427,G0051
t1428,G0051
t1429,G0051
t1430,G0051
t1431,G0051
t1436,G0051
t1437,G0051
t1438,G0051
t1439,G0051
t1328,G0052
t1329,G0052
t1330,G0052
t1331,G0052
t1332,G0052
t1333,G0052
t1334,G0052
t1335,G0052
t1340,G0052
t1341,G0052
t1342,G0052
t1343,G0052
t5680,G0053
t5681,G0053
t5682,G0053
t5683,G0053
t5684,G0053
t5685,G0053
t5686,G0053
t5687,G0053
t5692,G0053
t5693,G0053
t5694,G0053
t5695,G0053
t1472,G0054
t1473,G0054
t1474,G0054
t1475,G0054
t1476,G0054
t1477,G0054
t1478,G0054
t1479,G0054
t1484,G0054
t1485,G0054
t1486,G0054
t1487,G0054
t3584,G0055
t3585,G0055
t3586,G0055
t3587,G0055
t3588,G0055
t3589,G0055
t3590,G0055
t3591,G0055
t3596,G0055
t3597,G0055
t3598,G0055
t3599,G0055
t7456,G0056
t7457,G0056
t7458,G0056
t7459,G0056
t7460,G0056
t7461,G0056
t7462,G0056
t7463,G0056
t7468,G0056
t7469,G0056
t7470,G0056
t7471,G0056
t5552,G0057
t5553,G0057
t5554,G0057
t5555,G0057
t5556,G0057
t5557,G0057
t5558,G0057
t5559,G0057
t5564,G0057
t5565,G0057
t5566,G0057
t5567,G0057
t6128,G0058
t6129,G0058
t6130,G0058
t6131,G0058
t6132,G0058
t6133,G0058
t6134,G0058
t6135,G0058
t6140,G0058
t6141,G0058
t6142,G0058
t6143,G0058
t3488,G0059
t3489,G0059
t3490,G0059
t3491,G0059
t3492,G0059
t3493,G0059
t3494,G0059
t3495,G0059
t3500,G0059
t3501,G0059
t3502,G0059
t3503,G0059
t3008,G0060
t3009,G0060
t3010,G0060
t3011,G0060
t3012,G0060
t3013,G0060
t3014,G0060
t3015,G0060
t3020,G0060
t3021,G0060
t3022,G0060
t3023,G0060
t3888,G0061
t3889,G0061
t3890,G0061
t3891,G0061
t3892,F0061
t3893,F0061
t3894,F0061
t3895,F0061
t3896,G0062
t3897,G0062
t3898,G0062
t3899,G0062
t3900,F0062
t3901,F0062
t3902,F0062
t3903,F0062
t4880,G0063
t4881,G0063
t4882,G0063
t4883,G0063
t4884,F0063
t4885,F0063
t4886,F0063
t4887,F0063
t4888,G0064
t4889,G0064
t4890,G0064
t4891,G0064
t4892,F0064
t4893,F0064
t4894,F0064
t4895,F0064
t8048,G0065
t8049,G0065
t8050,G0065
t8051,G0065
t8052,F0065
t8053,F0065
t8054,F0065
t8055,F0065
t8056,G0066
t8057,G0066
t8058,G0066
t8059,G0066
t8060,F0066
t8061,F0066
t8062,F0066
t8063,F0066
t6880,G0067
t6881,G0067
t6882,G0067
t6883,G0067
t6884,F0067
t6885,F0067
t6886,F0067
t6887,F0067
t6888,G0068
t6889,G0068
t6890,G0068
t6891,G0068
t6892,F0068
t6893,F0068
t6894,F0068
t6895,F0068
t7584,G0069
t7585,G0069
t7586,G0069
t7587,G0069
t7588,F0069
t7589,F0069
t7590,F0069
t7591,F0069
t7592,G0070
t7593,G0070
t7594,G0070
t7595,G0070
t7596,F0070
t7597,F0070
t7598,F0070
t7599,F0070
t5168,G0071
t5169,G0071
t5170,G0071
t5171,G0071
t5172,F0071
t5173,F0071
t5174,F0071
t5175,F0071
t5176,G0072
t5177,G0072
t5178,G0072
t5179,G0072
t5180,F0072
t5181,F0072
t5182,F0072
t5183,F0072
t2848,G0073
t2849,G0073
t2850,G0073
t2851,G0073
t2852,F0073
t2853,F0073
t2854,F0073
t2855,F0073
t2856,G0074
t2857,G0074
t2858,G0074
t2859,G0074
t2860,F0074
t2861,F0074
t2862,F0074
t2863,F0074
t2464,G0075
t2465,G0075
t2466,G0075
t2467,G0075
t2468,F0075
t2469,F0075
t2470,F0075
t2471,F0075
t2472,G0076
t2473,G0076
t2474,G0076
t2475,G0076
t2476,F0076
t2477,F0076
t2478,F0076
t2479,F0076
t2304,G0077
t2305,G0077
t2306,G0077
t2307,G0077
t2308,F0077
t2309,F0077
t2310,F0077
t2311,F0077
t2312,G0078
t2313,G0078
t2314,G0078
t2315,G0078
t2316,F0078
t2317,F0078
t2318,F0078
t2319,F0078
t3072,G0079
t3073,G0079
t3074,G0079
t3075,G0079
t3076,F0079
t3077,F0079
t3078,F0079
t3079,F0079
t3080,G0080
t3081,G0080
t3082,G0080
t3083,G0080
t3084,F0080
t3085,F0080
t3086,F0080
t3087,F0080
t768,G0081
t769,G0081
t770,G0081
t771,G0081
t772,F0081
t773,F0081
t774,F0081
t775,F0081
t776,G0082
t777,G0082
t778,G0082
t779,G0082
t780,F0082
t781,F0082
t782,F0082
t783,F0082
t4256,G0083
t4257,G0083
t4258,G0083
t4259,G0083
t4260,F0083
t4261,F0083
t4262,F0083
t4263,F0083
t4264,G0084
t4265,G0084
t4266,G0084
t4267,G0084
t4268,F0084
t4269,F0084
t4270,F0084
t4271,F0084
t2208,G0085
t2209,G0085
t2210,G0085
t2211,G0085
t2212,F0085
t2213,F0085
t2214,F0085
t2215,F0085
t2216,G0086
t2217,G0086
t2218,G0086
t2219,G0086
t2220,F0086
t2221,F0086
t2222,F0086
t2223,F0086
t2448,G0087
t2449,G0087
t2450,G0087
t2451,G0087
t2452,F0087
t2453,F0087
t2454,F0087
t2455,F0087
t2456,G0088
t2457,G0088
t2458,G0088
t2459,G0088
t2460,F0088
t2461,F0088
t2462,F0088
t2463,F0088
t448,G0089
t449,G0089
t450,G0089
t451,G0089
t452,F0089
t453,F0089
t454,F0089
t455,F0089
t456,G0090
t457,G0090
t458,G0090
t459,G0090
t460,F0090
t461,F0090
t462,F0090
t463,F0090
t6336,G0091
t6337,G0091
t6338,G0091
t6339,G0091
t6340,F0091
t6341,F0091
t6342,G0091
t6343,G0091
t6344,G0092
t6345,G0092
t6346,G0092
t6347,G0092
t6348,F0092
t6349,F0092
t6350,G0092
t6351,G0092
t1760,G0093
t1761,G0093
t1762,G0093
t1763,G0093
t1764,F0093
t1765,F0093
t1766,G0093
t1767,G0093
t1768,G0094
t1769,G0094
t1770,G0094
t1771,G0094
t1772,F0094
t1773,F0094
t1774,G0094
t1775,G0094
t1120,G0095
t1121,G0095
t1122,G0095
t1123,G0095
t1124,F0095
t1125,F0095
t1126,G0095
t1127,G0095
t1128,G0096
t1129,G0096
t1130,G0096
t1131,G0096
t1132,F0096
t1133,F0096
t1134,G0096
t1135,G0096
t4496,G0097
t4497,G0097
t4498,G0097
t4499,G0097
t4500,F0097
t4501,F0097
t4502,G0097
t4503,G0097
t4504,G0098
t4505,G0098
t4506,G0098
t4507,G0098
t4508,F0098
t4509,F0098
t4510,G0098
t4511,G0098
t960,G0099
t961,G0099
t962,G0099
t963,G0099
t964,F0099
t965,F0099
t966,G0099
t967,G0099
t968,G0100
t969,G0100
t970,G0100
t971,G0100
t972,F0100
t973,F0100
t974,G0100
t975,G0100
t7280,G0101
t7281,G0101
t7282,G0101
t7283,G0101
t7284,F0101
t7285,F0101
t7286,G0101
t7287,G0101
t7288,G0102
t7289,G0102
t7290,G0102
t7291,G0102
t7292,F0102
t7293,F0102
t7294,G0102
t7295,G0102
t3200,G0103
t3201,G0103
t3202,G0103
t3203,G0103
t3204,F0103
t3205,F0103
t3206,G0103
t3207,G0103
t3208,G0104
t3209,G0104
t3210,G0104
t3211,G0104
t3212,F0104
t3213,F0104
t3214,G0104
t3215,G0104
t6256,G0105
t6257,G0105
t6258,G0105
t6259,G0105
t6260,F0105
t6261,F0105
t6262,G0105
t6263,G0105
t6264,G0106
t6265,G0106
t6266,G0106
t6267,G0106
t6268,F0106
t6269,F0106
t6270,G0106
t6271,G0106
t2832,G0107
t2833,G0107
t2834,G0107
t2835,G0107
t2836,F0107
t2837,F0107
t2838,G0107
t2839,G0107
t2840,G0108
t2841,G0108
t2842,G0108
t2843,G0108
t2844,F0108
t2845,F0108
t2846,G0108
t2847,G0108
t976,G0109
t977,G0109
t978,G0109
t979,G0109
t980,F0109
t981,F0109
t982,G0109
t983,G0109
t984,G0110
t985,G0110
t986,G0110
t987,G0110
t988,F0110
t989,F0110
t990,G0110
t991,G0110
t3184,G0111
t3185,G0111
t3186,G0111
t3187,G0111
t3188,F0111
t3189,F0111
t3190,G0111
t3191,G0111
t3192,G0112
t3193,G0112
t3194,G0112
t3195,G0112
t3196,F0112
t3197,F0112
t3198,G0112
t3199,G0112
t4048,G0113
t4049,G0113
t4050,G0113
t4051,G0113
t4052,F0113
t4053,F0113
t4054,G0113
t4055,G0113
t4056,G0114
t4057,G0114
t4058,G0114
t4059,G0114
t4060,F0114
t4061,F0114
t4062,G0114
t4063,G0114
t3824,G0115
t3825,G0115
t3826,G0115
t3827,G0115
t3828,F0115
t3829,F0115
t3830,G0115
t3831,G0115
t3832,G0116
t3833,G0116
t3834,G0116
t3835,G0116
t3836,F0116
t3837,F0116
t3838,G0116
t3839,G0116
t5296,G0117
t5297,G0117
t5298,G0117
t5299,G0117
t5300,F0117
t5301,F0117
t5302,G0117
t5303,G0117
t5304,G0118
t5305,G0118
t5306,G0118
t5307,G0118
t5308,F0118
t5309,F0118
t5310,G0118
t5311,G0118
t2928,G0119
t2929,G0119
t2930,G0119
t2931,G0119
t2932,F0119
t2933,F0119
t2934,G0119
t2935,G0119
t2936,G0120
t2937,G0120
t2938,G0120
t2939,G0120
t2940,F0120
t2941,F0120
t2942,G0120
t2943,G0120
t1216,G0121
t1217,G0121
t1220,G0121
t1221,G0121
t1218,F0121
t1219,F0121
t1222,F0121
t1223,F0121
t1224,G0122
t1225,G0122
t1228,G0122
t1229,G0122
t1226,F0122
t1227,F0122
t1230,F0122
t1231,F0122
t48,G0123
t49,G0123
t52,G0123
t53,G0123
t50,F0123
t51,F0123
t54,F0123
t55,F0123
t56,G0124
t57,G0124
t60,G0124
t61,G0124
t58,F0124
t59,F0124
t62,F0124
t63,F0124
t5008,G0125
t5009,G0125
t5012,G0125
t5013,G0125
t5010,F0125
t5011,F0125
t5014,F0125
t5015,F0125
t5016,G0126
t5017,G0126
t5020,G0126
t5021,G0126
t5018,F0126
t5019,F0126
t5022,F0126
t5023,F0126
t1632,G0127
t1633,G0127
t1636,G0127
t1637,G0127
t1634,F0127
t1635,F0127
t1638,F0127
t1639,F0127
t1640,G0128
t1641,G0128
t1644,G0128
t1645,G0128
t1642,F0128
t1643,F0128
t1646,F0128
t1647,F0128
t3968,G0129
t3969,G0129
t3972,G0129
t3973,G0129
t3970,F0129
t3971,F0129
t3974,F0129
t3975,F0129
t3976,G0130
t3977,G0130
t3980,G0130
t3981,G0130
t3978,F0130
t3979,F0130
t3982,F0130
t3983,F0130
t3472,G0131
t3473,G0131
t3476,G0131
t3477,G0131
t3474,F0131
t3475,F0131
t3478,F0131
t3479,F0131
t3480,G0132
t3481,G0132
t3484,G0132
t3485,G0132
t3482,F0132
t3483,F0132
t3486,F0132
t3487,F0132
t5952,G0133
t5953,G0133
t5956,G0133
t5957,G0133
t5954,F0133
t5955,F0133
t5958,F0133
t5959,F0133
t5960,G0134
t5961,G0134
t5964,G0134
t5965,G0134
t5962,F0134
t5963,F0134
t5966,F0134
t5967,F0134
t3936,G0135
t3937,G0135
t3940,G0135
t3941,G0135
t3938,F0135
t3939,F0135
t3942,F0135
t3943,F0135
t3944,G0136
t3945,G0136
t3948,G0136
t3949,G0136
t3946,F0136
t3947,F0136
t3950,F0136
t3951,F0136
t5120,G0137
t5121,G0137
t5124,G0137
t5125,G0137
t5122,F0137
t5123,F0137
t5126,F0137
t5127,F0137
t5128,G0138
t5129,G0138
t5132,G0138
t5133,G0138
t5130,F0138
t5131,F0138
t5134,F0138
t5135,F0138
t4736,G0139
t4737,G0139
t4740,G0139
t4741,G0139
t4738,F0139
t4739,F0139
t4742,F0139
t4743,F0139
t4744,G0140
t4745,G0140
t4748,G0140
t4749,G0140
t4746,F0140
t4747,F0140
t4750,F0140
t4751,F0140
t3504,G0141
t3505,G0141
t3508,G0141
t3509,G0141
t3506,F0141
t3507,F0141
t3510,F0141
t3511,F0141
t3512,G0142
t3513,G0142
t3516,G0142
t3517,G0142
t3514,F0142
t3515,F0142
t3518,F0142
t3519,F0142
t2288,G0143
t2289,G0143
t2292,G0143
t2293,G0143
t2290,F0143
t2291,F0143
t2294,F0143
t2295,F0143
t2296,G0144
t2297,G0144
t2300,G0144
t2301,G0144
t2298,F0144
t2299,F0144
t2302,F0144
t2303,F0144
t2320,G0145
t2321,G0145
t2324,G0145
t2325,G0145
t2322,F0145
t2323,F0145
t2326,F0145
t2327,F0145
t2328,G0146
t2329,G0146
t2332,G0146
t2333,G0146
t2330,F0146
t2331,F0146
t2334,F0146
t2335,F0146
t2720,G0147
t2721,G0147
t2724,G0147
t2725,G0147
t2722,F0147
t2723,F0147
t2726,F0147
t2727,F0147
t2728,G0148
t2729,G0148
t2732,G0148
t2733,G0148
t2730,F0148
t2731,F0148
t2734,F0148
t2735,F0148
t5968,G0149
t5969,G0149
t5972,G0149
t5973,G0149
t5970,F0149
t5971,F0149
t5974,F0149
t5975,F0149
t5976,G0150
t5977,G0150
t5980,G0150
t5981,G0150
t5978,F0150
t5979,F0150
t5982,F0150
t5983,F0150
t4688,G0151
t4689,G0151
t4690,G0151
t4691,G0151
t4692,F0151
t4693,F0151
t4694,F0151
t4695,F0151
phantom_151_a,G0151
phantom_151_b,G0151
t4696,G0152
t4697,G0152
t4698,G0152
t4699,G0152
t4700,F0152
t4701,F0152
t4702,F0152
t4703,F0152
phantom_152_a,G0152
phantom_152_b,G0152
t2768,G0153
t2769,G0153
t2770,G0153
t2771,G0153
t2772,F0153
t2773,F0153
t2774,F0153
t2775,F0153
phantom_153_a,G0153
phantom_153_b,G0153
t2776,G0154
t2777,G0154
t2778,G0154
t2779,G0154
t2780,F0154
t2781,F0154
t2782,F0154
t2783,F0154
phantom_154_a,G0154
phantom_154_b,G0154
t6944,G0155
t6945,G0155
t6946,G0155
t6947,G0155
t6948,F0155
t6949,F0155
t6950,F0155
t6951,F0155
phantom_155_a,G0155
phantom_155_b,G0155
t6952,G0156
t6953,G0156
t6954,G0156
t6955,G0156
t6956,F0156
t6957,F0156
t6958,F0156
t6959,F0156
phantom_156_a,G0156
phantom_156_b,G0156
t4032,G0157
t4033,G0157
t4034,G0157
t4035,G0157
t4036,F0157
t4037,F0157
t4038,F0157
t4039,F0157
phantom_157_a,G0157
phantom_157_b,G0157
t4040,G0158
t4041,G0158
t4042,G0158
t4043,G0158
t4044,F0158
t4045,F0158
t4046,F0158
t4047,F0158
phantom_158_a,G0158
phantom_158_b,G0158
t4368,G0159
t4369,G0159
t4370,G0159
t4371,G0159
t4372,F0159
t4373,F0159
t4374,F0159
t4375,F0159
phantom_159_a,G0159
phantom_159_b,G0159
t4376,G0160
t4377,G0160
t4378,G0160
t4379,G0160
t4380,F0160
t4381,F0160
t4382,F0160
t4383,F0160
phantom_160_a,G0160
phantom_160_b,G0160
t1936,G0161
t1937,G0161
t1938,G0161
t1939,G0161
t1940,F0161
t1941,F0161
t1942,F0161
t1943,F0161
phantom_161_a,G0161
phantom_161_b,G0161
t1944,G0162
t1945,G0162
t1946,G0162
t1947,G0162
t1948,F0162
t1949,F0162
t1950,F0162
t1951,F0162
phantom_162_a,G0162
phantom_162_b,G0162
t4976,G0163
t4977,G0163
t4978,G0163
t4979,G0163
t4980,F0163
t4981,F0163
t4982,F0163
t4983,F0163
phantom_163_a,G0163
phantom_163_b,G0163
t4984,G0164
t4985,G0164
t4986,G0164
t4987,G0164
t4988,F0164
t4989,F0164
t4990,F0164
t4991,F0164
phantom_164_a,G0164
phantom_164_b,G0164
t2640,G0165
t2641,G0165
t2642,G0165
t2643,G0165
t2644,F0165
t2645,F0165
t2646,F0165
t2647,F0165
phantom_165_a,G0165
phantom_165_b,G0165
t2648,G0166
t2649,G0166
t2650,G0166
t2651,G0166
t2652,F0166
t2653,F0166
t2654,F0166
t2655,F0166
phantom_166_a,G0166
phantom_166_b,G0166
t1536,G0167
t1537,G0167
t1538,G0167
t1539,G0167
t1540,F0167
t1541,F0167
t1542,F0167
t1543,F0167
phantom_167_a,G0167
phantom_167_b,G0167
t1544,G0168
t1545,G0168
t1546,G0168
t1547,G0168
t1548,F0168
t1549,F0168
t1550,F0168
t1551,F0168
phantom_168_a,G0168
phantom_168_b,G0168
t5872,G0169
t5873,G0169
t5874,G0169
t5875,G0169
t5876,F0169
t5877,F0169
t5878,F0169
t5879,F0169
phantom_169_a,G0169
phantom_169_b,G0169
t5880,G0170
t5881,G0170
t5882,G0170
t5883,G0170
t5884,F0170
t5885,F0170
t5886,F0170
t5887,F0170
phantom_170_a,G0170
phantom_170_b,G0170
t3840,G0171
t3841,G0171
t3842,G0171
t3843,G0171
t3844,F0171
t3845,F0171
t3846,F0171
t3847,F0171
phantom_171_a,G0171
phantom_171_b,G0171
t3848,G0172
t3849,G0172
t3850,G0172
t3851,G0172
t3852,F0172
t3853,F0172
t3854,F0172
t3855,F0172
phantom_172_a,G0172
phantom_172_b,G0172
t7616,G0173
t7617,G0173
t7618,G0173
t7619,G0173
t7620,F0173
t7621,F0173
t7622,F0173
t7623,F0173
phantom_173_a,G0173
phantom_173_b,G0173
t7624,G0174
t7625,G0174
t7626,G0174
t7627,G0174
t7628,F0174
t7629,F0174
t7630,F0174
t7631,F0174
phantom_174_a,G0174
phantom_174_b,G0174
t6416,G0175
t6417,G0175
t6418,G0175
t6419,G0175
t6420,F0175
t6421,F0175
t6422,F0175
t6423,F0175
phantom_175_a,G0175
phantom_175_b,G0175
t6424,G0176
t6425,G0176
t6426,G0176
t6427,G0176
t6428,F0176
t6429,F0176
t6430,F0176
t6431,F0176
phantom_176_a,G0176
phantom_176_b,G0176
t4656,G0177
t4657,G0177
t4658,G0177
t4659,G0177
t4660,F0177
t4661,F0177
t4662,F0177
t4663,F0177
phantom_177_a,G0177
phantom_177_b,G0177
t4664,G0178
t4665,G0178
t4666,G0178
t4667,G0178
t4668,F0178
t4669,F0178
t4670,F0178
t4671,F0178
phantom_178_a,G0178
phantom_178_b,G0178
t4400,G0179
t4401,G0179
t4402,G0179
t4403,G0179
t4404,F0179
t4405,F0179
t4406,F0179
t4407,F0179
phantom_179_a,G0179
phantom_179_b,G0179
t4408,G0180
t4409,G0180
t4410,G0180
t4411,G0180
t4412,F0180
t4413,F0180
t4414,F0180
t4415,F0180
phantom_180_a,G0180
phantom_180_b,G0180
t6976,G0181
t6977,G0181
t6978,G0181
t6979,G0181
t6980,G0181
t6981,G0181
t6982,G0181
t6983,G0181
t6984,G0181
t6985,G0181
t6986,G0181
t6987,G0181
t6988,G0181
t6989,G0181
t6990,G0181
t6991,G0181
t5648,G0182
t5649,G0182
t5650,G0182
t5651,G0182
t5652,G0182
t5653,G0182
t5654,G0182
t5655,G0182
t5656,G0182
t5657,G0182
t5658,G0182
t5659,G0182
t5660,G0182
t5661,G0182
t5662,G0182
t5663,G0182
t4624,G0183
t4625,G0183
t4626,G0183
t4627,G0183
t4628,G0183
t4629,G0183
t4630,G0183
t4631,G0183
t4632,G0183
t4633,G0183
t4634,G0183
t4635,G0183
t4636,G0183
t4637,G0183
t4638,G0183
t4639,G0183
t6560,G0184
t6561,G0184
t6562,G0184
t6563,G0184
t6564,G0184
t6565,G0184
t6566,G0184
t6567,G0184
t6568,G0184
t6569,G0184
t6570,G0184
t6571,G0184
t6572,G0184
t6573,G0184
t6574,G0184
t6575,G0184
t2688,G0185
t2689,G0185
t2690,G0185
t2691,G0185
t2692,G0185
t2693,G0185
t2694,G0185
t2695,G0185
t2696,G0185
t2697,G0185
t2698,G0185
t2699,G0185
t2700,G0185
t2701,G0185
t2702,G0185
t2703,G0185
t7360,G0186
t7361,G0186
t7362,G0186
t7363,G0186
t7364,G0186
t7365,G0186
t7366,G0186
t7367,G0186
t7368,G0186
t7369,G0186
t7370,G0186
t7371,G0186
t7372,G0186
t7373,G0186
t7374,G0186
t7375,G0186
t2912,G0187
t2913,G0187
t2914,G0187
t2915,G0187
t2916,G0187
t2917,G0187
t2918,G0187
t2919,G0187
t2920,G0187
t2921,G0187
t2922,G0187
t2923,G0187
t2924,G0187
t2925,G0187
t2926,G0187
t2927,G0187
t1584,G0188
t1585,G0188
t1586,G0188
t1587,G0188
t1588,G0188
t1589,G0188
t1590,G0188
t1591,G0188
t1592,G0188
t1593,G0188
t1594,G0188
t1595,G0188
t1596,G0188
t1597,G0188
t1598,G0188
t1599,G0188
t2352,G0189
t2353,G0189
t2354,G0189
t2355,G0189
t2356,G0189
t2357,G0189
t2358,G0189
t2359,G0189
t2360,G0189
t2361,G0189
t2362,G0189
t2363,G0189
t2364,G0189
t2365,G0189
t2366,G0189
t2367,G0189
t512,G0190
t513,G0190
t514,G0190
t515,G0190
t516,G0190
t517,G0190
t518,G0190
t519,G0190
t520,G0190
t521,G0190
t522,G0190
t523,G0190
t524,G0190
t525,G0190
t526,G0190
t527,G0190
t7920,G0191
t7921,G0191
t7922,G0191
t7923,G0191
t7924,G0191
t7925,G0191
t7926,G0191
t7927,G0191
t7928,G0191
t7929,G0191
t7930,G0191
t7931,G0191
t7932,G0191
t7933,G0191
t7934,G0191
t7935,G0191
t6736,G0192
t6737,G0192
t6738,G0192
t6739,G0192
t6740,G0192
t6741,G0192
t6742,G0192
t6743,G0192
t6744,G0192
t6745,G0192
t6746,G0192
t6747,G0192
t6748,G0192
t6749,G0192
t6750,G0192
t6751,G0192
t4672,G0193
t4673,G0193
t4674,G0193
t4675,G0193
t4676,G0193
t4677,G0193
t4678,G0193
t4679,G0193
t4680,G0193
t4681,G0193
t4682,G0193
t4683,G0193
t4684,G0193
t4685,G0193
t4686,G0193
t4687,G0193
t6224,G0194
t6225,G0194
t6226,G0194
t6227,G0194
t6228,G0194
t6229,G0194
t6230,G0194
t6231,G0194
t6232,G0194
t6233,G0194
t6234,G0194
t6235,G0194
t6236,G0194
t6237,G0194
t6238,G0194
t6239,G0194
t4480,G0195
t4481,G0195
t4482,G0195
t4483,G0195
t4484,G0195
t4485,G0195
t4486,G0195
t4487,G0195
t4488,G0195
t4489,G0195
t4490,G0195
t4491,G0195
t4492,G0195
t4493,G0195
t4494,G0195
t4495,G0195
t720,G0196
t721,G0196
t722,G0196
t723,G0196
t724,G0196
t725,G0196
t726,G0196
t727,G0196
t728,G0196
t729,G0196
t730,G0196
t731,G0196
t732,G0196
t733,G0196
t734,G0196
t735,G0196
t3696,G0197
t3697,G0197
t3698,G0197
t3699,G0197
t3700,G0197
t3701,G0197
t3702,G0197
t3703,G0197
t3704,G0197
t3705,G0197
t3706,G0197
t3707,G0197
t3708,G0197
t3709,G0197
t3710,G0197
t3711,G0197
t3088,G0198
t3089,G0198
t3090,G0198
t3091,G0198
t3092,G0198
t3093,G0198
t3094,G0198
t3095,G0198
t3096,G0198
t3097,G0198
t3098,G0198
t3099,G0198
t3100,G0198
t3101,G0198
t3102,G0198
t3103,G0198
t3616,G0199
t3617,G0199
t3618,G0199
t3619,G0199
t3620,G0199
t3621,G0199
t3622,G0199
t3623,G0199
t3624,G0199
t3625,G0199
t3626,G0199
t3627,G0199
t3628,G0199
t3629,G0199
t3630,G0199
t3631,G0199
t336,G0200
t337,G0200
t338,G0200
t339,G0200
t340,G0200
t341,G0200
t342,G0200
t343,G0200
t344,G0200
t345,G0200
t346,G0200
t347,G0200
t348,G0200
t349,G0200
t350,G0200
t351,G0200
t1744,G0201
t1745,G0201
t1746,G0201
t1747,G0201
t1748,G0201
t1749,G0201
t1750,G0201
t1751,G0201
t1752,G0201
t1753,G0201
t1754,G0201
t1755,G0201
t1756,G0201
t1757,G0201
t1758,G0201
t1759,G0201
t2240,G0202
t2241,G0202
t2242,G0202
t2243,G0202
t2244,G0202
t2245,G0202
t2246,G0202
t2247,G0202
t2248,G0202
t2249,G0202
t2250,G0202
t2251,G0202
t2252,G0202
t2253,G0202
t2254,G0202
t2255,G0202
t1056,G0203
t1057,G0203
t1058,G0203
t1059,G0203
t1060,G0203
t1061,G0203
t1062,G0203
t1063,G0203
t1064,G0203
t1065,G0203
t1066,G0203
t1067,G0203
t1068,G0203
t1069,G0203
t1070,G0203
t1071,G0203
t7008,G0204
t7009,G0204
t7010,G0204
t7011,G0204
t7012,G0204
t7013,G0204
t7014,G0204
t7015,G0204
t7016,G0204
t7017,G0204
t7018,G0204
t7019,G0204
t7020,G0204
t7021,G0204
t7022,G0204
t7023,G0204
t640,G0205
t641,G0205
t642,G0205
t643,G0205
t644,G0205
t645,G0205
t646,G0205
t647,G0205
t648,G0205
t649,G0205
t650,G0205
t651,G0205
t652,G0205
t653,G0205
t654,G0205
t655,G0205
t944,G0206
t945,G0206
t946,G0206
t947,G0206
t948,G0206
t949,G0206
t950,G0206
t951,G0206
t952,G0206
t953,G0206
t954,G0206
t955,G0206
t956,G0206
t957,G0206
t958,G0206
t959,G0206
t3376,G0207
t3377,G0207
t3378,G0207
t3379,G0207
t3380,G0207
t3381,G0207
t3382,G0207
t3383,G0207
t3384,G0207
t3385,G0207
t3386,G0207
t3387,G0207
t3388,G0207
t3389,G0207
t3390,G0207
t3391,G0207
t1200,G0208
t1201,G0208
t1202,G0208
t1203,G0208
t1204,G0208
t1205,G0208
t1206,G0208
t1207,G0208
t1208,G0208
t1209,G0208
t1210,G0208
t1211,G0208
t1212,G0208
t1213,G0208
t1214,G0208
t1215,G0208
t4416,G0209
t4417,G0209
t4418,G0209
t4419,G0209
t4420,G0209
t4421,G0209
t4422,G0209
t4423,G0209
t4424,G0209
t4425,G0209
t4426,G0209
t4427,G0209
t4428,G0209
t4429,G0209
t4430,G0209
t4431,G0209
t3680,G0210
t3681,G0210
t3682,G0210
t3683,G0210
t3684,G0210
t3685,G0210
t3686,G0210
t3687,G0210
t3688,G0210
t3689,G0210
t3690,G0210
t3691,G0210
t3692,G0210
t3693,G0210
t3694,G0210
t3695,G0210
t3568,G0211
t3569,G0211
t3570,G0211
t3571,G0211
t3572,G0211
t3573,G0211
t3574,G0211
t3575,G0211
t3576,G0211
t3577,G0211
t3578,G0211
t3579,G0211
t3580,G0211
t3581,G0211
t3582,G0211
t3583,G0211
t7952,G0212
t7953,G0212
t7954,G0212
t7955,G0212
t7956,G0212
t7957,G0212
t7958,G0212
t7959,G0212
t7960,G0212
t7961,G0212
t7962,G0212
t7963,G0212
t7964,G0212
t7965,G0212
t7966,G0212
t7967,G0212
t4224,G0213
t4225,G0213
t4226,G0213
t4227,G0213
t4228,G0213
t4229,G0213
t4230,G0213
t4231,G0213
t4232,G0213
t4233,G0213
t4234,G0213
t4235,G0213
t4236,G0213
t4237,G0213
t4238,G0213
t4239,G0213
t1088,G0214
t1089,G0214
t1090,G0214
t1091,G0214
t1092,G0214
t1093,G0214
t1094,G0214
t1095,G0214
t1096,G0214
t1097,G0214
t1098,G0214
t1099,G0214
t1100,G0214
t1101,G0214
t1102,G0214
t1103,G0214
t2880,G0215
t2881,G0215
t2882,G0215
t2883,G0215
t2884,G0215
t2885,G0215
t2886,G0215
t2887,G0215
t2888,G0215
t2889,G0215
t2890,G0215
t2891,G0215
t2892,G0215
t2893,G0215
t2894,G0215
t2895,G0215
t576,G0216
t577,G0216
t578,G0216
t579,G0216
t580,G0216
t581,G0216
t582,G0216
t583,G0216
t584,G0216
t585,G0216
t586,G0216
t587,G0216
t588,G0216
t589,G0216
t590,G0216
t591,G0216
t1872,G0217
t1873,G0217
t1874,G0217
t1875,G0217
t1876,G0217
t1877,G0217
t1878,G0217
t1879,G0217
t1880,G0217
t1881,G0217
t1882,G0217
t1883,G0217
t1884,G0217
t1885,G0217
t1886,G0217
t1887,G0217
t1456,G0218
t1457,G0218
t1458,G0218
t1459,G0218
t1460,G0218
t1461,G0218
t1462,G0218
t1463,G0218
t1464,G0218
t1465,G0218
t1466,G0218
t1467,G0218
t1468,G0218
t1469,G0218
t1470,G0218
t1471,G0218
t4384,G0219
t4385,G0219
t4386,G0219
t4387,G0219
t4388,G0219
t4389,G0219
t4390,G0219
t4391,G0219
t4392,G0219
t4393,G0219
t4394,G0219
t4395,G0219
t4396,G0219
t4397,G0219
t4398,G0219
t4399,G0219
t5696,G0220
t5697,G0220
t5698,G0220
t5699,G0220
t5700,G0220
t5701,G0220
t5702,G0220
t5703,G0220
t5704,G0220
t5705,G0220
t5706,G0220
t5707,G0220
t5708,G0220
t5709,G0220
t5710,G0220
t5711,G0220
t176,G0221
t177,G0221
t178,G0221
t179,G0221
t180,G0221
t181,G0221
t182,G0221
t183,G0221
t184,G0221
t185,G0221
t186,G0221
t187,G0221
t188,G0221
t189,G0221
t190,G0221
t191,G0221
t7408,G0222
t7409,G0222
t7410,G0222
t7411,G0222
t7412,G0222
t7413,G0222
t7414,G0222
t7415,G0222
t7416,G0222
t7417,G0222
t7418,G0222
t7419,G0222
t7420,G0222
t7421,G0222
t7422,G0222
t7423,G0222
t6432,G0223
t6433,G0223
t6434,G0223
t6435,G0223
t6436,G0223
t6437,G0223
t6438,G0223
t6439,G0223
t6440,G0223
t6441,G0223
t6442,G0223
t6443,G0223
t6444,G0223
t6445,G0223
t6446,G0223
t6447,G0223
t7760,G0224
t7761,G0224
t7762,G0224
t7763,G0224
t7764,G0224
t7765,G0224
t7766,G0224
t7767,G0224
t7768,G0224
t7769,G0224
t7770,G0224
t7771,G0224
t7772,G0224
t7773,G0224
t7774,G0224
t7775,G0224
t6272,G0225
t6273,G0225
t6274,G0225
t6275,G0225
t6276,G0225
t6277,G0225
t6278,G0225
t6279,G0225
t6280,G0225
t6281,G0225
t6282,G0225
t6283,G0225
t6284,G0225
t6285,G0225
t6286,G0225
t6287,G0225
t6448,G0226
t6449,G0226
t6450,G0226
t6451,G0226
t6452,G0226
t6453,G0226
t6454,G0226
t6455,G0226
t6456,G0226
t6457,G0226
t6458,G0226
t6459,G0226
t6460,G0226
t6461,G0226
t6462,G0226
t6463,G0226
t6688,G0227
t6689,G0227
t6690,G0227
t6691,G0227
t6692,G0227
t6693,G0227
t6694,G0227
t6695,G0227
t6696,G0227
t6697,G0227
t6698,G0227
t6699,G0227
t6700,G0227
t6701,G0227
t6702,G0227
t6703,G0227
t3952,G0228
t3953,G0228
t3954,G0228
t3955,G0228
t3956,G0228
t3957,G0228
t3958,G0228
t3959,G0228
t3960,G0228
t3961,G0228
t3962,G0228
t3963,G0228
t3964,G0228
t3965,G0228
t3966,G0228
t3967,G0228
t6768,G0229
t6769,G0229
t6770,G0229
t6771,G0229
t6772,G0229
t6773,G0229
t6774,G0229
t6775,G0229
t6776,G0229
t6777,G0229
t6778,G0229
t6779,G0229
t6780,G0229
t6781,G0229
t6782,G0229
t6783,G0229
t5056,G0230
t5057,G0230
t5058,G0230
t5059,G0230
t5060,G0230
t5061,G0230
t5062,G0230
t5063,G0230
t5064,G0230
t5065,G0230
t5066,G0230
t5067,G0230
t5068,G0230
t5069,G0230
t5070,G0230
t5071,G0230
t8064,G0231
t8065,G0231
t8066,G0231
t8067,G0231
t8068,G0231
t8069,G0231
t8070,G0231
t8071,G0231
t8072,G0231
t8073,G0231
t8074,G0231
t8075,G0231
t8076,G0231
t8077,G0231
t8078,G0231
t8079,G0231
t6960,G0232
t6961,G0232
t6962,G0232
t6963,G0232
t6964,G0232
t6965,G0232
t6966,G0232
t6967,G0232
t6968,G0232
t6969,G0232
t6970,G0232
t6971,G0232
t6972,G0232
t6973,G0232
t6974,G0232
t6975,G0232
t5424,G0233
t5425,G0233
t5426,G0233
t5427,G0233
t5428,G0233
t5429,G0233
t5430,G0233
t5431,G0233
t5432,G0233
t5433,G0233
t5434,G0233
t5435,G0233
t5436,G0233
t5437,G0233
t5438,G0233
t5439,G0233
t5152,G0234
t5153,G0234
t5154,G0234
t5155,G0234
t5156,G0234
t5157,G0234
t5158,G0234
t5159,G0234
t5160,G0234
t5161,G0234
t5162,G0234
t5163,G0234
t5164,G0234
t5165,G0234
t5166,G0234
t5167,G0234
t496,G0235
t497,G0235
t498,G0235
t499,G0235
t500,G0235
t501,G0235
t502,G0235
t503,G0235
t504,G0235
t505,G0235
t506,G0235
t507,G0235
t508,G0235
t509,G0235
t510,G0235
t511,G0235
t1616,G0236
t1617,G0236
t1618,G0236
t1619,G0236
t1620,G0236
t1621,G0236
t1622,G0236
t1623,G0236
t1624,G0236
t1625,G0236
t1626,G0236
t1627,G0236
t1628,G0236
t1629,G0236
t1630,G0236
t1631,G0236
t5712,G0237
t5713,G0237
t5714,G0237
t5715,G0237
t5716,G0237
t5717,G0237
t5718,G0237
t5719,G0237
t5720,G0237
t5721,G0237
t5722,G0237
t5723,G0237
t5724,G0237
t5725,G0237
t5726,G0237
t5727,G0237
t560,G0238
t561,G0238
t562,G0238
t563,G0238
t564,G0238
t565,G0238
t566,G0238
t567,G0238
t568,G0238
t569,G0238
t570,G0238
t571,G0238
t572,G0238
t573,G0238
t574,G0238
t575,G0238
t5440,G0239
t5441,G0239
t5442,G0239
t5443,G0239
t5444,G0239
t5445,G0239
t5446,G0239
t5447,G0239
t5448,G0239
t5449,G0239
t5450,G0239
t5451,G0239
t5452,G0239
t5453,G0239
t5454,G0239
t5455,G0239
t1600,G0240
t1601,G0240
t1602,G0240
t1603,G0240
t1604,G0240
t1605,G0240
t1606,G0240
t1607,G0240
t1608,G0240
t1609,G0240
t1610,G0240
t1611,G0240
t1612,G0240
t1613,G0240
t1614,G0240
t1615,G0240
t3024,G0241
t3025,G0241
t3026,G0241
t3027,G0241
t3028,G0241
t3029,G0241
t3030,G0241
t3031,G0241
t3032,G0241
t3033,G0241
t3034,G0241
t3035,G0241
t3036,G0241
t3037,G0241
t3038,G0241
t3039,G0241
t5264,G0242
t5265,G0242
t5266,G0242
t5267,G0242
t5268,G0242
t5269,G0242
t5270,G0242
t5271,G0242
t5272,G0242
t5273,G0242
t5274,G0242
t5275,G0242
t5276,G0242
t5277,G0242
t5278,G0242
t5279,G0242
t7136,G0243
t7137,G0243
t7138,G0243
t7139,G0243
t7140,G0243
t7141,G0243
t7142,G0243
t7143,G0243
t7144,G0243
t7145,G0243
t7146,G0243
t7147,G0243
t7148,G0243
t7149,G0243
t7150,G0243
t7151,G0243
t4608,G0244
t4609,G0244
t4610,G0244
t4611,G0244
t4612,G0244
t4613,G0244
t4614,G0244
t4615,G0244
t4616,G0244
t4617,G0244
t4618,G0244
t4619,G0244
t4620,G0244
t4621,G0244
t4622,G0244
t4623,G0244
t5840,G0245
t5841,G0245
t5842,G0245
t5843,G0245
t5844,G0245
t5845,G0245
t5846,G0245
t5847,G0245
t5848,G0245
t5849,G0245
t5850,G0245
t5851,G0245
t5852,G0245
t5853,G0245
t5854,G0245
t5855,G0245
t4928,G0246
t4929,G0246
t4930,G0246
t4931,G0246
t4932,G0246
t4933,G0246
t4934,G0246
t4935,G0246
t4936,G0246
t4937,G0246
t4938,G0246
t4939,G0246
t4940,G0246
t4941,G0246
t4942,G0246
t4943,G0246
t304,G0247
t305,G0247
t306,G0247
t307,G0247
t308,G0247
t309,G0247
t310,G0247
t311,G0247
t312,G0247
t313,G0247
t314,G0247
t315,G0247
t316,G0247
t317,G0247
t318,G0247
t319,G0247
t5744,G0248
t5745,G0248
t5746,G0248
t5747,G0248
t5748,G0248
t5749,G0248
t5750,G0248
t5751,G0248
t5752,G0248
t5753,G0248
t5754,G0248
t5755,G0248
t5756,G0248
t5757,G0248
t5758,G0248
t5759,G0248
t3312,G0249
t3313,G0249
t3314,G0249
t3315,G0249
t3316,G0249
t3317,G0249
t3318,G0249
t3319,G0249
t3320,G0249
t3321,G0249
t3322,G0249
t3323,G0249
t3324,G0249
t3325,G0249
t3326,G0249
t3327,G0249
t4768,G0250
t4769,G0250
t4770,G0250
t4771,G0250
t4772,G0250
t4773,G0250
t4774,G0250
t4775,G0250
t4776,G0250
t4777,G0250
t4778,G0250
t4779,G0250
t4780,G0250
t4781,G0250
t4782,G0250
t4783,G0250
t4064,G0251
t4065,G0251
t4066,G0251
t4067,G0251
t4068,G0251
t4069,G0251
t4070,G0251
t4071,G0251
t4072,G0251
t4073,G0251
t4074,G0251
t4075,G0251
t4076,G0251
t4077,G0251
t4078,G0251
t4079,G0251
t1152,G0252
t1153,G0252
t1154,G0252
t1155,G0252
t1156,G0252
t1157,G0252
t1158,G0252
t1159,G0252
t1160,G0252
t1161,G0252
t1162,G0252
t1163,G0252
t1164,G0252
t1165,G0252
t1166,G0252
t1167,G0252
t16,G0253
t17,G0253
t18,G0253
t19,G0253
t20,G0253
t21,G0253
t22,G0253
t23,G0253
t24,G0253
t25,G0253
t26,G0253
t27,G0253
t28,G0253
t29,G0253
t30,G0253
t31,G0253
t4352,G0254
t4353,G0254
t4354,G0254
t4355,G0254
t4356,G0254
t4357,G0254
t4358,G0254
t4359,G0254
t4360,G0254
t4361,G0254
t4362,G0254
t4363,G0254
t4364,G0254
t4365,G0254
t4366,G0254
t4367,G0254
t5200,G0255
t5201,G0255
t5202,G0255
t5203,G0255
t5204,G0255
t5205,G0255
t5206,G0255
t5207,G0255
t5208,G0255
t5209,G0255
t5210,G0255
t5211,G0255
t5212,G0255
t5213,G0255
t5214,G0255
t5215,G0255
t2400,G0256
t2401,G0256
t2402,G0256
t2403,G0256
t2404,G0256
t2405,G0256
t2406,G0256
t2407,G0256
t2408,G0256
t2409,G0256
t2410,G0256
t2411,G0256
t2412,G0256
t2413,G0256
t2414,G0256
t2415,G0256
t3856,G0257
t3857,G0257
t3858,G0257
t3859,G0257
t3860,G0257
t3861,G0257
t3862,G0257
t3863,G0257
t3864,G0257
t3865,G0257
t3866,G0257
t3867,G0257
t3868,G0257
t3869,G0257
t3870,G0257
t3871,G0257
t4016,G0258
t4017,G0258
t4018,G0258
t4019,G0258
t4020,G0258
t4021,G0258
t4022,G0258
t4023,G0258
t4024,G0258
t4025,G0258
t4026,G0258
t4027,G0258
t4028,G0258
t4029,G0258
t4030,G0258
t4031,G0258
t1984,G0259
t1985,G0259
t1986,G0259
t1987,G0259
t1988,G0259
t1989,G0259
t1990,G0259
t1991,G0259
t1992,G0259
t1993,G0259
t1994,G0259
t1995,G0259
t1996,G0259
t1997,G0259
t1998,G0259
t1999,G0259
t7568,G0260
t7569,G0260
t7570,G0260
t7571,G0260
t7572,G0260
t7573,G0260
t7574,G0260
t7575,G0260
t7576,G0260
t7577,G0260
t7578,G0260
t7579,G0260
t7580,G0260
t7581,G0260
t7582,G0260
t7583,G0260
t3360,G0261
t3361,G0261
t3362,G0261
t3363,G0261
t3364,G0261
t3365,G0261
t3366,G0261
t3367,G0261
t3368,G0261
t3369,G0261
t3370,G0261
t3371,G0261
t3372,G0261
t3373,G0261
t3374,G0261
t3375,G0261
t7856,G0262
t7857,G0262
t7858,G0262
t7859,G0262
t7860,G0262
t7861,G0262
t7862,G0262
t7863,G0262
t7864,G0262
t7865,G0262
t7866,G0262
t7867,G0262
t7868,G0262
t7869,G0262
t7870,G0262
t7871,G0262
t5312,G0263
t5313,G0263
t5314,G0263
t5315,G0263
t5316,G0263
t5317,G0263
t5318,G0263
t5319,G0263
t5320,G0263
t5321,G0263
t5322,G0263
t5323,G0263
t5324,G0263
t5325,G0263
t5326,G0263
t5327,G0263
t7152,G0264
t7153,G0264
t7154,G0264
t7155,G0264
t7156,G0264
t7157,G0264
t7158,G0264
t7159,G0264
t7160,G0264
t7161,G0264
t7162,G0264
t7163,G0264
t7164,G0264
t7165,G0264
t7166,G0264
t7167,G0264
t5248,G0265
t5249,G0265
t5250,G0265
t5251,G0265
t5252,G0265
t5253,G0265
t5254,G0265
t5255,G0265
t5256,G0265
t5257,G0265
t5258,G0265
t5259,G0265
t5260,G0265
t5261,G0265
t5262,G0265
t5263,G0265
t3168,G0266
t3169,G0266
t3170,G0266
t3171,G0266
t3172,G0266
t3173,G0266
t3174,G0266
t3175,G0266
t3176,G0266
t3177,G0266
t3178,G0266
t3179,G0266
t3180,G0266
t3181,G0266
t3182,G0266
t3183,G0266
t800,G0267
t801,G0267
t802,G0267
t803,G0267
t804,G0267
t805,G0267
t806,G0267
t807,G0267
t808,G0267
t809,G0267
t810,G0267
t811,G0267
t812,G0267
t813,G0267
t814,G0267
t815,G0267
t3408,G0268
t3409,G0268
t3410,G0268
t3411,G0268
t3412,G0268
t3413,G0268
t3414,G0268
t3415,G0268
t3416,G0268
t3417,G0268
t3418,G0268
t3419,G0268
t3420,G0268
t3421,G0268
t3422,G0268
t3423,G0268
t416,G0269
t417,G0269
t418,G0269
t419,G0269
t420,G0269
t421,G0269
t422,G0269
t423,G0269
t424,G0269
t425,G0269
t426,G0269
t427,G0269
t428,G0269
t429,G0269
t430,G0269
t431,G0269
t7104,G0270
t7105,G0270
t7106,G0270
t7107,G0270
t7108,G0270
t7109,G0270
t7110,G0270
t7111,G0270
t7112,G0270
t7113,G0270
t7114,G0270
t7115,G0270
t7116,G0270
t7117,G0270
t7118,G0270
t7119,G0270
t1680,G0271
t1681,G0271
t1682,G0271
t1683,G0271
t1684,G0271
t1685,G0271
t1686,G0271
t1687,G0271
t1688,G0271
t1689,G0271
t1690,G0271
t1691,G0271
t1692,G0271
t1693,G0271
t1694,G0271
t1695,G0271
t3904,G0272
t3905,G0272
t3906,G0272
t3907,G0272
t3908,G0272
t3909,G0272
t3910,G0272
t3911,G0272
t3912,G0272
t3913,G0272
t3914,G0272
t3915,G0272
t3916,G0272
t3917,G0272
t3918,G0272
t3919,G0272
t3536,G0273
t3537,G0273
t3538,G0273
t3539,G0273
t3540,G0273
t3541,G0273
t3542,G0273
t3543,G0273
t3544,G0273
t3545,G0273
t3546,G0273
t3547,G0273
t3548,G0273
t3549,G0273
t3550,G0273
t3551,G0273
t5072,G0274
t5073,G0274
t5074,G0274
t5075,G0274
t5076,G0274
t5077,G0274
t5078,G0274
t5079,G0274
t5080,G0274
t5081,G0274
t5082,G0274
t5083,G0274
t5084,G0274
t5085,G0274
t5086,G0274
t5087,G0274
t1520,G0275
t1521,G0275
t1522,G0275
t1523,G0275
t1524,G0275
t1525,G0275
t1526,G0275
t1527,G0275
t1528,G0275
t1529,G0275
t1530,G0275
t1531,G0275
t1532,G0275
t1533,G0275
t1534,G0275
t1535,G0275
t7072,G0276
t7073,G0276
t7074,G0276
t7075,G0276
t7076,G0276
t7077,G0276
t7078,G0276
t7079,G0276
t7080,G0276
t7081,G0276
t7082,G0276
t7083,G0276
t7084,G0276
t7085,G0276
t7086,G0276
t7087,G0276
t1184,G0277
t1185,G0277
t1186,G0277
t1187,G0277
t1188,G0277
t1189,G0277
t1190,G0277
t1191,G0277
t1192,G0277
t1193,G0277
t1194,G0277
t1195,G0277
t1196,G0277
t1197,G0277
t1198,G0277
t1199,G0277
t3552,G0278
t3553,G0278
t3554,G0278
t3555,G0278
t3556,G0278
t3557,G0278
t3558,G0278
t3559,G0278
t3560,G0278
t3561,G0278
t3562,G0278
t3563,G0278
t3564,G0278
t3565,G0278
t3566,G0278
t3567,G0278
t2496,G0279
t2497,G0279
t2498,G0279
t2499,G0279
t2500,G0279
t2501,G0279
t2502,G0279
t2503,G0279
t2504,G0279
t2505,G0279
t2506,G0279
t2507,G0279
t2508,G0279
t2509,G0279
t2510,G0279
t2511,G0279
t5808,G0280
t5809,G0280
t5810,G0280
t5811,G0280
t5812,G0280
t5813,G0280
t5814,G0280
t5815,G0280
t5816,G0280
t5817,G0280
t5818,G0280
t5819,G0280
t5820,G0280
t5821,G0280
t5822,G0280
t5823,G0280
t4800,G0281
t4801,G0281
t4802,G0281
t4803,G0281
t4804,G0281
t4805,G0281
t4806,G0281
t4807,G0281
t4808,G0281
t4809,G0281
t4810,G0281
t4811,G0281
t4812,G0281
t4813,G0281
t4814,G0281
t4815,G0281
t6080,G0282
t6081,G0282
t6082,G0282
t6083,G0282
t6084,G0282
t6085,G0282
t6086,G0282
t6087,G0282
t6088,G0282
t6089,G0282
t6090,G0282
t6091,G0282
t6092,G0282
t6093,G0282
t6094,G0282
t6095,G0282
t6384,G0283
t6385,G0283
t6386,G0283
t6387,G0283
t6388,G0283
t6389,G0283
t6390,G0283
t6391,G0283
t6392,G0283
t6393,G0283
t6394,G0283
t6395,G0283
t6396,G0283
t6397,G0283
t6398,G0283
t6399,G0283
t1952,G0284
t1953,G0284
t1954,G0284
t1955,G0284
t1956,G0284
t1957,G0284
t1958,G0284
t1959,G0284
t1960,G0284
t1961,G0284
t1962,G0284
t1963,G0284
t1964,G0284
t1965,G0284
t1966,G0284
t1967,G0284
t6144,G0285
t6145,G0285
t6146,G0285
t6147,G0285
t6148,G0285
t6149,G0285
t6150,G0285
t6151,G0285
t6152,G0285
t6153,G0285
t6154,G0285
t6155,G0285
t6156,G0285
t6157,G0285
t6158,G0285
t6159,G0285
t2704,G0286
t2705,G0286
t2706,G0286
t2707,G0286
t2708,G0286
t2709,G0286
t2710,G0286
t2711,G0286
t2712,G0286
t2713,G0286
t2714,G0286
t2715,G0286
t2716,G0286
t2717,G0286
t2718,G0286
t2719,G0286
t384,G0287
t385,G0287
t386,G0287
t387,G0287
t388,G0287
t389,G0287
t390,G0287
t391,G0287
t392,G0287
t393,G0287
t394,G0287
t395,G0287
t396,G0287
t397,G0287
t398,G0287
t399,G0287
t8160,G0288
t8161,G0288
t8162,G0288
t8163,G0288
t8164,G0288
t8165,G0288
t8166,G0288
t8167,G0288
t8168,G0288
t8169,G0288
t8170,G0288
t8171,G0288
t8172,G0288
t8173,G0288
t8174,G0288
t8175,G0288
t3744,G0289
t3745,G0289
t3746,G0289
t3747,G0289
t3748,G0289
t3749,G0289
t3750,G0289
t3751,G0289
t3752,G0289
t3753,G0289
t3754,G0289
t3755,G0289
t3756,G0289
t3757,G0289
t3758,G0289
t3759,G0289
t4912,G0290
t4913,G0290
t4914,G0290
t4915,G0290
t4916,G0290
t4917,G0290
t4918,G0290
t4919,G0290
t4920,G0290
t4921,G0290
t4922,G0290
t4923,G0290
t4924,G0290
t4925,G0290
t4926,G0290
t4927,G0290
t5824,G0291
t5825,G0291
t5826,G0291
t5827,G0291
t5828,G0291
t5829,G0291
t5830,G0291
t5831,G0291
t5832,G0291
t5833,G0291
t5834,G0291
t5835,G0291
t5836,G0291
t5837,G0291
t5838,G0291
t5839,G0291
t3600,G0292
t3601,G0292
t3602,G0292
t3603,G0292
t3604,G0292
t3605,G0292
t3606,G0292
t3607,G0292
t3608,G0292
t3609,G0292
t3610,G0292
t3611,G0292
t3612,G0292
t3613,G0292
t3614,G0292
t3615,G0292
t208,G0293
t209,G0293
t210,G0293
t211,G0293
t212,G0293
t213,G0293
t214,G0293
t215,G0293
t216,G0293
t217,G0293
t218,G0293
t219,G0293
t220,G0293
t221,G0293
t222,G0293
t223,G0293
t2416,G0294
t2417,G0294
t2418,G0294
t2419,G0294
t2420,G0294
t2421,G0294
t2422,G0294
t2423,G0294
t2424,G0294
t2425,G0294
t2426,G0294
t2427,G0294
t2428,G0294
t2429,G0294
t2430,G0294
t2431,G0294
t2368,G0295
t2369,G0295
t2370,G0295
t2371,G0295
t2372,G0295
t2373,G0295
t2374,G0295
t2375,G0295
t2376,G0295
t2377,G0295
t2378,G0295
t2379,G0295
t2380,G0295
t2381,G0295
t2382,G0295
t2383,G0295
t80,G0296
t81,G0296
t82,G0296
t83,G0296
t84,G0296
t85,G0296
t86,G0296
t87,G0296
t88,G0296
t89,G0296
t90,G0296
t91,G0296
t92,G0296
t93,G0296
t94,G0296
t95,G0296
t5536,G0297
t5537,G0297
t5538,G0297
t5539,G0297
t5540,G0297
t5541,G0297
t5542,G0297
t5543,G0297
t5544,G0297
t5545,G0297
t5546,G0297
t5547,G0297
t5548,G0297
t5549,G0297
t5550,G0297
t5551,G0297
t7968,G0298
t7969,G0298
t7970,G0298
t7971,G0298
t7972,G0298
t7973,G0298
t7974,G0298
t7975,G0298
t7976,G0298
t7977,G0298
t7978,G0298
t7979,G0298
t7980,G0298
t7981,G0298
t7982,G0298
t7983,G0298
t6816,G0299
t6817,G0299
t6818,G0299
t6819,G0299
t6820,G0299
t6821,G0299
t6822,G0299
t6823,G0299
t6824,G0299
t6825,G0299
t6826,G0299
t6827,G0299
t6828,G0299
t6829,G0299
t6830,G0299
t6831,G0299
t3296,G0300
t3297,G0300
t3298,G0300
t3299,G0300
t3300,G0300
t3301,G0300
t3302,G0300
t3303,G0300
t3304,G0300
t3305,G0300
t3306,G0300
t3307,G0300
t3308,G0300
t3309,G0300
t3310,G0300
t3311,G0300
t7088,G0301
t7089,G0301
t7090,G0301
t7091,G0301
t7092,G0301
t7093,G0301
t7094,G0301
t7095,G0301
t7096,G0301
t7097,G0301
t7098,G0301
t7099,G0301
t7100,G0301
t7101,G0301
t7102,G0301
t7103,G0301
t6800,G0302
t6801,G0302
t6802,G0302
t6803,G0302
t6804,G0302
t6805,G0302
t6806,G0302
t6807,G0302
t6808,G0302
t6809,G0302
t6810,G0302
t6811,G0302
t6812,G0302
t6813,G0302
t6814,G0302
t6815,G0302
t7536,G0303
t7537,G0303
t7538,G0303
t7539,G0303
t7540,G0303
t7541,G0303
t7542,G0303
t7543,G0303
t7544,G0303
t7545,G0303
t7546,G0303
t7547,G0303
t7548,G0303
t7549,G0303
t7550,G0303
t7551,G0303
t6368,G0304
t6369,G0304
t6370,G0304
t6371,G0304
t6372,G0304
t6373,G0304
t6374,G0304
t6375,G0304
t6376,G0304
t6377,G0304
t6378,G0304
t6379,G0304
t6380,G0304
t6381,G0304
t6382,G0304
t6383,G0304
t2800,G0305
t2801,G0305
t2802,G0305
t2803,G0305
t2804,G0305
t2805,G0305
t2806,G0305
t2807,G0305
t2808,G0305
t2809,G0305
t2810,G0305
t2811,G0305
t2812,G0305
t2813,G0305
t2814,G0305
t2815,G0305
t5904,G0306
t5905,G0306
t5906,G0306
t5907,G0306
t5908,G0306
t5909,G0306
t5910,G0306
t5911,G0306
t5912,G0306
t5913,G0306
t5914,G0306
t5915,G0306
t5916,G0306
t5917,G0306
t5918,G0306
t5919,G0306
t6064,G0307
t6065,G0307
t6066,G0307
t6067,G0307
t6068,G0307
t6069,G0307
t6070,G0307
t6071,G0307
t6072,G0307
t6073,G0307
t6074,G0307
t6075,G0307
t6076,G0307
t6077,G0307
t6078,G0307
t6079,G0307
t2624,G0308
t2625,G0308
t2626,G0308
t2627,G0308
t2628,G0308
t2629,G0308
t2630,G0308
t2631,G0308
t2632,G0308
t2633,G0308
t2634,G0308
t2635,G0308
t2636,G0308
t2637,G0308
t2638,G0308
t2639,G0308
t6480,G0309
t6481,G0309
t6482,G0309
t6483,G0309
t6484,G0309
t6485,G0309
t6486,G0309
t6487,G0309
t6488,G0309
t6489,G0309
t6490,G0309
t6491,G0309
t6492,G0309
t6493,G0309
t6494,G0309
t6495,G0309
t1264,G0310
t1265,G0310
t1266,G0310
t1267,G0310
t1268,G0310
t1269,G0310
t1270,G0310
t1271,G0310
t1272,G0310
t1273,G0310
t1274,G0310
t1275,G0310
t1276,G0310
t1277,G0310
t1278,G0310
t1279,G0310
t4432,G0311
t4433,G0311
t4434,G0311
t4435,G0311
t4436,G0311
t4437,G0311
t4438,G0311
t4439,G0311
t4440,G0311
t4441,G0311
t4442,G0311
t4443,G0311
t4444,G0311
t4445,G0311
t4446,G0311
t4447,G0311
t7696,G0312
t7697,G0312
t7698,G0312
t7699,G0312
t7700,G0312
t7701,G0312
t7702,G0312
t7703,G0312
t7704,G0312
t7705,G0312
t7706,G0312
t7707,G0312
t7708,G0312
t7709,G0312
t7710,G0312
t7711,G0312
t2736,G0313
t2737,G0313
t2738,G0313
t2739,G0313
t2740,G0313
t2741,G0313
t2742,G0313
t2743,G0313
t2744,G0313
t2745,G0313
t2746,G0313
t2747,G0313
t2748,G0313
t2749,G0313
t2750,G0313
t2751,G0313
t2128,G0314
t2129,G0314
t2130,G0314
t2131,G0314
t2132,G0314
t2133,G0314
t2134,G0314
t2135,G0314
t2136,G0314
t2137,G0314
t2138,G0314
t2139,G0314
t2140,G0314
t2141,G0314
t2142,G0314
t2143,G0314
t96,G0315
t97,G0315
t98,G0315
t99,G0315
t100,G0315
t101,G0315
t102,G0315
t103,G0315
t104,G0315
t105,G0315
t106,G0315
t107,G0315
t108,G0315
t109,G0315
t110,G0315
t111,G0315
t1776,G0316
t1777,G0316
t1778,G0316
t1779,G0316
t1780,G0316
t1781,G0316
t1782,G0316
t1783,G0316
t1784,G0316
t1785,G0316
t1786,G0316
t1787,G0316
t1788,G0316
t1789,G0316
t1790,G0316
t1791,G0316
t848,G0317
t849,G0317
t850,G0317
t851,G0317
t852,G0317
t853,G0317
t854,G0317
t855,G0317
t856,G0317
t857,G0317
t858,G0317
t859,G0317
t860,G0317
t861,G0317
t862,G0317
t863,G0317
t7216,G0318
t7217,G0318
t7218,G0318
t7219,G0318
t7220,G0318
t7221,G0318
t7222,G0318
t7223,G0318
t7224,G0318
t7225,G0318
t7226,G0318
t7227,G0318
t7228,G0318
t7229,G0318
t7230,G0318
t7231,G0318
t7200,G0319
t7201,G0319
t7202,G0319
t7203,G0319
t7204,G0319
t7205,G0319
t7206,G0319
t7207,G0319
t7208,G0319
t7209,G0319
t7210,G0319
t7211,G0319
t7212,G0319
t7213,G0319
t7214,G0319
t7215,G0319
t7904,G0320
t7905,G0320
t7906,G0320
t7907,G0320
t7908,G0320
t7909,G0320
t7910,G0320
t7911,G0320
t7912,G0320
t7913,G0320
t7914,G0320
t7915,G0320
t7916,G0320
t7917,G0320
t7918,G0320
t7919,G0320
t816,G0321
t817,G0321
t818,G0321
t819,G0321
t820,G0321
t821,G0321
t822,G0321
t823,G0321
t824,G0321
t825,G0321
t826,G0321
t827,G0321
t828,G0321
t829,G0321
t830,G0321
t831,G0321
t4992,G0322
t4993,G0322
t4994,G0322
t4995,G0322
t4996,G0322
t4997,G0322
t4998,G0322
t4999,G0322
t5000,G0322
t5001,G0322
t5002,G0322
t5003,G0322
t5004,G0322
t5005,G0322
t5006,G0322
t5007,G0322
t1968,G0323
t1969,G0323
t1970,G0323
t1971,G0323
t1972,G0323
t1973,G0323
t1974,G0323
t1975,G0323
t1976,G0323
t1977,G0323
t1978,G0323
t1979,G0323
t1980,G0323
t1981,G0323
t1982,G0323
t1983,G0323
t704,G0324
t705,G0324
t706,G0324
t707,G0324
t708,G0324
t709,G0324
t710,G0324
t711,G0324
t712,G0324
t713,G0324
t714,G0324
t715,G0324
t716,G0324
t717,G0324
t718,G0324
t719,G0324
t6192,G0325
t6193,G0325
t6194,G0325
t6195,G0325
t6196,G0325
t6197,G0325
t6198,G0325
t6199,G0325
t6200,G0325
t6201,G0325
t6202,G0325
t6203,G0325
t6204,G0325
t6205,G0325
t6206,G0325
t6207,G0325
t896,G0326
t897,G0326
t898,G0326
t899,G0326
t900,G0326
t901,G0326
t902,G0326
t903,G0326
t904,G0326
t905,G0326
t906,G0326
t907,G0326
t908,G0326
t909,G0326
t910,G0326
t911,G0326
t6672,G0327
t6673,G0327
t6674,G0327
t6675,G0327
t6676,G0327
t6677,G0327
t6678,G0327
t6679,G0327
t6680,G0327
t6681,G0327
t6682,G0327
t6683,G0327
t6684,G0327
t6685,G0327
t6686,G0327
t6687,G0327
t3344,G0328
t3345,G0328
t3346,G0328
t3347,G0328
t3348,G0328
t3349,G0328
t3350,G0328
t3351,G0328
t3352,G0328
t3353,G0328
t3354,G0328
t3355,G0328
t3356,G0328
t3357,G0328
t3358,G0328
t3359,G0328
t3136,G0329
t3137,G0329
t3138,G0329
t3139,G0329
t3140,G0329
t3141,G0329
t3142,G0329
t3143,G0329
t3144,G0329
t3145,G0329
t3146,G0329
t3147,G0329
t3148,G0329
t3149,G0329
t3150,G0329
t3151,G0329
t6896,G0330
t6897,G0330
t6898,G0330
t6899,G0330
t6900,G0330
t6901,G0330
t6902,G0330
t6903,G0330
t6904,G0330
t6905,G0330
t6906,G0330
t6907,G0330
t6908,G0330
t6909,G0330
t6910,G0330
t6911,G0330
t5376,G0331
t5377,G0331
t5378,G0331
t5379,G0331
t5380,G0331
t5381,G0331
t5382,G0331
t5383,G0331
t5384,G0331
t5385,G0331
t5386,G0331
t5387,G0331
t5388,G0331
t5389,G0331
t5390,G0331
t5391,G0331
t6000,G0332
t6001,G0332
t6002,G0332
t6003,G0332
t6004,G0332
t6005,G0332
t6006,G0332
t6007,G0332
t6008,G0332
t6009,G0332
t6010,G0332
t6011,G0332
t6012,G0332
t6013,G0332
t6014,G0332
t6015,G0332
t7472,G0333
t7473,G0333
t7474,G0333
t7475,G0333
t7476,G0333
t7477,G0333
t7478,G0333
t7479,G0333
t7480,G0333
t7481,G0333
t7482,G0333
t7483,G0333
t7484,G0333
t7485,G0333
t7486,G0333
t7487,G0333
t8112,G0334
t8113,G0334
t8114,G0334
t8115,G0334
t8116,G0334
t8117,G0334
t8118,G0334
t8119,G0334
t8120,G0334
t8121,G0334
t8122,G0334
t8123,G0334
t8124,G0334
t8125,G0334
t8126,G0334
t8127,G0334
t5792,G0335
t5793,G0335
t5794,G0335
t5795,G0335
t5796,G0335
t5797,G0335
t5798,G0335
t5799,G0335
t5800,G0335
t5801,G0335
t5802,G0335
t5803,G0335
t5804,G0335
t5805,G0335
t5806,G0335
t5807,G0335
t2096,G0336
t2097,G0336
t2098,G0336
t2099,G0336
t2100,G0336
t2101,G0336
t2102,G0336
t2103,G0336
t2104,G0336
t2105,G0336
t2106,G0336
t2107,G0336
t2108,G0336
t2109,G0336
t2110,G0336
t2111,G0336
t6528,G0337
t6529,G0337
t6530,G0337
t6531,G0337
t6532,G0337
t6533,G0337
t6534,G0337
t6535,G0337
t6536,G0337
t6537,G0337
t6538,G0337
t6539,G0337
t6540,G0337
t6541,G0337
t6542,G0337
t6543,G0337
t6096,G0338
t6097,G0338
t6098,G0338
t6099,G0338
t6100,G0338
t6101,G0338
t6102,G0338
t6103,G0338
t6104,G0338
t6105,G0338
t6106,G0338
t6107,G0338
t6108,G0338
t6109,G0338
t6110,G0338
t6111,G0338
t656,G0339
t657,G0339
t658,G0339
t659,G0339
t660,G0339
t661,G0339
t662,G0339
t663,G0339
t664,G0339
t665,G0339
t666,G0339
t667,G0339
t668,G0339
t669,G0339
t670,G0339
t671,G0339
t8000,G0340
t8001,G0340
t8002,G0340
t8003,G0340
t8004,G0340
t8005,G0340
t8006,G0340
t8007,G0340
t8008,G0340
t8009,G0340
t8010,G0340
t8011,G0340
t8012,G0340
t8013,G0340
t8014,G0340
t8015,G0340
t592,G0341
t593,G0341
t594,G0341
t595,G0341
t596,G0341
t597,G0341
t598,G0341
t599,G0341
t600,G0341
t601,G0341
t602,G0341
t603,G0341
t604,G0341
t605,G0341
t606,G0341
t607,G0341
t7712,G0342
t7713,G0342
t7714,G0342
t7715,G0342
t7716,G0342
t7717,G0342
t7718,G0342
t7719,G0342
t7720,G0342
t7721,G0342
t7722,G0342
t7723,G0342
t7724,G0342
t7725,G0342
t7726,G0342
t7727,G0342
t1904,G0343
t1905,G0343
t1906,G0343
t1907,G0343
t1908,G0343
t1909,G0343
t1910,G0343
t1911,G0343
t1912,G0343
t1913,G0343
t1914,G0343
t1915,G0343
t1916,G0343
t1917,G0343
t1918,G0343
t1919,G0343
t7824,G0344
t7825,G0344
t7826,G0344
t7827,G0344
t7828,G0344
t7829,G0344
t7830,G0344
t7831,G0344
t7832,G0344
t7833,G0344
t7834,G0344
t7835,G0344
t7836,G0344
t7837,G0344
t7838,G0344
t7839,G0344
t6400,G0345
t6401,G0345
t6402,G0345
t6403,G0345
t6404,G0345
t6405,G0345
t6406,G0345
t6407,G0345
t6408,G0345
t6409,G0345
t6410,G0345
t6411,G0345
t6412,G0345
t6413,G0345
t6414,G0345
t6415,G0345
t7776,G0346
t7777,G0346
t7778,G0346
t7779,G0346
t7780,G0346
t7781,G0346
t7782,G0346
t7783,G0346
t7784,G0346
t7785,G0346
t7786,G0346
t7787,G0346
t7788,G0346
t7789,G0346
t7790,G0346
t7791,G0346
t7392,G0347
t7393,G0347
t7394,G0347
t7395,G0347
t7396,G0347
t7397,G0347
t7398,G0347
t7399,G0347
t7400,G0347
t7401,G0347
t7402,G0347
t7403,G0347
t7404,G0347
t7405,G0347
t7406,G0347
t7407,G0347
t6720,G0348
t6721,G0348
t6722,G0348
t6723,G0348
t6724,G0348
t6725,G0348
t6726,G0348
t6727,G0348
t6728,G0348
t6729,G0348
t6730,G0348
t6731,G0348
t6732,G0348
t6733,G0348
t6734,G0348
t6735,G0348
t784,G0349
t785,G0349
t786,G0349
t787,G0349
t788,G0349
t789,G0349
t790,G0349
t791,G0349
t792,G0349
t793,G0349
t794,G0349
t795,G0349
t796,G0349
t797,G0349
t798,G0349
t799,G0349
t1392,G0350
t1393,G0350
t1394,G0350
t1395,G0350
t1396,G0350
t1397,G0350
t1398,G0350
t1399,G0350
t1400,G0350
t1401,G0350
t1402,G0350
t1403,G0350
t1404,G0350
t1405,G0350
t1406,G0350
t1407,G0350
t8032,G0351
t8033,G0351
t8034,G0351
t8035,G0351
t8036,G0351
t8037,G0351
t8038,G0351
t8039,G0351
t8040,G0351
t8041,G0351
t8042,G0351
t8043,G0351
t8044,G0351
t8045,G0351
t8046,G0351
t8047,G0351
t1072,G0352
t1073,G0352
t1074,G0352
t1075,G0352
t1076,G0352
t1077,G0352
t1078,G0352
t1079,G0352
t1080,G0352
t1081,G0352
t1082,G0352
t1083,G0352
t1084,G0352
t1085,G0352
t1086,G0352
t1087,G0352
t272,G0353
t273,G0353
t274,G0353
t275,G0353
t276,G0353
t277,G0353
t278,G0353
t279,G0353
t280,G0353
t281,G0353
t282,G0353
t283,G0353
t284,G0353
t285,G0353
t286,G0353
t287,G0353
t2064,G0354
t2065,G0354
t2066,G0354
t2067,G0354
t2068,G0354
t2069,G0354
t2070,G0354
t2071,G0354
t2072,G0354
t2073,G0354
t2074,G0354
t2075,G0354
t2076,G0354
t2077,G0354
t2078,G0354
t2079,G0354
t5760,G0355
t5761,G0355
t5762,G0355
t5763,G0355
t5764,G0355
t5765,G0355
t5766,G0355
t5767,G0355
t5768,G0355
t5769,G0355
t5770,G0355
t5771,G0355
t5772,G0355
t5773,G0355
t5774,G0355
t5775,G0355
t1136,G0356
t1137,G0356
t1138,G0356
t1139,G0356
t1140,G0356
t1141,G0356
t1142,G0356
t1143,G0356
t1144,G0356
t1145,G0356
t1146,G0356
t1147,G0356
t1148,G0356
t1149,G0356
t1150,G0356
t1151,G0356
t6640,G0357
t6641,G0357
t6642,G0357
t6643,G0357
t6644,G0357
t6645,G0357
t6646,G0357
t6647,G0357
t6648,G0357
t6649,G0357
t6650,G0357
t6651,G0357
t6652,G0357
t6653,G0357
t6654,G0357
t6655,G0357
t144,G0358
t145,G0358
t146,G0358
t147,G0358
t148,G0358
t149,G0358
t150,G0358
t151,G0358
t152,G0358
t153,G0358
t154,G0358
t155,G0358
t156,G0358
t157,G0358
t158,G0358
t159,G0358
t3424,G0359
t3425,G0359
t3426,G0359
t3427,G0359
t3428,G0359
t3429,G0359
t3430,G0359
t3431,G0359
t3432,G0359
t3433,G0359
t3434,G0359
t3435,G0359
t3436,G0359
t3437,G0359
t3438,G0359
t3439,G0359
t2144,G0360
t2145,G0360
t2146,G0360
t2147,G0360
t2148,G0360
t2149,G0360
t2150,G0360
t2151,G0360
t2152,G0360
t2153,G0360
t2154,G0360
t2155,G0360
t2156,G0360
t2157,G0360
t2158,G0360
t2159,G0360
t2112,G0361
t2113,G0361
t2114,G0361
t2115,G0361
t2116,G0361
t2117,G0361
t2118,G0361
t2119,G0361
t2120,G0361
t2121,G0361
t2122,G0361
t2123,G0361
t2124,G0361
t2125,G0361
t2126,G0361
t2127,G0361
t6112,G0362
t6113,G0362
t6114,G0362
t6115,G0362
t6116,G0362
t6117,G0362
t6118,G0362
t6119,G0362
t6120,G0362
t6121,G0362
t6122,G0362
t6123,G0362
t6124,G0362
t6125,G0362
t6126,G0362
t6127,G0362
t1168,G0363
t1169,G0363
t1170,G0363
t1171,G0363
t1172,G0363
t1173,G0363
t1174,G0363
t1175,G0363
t1176,G0363
t1177,G0363
t1178,G0363
t1179,G0363
t1180,G0363
t1181,G0363
t1182,G0363
t1183,G0363
t2672,G0364
t2673,G0364
t2674,G0364
t2675,G0364
t2676,G0364
t2677,G0364
t2678,G0364
t2679,G0364
t2680,G0364
t2681,G0364
t2682,G0364
t2683,G0364
t2684,G0364
t2685,G0364
t2686,G0364
t2687,G0364
t6784,G0365
t6785,G0365
t6786,G0365
t6787,G0365
t6788,G0365
t6789,G0365
t6790,G0365
t6791,G0365
t6792,G0365
t6793,G0365
t6794,G0365
t6795,G0365
t6796,G0365
t6797,G0365
t6798,G0365
t6799,G0365
t6592,G0366
t6593,G0366
t6594,G0366
t6595,G0366
t6596,G0366
t6597,G0366
t6598,G0366
t6599,G0366
t6600,G0366
t6601,G0366
t6602,G0366
t6603,G0366
t6604,G0366
t6605,G0366
t6606,G0366
t6607,G0366
t7840,G0367
t7841,G0367
t7842,G0367
t7843,G0367
t7844,G0367
t7845,G0367
t7846,G0367
t7847,G0367
t7848,G0367
t7849,G0367
t7850,G0367
t7851,G0367
t7852,G0367
t7853,G0367
t7854,G0367
t7855,G0367
t4784,G0368
t4785,G0368
t4786,G0368
t4787,G0368
t4788,G0368
t4789,G0368
t4790,G0368
t4791,G0368
t4792,G0368
t4793,G0368
t4794,G0368
t4795,G0368
t4796,G0368
t4797,G0368
t4798,G0368
t4799,G0368
t6352,G0369
t6353,G0369
t6354,G0369
t6355,G0369
t6356,G0369
t6357,G0369
t6358,G0369
t6359,G0369
t6360,G0369
t6361,G0369
t6362,G0369
t6363,G0369
t6364,G0369
t6365,G0369
t6366,G0369
t6367,G0369
t7488,G0370
t7489,G0370
t7490,G0370
t7491,G0370
t7492,G0370
t7493,G0370
t7494,G0370
t7495,G0370
t7496,G0370
t7497,G0370
t7498,G0370
t7499,G0370
t7500,G0370
t7501,G0370
t7502,G0370
t7503,G0370
t5184,G0371
t5185,G0371
t5186,G0371
t5187,G0371
t5188,G0371
t5189,G0371
t5190,G0371
t5191,G0371
t5192,G0371
t5193,G0371
t5194,G0371
t5195,G0371
t5196,G0371
t5197,G0371
t5198,G0371
t5199,G0371
t6160,G0372
t6161,G0372
t6162,G0372
t6163,G0372
t6164,G0372
t6165,G0372
t6166,G0372
t6167,G0372
t6168,G0372
t6169,G0372
t6170,G0372
t6171,G0372
t6172,G0372
t6173,G0372
t6174,G0372
t6175,G0372
t832,G0373
t833,G0373
t834,G0373
t835,G0373
t836,G0373
t837,G0373
t838,G0373
t839,G0373
t840,G0373
t841,G0373
t842,G0373
t843,G0373
t844,G0373
t845,G0373
t846,G0373
t847,G0373
t2576,G0374
t2577,G0374
t2578,G0374
t2579,G0374
t2580,G0374
t2581,G0374
t2582,G0374
t2583,G0374
t2584,G0374
t2585,G0374
t2586,G0374
t2587,G0374
t2588,G0374
t2589,G0374
t2590,G0374
t2591,G0374
t752,G0375
t753,G0375
t754,G0375
t755,G0375
t756,G0375
t757,G0375
t758,G0375
t759,G0375
t760,G0375
t761,G0375
t762,G0375
t763,G0375
t764,G0375
t765,G0375
t766,G0375
t767,G0375
t1840,G0376
t1841,G0376
t1842,G0376
t1843,G0376
t1844,G0376
t1845,G0376
t1846,G0376
t1847,G0376
t1848,G0376
t1849,G0376
t1850,G0376
t1851,G0376
t1852,G0376
t1853,G0376
t1854,G0376
t1855,G0376
t3872,G0377
t3873,G0377
t3874,G0377
t3875,G0377
t3876,G0377
t3877,G0377
t3878,G0377
t3879,G0377
t3880,G0377
t3881,G0377
t3882,G0377
t3883,G0377
t3884,G0377
t3885,G0377
t3886,G0377
t3887,G0377
t1248,G0378
t1249,G0378
t1250,G0378
t1251,G0378
t1252,G0378
t1253,G0378
t1254,G0378
t1255,G0378
t1256,G0378
t1257,G0378
t1258,G0378
t1259,G0378
t1260,G0378
t1261,G0378
t1262,G0378
t1263,G0378
t5088,G0379
t5089,G0379
t5090,G0379
t5091,G0379
t5092,G0379
t5093,G0379
t5094,G0379
t5095,G0379
t5096,G0379
t5097,G0379
t5098,G0379
t5099,G0379
t5100,G0379
t5101,G0379
t5102,G0379
t5103,G0379
t3280,G0380
t3281,G0380
t3282,G0380
t3283,G0380
t3284,G0380
t3285,G0380
t3286,G0380
t3287,G0380
t3288,G0380
t3289,G0380
t3290,G0380
t3291,G0380
t3292,G0380
t3293,G0380
t3294,G0380
t3295,G0380
t2160,G0381
t2161,G0381
t2162,G0381
t2163,G0381
t2164,G0381
t2165,G0381
t2166,G0381
t2167,G0381
t2168,G0381
t2169,G0381
t2170,G0381
t2171,G0381
t2172,G0381
t2173,G0381
t2174,G0381
t2175,G0381
t368,G0382
t369,G0382
t370,G0382
t371,G0382
t372,G0382
t373,G0382
t374,G0382
t375,G0382
t376,G0382
t377,G0382
t378,G0382
t379,G0382
t380,G0382
t381,G0382
t382,G0382
t383,G0382
t4944,G0383
t4945,G0383
t4946,G0383
t4947,G0383
t4948,G0383
t4949,G0383
t4950,G0383
t4951,G0383
t4952,G0383
t4953,G0383
t4954,G0383
t4955,G0383
t4956,G0383
t4957,G0383
t4958,G0383
t4959,G0383
t4512,G0384
t4513,G0384
t4514,G0384
t4515,G0384
t4516,G0384
t4517,G0384
t4518,G0384
t4519,G0384
t4520,G0384
t4521,G0384
t4522,G0384
t4523,G0384
t4524,G0384
t4525,G0384
t4526,G0384
t4527,G0384
t3664,G0385
t3665,G0385
t3666,G0385
t3667,G0385
t3668,G0385
t3669,G0385
t3670,G0385
t3671,G0385
t3672,G0385
t3673,G0385
t3674,G0385
t3675,G0385
t3676,G0385
t3677,G0385
t3678,G0385
t3679,G0385
t8016,G0386
t8017,G0386
t8018,G0386
t8019,G0386
t8020,G0386
t8021,G0386
t8022,G0386
t8023,G0386
t8024,G0386
t8025,G0386
t8026,G0386
t8027,G0386
t8028,G0386
t8029,G0386
t8030,G0386
t8031,G0386
t240,G0387
t241,G0387
t242,G0387
t243,G0387
t244,G0387
t245,G0387
t246,G0387
t247,G0387
t248,G0387
t249,G0387
t250,G0387
t251,G0387
t252,G0387
t253,G0387
t254,G0387
t255,G0387
t6208,G0388
t6209,G0388
t6210,G0388
t6211,G0388
t6212,G0388
t6213,G0388
t6214,G0388
t6215,G0388
t6216,G0388
t6217,G0388
t6218,G0388
t6219,G0388
t6220,G0388
t6221,G0388
t6222,G0388
t6223,G0388
t2752,G0389
t2753,G0389
t2754,G0389
t2755,G0389
t2756,G0389
t2757,G0389
t2758,G0389
t2759,G0389
t2760,G0389
t2761,G0389
t2762,G0389
t2763,G0389
t2764,G0389
t2765,G0389
t2766,G0389
t2767,G0389
t2336,G0390
t2337,G0390
t2338,G0390
t2339,G0390
t2340,G0390
t2341,G0390
t2342,G0390
t2343,G0390
t2344,G0390
t2345,G0390
t2346,G0390
t2347,G0390
t2348,G0390
t2349,G0390
t2350,G0390
t2351,G0390
t8176,G0391
t8177,G0391
t8178,G0391
t8179,G0391
t8180,G0391
t8181,G0391
t8182,G0391
t8183,G0391
t8184,G0391
t8185,G0391
t8186,G0391
t8187,G0391
t8188,G0391
t8189,G0391
t8190,G0391
t8191,G0391
t5136,G0392
t5137,G0392
t5138,G0392
t5139,G0392
t5140,G0392
t5141,G0392
t5142,G0392
t5143,G0392
t5144,G0392
t5145,G0392
t5146,G0392
t5147,G0392
t5148,G0392
t5149,G0392
t5150,G0392
t5151,G0392
t6304,G0393
t6305,G0393
t6306,G0393
t6307,G0393
t6308,G0393
t6309,G0393
t6310,G0393
t6311,G0393
t6312,G0393
t6313,G0393
t6314,G0393
t6315,G0393
t6316,G0393
t6317,G0393
t6318,G0393
t6319,G0393
t2816,G0394
t2817,G0394
t2818,G0394
t2819,G0394
t2820,G0394
t2821,G0394
t2822,G0394
t2823,G0394
t2824,G0394
t2825,G0394
t2826,G0394
t2827,G0394
t2828,G0394
t2829,G0394
t2830,G0394
t2831,G0394
t32,G0395
t33,G0395
t34,G0395
t35,G0395
t36,G0395
t37,G0395
t38,G0395
t39,G0395
t40,G0395
t41,G0395
t42,G0395
t43,G0395
t44,G0395
t45,G0395
t46,G0395
t47,G0395
t7648,G0396
t7649,G0396
t7650,G0396
t7651,G0396
t7652,G0396
t7653,G0396
t7654,G0396
t7655,G0396
t7656,G0396
t7657,G0396
t7658,G0396
t7659,G0396
t7660,G0396
t7661,G0396
t7662,G0396
t7663,G0396
t1232,G0397
t1233,G0397
t1234,G0397
t1235,G0397
t1236,G0397
t1237,G0397
t1238,G0397
t1239,G0397
t1240,G0397
t1241,G0397
t1242,G0397
t1243,G0397
t1244,G0397
t1245,G0397
t1246,G0397
t1247,G0397
t2016,G0398
t2017,G0398
t2018,G0398
t2019,G0398
t2020,G0398
t2021,G0398
t2022,G0398
t2023,G0398
t2024,G0398
t2025,G0398
t2026,G0398
t2027,G0398
t2028,G0398
t2029,G0398
t2030,G0398
t2031,G0398
t352,G0399
t353,G0399
t354,G0399
t355,G0399
t356,G0399
t357,G0399
t358,G0399
t359,G0399
t360,G0399
t361,G0399
t362,G0399
t363,G0399
t364,G0399
t365,G0399
t366,G0399
t367,G0399
t6288,G0400
t6289,G0400
t6290,G0400
t6291,G0400
t6292,G0400
t6293,G0400
t6294,G0400
t6295,G0400
t6296,G0400
t6297,G0400
t6298,G0400
t6299,G0400
t6300,G0400
t6301,G0400
t6302,G0400
t6303,G0400
t3152,G0401
t3153,G0401
t3154,G0401
t3155,G0401
t3156,G0401
t3157,G0401
t3158,G0401
t3159,G0401
t3160,G0401
t3161,G0401
t3162,G0401
t3163,G0401
t3164,G0401
t3165,G0401
t3166,G0401
t3167,G0401
t0,G0402
t1,G0402
t2,G0402
t3,G0402
t4,G0402
t5,G0402
t6,G0402
t7,G0402
t8,G0402
t9,G0402
t10,G0402
t11,G0402
t12,G0402
t13,G0402
t14,G0402
t15,G0402
t5888,G0403
t5889,G0403
t5890,G0403
t5891,G0403
t5892,G0403
t5893,G0403
t5894,G0403
t5895,G0403
t5896,G0403
t5897,G0403
t5898,G0403
t5899,G0403
t5900,G0403
t5901,G0403
t5902,G0403
t5903,G0403
t1504,G0404
t1505,G0404
t1506,G0404
t1507,G0404
t1508,G0404
t1509,G0404
t1510,G0404
t1511,G0404
t1512,G0404
t1513,G0404
t1514,G0404
t1515,G0404
t1516,G0404
t1517,G0404
t1518,G0404
t1519,G0404
t1280,G0405
t1281,G0405
t1282,G0405
t1283,G0405
t1284,G0405
t1285,G0405
t1286,G0405
t1287,G0405
t1288,G0405
t1289,G0405
t1290,G0405
t1291,G0405
t1292,G0405
t1293,G0405
t1294,G0405
t1295,G0405
t1040,G0406
t1041,G0406
t1042,G0406
t1043,G0406
t1044,G0406
t1045,G0406
t1046,G0406
t1047,G0406
t1048,G0406
t1049,G0406
t1050,G0406
t1051,G0406
t1052,G0406
t1053,G0406
t1054,G0406
t1055,G0406
t2080,G0407
t2081,G0407
t2082,G0407
t2083,G0407
t2084,G0407
t2085,G0407
t2086,G0407
t2087,G0407
t2088,G0407
t2089,G0407
t2090,G0407
t2091,G0407
t2092,G0407
t2093,G0407
t2094,G0407
t2095,G0407
t3056,G0408
t3057,G0408
t3058,G0408
t3059,G0408
t3060,G0408
t3061,G0408
t3062,G0408
t3063,G0408
t3064,G0408
t3065,G0408
t3066,G0408
t3067,G0408
t3068,G0408
t3069,G0408
t3070,G0408
t3071,G0408
t160,G0409
t161,G0409
t162,G0409
t163,G0409
t164,G0409
t165,G0409
t166,G0409
t167,G0409
t168,G0409
t169,G0409
t170,G0409
t171,G0409
t172,G0409
t173,G0409
t174,G0409
t175,G0409
t320,G0410
t321,G0410
t322,G0410
t323,G0410
t324,G0410
t325,G0410
t326,G0410
t327,G0410
t328,G0410
t329,G0410
t330,G0410
t331,G0410
t332,G0410
t333,G0410
t334,G0410
t335,G0410
t5664,G0411
t5665,G0411
t5666,G0411
t5667,G0411
t5668,G0411
t5669,G0411
t5670,G0411
t5671,G0411
t5672,G0411
t5673,G0411
t5674,G0411
t5675,G0411
t5676,G0411
t5677,G0411
t5678,G0411
t5679,G0411
t544,G0412
t545,G0412
t546,G0412
t547,G0412
t548,G0412
t549,G0412
t550,G0412
t551,G0412
t552,G0412
t553,G0412
t554,G0412
t555,G0412
t556,G0412
t557,G0412
t558,G0412
t559,G0412
t928,G0413
t929,G0413
t930,G0413
t931,G0413
t932,G0413
t933,G0413
t934,G0413
t935,G0413
t936,G0413
t937,G0413
t938,G0413
t939,G0413
t940,G0413
t941,G0413
t942,G0413
t943,G0413
t672,G0414
t673,G0414
t674,G0414
t675,G0414
t676,G0414
t677,G0414
t678,G0414
t679,G0414
t680,G0414
t681,G0414
t682,G0414
t683,G0414
t684,G0414
t685,G0414
t686,G0414
t687,G0414
t7728,G0415
t7729,G0415
t7730,G0415
t7731,G0415
t7732,G0415
t7733,G0415
t7734,G0415
t7735,G0415
t7736,G0415
t7737,G0415
t7738,G0415
t7739,G0415
t7740,G0415
t7741,G0415
t7742,G0415
t7743,G0415
t5504,G0416
t5505,G0416
t5506,G0416
t5507,G0416
t5508,G0416
t5509,G0416
t5510,G0416
t5511,G0416
t5512,G0416
t5513,G0416
t5514,G0416
t5515,G0416
t5516,G0416
t5517,G0416
t5518,G0416
t5519,G0416
t6864,G0417
t6865,G0417
t6866,G0417
t6867,G0417
t6868,G0417
t6869,G0417
t6870,G0417
t6871,G0417
t6872,G0417
t6873,G0417
t6874,G0417
t6875,G0417
t6876,G0417
t6877,G0417
t6878,G0417
t6879,G0417
t7328,G0418
t7329,G0418
t7330,G0418
t7331,G0418
t7332,G0418
t7333,G0418
t7334,G0418
t7335,G0418
t7336,G0418
t7337,G0418
t7338,G0418
t7339,G0418
t7340,G0418
t7341,G0418
t7342,G0418
t7343,G0418
t7264,G0419
t7265,G0419
t7266,G0419
t7267,G0419
t7268,G0419
t7269,G0419
t7270,G0419
t7271,G0419
t7272,G0419
t7273,G0419
t7274,G0419
t7275,G0419
t7276,G0419
t7277,G0419
t7278,G0419
t7279,G0419
t7024,G0420
t7025,G0420
t7026,G0420
t7027,G0420
t7028,G0420
t7029,G0420
t7030,G0420
t7031,G0420
t7032,G0420
t7033,G0420
t7034,G0420
t7035,G0420
t7036,G0420
t7037,G0420
t7038,G0420
t7039,G0420
t464,G0421
t465,G0421
t466,G0421
t467,G0421
t468,G0421
t469,G0421
t470,G0421
t471,G0421
t472,G0421
t473,G0421
t474,G0421
t475,G0421
t476,G0421
t477,G0421
t478,G0421
t479,G0421
t256,G0422
t257,G0422
t258,G0422
t259,G0422
t260,G0422
t261,G0422
t262,G0422
t263,G0422
t264,G0422
t265,G0422
t266,G0422
t267,G0422
t268,G0422
t269,G0422
t270,G0422
t271,G0422
t7520,G0423
t7521,G0423
t7522,G0423
t7523,G0423
t7524,G0423
t7525,G0423
t7526,G0423
t7527,G0423
t7528,G0423
t7529,G0423
t7530,G0423
t7531,G0423
t7532,G0423
t7533,G0423
t7534,G0423
t7535,G0423
t6032,G0424
t6033,G0424
t6034,G0424
t6035,G0424
t6036,G0424
t6037,G0424
t6038,G0424
t6039,G0424
t6040,G0424
t6041,G0424
t6042,G0424
t6043,G0424
t6044,G0424
t6045,G0424
t6046,G0424
t6047,G0424
t1712,G0425
t1713,G0425
t1714,G0425
t1715,G0425
t1716,G0425
t1717,G0425
t1718,G0425
t1719,G0425
t1720,G0425
t1721,G0425
t1722,G0425
t1723,G0425
t1724,G0425
t1725,G0425
t1726,G0425
t1727,G0425
t2000,G0426
t2001,G0426
t2002,G0426
t2003,G0426
t2004,G0426
t2005,G0426
t2006,G0426
t2007,G0426
t2008,G0426
t2009,G0426
t2010,G0426
t2011,G0426
t2012,G0426
t2013,G0426
t2014,G0426
t2015,G0426
t2176,G0427
t2177,G0427
t2178,G0427
t2179,G0427
t2180,G0427
t2181,G0427
t2182,G0427
t2183,G0427
t2184,G0427
t2185,G0427
t2186,G0427
t2187,G0427
t2188,G0427
t2189,G0427
t2190,G0427
t2191,G0427
t7312,G0428
t7313,G0428
t7314,G0428
t7315,G0428
t7316,G0428
t7317,G0428
t7318,G0428
t7319,G0428
t7320,G0428
t7321,G0428
t7322,G0428
t7323,G0428
t7324,G0428
t7325,G0428
t7326,G0428
t7327,G0428
t4272,G0429
t4273,G0429
t4274,G0429
t4275,G0429
t4276,G0429
t4277,G0429
t4278,G0429
t4279,G0429
t4280,G0429
t4281,G0429
t4282,G0429
t4283,G0429
t4284,G0429
t4285,G0429
t4286,G0429
t4287,G0429
t6928,G0430
t6929,G0430
t6930,G0430
t6931,G0430
t6932,G0430
t6933,G0430
t6934,G0430
t6935,G0430
t6936,G0430
t6937,G0430
t6938,G0430
t6939,G0430
t6940,G0430
t6941,G0430
t6942,G0430
t6943,G0430
t5584,G0431
t5585,G0431
t5586,G0431
t5587,G0431
t5588,G0431
t5589,G0431
t5590,G0431
t5591,G0431
t5592,G0431
t5593,G0431
t5594,G0431
t5595,G0431
t5596,G0431
t5597,G0431
t5598,G0431
t5599,G0431
t1856,G0432
t1857,G0432
t1858,G0432
t1859,G0432
t1860,G0432
t1861,G0432
t1862,G0432
t1863,G0432
t1864,G0432
t1865,G0432
t1866,G0432
t1867,G0432
t1868,G0432
t1869,G0432
t1870,G0432
t1871,G0432
t4832,G0433
t4833,G0433
t4834,G0433
t4835,G0433
t4836,G0433
t4837,G0433
t4838,G0433
t4839,G0433
t4840,G0433
t4841,G0433
t4842,G0433
t4843,G0433
t4844,G0433
t4845,G0433
t4846,G0433
t4847,G0433
t2224,G0434
t2225,G0434
t2226,G0434
t2227,G0434
t2228,G0434
t2229,G0434
t2230,G0434
t2231,G0434
t2232,G0434
t2233,G0434
t2234,G0434
t2235,G0434
t2236,G0434
t2237,G0434
t2238,G0434
t2239,G0434
t400,G0435
t401,G0435
t402,G0435
t403,G0435
t404,G0435
t405,G0435
t406,G0435
t407,G0435
t408,G0435
t409,G0435
t410,G0435
t411,G0435
t412,G0435
t413,G0435
t414,G0435
t415,G0435
t5344,G0436
t5345,G0436
t5346,G0436
t5347,G0436
t5348,G0436
t5349,G0436
t5350,G0436
t5351,G0436
t5352,G0436
t5353,G0436
t5354,G0436
t5355,G0436
t5356,G0436
t5357,G0436
t5358,G0436
t5359,G0436
t4704,G0437
t4705,G0437
t4706,G0437
t4707,G0437
t4708,G0437
t4709,G0437
t4710,G0437
t4711,G0437
t4712,G0437
t4713,G0437
t4714,G0437
t4715,G0437
t4716,G0437
t4717,G0437
t4718,G0437
t4719,G0437
t480,G0438
t481,G0438
t482,G0438
t483,G0438
t484,G0438
t485,G0438
t486,G0438
t487,G0438
t488,G0438
t489,G0438
t490,G0438
t491,G0438
t492,G0438
t493,G0438
t494,G0438
t495,G0438
t864,G0439
t865,G0439
t866,G0439
t867,G0439
t868,G0439
t869,G0439
t870,G0439
t871,G0439
t872,G0439
t873,G0439
t874,G0439
t875,G0439
t876,G0439
t877,G0439
t878,G0439
t879,G0439
t1552,G0440
t1553,G0440
t1554,G0440
t1555,G0440
t1556,G0440
t1557,G0440
t1558,G0440
t1559,G0440
t1560,G0440
t1561,G0440
t1562,G0440
t1563,G0440
t1564,G0440
t1565,G0440
t1566,G0440
t1567,G0440
t64,G0441
t65,G0441
t66,G0441
t67,G0441
t68,G0441
t69,G0441
t70,G0441
t71,G0441
t72,G0441
t73,G0441
t74,G0441
t75,G0441
t76,G0441
t77,G0441
t78,G0441
t79,G0441
t6656,G0442
t6657,G0442
t6658,G0442
t6659,G0442
t6660,G0442
t6661,G0442
t6662,G0442
t6663,G0442
t6664,G0442
t6665,G0442
t6666,G0442
t6667,G0442
t6668,G0442
t6669,G0442
t6670,G0442
t6671,G0442
t2784,G0443
t2785,G0443
t2786,G0443
t2787,G0443
t2788,G0443
t2789,G0443
t2790,G0443
t2791,G0443
t2792,G0443
t2793,G0443
t2794,G0443
t2795,G0443
t2796,G0443
t2797,G0443
t2798,G0443
t2799,G0443
t608,G0444
t609,G0444
t610,G0444
t611,G0444
t612,G0444
t613,G0444
t614,G0444
t615,G0444
t616,G0444
t617,G0444
t618,G0444
t619,G0444
t620,G0444
t621,G0444
t622,G0444
t623,G0444
t5104,G0445
t5105,G0445
t5106,G0445
t5107,G0445
t5108,G0445
t5109,G0445
t5110,G0445
t5111,G0445
t5112,G0445
t5113,G0445
t5114,G0445
t5115,G0445
t5116,G0445
t5117,G0445
t5118,G0445
t5119,G0445
t5600,G0446
t5601,G0446
t5602,G0446
t5603,G0446
t5604,G0446
t5605,G0446
t5606,G0446
t5607,G0446
t5608,G0446
t5609,G0446
t5610,G0446
t5611,G0446
t5612,G0446
t5613,G0446
t5614,G0446
t5615,G0446
t2992,G0447
t2993,G0447
t2994,G0447
t2995,G0447
t2996,G0447
t2997,G0447
t2998,G0447
t2999,G0447
t3000,G0447
t3001,G0447
t3002,G0447
t3003,G0447
t3004,G0447
t3005,G0447
t3006,G0447
t3007,G0447
t4192,G0448
t4193,G0448
t4194,G0448
t4195,G0448
t4196,G0448
t4197,G0448
t4198,G0448
t4199,G0448
t4200,G0448
t4201,G0448
t4202,G0448
t4203,G0448
t4204,G0448
t4205,G0448
t4206,G0448
t4207,G0448
t6848,G0449
t6849,G0449
t6850,G0449
t6851,G0449
t6852,G0449
t6853,G0449
t6854,G0449
t6855,G0449
t6856,G0449
t6857,G0449
t6858,G0449
t6859,G0449
t6860,G0449
t6861,G0449
t6862,G0449
t6863,G0449
t1696,G0450
t1697,G0450
t1698,G0450
t1699,G0450
t1700,G0450
t1701,G0450
t1702,G0450
t1703,G0450
t1704,G0450
t1705,G0450
t1706,G0450
t1707,G0450
t1708,G0450
t1709,G0450
t1710,G0450
t1711,G0450
t5984,G0451
t5985,G0451
t5986,G0451
t5987,G0451
t5988,G0451
t5989,G0451
t5990,G0451
t5991,G0451
t5992,G0451
t5993,G0451
t5994,G0451
t5995,G0451
t5996,G0451
t5997,G0451
t5998,G0451
t5999,G0451
t2544,G0452
t2545,G0452
t2546,G0452
t2547,G0452
t2548,G0452
t2549,G0452
t2550,G0452
t2551,G0452
t2552,G0452
t2553,G0452
t2554,G0452
t2555,G0452
t2556,G0452
t2557,G0452
t2558,G0452
t2559,G0452
t3328,G0453
t3329,G0453
t3330,G0453
t3331,G0453
t3332,G0453
t3333,G0453
t3334,G0453
t3335,G0453
t3336,G0453
t3337,G0453
t3338,G0453
t3339,G0453
t3340,G0453
t3341,G0453
t3342,G0453
t3343,G0453
t4816,G0454
t4817,G0454
t4818,G0454
t4819,G0454
t4820,G0454
t4821,G0454
t4822,G0454
t4823,G0454
t4824,G0454
t4825,G0454
t4826,G0454
t4827,G0454
t4828,G0454
t4829,G0454
t4830,G0454
t4831,G0454
t6496,G0455
t6497,G0455
t6498,G0455
t6499,G0455
t6500,G0455
t6501,G0455
t6502,G0455
t6503,G0455
t6504,G0455
t6505,G0455
t6506,G0455
t6507,G0455
t6508,G0455
t6509,G0455
t6510,G0455
t6511,G0455
t5328,G0456
t5329,G0456
t5330,G0456
t5331,G0456
t5332,G0456
t5333,G0456
t5334,G0456
t5335,G0456
t5336,G0456
t5337,G0456
t5338,G0456
t5339,G0456
t5340,G0456
t5341,G0456
t5342,G0456
t5343,G0456
t4144,G0457
t4145,G0457
t4146,G0457
t4147,G0457
t4148,G0457
t4149,G0457
t4150,G0457
t4151,G0457
t4152,G0457
t4153,G0457
t4154,G0457
t4155,G0457
t4156,G0457
t4157,G0457
t4158,G0457
t4159,G0457
t4240,G0458
t4241,G0458
t4242,G0458
t4243,G0458
t4244,G0458
t4245,G0458
t4246,G0458
t4247,G0458
t4248,G0458
t4249,G0458
t4250,G0458
t4251,G0458
t4252,G0458
t4253,G0458
t4254,G0458
t4255,G0458
t4592,G0459
t4593,G0459
t4594,G0459
t4595,G0459
t4596,G0459
t4597,G0459
t4598,G0459
t4599,G0459
t4600,G0459
t4601,G0459
t4602,G0459
t4603,G0459
t4604,G0459
t4605,G0459
t4606,G0459
t4607,G0459
t4128,G0460
t4129,G0460
t4130,G0460
t4131,G0460
t4132,G0460
t4133,G0460
t4134,G0460
t4135,G0460
t4136,G0460
t4137,G0460
t4138,G0460
t4139,G0460
t4140,G0460
t4141,G0460
t4142,G0460
t4143,G0460
t5776,G0461
t5777,G0461
t5778,G0461
t5779,G0461
t5780,G0461
t5781,G0461
t5782,G0461
t5783,G0461
t5784,G0461
t5785,G0461
t5786,G0461
t5787,G0461
t5788,G0461
t5789,G0461
t5790,G0461
t5791,G0461
t2480,G0462
t2481,G0462
t2482,G0462
t2483,G0462
t2484,G0462
t2485,G0462
t2486,G0462
t2487,G0462
t2488,G0462
t2489,G0462
t2490,G0462
t2491,G0462
t2492,G0462
t2493,G0462
t2494,G0462
t2495,G0462
t2528,G0463
t2529,G0463
t2530,G0463
t2531,G0463
t2532,G0463
t2533,G0463
t2534,G0463
t2535,G0463
t2536,G0463
t2537,G0463
t2538,G0463
t2539,G0463
t2540,G0463
t2541,G0463
t2542,G0463
t2543,G0463
t3920,G0464
t3921,G0464
t3922,G0464
t3923,G0464
t3924,G0464
t3925,G0464
t3926,G0464
t3927,G0464
t3928,G0464
t3929,G0464
t3930,G0464
t3931,G0464
t3932,G0464
t3933,G0464
t3934,G0464
t3935,G0464
t6320,G0465
t6321,G0465
t6322,G0465
t6323,G0465
t6324,G0465
t6325,G0465
t6326,G0465
t6327,G0465
t6328,G0465
t6329,G0465
t6330,G0465
t6331,G0465
t6332,G0465
t6333,G0465
t6334,G0465
t6335,G0465
t7680,G0466
t7681,G0466
t7682,G0466
t7683,G0466
t7684,G0466
t7685,G0466
t7686,G0466
t7687,G0466
t7688,G0466
t7689,G0466
t7690,G0466
t7691,G0466
t7692,G0466
t7693,G0466
t7694,G0466
t7695,G0466
t5040,G0467
t5041,G0467
t5042,G0467
t5043,G0467
t5044,G0467
t5045,G0467
t5046,G0467
t5047,G0467
t5048,G0467
t5049,G0467
t5050,G0467
t5051,G0467
t5052,G0467
t5053,G0467
t5054,G0467
t5055,G0467
t1360,G0468
t1361,G0468
t1362,G0468
t1363,G0468
t1364,G0468
t1365,G0468
t1366,G0468
t1367,G0468
t1368,G0468
t1369,G0468
t1370,G0468
t1371,G0468
t1372,G0468
t1373,G0468
t1374,G0468
t1375,G0468
t5728,G0469
t5729,G0469
t5730,G0469
t5731,G0469
t5732,G0469
t5733,G0469
t5734,G0469
t5735,G0469
t5736,G0469
t5737,G0469
t5738,G0469
t5739,G0469
t5740,G0469
t5741,G0469
t5742,G0469
t5743,G0469
t7344,G0470
t7345,G0470
t7346,G0470
t7347,G0470
t7348,G0470
t7349,G0470
t7350,G0470
t7351,G0470
t7352,G0470
t7353,G0470
t7354,G0470
t7355,G0470
t7356,G0470
t7357,G0470
t7358,G0470
t7359,G0470
t1808,G0471
t1809,G0471
t1810,G0471
t1811,G0471
t1812,G0471
t1813,G0471
t1814,G0471
t1815,G0471
t1816,G0471
t1817,G0471
t1818,G0471
t1819,G0471
t1820,G0471
t1821,G0471
t1822,G0471
t1823,G0471
t5392,G0472
t5393,G0472
t5394,G0472
t5395,G0472
t5396,G0472
t5397,G0472
t5398,G0472
t5399,G0472
t5400,G0472
t5401,G0472
t5402,G0472
t5403,G0472
t5404,G0472
t5405,G0472
t5406,G0472
t5407,G0472
t3984,G0473
t3985,G0473
t3986,G0473
t3987,G0473
t3988,G0473
t3989,G0473
t3990,G0473
t3991,G0473
t3992,G0473
t3993,G0473
t3994,G0473
t3995,G0473
t3996,G0473
t3997,G0473
t3998,G0473
t3999,G0473
t3728,G0474
t3729,G0474
t3730,G0474
t3731,G0474
t3732,G0474
t3733,G0474
t3734,G0474
t3735,G0474
t3736,G0474
t3737,G0474
t3738,G0474
t3739,G0474
t3740,G0474
t3741,G0474
t3742,G0474
t3743,G0474
t7808,G0475
t7809,G0475
t7810,G0475
t7811,G0475
t7812,G0475
t7813,G0475
t7814,G0475
t7815,G0475
t7816,G0475
t7817,G0475
t7818,G0475
t7819,G0475
t7820,G0475
t7821,G0475
t7822,G0475
t7823,G0475
t4560,G0476
t4561,G0476
t4562,G0476
t4563,G0476
t4564,G0476
t4565,G0476
t4566,G0476
t4567,G0476
t4568,G0476
t4569,G0476
t4570,G0476
t4571,G0476
t4572,G0476
t4573,G0476
t4574,G0476
t4575,G0476
t5936,G0477
t5937,G0477
t5938,G0477
t5939,G0477
t5940,G0477
t5941,G0477
t5942,G0477
t5943,G0477
t5944,G0477
t5945,G0477
t5946,G0477
t5947,G0477
t5948,G0477
t5949,G0477
t5950,G0477
t5951,G0477
t4640,G0478
t4641,G0478
t4642,G0478
t4643,G0478
t4644,G0478
t4645,G0478
t4646,G0478
t4647,G0478
t4648,G0478
t4649,G0478
t4650,G0478
t4651,G0478
t4652,G0478
t4653,G0478
t4654,G0478
t4655,G0478
t2864,G0479
t2865,G0479
t2866,G0479
t2867,G0479
t2868,G0479
t2869,G0479
t2870,G0479
t2871,G0479
t2872,G0479
t2873,G0479
t2874,G0479
t2875,G0479
t2876,G0479
t2877,G0479
t2878,G0479
t2879,G0479
t6912,G0480
t6913,G0480
t6914,G0480
t6915,G0480
t6916,G0480
t6917,G0480
t6918,G0480
t6919,G0480
t6920,G0480
t6921,G0480
t6922,G0480
t6923,G0480
t6924,G0480
t6925,G0480
t6926,G0480
t6927,G0480
t3712,G0481
t3713,G0481
t3714,G0481
t3715,G0481
t3716,G0481
t3717,G0481
t3718,G0481
t3719,G0481
t3720,G0481
t3721,G0481
t3722,G0481
t3723,G0481
t3724,G0481
t3725,G0481
t3726,G0481
t3727,G0481
t5408,G0482
t5409,G0482
t5410,G0482
t5411,G0482
t5412,G0482
t5413,G0482
t5414,G0482
t5415,G0482
t5416,G0482
t5417,G0482
t5418,G0482
t5419,G0482
t5420,G0482
t5421,G0482
t5422,G0482
t5423,G0482
t7792,G0483
t7793,G0483
t7794,G0483
t7795,G0483
t7796,G0483
t7797,G0483
t7798,G0483
t7799,G0483
t7800,G0483
t7801,G0483
t7802,G0483
t7803,G0483
t7804,G0483
t7805,G0483
t7806,G0483
t7807,G0483
t7168,G0484
t7169,G0484
t7170,G0484
t7171,G0484
t7172,G0484
t7173,G0484
t7174,G0484
t7175,G0484
t7176,G0484
t7177,G0484
t7178,G0484
t7179,G0484
t7180,G0484
t7181,G0484
t7182,G0484
t7183,G0484
t7248,G0485
t7249,G0485
t7250,G0485
t7251,G0485
t7252,G0485
t7253,G0485
t7254,G0485
t7255,G0485
t7256,G0485
t7257,G0485
t7258,G0485
t7259,G0485
t7260,G0485
t7261,G0485
t7262,G0485
t7263,G0485
t4096,G0486
t4097,G0486
t4098,G0486
t4099,G0486
t4100,G0486
t4101,G0486
t4102,G0486
t4103,G0486
t4104,G0486
t4105,G0486
t4106,G0486
t4107,G0486
t4108,G0486
t4109,G0486
t4110,G0486
t4111,G0486
t4080,G0487
t4081,G0487
t4082,G0487
t4083,G0487
t4084,G0487
t4085,G0487
t4086,G0487
t4087,G0487
t4088,G0487
t4089,G0487
t4090,G0487
t4091,G0487
t4092,G0487
t4093,G0487
t4094,G0487
t4095,G0487
t2272,G0488
t2273,G0488
t2274,G0488
t2275,G0488
t2276,G0488
t2277,G0488
t2278,G0488
t2279,G0488
t2280,G0488
t2281,G0488
t2282,G0488
t2283,G0488
t2284,G0488
t2285,G0488
t2286,G0488
t2287,G0488
t4000,G0489
t4001,G0489
t4002,G0489
t4003,G0489
t4004,G0489
t4005,G0489
t4006,G0489
t4007,G0489
t4008,G0489
t4009,G0489
t4010,G0489
t4011,G0489
t4012,G0489
t4013,G0489
t4014,G0489
t4015,G0489
t2032,G0490
t2033,G0490
t2034,G0490
t2035,G0490
t2036,G0490
t2037,G0490
t2038,G0490
t2039,G0490
t2040,G0490
t2041,G0490
t2042,G0490
t2043,G0490
t2044,G0490
t2045,G0490
t2046,G0490
t2047,G0490
t4336,G0491
t4337,G0491
t4338,G0491
t4339,G0491
t4340,G0491
t4341,G0491
t4342,G0491
t4343,G0491
t4344,G0491
t4345,G0491
t4346,G0491
t4347,G0491
t4348,G0491
t4349,G0491
t4350,G0491
t4351,G0491
t5360,G0492
t5361,G0492
t5362,G0492
t5363,G0492
t5364,G0492
t5365,G0492
t5366,G0492
t5367,G0492
t5368,G0492
t5369,G0492
t5370,G0492
t5371,G0492
t5372,G0492
t5373,G0492
t5374,G0492
t5375,G0492
t3776,G0493
t3777,G0493
t3778,G0493
t3779,G0493
t3780,G0493
t3781,G0493
t3782,G0493
t3783,G0493
t3784,G0493
t3785,G0493
t3786,G0493
t3787,G0493
t3788,G0493
t3789,G0493
t3790,G0493
t3791,G0493
t6048,G0494
t6049,G0494
t6050,G0494
t6051,G0494
t6052,G0494
t6053,G0494
t6054,G0494
t6055,G0494
t6056,G0494
t6057,G0494
t6058,G0494
t6059,G0494
t6060,G0494
t6061,G0494
t6062,G0494
t6063,G0494
t5856,G0495
t5857,G0495
t5858,G0495
t5859,G0495
t5860,G0495
t5861,G0495
t5862,G0495
t5863,G0495
t5864,G0495
t5865,G0495
t5866,G0495
t5867,G0495
t5868,G0495
t5869,G0495
t5870,G0495
t5871,G0495
t3264,G0496
t3265,G0496
t3266,G0496
t3267,G0496
t3268,G0496
t3269,G0496
t3270,G0496
t3271,G0496
t3272,G0496
t3273,G0496
t3274,G0496
t3275,G0496
t3276,G0496
t3277,G0496
t3278,G0496
t3279,G0496
t6176,G0497
t6177,G0497
t6178,G0497
t6179,G0497
t6180,G0497
t6181,G0497
t6182,G0497
t6183,G0497
t6184,G0497
t6185,G0497
t6186,G0497
t6187,G0497
t6188,G0497
t6189,G0497
t6190,G0497
t6191,G0497
t1312,G0498
t1313,G0498
t1314,G0498
t1315,G0498
t1316,G0498
t1317,G0498
t1318,G0498
t1319,G0498
t1320,G0498
t1321,G0498
t1322,G0498
t1323,G0498
t1324,G0498
t1325,G0498
t1326,G0498
t1327,G0498
t7184,G0499
t7185,G0499
t7186,G0499
t7187,G0499
t7188,G0499
t7189,G0499
t7190,G0499
t7191,G0499
t7192,G0499
t7193,G0499
t7194,G0499
t7195,G0499
t7196,G0499
t7197,G0499
t7198,G0499
t7199,G0499
t2960,G0500
t2961,G0500
t2962,G0500
t2963,G0500
t2964,G0500
t2965,G0500
t2966,G0500
t2967,G0500
t2968,G0500
t2969,G0500
t2970,G0500
t2971,G0500
t2972,G0500
t2973,G0500
t2974,G0500
t2975,G0500
t2896,G0501
t2897,G0501
t2898,G0501
t2899,G0501
t2900,G0501
t2901,G0501
t2902,G0501
t2903,G0501
t2904,G0501
t2905,G0501
t2906,G0501
t2907,G0501
t2908,G0501
t2909,G0501
t2910,G0501
t2911,G0501
t4848,G0502
t4849,G0502
t4850,G0502
t4851,G0502
t4852,G0502
t4853,G0502
t4854,G0502
t4855,G0502
t4856,G0502
t4857,G0502
t4858,G0502
t4859,G0502
t4860,G0502
t4861,G0502
t4862,G0502
t4863,G0502
t6464,G0503
t6465,G0503
t6466,G0503
t6467,G0503
t6468,G0503
t6469,G0503
t6470,G0503
t6471,G0503
t6472,G0503
t6473,G0503
t6474,G0503
t6475,G0503
t6476,G0503
t6477,G0503
t6478,G0503
t6479,G0503
t7600,G0504
t7601,G0504
t7602,G0504
t7603,G0504
t7604,G0504
t7605,G0504
t7606,G0504
t7607,G0504
t7608,G0504
t7609,G0504
t7610,G0504
t7611,G0504
t7612,G0504
t7613,G0504
t7614,G0504
t7615,G0504
t6240,G0505
t6241,G0505
t6242,G0505
t6243,G0505
t6244,G0505
t6245,G0505
t6246,G0505
t6247,G0505
t6248,G0505
t6249,G0505
t6250,G0505
t6251,G0505
t6252,G0505
t6253,G0505
t6254,G0505
t6255,G0505
t4288,G0506
t4289,G0506
t4290,G0506
t4291,G0506
t4292,G0506
t4293,G0506
t4294,G0506
t4295,G0506
t4296,G0506
t4297,G0506
t4298,G0506
t4299,G0506
t4300,G0506
t4301,G0506
t4302,G0506
t4303,G0506
t8080,G0507
t8081,G0507
t8082,G0507
t8083,G0507
t8084,G0507
t8085,G0507
t8086,G0507
t8087,G0507
t8088,G0507
t8089,G0507
t8090,G0507
t8091,G0507
t8092,G0507
t8093,G0507
t8094,G0507
t8095,G0507
t3392,G0508
t3393,G0508
t3394,G0508
t3395,G0508
t3396,G0508
t3397,G0508
t3398,G0508
t3399,G0508
t3400,G0508
t3401,G0508
t3402,G0508
t3403,G0508
t3404,G0508
t3405,G0508
t3406,G0508
t3407,G0508
t6512,G0509
t6513,G0509
t6514,G0509
t6515,G0509
t6516,G0509
t6517,G0509
t6518,G0509
t6519,G0509
t6520,G0509
t6521,G0509
t6522,G0509
t6523,G0509
t6524,G0509
t6525,G0509
t6526,G0509
t6527,G0509
t3648,G0510
t3649,G0510
t3650,G0510
t3651,G0510
t3652,G0510
t3653,G0510
t3654,G0510
t3655,G0510
t3656,G0510
t3657,G0510
t3658,G0510
t3659,G0510
t3660,G0510
t3661,G0510
t3662,G0510
t3663,G0510
t1488,G0511
t1489,G0511
t1490,G0511
t1491,G0511
t1492,G0511
t1493,G0511
t1494,G0511
t1495,G0511
t1496,G0511
t1497,G0511
t1498,G0511
t1499,G0511
t1500,G0511
t1501,G0511
t1502,G0511
t1503,G0511
t7440,G0512
t7441,G0512
t7442,G0512
t7443,G0512
t7444,G0512
t7445,G0512
t7446,G0512
t7447,G0512
t7448,G0512
t7449,G0512
t7450,G0512
t7451,G0512
t7452,G0512
t7453,G0512
t7454,G0512
t7455,G0512
t5520,G0513
t5521,G0513
t5522,G0513
t5523,G0513
t5524,G0513
t5525,G0513
t5526,G0513
t5527,G0513
t5528,G0513
t5529,G0513
t5530,G0513
t5531,G0513
t5532,G0513
t5533,G0513
t5534,G0513
t5535,G0513
t4208,G0514
t4209,G0514
t4210,G0514
t4211,G0514
t4212,G0514
t4213,G0514
t4214,G0514
t4215,G0514
t4216,G0514
t4217,G0514
t4218,G0514
t4219,G0514
t4220,G0514
t4221,G0514
t4222,G0514
t4223,G0514
t8128,G0515
t8129,G0515
t8130,G0515
t8131,G0515
t8132,G0515
t8133,G0515
t8134,G0515
t8135,G0515
t8136,G0515
t8137,G0515
t8138,G0515
t8139,G0515
t8140,G0515
t8141,G0515
t8142,G0515
t8143,G0515
t7504,G0516
t7505,G0516
t7506,G0516
t7507,G0516
t7508,G0516
t7509,G0516
t7510,G0516
t7511,G0516
t7512,G0516
t7513,G0516
t7514,G0516
t7515,G0516
t7516,G0516
t7517,G0516
t7518,G0516
t7519,G0516
t4176,G0517
t4177,G0517
t4178,G0517
t4179,G0517
t4180,G0517
t4181,G0517
t4182,G0517
t4183,G0517
t4184,G0517
t4185,G0517
t4186,G0517
t4187,G0517
t4188,G0517
t4189,G0517
t4190,G0517
t4191,G0517
t1104,G0518
t1105,G0518
t1106,G0518
t1107,G0518
t1108,G0518
t1109,G0518
t1110,G0518
t1111,G0518
t1112,G0518
t1113,G0518
t1114,G0518
t1115,G0518
t1116,G0518
t1117,G0518
t1118,G0518
t1119,G0518
t1408,G0519
t1409,G0519
t1410,G0519
t1411,G0519
t1412,G0519
t1413,G0519
t1414,G0519
t1415,G0519
t1416,G0519
t1417,G0519
t1418,G0519
t1419,G0519
t1420,G0519
t1421,G0519
t1422,G0519
t1423,G0519
t2656,G0520
t2657,G0520
t2658,G0520
t2659,G0520
t2660,G0520
t2661,G0520
t2662,G0520
t2663,G0520
t2664,G0520
t2665,G0520
t2666,G0520
t2667,G0520
t2668,G0520
t2669,G0520
t2670,G0520
t2671,G0520
t7552,G0521
t7553,G0521
t7554,G0521
t7555,G0521
t7556,G0521
t7557,G0521
t7558,G0521
t7559,G0521
t7560,G0521
t7561,G0521
t7562,G0521
t7563,G0521
t7564,G0521
t7565,G0521
t7566,G0521
t7567,G0521
t192,G0522
t193,G0522
t194,G0522
t195,G0522
t196,G0522
t197,G0522
t198,G0522
t199,G0522
t200,G0522
t201,G0522
t202,G0522
t203,G0522
t204,G0522
t205,G0522
t206,G0522
t207,G0522
t1888,G0523
t1889,G0523
t1890,G0523
t1891,G0523
t1892,G0523
t1893,G0523
t1894,G0523
t1895,G0523
t1896,G0523
t1897,G0523
t1898,G0523
t1899,G0523
t1900,G0523
t1901,G0523
t1902,G0523
t1903,G0523
t1920,G0524
t1921,G0524
t1922,G0524
t1923,G0524
t1924,G0524
t1925,G0524
t1926,G0524
t1927,G0524
t1928,G0524
t1929,G0524
t1930,G0524
t1931,G0524
t1932,G0524
t1933,G0524
t1934,G0524
t1935,G0524
t1440,G0525
t1441,G0525
t1442,G0525
t1443,G0525
t1444,G0525
t1445,G0525
t1446,G0525
t1447,G0525
t1448,G0525
t1449,G0525
t1450,G0525
t1451,G0525
t1452,G0525
t1453,G0525
t1454,G0525
t1455,G0525
t4576,G0526
t4577,G0526
t4578,G0526
t4579,G0526
t4580,G0526
t4581,G0526
t4582,G0526
t4583,G0526
t4584,G0526
t4585,G0526
t4586,G0526
t4587,G0526
t4588,G0526
t4589,G0526
t4590,G0526
t4591,G0526
t1344,G0527
t1345,G0527
t1346,G0527
t1347,G0527
t1348,G0527
t1349,G0527
t1350,G0527
t1351,G0527
t1352,G0527
t1353,G0527
t1354,G0527
t1355,G0527
t1356,G0527
t1357,G0527
t1358,G0527
t1359,G0527
t4304,G0528
t4305,G0528
t4306,G0528
t4307,G0528
t4308,G0528
t4309,G0528
t4310,G0528
t4311,G0528
t4312,G0528
t4313,G0528
t4314,G0528
t4315,G0528
t4316,G0528
t4317,G0528
t4318,G0528
t4319,G0528
t7232,G0529
t7233,G0529
t7234,G0529
t7235,G0529
t7236,G0529
t7237,G0529
t7238,G0529
t7239,G0529
t7240,G0529
t7241,G0529
t7242,G0529
t7243,G0529
t7244,G0529
t7245,G0529
t7246,G0529
t7247,G0529
t7296,G0530
t7297,G0530
t7298,G0530
t7299,G0530
t7300,G0530
t7301,G0530
t7302,G0530
t7303,G0530
t7304,G0530
t7305,G0530
t7306,G0530
t7307,G0530
t7308,G0530
t7309,G0530
t7310,G0530
t7311,G0530
t3456,G0531
t3457,G0531
t3458,G0531
t3459,G0531
t3460,G0531
t3461,G0531
t3462,G0531
t3463,G0531
t3464,G0531
t3465,G0531
t3466,G0531
t3467,G0531
t3468,G0531
t3469,G0531
t3470,G0531
t3471,G0531
t3104,G0532
t3105,G0532
t3106,G0532
t3107,G0532
t3108,G0532
t3109,G0532
t3110,G0532
t3111,G0532
t3112,G0532
t3113,G0532
t3114,G0532
t3115,G0532
t3116,G0532
t3117,G0532
t3118,G0532
t3119,G0532
t7424,G0533
t7425,G0533
t7426,G0533
t7427,G0533
t7428,G0533
t7429,G0533
t7430,G0533
t7431,G0533
t7432,G0533
t7433,G0533
t7434,G0533
t7435,G0533
t7436,G0533
t7437,G0533
t7438,G0533
t7439,G0533
t2608,G0534
t2609,G0534
t2610,G0534
t2611,G0534
t2612,G0534
t2613,G0534
t2614,G0534
t2615,G0534
t2616,G0534
t2617,G0534
t2618,G0534
t2619,G0534
t2620,G0534
t2621,G0534
t2622,G0534
t2623,G0534
t3808,G0535
t3809,G0535
t3810,G0535
t3811,G0535
t3812,G0535
t3813,G0535
t3814,G0535
t3815,G0535
t3816,G0535
t3817,G0535
t3818,G0535
t3819,G0535
t3820,G0535
t3821,G0535
t3822,G0535
t3823,G0535
t2976,G0536
t2977,G0536
t2978,G0536
t2979,G0536
t2980,G0536
t2981,G0536
t2982,G0536
t2983,G0536
t2984,G0536
t2985,G0536
t2986,G0536
t2987,G0536
t2988,G0536
t2989,G0536
t2990,G0536
t2991,G0536
t224,G0537
t225,G0537
t226,G0537
t227,G0537
t228,G0537
t229,G0537
t230,G0537
t231,G0537
t232,G0537
t233,G0537
t234,G0537
t235,G0537
t236,G0537
t237,G0537
t238,G0537
t239,G0537
t7120,G0538
t7121,G0538
t7122,G0538
t7123,G0538
t7124,G0538
t7125,G0538
t7126,G0538
t7127,G0538
t7128,G0538
t7129,G0538
t7130,G0538
t7131,G0538
t7132,G0538
t7133,G0538
t7134,G0538
t7135,G0538
t7936,G0539
t7937,G0539
t7938,G0539
t7939,G0539
t7940,G0539
t7941,G0539
t7942,G0539
t7943,G0539
t7944,G0539
t7945,G0539
t7946,G0539
t7947,G0539
t7948,G0539
t7949,G0539
t7950,G0539
t7951,G0539
t7376,G0540
t7377,G0540
t7378,G0540
t7379,G0540
t7380,G0540
t7381,G0540
t7382,G0540
t7383,G0540
t7384,G0540
t7385,G0540
t7386,G0540
t7387,G0540
t7388,G0540
t7389,G0540
t7390,G0540
t7391,G0540
t2192,G0541
t2193,G0541
t2194,G0541
t2195,G0541
t2196,G0541
t2197,G0541
t2198,G0541
t2199,G0541
t2200,G0541
t2201,G0541
t2202,G0541
t2203,G0541
t2204,G0541
t2205,G0541
t2206,G0541
t2207,G0541
t4112,G0542
t4113,G0542
t4114,G0542
t4115,G0542
t4116,G0542
t4117,G0542
t4118,G0542
t4119,G0542
t4120,G0542
t4121,G0542
t4122,G0542
t4123,G0542
t4124,G0542
t4125,G0542
t4126,G0542
t4127,G0542
t3632,G0543
t3633,G0543
t3634,G0543
t3635,G0543
t3636,G0543
t3637,G0543
t3638,G0543
t3639,G0543
t3640,G0543
t3641,G0543
t3642,G0543
t3643,G0543
t3644,G0543
t3645,G0543
t3646,G0543
t3647,G0543
t7664,G0544
t7665,G0544
t7666,G0544
t7667,G0544
t7668,G0544
t7669,G0544
t7670,G0544
t7671,G0544
t7672,G0544
t7673,G0544
t7674,G0544
t7675,G0544
t7676,G0544
t7677,G0544
t7678,G0544
t7679,G0544
t4448,G0545
t4449,G0545
t4450,G0545
t4451,G0545
t4452,G0545
t4453,G0545
t4454,G0545
t4455,G0545
t4456,G0545
t4457,G0545
t4458,G0545
t4459,G0545
t4460,G0545
t4461,G0545
t4462,G0545
t4463,G0545
t3040,G0546
t3041,G0546
t3042,G0546
t3043,G0546
t3044,G0546
t3045,G0546
t3046,G0546
t3047,G0546
t3048,G0546
t3049,G0546
t3050,G0546
t3051,G0546
t3052,G0546
t3053,G0546
t3054,G0546
t3055,G0546
t4160,G0547
t4161,G0547
t4162,G0547
t4163,G0547
t4164,G0547
t4165,G0547
t4166,G0547
t4167,G0547
t4168,G0547
t4169,G0547
t4170,G0547
t4171,G0547
t4172,G0547
t4173,G0547
t4174,G0547
t4175,G0547
t7040,G0548
t7041,G0548
t7042,G0548
t7043,G0548
t7044,G0548
t7045,G0548
t7046,G0548
t7047,G0548
t7048,G0548
t7049,G0548
t7050,G0548
t7051,G0548
t7052,G0548
t7053,G0548
t7054,G0548
t7055,G0548
t5920,G0549
t5921,G0549
t5922,G0549
t5923,G0549
t5924,G0549
t5925,G0549
t5926,G0549
t5927,G0549
t5928,G0549
t5929,G0549
t5930,G0549
t5931,G0549
t5932,G0549
t5933,G0549
t5934,G0549
t5935,G0549
t6576,G0550
t6577,G0550
t6578,G0550
t6579,G0550
t6580,G0550
t6581,G0550
t6582,G0550
t6583,G0550
t6584,G0550
t6585,G0550
t6586,G0550
t6587,G0550
t6588,G0550
t6589,G0550
t6590,G0550
t6591,G0550
t3216,G0551
t3217,G0551
t3218,G0551
t3219,G0551
t3220,G0551
t3221,G0551
t3222,G0551
t3223,G0551
t3224,G0551
t3225,G0551
t3226,G0551
t3227,G0551
t3228,G0551
t3229,G0551
t3230,G0551
t3231,G0551
t5216,G0552
t5217,G0552
t5218,G0552
t5219,G0552
t5220,G0552
t5221,G0552
t5222,G0552
t5223,G0552
t5224,G0552
t5225,G0552
t5226,G0552
t5227,G0552
t5228,G0552
t5229,G0552
t5230,G0552
t5231,G0552
t3520,G0553
t3521,G0553
t3522,G0553
t3523,G0553
t3524,G0553
t3525,G0553
t3526,G0553
t3527,G0553
t3528,G0553
t3529,G0553
t3530,G0553
t3531,G0553
t3532,G0553
t3533,G0553
t3534,G0553
t3535,G0553
t1296,G0554
t1297,G0554
t1298,G0554
t1299,G0554
t1300,G0554
t1301,G0554
t1302,G0554
t1303,G0554
t1304,G0554
t1305,G0554
t1306,G0554
t1307,G0554
t1308,G0554
t1309,G0554
t1310,G0554
t1311,G0554
t5568,G0555
t5569,G0555
t5570,G0555
t5571,G0555
t5572,G0555
t5573,G0555
t5574,G0555
t5575,G0555
t5576,G0555
t5577,G0555
t5578,G0555
t5579,G0555
t5580,G0555
t5581,G0555
t5582,G0555
t5583,G0555
t4752,G0556
t4753,G0556
t4754,G0556
t4755,G0556
t4756,G0556
t4757,G0556
t4758,G0556
t4759,G0556
t4760,G0556
t4761,G0556
t4762,G0556
t4763,G0556
t4764,G0556
t4765,G0556
t4766,G0556
t4767,G0556
t288,G0557
t289,G0557
t290,G0557
t291,G0557
t292,G0557
t293,G0557
t294,G0557
t295,G0557
t296,G0557
t297,G0557
t298,G0557
t299,G0557
t300,G0557
t301,G0557
t302,G0557
t303,G0557
t7984,G0558
t7985,G0558
t7986,G0558
t7987,G0558
t7988,G0558
t7989,G0558
t7990,G0558
t7991,G0558
t7992,G0558
t7993,G0558
t7994,G0558
t7995,G0558
t7996,G0558
t7997,G0558
t7998,G0558
t7999,G0558
t1728,G0559
t1729,G0559
t1730,G0559
t1731,G0559
t1732,G0559
t1733,G0559
t1734,G0559
t1735,G0559
t1736,G0559
t1737,G0559
t1738,G0559
t1739,G0559
t1740,G0559
t1741,G0559
t1742,G0559
t1743,G0559
t4960,G0560
t4961,G0560
t4962,G0560
t4963,G0560
t4964,G0560
t4965,G0560
t4966,G0560
t4967,G0560
t4968,G0560
t4969,G0560
t4970,G0560
t4971,G0560
t4972,G0560
t4973,G0560
t4974,G0560
t4975,G0560
t2048,G0561
t2049,G0561
t2050,G0561
t2051,G0561
t2052,G0561
t2053,G0561
t2054,G0561
t2055,G0561
t2056,G0561
t2057,G0561
t2058,G0561
t2059,G0561
t2060,G0561
t2061,G0561
t2062,G0561
t2063,G0561
t2512,G0562
t2513,G0562
t2514,G0562
t2515,G0562
t2516,G0562
t2517,G0562
t2518,G0562
t2519,G0562
t2520,G0562
t2521,G0562
t2522,G0562
t2523,G0562
t2524,G0562
t2525,G0562
t2526,G0562
t2527,G0562
t6992,G0563
t6993,G0563
t6994,G0563
t6995,G0563
t6996,G0563
t6997,G0563
t6998,G0563
t6999,G0563
t7000,G0563
t7001,G0563
t7002,G0563
t7003,G0563
t7004,G0563
t7005,G0563
t7006,G0563
t7007,G0563
t5472,G0564
t5473,G0564
t5474,G0564
t5475,G0564
t5476,G0564
t5477,G0564
t5478,G0564
t5479,G0564
t5480,G0564
t5481,G0564
t5482,G0564
t5483,G0564
t5484,G0564
t5485,G0564
t5486,G0564
t5487,G0564
t6624,G0565
t6625,G0565
t6626,G0565
t6627,G0565
t6628,G0565
t6629,G0565
t6630,G0565
t6631,G0565
t6632,G0565
t6633,G0565
t6634,G0565
t6635,G0565
t6636,G0565
t6637,G0565
t6638,G0565
t6639,G0565
t6016,G0566
t6017,G0566
t6018,G0566
t6019,G0566
t6020,G0566
t6021,G0566
t6022,G0566
t6023,G0566
t6024,G0566
t6025,G0566
t6026,G0566
t6027,G0566
t6028,G0566
t6029,G0566
t6030,G0566
t6031,G0566
t1376,G0567
t1377,G0567
t1378,G0567
t1379,G0567
t1380,G0567
t1381,G0567
t1382,G0567
t1383,G0567
t1384,G0567
t1385,G0567
t1386,G0567
t1387,G0567
t1388,G0567
t1389,G0567
t1390,G0567
t1391,G0567
t6832,G0568
t6833,G0568
t6834,G0568
t6835,G0568
t6836,G0568
t6837,G0568
t6838,G0568
t6839,G0568
t6840,G0568
t6841,G0568
t6842,G0568
t6843,G0568
t6844,G0568
t6845,G0568
t6846,G0568
t6847,G0568
t2944,G0569
t2945,G0569
t2946,G0569
t2947,G0569
t2948,G0569
t2949,G0569
t2950,G0569
t2951,G0569
t2952,G0569
t2953,G0569
t2954,G0569
t2955,G0569
t2956,G0569
t2957,G0569
t2958,G0569
t2959,G0569
t688,G0570
t689,G0570
t690,G0570
t691,G0570
t692,G0570
t693,G0570
t694,G0570
t695,G0570
t696,G0570
t697,G0570
t698,G0570
t699,G0570
t700,G0570
t701,G0570
t702,G0570
t703,G0570
t736,G0571
t737,G0571
t738,G0571
t739,G0571
t740,G0571
t741,G0571
t742,G0571
t743,G0571
t744,G0571
t745,G0571
t746,G0571
t747,G0571
t748,G0571
t749,G0571
t750,G0571
t751,G0571
t912,G0572
t913,G0572
t914,G0572
t915,G0572
t916,G0572
t917,G0572
t918,G0572
t919,G0572
t920,G0572
t921,G0572
t922,G0572
t923,G0572
t924,G0572
t925,G0572
t926,G0572
t927,G0572
