id,domain,phylum,class,order,family,genus
GCA_000008085_d__Archaea_superphylum__DPANN_p__Nanoarchaeota_c__none_o__Nanoarchaeales_f__Nanoarchaeaceae_g__Nanoarchaeum,Archaea,Nanoarchaeota,,Nanoarchaeales,Nanoarchaeaceae,Nanoarchaeum
GCA_000387965_d__Archaea_superphylum__DPANN_p__Nanoarchaeota_c__none_o__Nanoarchaeales_f__Nanopusillaceae_g__Candidatus_Nanobsidianus,Archaea,Nanoarchaeota,,Nanoarchaeales,Nanopusillaceae,Candidatus Nanobsidianus
GCA_001552015_d__Archaea_superphylum__DPANN_p__Nanoarchaeota_c__none_o__Nanoarchaeales_f__Nanopusillaceae_g__Candidatus_Nanopusillus,Archaea,Nanoarchaeota,,Nanoarchaeales,Nanopusillaceae,Candidatus Nanopusillus
GCA_003568775_d__Archaea_superphylum__DPANN_p__Nanoarchaeota_c__none_o__none_f__none_g__Candidatus_Nanoclepta,Archaea,Nanoarchaeota,,,,Candidatus Nanoclepta
GCA_000402515_d__Archaea_superphylum__DPANN_p__Woesearchaeota_c__none_o__none_f__none_g__none,Archaea,Woesearchaeota,,,,
GCA_002687825_d__Archaea_superphylum__DPANN_p__Woesearchaeota_c__none_o__none_f__none_g__none,Archaea,Woesearchaeota,,,,
GCA_000830315_d__Archaea_superphylum__DPANN_p__Woesearchaeota_c__none_o__none_f__none_g__none,Archaea,Woesearchaeota,,,,
GCA_002505585_d__Archaea_superphylum__DPANN_p__Woesearchaeota_c__none_o__none_f__none_g__none,Archaea,Woesearchaeota,,,,
GCA_003694495_d__Archaea_superphylum__DPANN_p__Woesearchaeota_c__none_o__none_f__none_g__none,Archaea,Woesearchaeota,,,,
GCA_001871415_d__Archaea_superphylum__DPANN_p__Woesearchaeota_c__none_o__none_f__none_g__none,Archaea,Woesearchaeota,,,,
GCA_002687275_d__Archaea_superphylum__DPANN_p__Woesearchaeota_c__none_o__none_f__none_g__none,Archaea,Woesearchaeota,,,,
GCA_002688315_d__Archaea_superphylum__DPANN_p__Woesearchaeota_c__none_o__none_f__none_g__none,Archaea,Woesearchaeota,,,,
GCA_002687795_d__Archaea_superphylum__DPANN_p__Woesearchaeota_c__none_o__none_f__none_g__none,Archaea,Woesearchaeota,,,,
GCA_002686295_d__Archaea_superphylum__DPANN_p__Woesearchaeota_c__none_o__none_f__none_g__none,Archaea,Woesearchaeota,,,,
GCA_002686855_d__Archaea_superphylum__DPANN_p__Woesearchaeota_c__none_o__none_f__none_g__none,Archaea,Woesearchaeota,,,,
GCA_002498125_d__Archaea_superphylum__DPANN_p__Woesearchaeota_c__none_o__none_f__none_g__none,Archaea,Woesearchaeota,,,,
GCA_002503705_d__Archaea_superphylum__DPANN_p__Woesearchaeota_c__none_o__none_f__none_g__none,Archaea,Woesearchaeota,,,,
GCA_007116645_d__Archaea_superphylum__DPANN_p__Woesearchaeota_c__none_o__none_f__none_g__none,Archaea,Woesearchaeota,,,,
GCA_007117065_d__Archaea_superphylum__DPANN_p__Woesearchaeota_c__none_o__none_f__none_g__none,Archaea,Woesearchaeota,,,,
GCA_003560545_d__Archaea_superphylum__DPANN_p__Woesearchaeota_c__none_o__none_f__none_g__none,Archaea,Woesearchaeota,,,,
GCA_007131205_d__Archaea_superphylum__DPANN_p__Woesearchaeota_c__none_o__none_f__none_g__none,Archaea,Woesearchaeota,,,,
GCA_002505945_d__Archaea_superphylum__DPANN_p__Woesearchaeota_c__none_o__none_f__none_g__none,Archaea,Woesearchaeota,,,,
GCA_007116655_d__Archaea_superphylum__DPANN_p__Woesearchaeota_c__none_o__none_f__none_g__none,Archaea,Woesearchaeota,,,,
GCA_002867475_d__Archaea_superphylum__DPANN_p__Woesearchaeota_c__none_o__none_f__none_g__none,Archaea,Woesearchaeota,,,,
GCA_003695435_d__Archaea_superphylum__DPANN_p__Woesearchaeota_c__none_o__none_f__none_g__none,Archaea,Woesearchaeota,,,,
GCA_002762795_d__Archaea_superphylum__DPANN_p__Woesearchaeota_c__none_o__none_f__none_g__none,Archaea,Woesearchaeota,,,,
GCA_002792115_d__Archaea_superphylum__DPANN_p__Woesearchaeota_c__none_o__none_f__none_g__none,Archaea,Woesearchaeota,,,,
GCA_000805965_d__Archaea_superphylum__DPANN_p__Pacearchaeota_c__none_o__none_f__none_g__none,Archaea,Pacearchaeota,,,,
GCA_001786415_d__Archaea_superphylum__DPANN_p__Pacearchaeota_c__none_o__none_f__none_g__none,Archaea,Pacearchaeota,,,,
GCA_002689985_d__Archaea_superphylum__DPANN_p__Pacearchaeota_c__none_o__none_f__none_g__none,Archaea,Pacearchaeota,,,,
GCA_002731115_d__Archaea_superphylum__DPANN_p__Pacearchaeota_c__none_o__none_f__none_g__none,Archaea,Pacearchaeota,,,,
GCA_000806055_d__Archaea_superphylum__DPANN_p__Pacearchaeota_c__none_o__none_f__none_g__none,Archaea,Pacearchaeota,,,,
GCA_002686355_d__Archaea_superphylum__DPANN_p__Pacearchaeota_c__none_o__none_f__none_g__none,Archaea,Pacearchaeota,,,,
GCA_002763085_d__Archaea_superphylum__DPANN_p__Pacearchaeota_c__none_o__none_f__none_g__none,Archaea,Pacearchaeota,,,,
GCA_002762835_d__Archaea_superphylum__DPANN_p__Pacearchaeota_c__none_o__none_f__none_g__none,Archaea,Pacearchaeota,,,,
GCA_002763155_d__Archaea_superphylum__DPANN_p__Pacearchaeota_c__none_o__none_f__none_g__none,Archaea,Pacearchaeota,,,,
GCA_002496015_d__Archaea_superphylum__DPANN_p__Pacearchaeota_c__none_o__none_f__none_g__none,Archaea,Pacearchaeota,,,,
GCA_002497285_d__Archaea_superphylum__DPANN_p__Pacearchaeota_c__none_o__none_f__none_g__none,Archaea,Pacearchaeota,,,,
GCA_002790905_d__Archaea_superphylum__DPANN_p__Pacearchaeota_c__none_o__none_f__none_g__none,Archaea,Pacearchaeota,,,,
GCA_002763075_d__Archaea_superphylum__DPANN_p__Pacearchaeota_c__none_o__none_f__none_g__none,Archaea,Pacearchaeota,,,,
GCA_002688415_d__Archaea_superphylum__DPANN_p__Pacearchaeota_c__none_o__none_f__none_g__none,Archaea,Pacearchaeota,,,,
GCA_002688875_d__Archaea_superphylum__DPANN_p__Pacearchaeota_c__none_o__none_f__none_g__none,Archaea,Pacearchaeota,,,,
GCA_002254805_d__Archaea_superphylum__DPANN_p__Pacearchaeota_c__none_o__none_f__none_g__none,Archaea,Pacearchaeota,,,,
GCA_002763115_d__Archaea_superphylum__DPANN_p__Pacearchaeota_c__none_o__none_f__none_g__none,Archaea,Pacearchaeota,,,,
GCA_002780285_d__Archaea_superphylum__DPANN_p__Pacearchaeota_c__none_o__none_f__none_g__none,Archaea,Pacearchaeota,,,,
GCA_002254495_d__Archaea_superphylum__DPANN_p__Pacearchaeota_c__none_o__none_f__none_g__none,Archaea,Pacearchaeota,,,,
GCA_002499655_d__Archaea_superphylum__DPANN_p__Parvarchaeota_c__none_o__none_f__none_g__none,Archaea,Parvarchaeota,,,,
GCA_002503995_d__Archaea_superphylum__DPANN_p__Parvarchaeota_c__none_o__none_f__none_g__none,Archaea,Parvarchaeota,,,,
GCA_007130955_d__Archaea_superphylum__DPANN_p__DeepParv_c__none_o__none_f__none_g__none,Archaea,DeepParv,,,,
GCA_007133845_d__Archaea_superphylum__DPANN_p__DeepParv_c__none_o__none_f__none_g__none,Archaea,DeepParv,,,,
GCA_002785105_d__Archaea_superphylum__DPANN_p__Huberarchaea_c__none_o__none_f__none_g__Candidatus_Huberiarchaeum,Archaea,Huberarchaea,,,,Candidatus Huberiarchaeum
GCA_002841675_d__Archaea_superphylum__DPANN_p__Huberarchaea_c__none_o__none_f__none_g__none,Archaea,Huberarchaea,,,,
GCA_000220355_d__Archaea_superphylum__DPANN_p__Nanohaloarchaeota_c__Nanohaloarchaea_o__none_f__none_g__Candidatus_Nanosalinarum,Archaea,Nanohaloarchaeota,Nanohaloarchaea,,,Candidatus Nanosalinarum
GCA_001564035_d__Archaea_superphylum__DPANN_p__Nanohaloarchaeota_c__Nanohaloarchaea_o__none_f__none_g__none,Archaea,Nanohaloarchaeota,Nanohaloarchaea,,,
GCA_001564145_d__Archaea_superphylum__DPANN_p__Nanohaloarchaeota_c__Nanohaloarchaea_o__none_f__none_g__none,Archaea,Nanohaloarchaeota,Nanohaloarchaea,,,
GCA_001761425_d__Archaea_superphylum__DPANN_p__Nanohaloarchaeota_c__Nanohaloarchaea_o__none_f__none_g__none,Archaea,Nanohaloarchaeota,Nanohaloarchaea,,,
GCA_001563875_d__Archaea_superphylum__DPANN_p__Nanohaloarchaeota_c__Nanohaloarchaea_o__none_f__none_g__none,Archaea,Nanohaloarchaeota,Nanohaloarchaea,,,
GCA_003009815_d__Archaea_superphylum__DPANN_p__Nanohaloarchaeota_c__Nanohaloarchaea_o__none_f__none_g__none,Archaea,Nanohaloarchaeota,Nanohaloarchaea,,,
GCA_003660865_d__Archaea_superphylum__DPANN_p__Nanohaloarchaeota_c__none_o__none_f__none_g__none,Archaea,Nanohaloarchaeota,,,,
GCA_003660905_d__Archaea_superphylum__DPANN_p__Nanohaloarchaeota_c__none_o__none_f__none_g__none,Archaea,Nanohaloarchaeota,,,,
GCA_000405245_d__Archaea_superphylum__DPANN_p__Aenigmarchaeota_c__none_o__none_f__none_g__Candidatus_Aenigmarchaeum,Archaea,Aenigmarchaeota,,,,Candidatus Aenigmarchaeum
GCA_003554235_d__Archaea_superphylum__DPANN_p__Aenigmarchaeota_c__none_o__none_f__none_g__none,Archaea,Aenigmarchaeota,,,,
GCA_003554845_d__Archaea_superphylum__DPANN_p__Aenigmarchaeota_c__none_o__none_f__none_g__none,Archaea,Aenigmarchaeota,,,,
GCA_003663345_d__Archaea_superphylum__DPANN_p__Aenigmarchaeota_c__none_o__none_f__none_g__none,Archaea,Aenigmarchaeota,,,,
GCA_001784635_d__Archaea_superphylum__DPANN_p__Aenigmarchaeota_c__none_o__none_f__none_g__none,Archaea,Aenigmarchaeota,,,,
GCA_002789635_d__Archaea_superphylum__DPANN_p__Aenigmarchaeota_c__none_o__none_f__none_g__none,Archaea,Aenigmarchaeota,,,,
GCA_002254545_d__Archaea_superphylum__DPANN_p__Aenigmarchaeota_c__none_o__none_f__none_g__none,Archaea,Aenigmarchaeota,,,,
GCA_003663225_d__Archaea_superphylum__DPANN_p__Aenigmarchaeota_c__none_o__none_f__none_g__none,Archaea,Aenigmarchaeota,,,,
GCA_003663475_d__Archaea_superphylum__DPANN_p__Aenigmarchaeota_c__none_o__none_f__none_g__none,Archaea,Aenigmarchaeota,,,,
GCA_003663445_d__Archaea_superphylum__DPANN_p__Aenigmarchaeota_c__none_o__none_f__none_g__none,Archaea,Aenigmarchaeota,,,,
GCA_003663325_d__Archaea_superphylum__DPANN_p__Aenigmarchaeota_c__none_o__none_f__none_g__none,Archaea,Aenigmarchaeota,,,,
GCA_003663355_d__Archaea_superphylum__DPANN_p__Aenigmarchaeota_c__none_o__none_f__none_g__none,Archaea,Aenigmarchaeota,,,,
GCA_000402355_d__Archaea_superphylum__DPANN_p__Diapherotrites_c__none_o__none_f__none_g__Candidatus_Iainarchaeum,Archaea,Diapherotrites,,,,Candidatus Iainarchaeum
GCA_002762975_d__Archaea_superphylum__DPANN_p__Diapherotrites_c__none_o__none_f__none_g__none,Archaea,Diapherotrites,,,,
GCA_002687735_d__Archaea_superphylum__DPANN_p__Diapherotrites_c__none_o__none_f__none_g__none,Archaea,Diapherotrites,,,,
GCA_000830275_d__Archaea_superphylum__DPANN_p__Diapherotrites_c__none_o__none_f__none_g__none,Archaea,Diapherotrites,,,,
GCA_002763225_d__Archaea_superphylum__DPANN_p__Diapherotrites_c__none_o__none_f__none_g__none,Archaea,Diapherotrites,,,,
GCA_002688035_d__Archaea_superphylum__DPANN_p__Diapherotrites_c__none_o__none_f__none_g__none,Archaea,Diapherotrites,,,,
GCA_003661685_d__Archaea_superphylum__DPANN_p__Diapherotrites_c__none_o__none_f__none_g__none,Archaea,Diapherotrites,,,,
GCA_001871475_d__Archaea_superphylum__DPANN_p__Micrarchaeota_c__none_o__none_f__none_g__none,Archaea,Micrarchaeota,,,,
GCA_002778455_d__Archaea_superphylum__DPANN_p__Micrarchaeota_c__none_o__none_f__none_g__none,Archaea,Micrarchaeota,,,,
GCA_002792955_d__Archaea_superphylum__DPANN_p__Micrarchaeota_c__none_o__none_f__none_g__none,Archaea,Micrarchaeota,,,,
GCA_003660965_d__Archaea_superphylum__DPANN_p__Micrarchaeota_c__none_o__none_f__none_g__none,Archaea,Micrarchaeota,,,,
GCA_001896515_d__Archaea_superphylum__DPANN_p__Micrarchaeota_c__none_o__none_f__none_g__Candidatus_Micrarchaeum,Archaea,Micrarchaeota,,,,Candidatus Micrarchaeum
GCA_002214165_d__Archaea_superphylum__DPANN_p__Micrarchaeota_c__none_o__none_f__none_g__Candidatus_Mancarchaeum,Archaea,Micrarchaeota,,,,Candidatus Mancarchaeum
GCA_001871495_d__Archaea_superphylum__DPANN_p__Micrarchaeota_c__none_o__none_f__none_g__none,Archaea,Micrarchaeota,,,,
GCA_002763275_d__Archaea_superphylum__DPANN_p__Micrarchaeota_c__none_o__none_f__none_g__none,Archaea,Micrarchaeota,,,,
GCA_002792915_d__Archaea_superphylum__DPANN_p__Micrarchaeota_c__none_o__none_f__none_g__none,Archaea,Micrarchaeota,,,,
GCA_002507385_d__Archaea_superphylum__DPANN_p__Micrarchaeota_c__none_o__none_f__none_g__none,Archaea,Micrarchaeota,,,,
GCA_003553825_d__Archaea_superphylum__DPANN_p__DeepDiapherotrites_c__none_o__none_f__none_g__none,Archaea,DeepDiapherotrites,,,,
GCA_003558235_d__Archaea_superphylum__DPANN_p__DeepDiapherotrites_c__none_o__none_f__none_g__none,Archaea,DeepDiapherotrites,,,,
GCA_003660975_d__Archaea_superphylum__DPANN_p__DeepDiapherotrites_c__none_o__none_f__none_g__none,Archaea,DeepDiapherotrites,,,,
GCA_002494525_d__Archaea_superphylum__DPANN_p__UAP2_c__none_o__none_f__none_g__none,Archaea,UAP2,,,,
GCA_002495465_d__Archaea_superphylum__DPANN_p__UAP2_c__none_o__none_f__none_g__none,Archaea,UAP2,,,,
GCA_002502135_d__Archaea_superphylum__DPANN_p__UAP2_c__none_o__none_f__none_g__none,Archaea,UAP2,,,,
GCA_000402775_d__Archaea_superphylum__DPANN_p__Altiarchaeota_c__none_o__Altiarchaeales_f__none_g__none,Archaea,Altiarchaeota,,Altiarchaeales,,
GCA_002254565_d__Archaea_superphylum__DPANN_p__Altiarchaeota_c__none_o__Altiarchaeales_f__none_g__none,Archaea,Altiarchaeota,,Altiarchaeales,,
GCA_003663045_d__Archaea_superphylum__DPANN_p__Altiarchaeota_c__none_o__Altiarchaeales_f__none_g__none,Archaea,Altiarchaeota,,Altiarchaeales,,
GCA_003663125_d__Archaea_superphylum__DPANN_p__Altiarchaeota_c__none_o__Altiarchaeales_f__none_g__none,Archaea,Altiarchaeota,,Altiarchaeales,,
GCA_001723855_d__Archaea_superphylum__DPANN_p__Altiarchaeota_c__none_o__Altiarchaeales_f__none_g__none,Archaea,Altiarchaeota,,Altiarchaeales,,
GCA_002083985_d__Archaea_superphylum__DPANN_p__Altiarchaeota_c__none_o__Altiarchaeales_f__none_g__none,Archaea,Altiarchaeota,,Altiarchaeales,,
GCA_002785505_d__Archaea_superphylum__DPANN_p__Altiarchaeota_c__none_o__Altiarchaeales_f__none_g__Candidatus_Altiarchaeum,Archaea,Altiarchaeota,,Altiarchaeales,,Candidatus Altiarchaeum
GCA_002841105_d__Archaea_superphylum__DPANN_p__Altiarchaeota_c__none_o__Altiarchaeales_f__none_g__none,Archaea,Altiarchaeota,,Altiarchaeales,,
GCA_000006805_d__Archaea_superphylum__Euryarchaeota_p__Euryarchaeota_c__Halobacteria_o__Halobacteriales_f__Halobacteriaceae_g__Halobacterium,Archaea,Euryarchaeota,Halobacteria,Halobacteriales,Halobacteriaceae,Halobacterium
GCA_001011115_d__Archaea_superphylum__Euryarchaeota_p__Euryarchaeota_c__Halobacteria_o__Halobacteriales_f__Halobacteriaceae_g__Halanaeroarchaeum,Archaea,Euryarchaeota,Halobacteria,Halobacteriales,Halobacteriaceae,Halanaeroarchaeum
GCA_001886955_d__Archaea_superphylum__Euryarchaeota_p__Euryarchaeota_c__Halobacteria_o__Halobacteriales_f__Halobacteriaceae_g__Halodesulfurarchaeum,Archaea,Euryarchaeota,Halobacteria,Halobacteriales,Halobacteriaceae,Halodesulfurarchaeum
GCA_000022205_d__Archaea_superphylum__Euryarchaeota_p__Euryarchaeota_c__Halobacteria_o__Haloferacales_f__Halorubraceae_g__Halorubrum,Archaea,Euryarchaeota,Halobacteria,Haloferacales,Halorubraceae,Halorubrum
GCA_000337915_d__Archaea_superphylum__Euryarchaeota_p__Euryarchaeota_c__Halobacteria_o__Haloferacales_f__Halorubraceae_g__Halorubrum,Archaea,Euryarchaeota,Halobacteria,Haloferacales,Halorubraceae,Halorubrum
GCA_000337035_d__Archaea_superphylum__Euryarchaeota_p__Euryarchaeota_c__Halobacteria_o__Haloferacales_f__Halorubraceae_g__Halorubrum,Archaea,Euryarchaeota,Halobacteria,Haloferacales,Halorubraceae,Halorubrum
GCA_002252985_d__Archaea_superphylum__Euryarchaeota_p__Euryarchaeota_c__Halobacteria_o__Haloferacales_f__Halorubraceae_g__Halorubrum,Archaea,Euryarchaeota,Halobacteria,Haloferacales,Halorubraceae,Halorubrum
GCA_900108505_d__Archaea_superphylum__Euryarchaeota_p__Euryarchaeota_c__Halobacteria_o__Haloferacales_f__Halorubraceae_g__Halopenitus,Archaea,Euryarchaeota,Halobacteria,Haloferacales,Halorubraceae,Halopenitus
GCA_002788215_d__Archaea_superphylum__Euryarchaeota_p__Euryarchaeota_c__Halobacteria_o__Haloferacales_f__Halorubraceae_g__Halohasta,Archaea,Euryarchaeota,Halobacteria,Haloferacales,Halorubraceae,Halohasta
GCA_001282785_d__Archaea_superphylum__Euryarchaeota_p__Euryarchaeota_c__Halobacteria_o__Haloferacales_f__Halorubraceae_g__Halolamina,Archaea,Euryarchaeota,Halobacteria,Haloferacales,Halorubraceae,Halolamina
GCA_000025685_d__Archaea_superphylum__Euryarchaeota_p__Euryarchaeota_c__Halobacteria_o__Haloferacales_f__Haloferacaceae_g__Haloferax,Archaea,Euryarchaeota,Halobacteria,Haloferacales,Haloferacaceae,Haloferax
GCA_000306765_d__Archaea_superphylum__Euryarchaeota_p__Euryarchaeota_c__Halobacteria_o__Haloferacales_f__Haloferacaceae_g__Haloferax,Archaea,Euryarchaeota,Halobacteria,Haloferacales,Haloferacaceae,Haloferax
GCA_000172995_d__Archaea_superphylum__Euryarchaeota_p__Euryarchaeota_c__Halobacteria_o__Haloferacales_f__Haloferacaceae_g__Halogeometricum,Archaea,Euryarchaeota,Halobacteria,Haloferacales,Haloferacaceae,Halogeometricum
GCA_003351065_d__Archaea_superphylum__Euryarchaeota_p__Euryarchaeota_c__Halobacteria_o__Haloferacales_f__Haloferacaceae_g__Halopelagius,Archaea,Euryarchaeota,Halobacteria,Haloferacales,Haloferacaceae,Halopelagius
GCA_000237865_d__Archaea_superphylum__Euryarchaeota_p__Euryarchaeota_c__Halobacteria_o__Haloferacales_f__Haloferacaceae_g__Haloquadratum,Archaea,Euryarchaeota,Halobacteria,Haloferacales,Haloferacaceae,Haloquadratum
GCA_002906575_d__Archaea_superphylum__Euryarchaeota_p__Euryarchaeota_c__Halobacteria_o__Haloferacales_f__Halorubraceae_g__Salinigranum,Archaea,Euryarchaeota,Halobacteria,Haloferacales,Halorubraceae,Salinigranum
GCA_001469955_d__Archaea_superphylum__Euryarchaeota_p__Euryarchaeota_c__Halobacteria_o__Haloferacales_f__Haloferacaceae_g__Haloprofundus,Archaea,Euryarchaeota,Halobacteria,Haloferacales,Haloferacaceae,Haloprofundus
GCA_900107665_d__Archaea_superphylum__Euryarchaeota_p__Euryarchaeota_c__Halobacteria_o__Haloferacales_f__Haloferacaceae_g__Haloplanus,Archaea,Euryarchaeota,Halobacteria,Haloferacales,Haloferacaceae,Haloplanus
GCA_000025325_d__Archaea_superphylum__Euryarchaeota_p__Euryarchaeota_c__Halobacteria_o__Natrialbales_f__Natrialbaceae_g__Haloterrigena,Archaea,Euryarchaeota,Halobacteria,Natrialbales,Natrialbaceae,Haloterrigena
GCA_000337235_d__Archaea_superphylum__Euryarchaeota_p__Euryarchaeota_c__Halobacteria_o__Natrialbales_f__Natrialbaceae_g__Natronorubrum,Archaea,Euryarchaeota,Halobacteria,Natrialbales,Natrialbaceae,Natronorubrum
GCA_000025625_d__Archaea_superphylum__Euryarchaeota_p__Euryarchaeota_c__Halobacteria_o__Natrialbales_f__Natrialbaceae_g__Natrialba,Archaea,Euryarchaeota,Halobacteria,Natrialbales,Natrialbaceae,Natrialba
GCA_003841485_d__Archaea_superphylum__Euryarchaeota_p__Euryarchaeota_c__Halobacteria_o__Natrialbales_f__Natrialbaceae_g__Natrarchaeobius,Archaea,Euryarchaeota,Halobacteria,Natrialbales,Natrialbaceae,Natrarchaeobius
GCA_000217715_d__Archaea_superphylum__Euryarchaeota_p__Euryarchaeota_c__Halobacteria_o__Natrialbales_f__Natrialbaceae_g__Halopiger,Archaea,Euryarchaeota,Halobacteria,Natrialbales,Natrialbaceae,Halopiger
GCA_000226975_d__Archaea_superphylum__Euryarchaeota_p__Euryarchaeota_c__Halobacteria_o__Natrialbales_f__Natrialbaceae_g__Halobiforma,Archaea,Euryarchaeota,Halobacteria,Natrialbales,Natrialbaceae,Halobiforma
GCA_000230715_d__Archaea_superphylum__Euryarchaeota_p__Euryarchaeota_c__Halobacteria_o__Natrialbales_f__Natrialbaceae_g__Natronobacterium,Archaea,Euryarchaeota,Halobacteria,Natrialbales,Natrialbaceae,Natronobacterium
GCA_000230735_d__Archaea_superphylum__Euryarchaeota_p__Euryarchaeota_c__Halobacteria_o__Natrialbales_f__Natrialbaceae_g__Natrinema,Archaea,Euryarchaeota,Halobacteria,Natrialbales,Natrialbaceae,Natrinema
GCA_000328685_d__Archaea_superphylum__Euryarchaeota_p__Euryarchaeota_c__Halobacteria_o__Natrialbales_f__Natrialbaceae_g__Natronococcus,Archaea,Euryarchaeota,Halobacteria,Natrialbales,Natrialbaceae,Natronococcus
GCA_000517625_d__Archaea_superphylum__Euryarchaeota_p__Euryarchaeota_c__Halobacteria_o__Natrialbales_f__Natrialbaceae_g__Halostagnicola,Archaea,Euryarchaeota,Halobacteria,Natrialbales,Natrialbaceae,Halostagnicola
GCA_000328525_d__Archaea_superphylum__Euryarchaeota_p__Euryarchaeota_c__Halobacteria_o__Natrialbales_f__Natrialbaceae_g__Halovivax,Archaea,Euryarchaeota,Halobacteria,Natrialbales,Natrialbaceae,Halovivax
GCA_000337455_d__Archaea_superphylum__Euryarchaeota_p__Euryarchaeota_c__Halobacteria_o__Halobacteriales_f__Haloarculaceae_g__Halosimplex,Archaea,Euryarchaeota,Halobacteria,Halobacteriales,Haloarculaceae,Halosimplex
GCA_000470655_d__Archaea_superphylum__Euryarchaeota_p__Euryarchaeota_c__Halobacteria_o__Halobacteriales_f__Haloarculaceae_g__Halorhabdus,Archaea,Euryarchaeota,Halobacteria,Halobacteriales,Haloarculaceae,Halorhabdus
GCA_000755225_d__Archaea_superphylum__Euryarchaeota_p__Euryarchaeota_c__Halobacteria_o__Halobacteriales_f__Haloarculaceae_g__Halapricum,Archaea,Euryarchaeota,Halobacteria,Halobacteriales,Haloarculaceae,Halapricum
GCA_900100385_d__Archaea_superphylum__Euryarchaeota_p__Euryarchaeota_c__Halobacteria_o__Halobacteriales_f__Halobacteriaceae_g__Halovenus,Archaea,Euryarchaeota,Halobacteria,Halobacteriales,Halobacteriaceae,Halovenus
GCA_003634715_d__Archaea_superphylum__Euryarchaeota_p__Euryarchaeota_c__Halobacteria_o__Halobacteriales_f__Haloarculaceae_g__Haloarcula,Archaea,Euryarchaeota,Halobacteria,Halobacteriales,Haloarculaceae,Haloarcula
GCA_900114435_d__Archaea_superphylum__Euryarchaeota_p__Euryarchaeota_c__Halobacteria_o__Halobacteriales_f__Haloarculaceae_g__Halomicrobium,Archaea,Euryarchaeota,Halobacteria,Halobacteriales,Haloarculaceae,Halomicrobium
GCA_003675855_d__Archaea_superphylum__Euryarchaeota_p__Euryarchaeota_c__Halobacteria_o__Halobacteriales_f__Halobacteriaceae_g__Halostella,Archaea,Euryarchaeota,Halobacteria,Halobacteriales,Halobacteriaceae,Halostella
GCA_000187225_d__Archaea_superphylum__Euryarchaeota_p__Euryarchaeota_c__Halobacteria_o__Halobacteriales_f__Halobacteriaceae_g__Haladaptatus,Archaea,Euryarchaeota,Halobacteria,Halobacteriales,Halobacteriaceae,Haladaptatus
GCA_000026045_d__Archaea_superphylum__Euryarchaeota_p__Euryarchaeota_c__Halobacteria_o__Halobacteriales_f__Haloarculaceae_g__Natronomonas,Archaea,Euryarchaeota,Halobacteria,Halobacteriales,Haloarculaceae,Natronomonas
GCA_000196895_d__Archaea_superphylum__Euryarchaeota_p__Euryarchaeota_c__Halobacteria_o__Halobacteriales_f__Halobacteriaceae_g__Halalkalicoccus,Archaea,Euryarchaeota,Halobacteria,Halobacteriales,Halobacteriaceae,Halalkalicoccus
GCA_000334895_d__Archaea_superphylum__Euryarchaeota_p__Euryarchaeota_c__Halobacteria_o__Halobacteriales_f__Halococcaceae_g__Halococcus,Archaea,Euryarchaeota,Halobacteria,Halobacteriales,Halococcaceae,Halococcus
GCA_001914405_d__Archaea_superphylum__Euryarchaeota_p__Euryarchaeota_c__Methanonatronarchaeia_o__Methanonatronarchaeales_f__Methanonatronarchaeaceae_g__Candidatus_Methanohalarchaeum,Archaea,Euryarchaeota,Methanonatronarchaeia,Methanonatronarchaeales,Methanonatronarchaeaceae,Candidatus Methanohalarchaeum
GCA_002153915_d__Archaea_superphylum__Euryarchaeota_p__Euryarchaeota_c__Methanonatronarchaeia_o__Methanonatronarchaeales_f__Methanonatronarchaeaceae_g__Methanonatronarchaeum,Archaea,Euryarchaeota,Methanonatronarchaeia,Methanonatronarchaeales,Methanonatronarchaeaceae,Methanonatronarchaeum
GCA_000007345_d__Archaea_superphylum__Euryarchaeota_p__Euryarchaeota_c__Methanomicrobia_o__Methanosarcinales_f__Methanosarcinaceae_g__Methanosarcina,Archaea,Euryarchaeota,Methanomicrobia,Methanosarcinales,Methanosarcinaceae,Methanosarcina
GCA_000970205_d__Archaea_superphylum__Euryarchaeota_p__Euryarchaeota_c__Methanomicrobia_o__Methanosarcinales_f__Methanosarcinaceae_g__Methanosarcina,Archaea,Euryarchaeota,Methanomicrobia,Methanosarcinales,Methanosarcinaceae,Methanosarcina
GCA_000970025_d__Archaea_superphylum__Euryarchaeota_p__Euryarchaeota_c__Methanomicrobia_o__Methanosarcinales_f__Methanosarcinaceae_g__Methanosarcina,Archaea,Euryarchaeota,Methanomicrobia,Methanosarcinales,Methanosarcinaceae,Methanosarcina
GCA_004363215_d__Archaea_superphylum__Euryarchaeota_p__Euryarchaeota_c__Methanomicrobia_o__Methanosarcinales_f__Methanosarcinaceae_g__Methanimicrococcus,Archaea,Euryarchaeota,Methanomicrobia,Methanosarcinales,Methanosarcinaceae,Methanimicrococcus
GCA_000013725_d__Archaea_superphylum__Euryarchaeota_p__Euryarchaeota_c__Methanomicrobia_o__Methanosarcinales_f__Methanosarcinaceae_g__Methanococcoides,Archaea,Euryarchaeota,Methanomicrobia,Methanosarcinales,Methanosarcinaceae,Methanococcoides
GCA_001889405_d__Archaea_superphylum__Euryarchaeota_p__Euryarchaeota_c__Methanomicrobia_o__Methanosarcinales_f__Methanosarcinaceae_g__Methanohalophilus,Archaea,Euryarchaeota,Methanomicrobia,Methanosarcinales,Methanosarcinaceae,Methanohalophilus
GCA_000196655_d__Archaea_superphylum__Euryarchaeota_p__Euryarchaeota_c__Methanomicrobia_o__Methanosarcinales_f__Methanosarcinaceae_g__Methanohalobium,Archaea,Euryarchaeota,Methanomicrobia,Methanosarcinales,Methanosarcinaceae,Methanohalobium
GCA_000217995_d__Archaea_superphylum__Euryarchaeota_p__Euryarchaeota_c__Methanomicrobia_o__Methanosarcinales_f__Methanosarcinaceae_g__Methanosalsum,Archaea,Euryarchaeota,Methanomicrobia,Methanosarcinales,Methanosarcinaceae,Methanosalsum
GCA_000306725_d__Archaea_superphylum__Euryarchaeota_p__Euryarchaeota_c__Methanomicrobia_o__Methanosarcinales_f__Methanosarcinaceae_g__Methanolobus,Archaea,Euryarchaeota,Methanomicrobia,Methanosarcinales,Methanosarcinaceae,Methanolobus
GCA_000328665_d__Archaea_superphylum__Euryarchaeota_p__Euryarchaeota_c__Methanomicrobia_o__Methanosarcinales_f__Methanosarcinaceae_g__Methanomethylovorans,Archaea,Euryarchaeota,Methanomicrobia,Methanosarcinales,Methanosarcinaceae,Methanomethylovorans
GCA_000685155_d__Archaea_superphylum__Euryarchaeota_p__Euryarchaeota_c__Methanomicrobia_o__Methanosarcinales_f__Methanoperedenaceae_g__Candidatus_Methanoperedens,Archaea,Euryarchaeota,Methanomicrobia,Methanosarcinales,Methanoperedenaceae,Candidatus Methanoperedens
GCA_003104905_d__Archaea_superphylum__Euryarchaeota_p__Euryarchaeota_c__Methanomicrobia_o__Methanosarcinales_f__Methanoperedenaceae_g__none,Archaea,Euryarchaeota,Methanomicrobia,Methanosarcinales,Methanoperedenaceae,
GCA_000711905_d__Archaea_superphylum__Euryarchaeota_p__Euryarchaeota_c__Methanomicrobia_o__Methanosarcinales_f__Methermicoccaceae_g__Methermicoccus,Archaea,Euryarchaeota,Methanomicrobia,Methanosarcinales,Methermicoccaceae,Methermicoccus
GCA_000204415_d__Archaea_superphylum__Euryarchaeota_p__Euryarchaeota_c__Methanomicrobia_o__Methanosarcinales_f__Methanotrichaceae_g__Methanothrix,Archaea,Euryarchaeota,Methanomicrobia,Methanosarcinales,Methanotrichaceae,Methanothrix
GCA_001509375_d__Archaea_superphylum__Euryarchaeota_p__Euryarchaeota_c__Methanomicrobia_o__Methanosarcinales_f__Methanotrichaceae_g__Methanothrix,Archaea,Euryarchaeota,Methanomicrobia,Methanosarcinales,Methanotrichaceae,Methanothrix
GCA_001766815_d__Archaea_superphylum__Euryarchaeota_p__Euryarchaeota_c__Methanomicrobia_o__Methanosarcinales_f__none_g__Candidatus_Syntrophoarchaeum,Archaea,Euryarchaeota,Methanomicrobia,Methanosarcinales,,Candidatus Syntrophoarchaeum
GCA_001766825_d__Archaea_superphylum__Euryarchaeota_p__Euryarchaeota_c__Methanomicrobia_o__Methanosarcinales_f__none_g__Candidatus_Syntrophoarchaeum,Archaea,Euryarchaeota,Methanomicrobia,Methanosarcinales,,Candidatus Syntrophoarchaeum
GCA_004212075_d__Archaea_superphylum__Euryarchaeota_p__Euryarchaeota_c__Methanoliparia_o__Methanoliparales_f__Methanoliparaceae_g__Candidatus_Methanoliparum,Archaea,Euryarchaeota,Methanoliparia,Methanoliparales,Methanoliparaceae,Candidatus Methanoliparum
GCA_004212085_d__Archaea_superphylum__Euryarchaeota_p__Euryarchaeota_c__Methanoliparia_o__Methanoliparales_f__Methanollivieraceae_g__Candidatus_Methanolliviera,Archaea,Euryarchaeota,Methanoliparia,Methanoliparales,Methanollivieraceae,Candidatus Methanolliviera
GCA_000063445_d__Archaea_superphylum__Euryarchaeota_p__Euryarchaeota_c__Methanomicrobia_o__Methanocellales_f__Methanocellaceae_g__Methanocella,Archaea,Euryarchaeota,Methanomicrobia,Methanocellales,Methanocellaceae,Methanocella
GCA_003132625_d__Archaea_superphylum__Euryarchaeota_p__Euryarchaeota_c__Methanomicrobia_o__Methanocellales2_f__none_g__none,Archaea,Euryarchaeota,Methanomicrobia,Methanocellales2,,
GCA_003141075_d__Archaea_superphylum__Euryarchaeota_p__Euryarchaeota_c__Methanomicrobia_o__Methanocellales2_f__none_g__none,Archaea,Euryarchaeota,Methanomicrobia,Methanocellales2,,
GCA_003170935_d__Archaea_superphylum__Euryarchaeota_p__Euryarchaeota_c__Methanomicrobia_o__Methanocellales2_f__none_g__none,Archaea,Euryarchaeota,Methanomicrobia,Methanocellales2,,
GCA_000013445_d__Archaea_superphylum__Euryarchaeota_p__Euryarchaeota_c__Methanomicrobia_o__Methanomicrobiales_f__Methanospirillaceae_g__Methanospirillum,Archaea,Euryarchaeota,Methanomicrobia,Methanomicrobiales,Methanospirillaceae,Methanospirillum
GCA_000015765_d__Archaea_superphylum__Euryarchaeota_p__Euryarchaeota_c__Methanomicrobia_o__Methanomicrobiales_f__Methanocorpusculaceae_g__Methanocorpusculum,Archaea,Euryarchaeota,Methanomicrobia,Methanomicrobiales,Methanocorpusculaceae,Methanocorpusculum
GCA_000021965_d__Archaea_superphylum__Euryarchaeota_p__Euryarchaeota_c__Methanomicrobia_o__Methanomicrobiales_f__Methanoregulaceae_g__Methanosphaerula,Archaea,Euryarchaeota,Methanomicrobia,Methanomicrobiales,Methanoregulaceae,Methanosphaerula
GCA_000235685_d__Archaea_superphylum__Euryarchaeota_p__Euryarchaeota_c__Methanomicrobia_o__Methanomicrobiales_f__Methanoregulaceae_g__Methanolinea,Archaea,Euryarchaeota,Methanomicrobia,Methanomicrobiales,Methanoregulaceae,Methanolinea
GCA_000327485_d__Archaea_superphylum__Euryarchaeota_p__Euryarchaeota_c__Methanomicrobia_o__Methanomicrobiales_f__Methanoregulaceae_g__Methanoregula,Archaea,Euryarchaeota,Methanomicrobia,Methanomicrobiales,Methanoregulaceae,Methanoregula
GCA_001571385_d__Archaea_superphylum__Euryarchaeota_p__Euryarchaeota_c__Methanomicrobia_o__Methanomicrobiales_f__Methanomicrobiaceae_g__Methanofollis,Archaea,Euryarchaeota,Methanomicrobia,Methanomicrobiales,Methanomicrobiaceae,Methanofollis
GCA_001571405_d__Archaea_superphylum__Euryarchaeota_p__Euryarchaeota_c__Methanomicrobia_o__Methanomicrobiales_f__Methanomicrobiaceae_g__Methanoculleus,Archaea,Euryarchaeota,Methanomicrobia,Methanomicrobiales,Methanomicrobiaceae,Methanoculleus
GCA_000008665_d__Archaea_superphylum__Euryarchaeota_p__Euryarchaeota_c__Archaeoglobi_o__Archaeoglobales_f__Archaeoglobaceae_g__Archaeoglobus,Archaea,Euryarchaeota,Archaeoglobi,Archaeoglobales,Archaeoglobaceae,Archaeoglobus
GCA_000025505_d__Archaea_superphylum__Euryarchaeota_p__Euryarchaeota_c__Archaeoglobi_o__Archaeoglobales_f__Archaeoglobaceae_g__Ferroglobus,Archaea,Euryarchaeota,Archaeoglobi,Archaeoglobales,Archaeoglobaceae,Ferroglobus
GCA_000789255_d__Archaea_superphylum__Euryarchaeota_p__Euryarchaeota_c__Archaeoglobi_o__Archaeoglobales_f__Archaeoglobaceae_g__Geoglobus,Archaea,Euryarchaeota,Archaeoglobi,Archaeoglobales,Archaeoglobaceae,Geoglobus
GCA_000194625_d__Archaea_superphylum__Euryarchaeota_p__Euryarchaeota_c__Archaeoglobi_o__Archaeoglobales_f__Archaeoglobaceae_g__Archaeoglobus,Archaea,Euryarchaeota,Archaeoglobi,Archaeoglobales,Archaeoglobaceae,Archaeoglobus
GCA_000385565_d__Archaea_superphylum__Euryarchaeota_p__Euryarchaeota_c__Archaeoglobi_o__Archaeoglobales_f__Archaeoglobaceae_g__Archaeoglobus,Archaea,Euryarchaeota,Archaeoglobi,Archaeoglobales,Archaeoglobaceae,Archaeoglobus
GCA_000025285_d__Archaea_superphylum__Euryarchaeota_p__Euryarchaeota_c__Archaeoglobi_o__Archaeoglobales_f__Archaeoglobaceae_g__Archaeoglobus,Archaea,Euryarchaeota,Archaeoglobi,Archaeoglobales,Archaeoglobaceae,Archaeoglobus
GCA_000008265_d__Archaea_superphylum__Euryarchaeota_p__Euryarchaeota_c__Thermoplasmata_o__Thermoplasmatales_f__Picrophilaceae_g__Picrophilus,Archaea,Euryarchaeota,Thermoplasmata,Thermoplasmatales,Picrophilaceae,Picrophilus
GCA_002078355_d__Archaea_superphylum__Euryarchaeota_p__Euryarchaeota_c__Thermoplasmata_o__Thermoplasmatales_f__Ferroplasmaceae_g__Ferroplasma,Archaea,Euryarchaeota,Thermoplasmata,Thermoplasmatales,Ferroplasmaceae,Ferroplasma
GCA_000447225_d__Archaea_superphylum__Euryarchaeota_p__Euryarchaeota_c__Thermoplasmata_o__Thermoplasmatales_f__none_g__none,Archaea,Euryarchaeota,Thermoplasmata,Thermoplasmatales,,
GCA_002503205_d__Archaea_superphylum__Euryarchaeota_p__Euryarchaeota_c__Thermoplasmata_o__Thermoplasmatales_f__none_g__none,Archaea,Euryarchaeota,Thermoplasmata,Thermoplasmatales,,
GCA_002204705_d__Archaea_superphylum__Euryarchaeota_p__Euryarchaeota_c__Thermoplasmata_o__Thermoplasmatales_f__none_g__none,Archaea,Euryarchaeota,Thermoplasmata,Thermoplasmatales,,
GCA_900090055_d__Archaea_superphylum__Euryarchaeota_p__Euryarchaeota_c__Thermoplasmata_o__Thermoplasmatales_f__Cuniculiplasmataceae_g__Cuniculiplasma,Archaea,Euryarchaeota,Thermoplasmata,Thermoplasmatales,Cuniculiplasmataceae,Cuniculiplasma
GCA_000011185_d__Archaea_superphylum__Euryarchaeota_p__Euryarchaeota_c__Thermoplasmata_o__Thermoplasmatales_f__Thermoplasmataceae_g__Thermoplasma,Archaea,Euryarchaeota,Thermoplasmata,Thermoplasmatales,Thermoplasmataceae,Thermoplasma
GCA_000195915_d__Archaea_superphylum__Euryarchaeota_p__Euryarchaeota_c__Thermoplasmata_o__Thermoplasmatales_f__Thermoplasmataceae_g__Thermoplasma,Archaea,Euryarchaeota,Thermoplasmata,Thermoplasmatales,Thermoplasmataceae,Thermoplasma
GCA_000025665_d__Archaea_superphylum__Euryarchaeota_p__Euryarchaeota_c__none_o__none_f__none_g__Aciduliprofundum,Archaea,Euryarchaeota,,,,Aciduliprofundum
GCA_002878135_d__Archaea_superphylum__Euryarchaeota_p__Euryarchaeota_c__none_o__none_f__none_g__Aciduliprofundum,Archaea,Euryarchaeota,,,,Aciduliprofundum
GCA_002503985_d__Archaea_superphylum__Euryarchaeota_p__Euryarchaeota_c__Thermoplasmata_o__Methanomassiliicoccales_f__none_g__none,Archaea,Euryarchaeota,Thermoplasmata,Methanomassiliicoccales,,
GCA_000300255_d__Archaea_superphylum__Euryarchaeota_p__Euryarchaeota_c__Thermoplasmata_o__Methanomassiliicoccales_f__Methanomethylophilaceae_g__Candidatus_Methanomethylophilus,Archaea,Euryarchaeota,Thermoplasmata,Methanomassiliicoccales,Methanomethylophilaceae,Candidatus Methanomethylophilus
GCA_000350305_d__Archaea_superphylum__Euryarchaeota_p__Euryarchaeota_c__Thermoplasmata_o__Methanomassiliicoccales_f__none_g__none,Archaea,Euryarchaeota,Thermoplasmata,Methanomassiliicoccales,,
GCA_000800805_d__Archaea_superphylum__Euryarchaeota_p__Euryarchaeota_c__Thermoplasmata_o__Methanomassiliicoccales_f__Methanomassiliicoccaceae_g__Candidatus_Methanoplasma,Archaea,Euryarchaeota,Thermoplasmata,Methanomassiliicoccales,Methanomassiliicoccaceae,Candidatus Methanoplasma
GCA_002506995_d__Archaea_superphylum__Euryarchaeota_p__Euryarchaeota_c__Thermoplasmata_o__Methanomassiliicoccales_f__Methanomassiliicoccaceae_g__none,Archaea,Euryarchaeota,Thermoplasmata,Methanomassiliicoccales,Methanomassiliicoccaceae,
GCA_000308215_d__Archaea_superphylum__Euryarchaeota_p__Euryarchaeota_c__Thermoplasmata_o__Methanomassiliicoccales_f__Methanomassiliicoccaceae_g__Methanomassiliicoccus,Archaea,Euryarchaeota,Thermoplasmata,Methanomassiliicoccales,Methanomassiliicoccaceae,Methanomassiliicoccus
GCA_002496345_d__Archaea_superphylum__Euryarchaeota_p__Euryarchaeota_c__Thermoplasmata_o__Methanomassiliicoccales_f__Methanomassiliicoccaceae_g__Methanomassiliicoccus,Archaea,Euryarchaeota,Thermoplasmata,Methanomassiliicoccales,Methanomassiliicoccaceae,Methanomassiliicoccus
GCA_000404225_d__Archaea_superphylum__Euryarchaeota_p__Euryarchaeota_c__Thermoplasmata_o__Methanomassiliicoccales_f__Methanomassiliicoccaceae_g__Methanomassiliicoccus,Archaea,Euryarchaeota,Thermoplasmata,Methanomassiliicoccales,Methanomassiliicoccaceae,Methanomassiliicoccus
GCA_004525545_d__Archaea_superphylum__Euryarchaeota_p__Euryarchaeota_c__Thermoplasmata_o__Methanomassiliicoccales_f__Methanomassiliicoccaceae_g__Methanomassiliicoccus,Archaea,Euryarchaeota,Thermoplasmata,Methanomassiliicoccales,Methanomassiliicoccaceae,Methanomassiliicoccus
GCA_003663645_d__Archaea_superphylum__Euryarchaeota_p__Euryarchaeota_c__Thermoplasmata_o__none_f__none_g__none,Archaea,Euryarchaeota,Thermoplasmata,,,
GCA_000246735_d__Archaea_superphylum__Euryarchaeota_p__Euryarchaeota_c__Poseidoniia_o__Poseidoniales_f__none_g__none,Archaea,Euryarchaeota,Poseidoniia,Poseidoniales,,
GCA_002502415_d__Archaea_superphylum__Euryarchaeota_p__Euryarchaeota_c__Poseidoniia_o__Poseidoniales_f__none_g__none,Archaea,Euryarchaeota,Poseidoniia,Poseidoniales,,
GCA_002497405_d__Archaea_superphylum__Euryarchaeota_p__Euryarchaeota_c__Poseidoniia_o__Poseidoniales_f__none_g__none,Archaea,Euryarchaeota,Poseidoniia,Poseidoniales,,
GCA_002507425_d__Archaea_superphylum__Euryarchaeota_p__Euryarchaeota_c__Poseidoniia_o__Poseidoniales_f__none_g__none,Archaea,Euryarchaeota,Poseidoniia,Poseidoniales,,
GCA_002494605_d__Archaea_superphylum__Euryarchaeota_p__Euryarchaeota_c__Poseidoniia_o__Poseidoniales_f__none_g__none,Archaea,Euryarchaeota,Poseidoniia,Poseidoniales,,
GCA_001629205_d__Archaea_superphylum__Euryarchaeota_p__Euryarchaeota_c__Poseidoniia_o__Poseidoniales_f__none_g__none,Archaea,Euryarchaeota,Poseidoniia,Poseidoniales,,
GCA_002457155_d__Archaea_superphylum__Euryarchaeota_p__Euryarchaeota_c__Poseidoniia_o__Poseidoniales_f__none_g__none,Archaea,Euryarchaeota,Poseidoniia,Poseidoniales,,
GCA_002504435_d__Archaea_superphylum__Euryarchaeota_p__Euryarchaeota_c__Poseidoniia_o__Poseidoniales_f__none_g__none,Archaea,Euryarchaeota,Poseidoniia,Poseidoniales,,
GCA_003193925_d__Archaea_superphylum__Euryarchaeota_p__Euryarchaeota_c__Poseidoniia_o__Poseidoniales_f__Candidatus_Thalassarchaeaceae_g__none,Archaea,Euryarchaeota,Poseidoniia,Poseidoniales,Candidatus Thalassarchaeaceae,
GCA_003602595_d__Archaea_superphylum__Euryarchaeota_p__Euryarchaeota_c__Poseidoniia_o__Poseidoniales_f__none_g__none,Archaea,Euryarchaeota,Poseidoniia,Poseidoniales,,
GCA_002457555_d__Archaea_superphylum__Euryarchaeota_p__Euryarchaeota_c__Poseidoniia_o__Poseidoniales_f__none_g__none,Archaea,Euryarchaeota,Poseidoniia,Poseidoniales,,
GCA_002457595_d__Archaea_superphylum__Euryarchaeota_p__Euryarchaeota_c__Poseidoniia_o__Poseidoniales_f__none_g__none,Archaea,Euryarchaeota,Poseidoniia,Poseidoniales,,
GCA_003324635_d__Archaea_superphylum__Euryarchaeota_p__Euryarchaeota_c__Poseidoniia_o__Poseidoniales_f__none_g__none,Archaea,Euryarchaeota,Poseidoniia,Poseidoniales,,
GCA_001875355_d__Archaea_superphylum__Euryarchaeota_p__Euryarchaeota_c__Poseidoniia_o__Pontarchaeales_f__none_g__none,Archaea,Euryarchaeota,Poseidoniia,Pontarchaeales,,
GCA_002506485_d__Archaea_superphylum__Euryarchaeota_p__Euryarchaeota_c__Poseidoniia_o__Pontarchaeales_f__none_g__none,Archaea,Euryarchaeota,Poseidoniia,Pontarchaeales,,
GCA_002509165_d__Archaea_superphylum__Euryarchaeota_p__Euryarchaeota_c__Poseidoniia_o__Pontarchaeales_f__none_g__none,Archaea,Euryarchaeota,Poseidoniia,Pontarchaeales,,
GCA_004195655_d__Archaea_superphylum__Euryarchaeota_p__Euryarchaeota_c__Poseidoniia_o__Pontarchaeales_f__none_g__none,Archaea,Euryarchaeota,Poseidoniia,Pontarchaeales,,
GCA_002011355_d__Archaea_superphylum__Euryarchaeota_p__Euryarchaeota_c__Thermoplasmata_o__Thermoplasmatales_f__none_g__none,Archaea,Euryarchaeota,Thermoplasmata,Thermoplasmatales,,
GCA_002838935_d__Archaea_superphylum__Euryarchaeota_p__Euryarchaeota_c__Thermoplasmata_o__none_f__none_g__none,Archaea,Euryarchaeota,Thermoplasmata,,,
GCA_002900535_d__Archaea_superphylum__Euryarchaeota_p__Euryarchaeota_c__Thermoplasmata_o__none_f__none_g__none,Archaea,Euryarchaeota,Thermoplasmata,,,
GCA_000007185_d__Archaea_superphylum__Euryarchaeota_p__Euryarchaeota_c__Methanopyri_o__Methanopyrales_f__Methanopyraceae_g__Methanopyrus,Archaea,Euryarchaeota,Methanopyri,Methanopyrales,Methanopyraceae,Methanopyrus
GCA_000012545_d__Archaea_superphylum__Euryarchaeota_p__Euryarchaeota_c__Methanobacteria_o__Methanobacteriales_f__Methanobacteriaceae_g__Methanosphaera,Archaea,Euryarchaeota,Methanobacteria,Methanobacteriales,Methanobacteriaceae,Methanosphaera
GCA_000214725_d__Archaea_superphylum__Euryarchaeota_p__Euryarchaeota_c__Methanobacteria_o__Methanobacteriales_f__Methanobacteriaceae_g__Methanobacterium,Archaea,Euryarchaeota,Methanobacteria,Methanobacteriales,Methanobacteriaceae,Methanobacterium
GCA_000016525_d__Archaea_superphylum__Euryarchaeota_p__Euryarchaeota_c__Methanobacteria_o__Methanobacteriales_f__Methanobacteriaceae_g__Methanobrevibacter,Archaea,Euryarchaeota,Methanobacteria,Methanobacteriales,Methanobacteriaceae,Methanobrevibacter
GCA_000529525_d__Archaea_superphylum__Euryarchaeota_p__Euryarchaeota_c__Methanobacteria_o__Methanobacteriales_f__Methanobacteriaceae_g__Methanobrevibacter,Archaea,Euryarchaeota,Methanobacteria,Methanobacteriales,Methanobacteriaceae,Methanobrevibacter
GCA_000145295_d__Archaea_superphylum__Euryarchaeota_p__Euryarchaeota_c__Methanobacteria_o__Methanobacteriales_f__Methanobacteriaceae_g__Methanothermobacter,Archaea,Euryarchaeota,Methanobacteria,Methanobacteriales,Methanobacteriaceae,Methanothermobacter
GCA_000166095_d__Archaea_superphylum__Euryarchaeota_p__Euryarchaeota_c__Methanobacteria_o__Methanobacteriales_f__Methanothermaceae_g__Methanothermus,Archaea,Euryarchaeota,Methanobacteria,Methanobacteriales,Methanothermaceae,Methanothermus
GCA_000017165_d__Archaea_superphylum__Euryarchaeota_p__Euryarchaeota_c__Methanococci_o__Methanococcales_f__Methanococcaceae_g__Methanococcus,Archaea,Euryarchaeota,Methanococci,Methanococcales,Methanococcaceae,Methanococcus
GCA_000017185_d__Archaea_superphylum__Euryarchaeota_p__Euryarchaeota_c__Methanococci_o__Methanococcales_f__Methanococcaceae_g__Methanococcus,Archaea,Euryarchaeota,Methanococci,Methanococcales,Methanococcaceae,Methanococcus
GCA_000214415_d__Archaea_superphylum__Euryarchaeota_p__Euryarchaeota_c__Methanococci_o__Methanococcales_f__Methanocaldococcaceae_g__Methanotorris,Archaea,Euryarchaeota,Methanococci,Methanococcales,Methanocaldococcaceae,Methanotorris
GCA_000023985_d__Archaea_superphylum__Euryarchaeota_p__Euryarchaeota_c__Methanococci_o__Methanococcales_f__Methanocaldococcaceae_g__Methanocaldococcus,Archaea,Euryarchaeota,Methanococci,Methanococcales,Methanocaldococcaceae,Methanocaldococcus
GCA_000092305_d__Archaea_superphylum__Euryarchaeota_p__Euryarchaeota_c__Methanococci_o__Methanococcales_f__Methanocaldococcaceae_g__Methanocaldococcus,Archaea,Euryarchaeota,Methanococci,Methanococcales,Methanocaldococcaceae,Methanocaldococcus
GCA_001515185_d__Archaea_superphylum__Euryarchaeota_p__Euryarchaeota_c__Hadesarchaea_o__none_f__none_g__none,Archaea,Euryarchaeota,Hadesarchaea,,,
GCA_001515205_d__Archaea_superphylum__Euryarchaeota_p__Euryarchaeota_c__Hadesarchaea_o__none_f__none_g__none,Archaea,Euryarchaeota,Hadesarchaea,,,
GCA_004347835_d__Archaea_superphylum__Euryarchaeota_p__Euryarchaeota_c__Hadesarchaea_o__none_f__none_g__none,Archaea,Euryarchaeota,Hadesarchaea,,,
GCA_001549215_d__Archaea_superphylum__Euryarchaeota_p__Euryarchaeota_c__Persephonarchaea_o__none_f__none_g__none,Archaea,Euryarchaeota,Persephonarchaea,,,
GCA_001549225_d__Archaea_superphylum__Euryarchaeota_p__Euryarchaeota_c__Persephonarchaea_o__none_f__none_g__none,Archaea,Euryarchaeota,Persephonarchaea,,,
GCA_000007305_d__Archaea_superphylum__Euryarchaeota_p__Euryarchaeota_c__Thermococci_o__Thermococcales_f__Thermococcaceae_g__Pyrococcus,Archaea,Euryarchaeota,Thermococci,Thermococcales,Thermococcaceae,Pyrococcus
GCA_000011105_d__Archaea_superphylum__Euryarchaeota_p__Euryarchaeota_c__Thermococci_o__Thermococcales_f__Thermococcaceae_g__Pyrococcus,Archaea,Euryarchaeota,Thermococci,Thermococcales,Thermococcaceae,Pyrococcus
GCA_000151105_d__Archaea_superphylum__Euryarchaeota_p__Euryarchaeota_c__Thermococci_o__Thermococcales_f__Thermococcaceae_g__Thermococcus,Archaea,Euryarchaeota,Thermococci,Thermococcales,Thermococcaceae,Thermococcus
GCA_000246985_d__Archaea_superphylum__Euryarchaeota_p__Euryarchaeota_c__Thermococci_o__Thermococcales_f__Thermococcaceae_g__Thermococcus,Archaea,Euryarchaeota,Thermococci,Thermococcales,Thermococcaceae,Thermococcus
GCA_000725425_d__Archaea_superphylum__Euryarchaeota_p__Euryarchaeota_c__Thermococci_o__Thermococcales_f__Thermococcaceae_g__Palaeococcus,Archaea,Euryarchaeota,Thermococci,Thermococcales,Thermococcaceae,Palaeococcus
GCA_002214545_d__Archaea_superphylum__Euryarchaeota_p__Euryarchaeota_c__Thermococci_o__Thermococcales_f__Thermococcaceae_g__Thermococcus,Archaea,Euryarchaeota,Thermococci,Thermococcales,Thermococcaceae,Thermococcus
GCA_001587575_d__Archaea_superphylum__Euryarchaeota_p__Euryarchaeota_c__Thermococci_o__Methanofastidiosa_f__none_g__none,Archaea,Euryarchaeota,Thermococci,Methanofastidiosa,,
GCA_001595815_d__Archaea_superphylum__Euryarchaeota_p__Euryarchaeota_c__Theionarchaea_o__none_f__none_g__none,Archaea,Euryarchaeota,Theionarchaea,,,
GCA_002011125_d__Archaea_superphylum__Euryarchaeota_p__Euryarchaeota_c__Hydrothermarchaeota_o__none_f__none_g__none,Archaea,Euryarchaeota,Hydrothermarchaeota,,,
GCA_003230355_d__Archaea_superphylum__Euryarchaeota_p__Hydrothermarchaeota_c__none_o__none_f__none_g__none,Archaea,Hydrothermarchaeota,,,,
GCA_001940645_d__Archaea_superphylum__Asgard_p__Heimdallarchaeota_c__none_o__none_f__none_g__none,Archaea,Heimdallarchaeota,,,,
GCA_003144275_d__Archaea_superphylum__Asgard_p__Heimdallarchaeota_c__none_o__none_f__none_g__none,Archaea,Heimdallarchaeota,,,,
GCA_001940725_d__Archaea_superphylum__Asgard_p__Heimdallarchaeota_c__none_o__none_f__none_g__none,Archaea,Heimdallarchaeota,,,,
GCA_002728275_d__Archaea_superphylum__Asgard_p__Heimdallarchaeota_c__none_o__none_f__none_g__none,Archaea,Heimdallarchaeota,,,,
GCA_001940755_d__Archaea_superphylum__Asgard_p__Heimdallarchaeota_c__none_o__none_f__none_g__none,Archaea,Heimdallarchaeota,,,,
GCA_003662885_d__Archaea_superphylum__Asgard_p__Heimdallarchaeota_c__none_o__none_f__none_g__none,Archaea,Heimdallarchaeota,,,,
GCA_001940655_d__Archaea_superphylum__Asgard_p__Lokiarchaeota_c__none_o__none_f__none_g__none,Archaea,Lokiarchaeota,,,,
GCA_004524545_d__Archaea_superphylum__Asgard_p__Lokiarchaeota_c__none_o__none_f__none_g__none,Archaea,Lokiarchaeota,,,,
GCA_004376705_d__Archaea_superphylum__Asgard_p__Lokiarchaeota_c__none_o__none_f__none_g__none,Archaea,Lokiarchaeota,,,,
GCA_004524725_d__Archaea_superphylum__Asgard_p__Lokiarchaeota_c__none_o__none_f__none_g__none,Archaea,Lokiarchaeota,,,,
GCA_004524425_d__Archaea_superphylum__Asgard_p__Lokiarchaeota_c__none_o__none_f__none_g__none,Archaea,Lokiarchaeota,,,,
GCA_001940705_d__Archaea_superphylum__Asgard_p__Thorarchaeota_c__none_o__none_f__none_g__none,Archaea,Thorarchaeota,,,,
GCA_002825515_d__Archaea_superphylum__Asgard_p__Thorarchaeota_c__none_o__none_f__none_g__none,Archaea,Thorarchaeota,,,,
GCA_002825535_d__Archaea_superphylum__Asgard_p__Thorarchaeota_c__none_o__none_f__none_g__none,Archaea,Thorarchaeota,,,,
GCA_004524565_d__Archaea_superphylum__Asgard_p__Thorarchaeota_c__none_o__none_f__none_g__none,Archaea,Thorarchaeota,,,,
GCA_004524595_d__Archaea_superphylum__Asgard_p__Thorarchaeota_c__none_o__none_f__none_g__none,Archaea,Thorarchaeota,,,,
GCA_004524435_d__Archaea_superphylum__Asgard_p__Thorarchaeota_c__none_o__none_f__none_g__none,Archaea,Thorarchaeota,,,,
GCA_001940665_d__Archaea_superphylum__Asgard_p__Odinarchaeota_c__none_o__none_f__none_g__none,Archaea,Odinarchaeota,,,,
GCA_005191415_d__Archaea_superphylum__Asgard_p__Helarchaeota_c__none_o__none_f__none_g__none,Archaea,Helarchaeota,,,,
GCA_005191425_d__Archaea_superphylum__Asgard_p__Helarchaeota_c__none_o__none_f__none_g__none,Archaea,Helarchaeota,,,,
GCA_000011125_d__Archaea_superphylum__TACK_p__Crenarchaeota_c__Thermoprotei_o__Desulfurococcales_f__Desulfurococcaceae_g__Aeropyrum,Archaea,Crenarchaeota,Thermoprotei,Desulfurococcales,Desulfurococcaceae,Aeropyrum
GCA_000317795_d__Archaea_superphylum__TACK_p__Crenarchaeota_c__Thermoprotei_o__Desulfurococcales_f__Caldisphaeraceae_g__Caldisphaera,Archaea,Crenarchaeota,Thermoprotei,Desulfurococcales,Caldisphaeraceae,Caldisphaera
GCA_003431325_d__Archaea_superphylum__TACK_p__Crenarchaeota_c__Thermoprotei_o__Desulfurococcales_f__Acidilobaceae_g__Acidilobus,Archaea,Crenarchaeota,Thermoprotei,Desulfurococcales,Acidilobaceae,Acidilobus
GCA_000258425_d__Archaea_superphylum__TACK_p__Crenarchaeota_c__Thermoprotei_o__Desulfurococcales_f__Fervidicoccaceae_g__Fervidicoccus,Archaea,Crenarchaeota,Thermoprotei,Desulfurococcales,Fervidicoccaceae,Fervidicoccus
GCA_000015145_d__Archaea_superphylum__TACK_p__Crenarchaeota_c__Thermoprotei_o__Desulfurococcales_f__Pyrodictiaceae_g__Hyperthermus,Archaea,Crenarchaeota,Thermoprotei,Desulfurococcales,Pyrodictiaceae,Hyperthermus
GCA_001462395_d__Archaea_superphylum__TACK_p__Crenarchaeota_c__Thermoprotei_o__Desulfurococcales_f__Pyrodictiaceae_g__Pyrodictium,Archaea,Crenarchaeota,Thermoprotei,Desulfurococcales,Pyrodictiaceae,Pyrodictium
GCA_000223395_d__Archaea_superphylum__TACK_p__Crenarchaeota_c__Thermoprotei_o__Desulfurococcales_f__Pyrodictiaceae_g__Pyrolobus,Archaea,Crenarchaeota,Thermoprotei,Desulfurococcales,Pyrodictiaceae,Pyrolobus
GCA_000015945_d__Archaea_superphylum__TACK_p__Crenarchaeota_c__Thermoprotei_o__Desulfurococcales_f__Desulfurococcaceae_g__Staphylothermus,Archaea,Crenarchaeota,Thermoprotei,Desulfurococcales,Desulfurococcaceae,Staphylothermus
GCA_000020905_d__Archaea_superphylum__TACK_p__Crenarchaeota_c__Thermoprotei_o__Desulfurococcales_f__Desulfurococcaceae_g__Desulfurococcus,Archaea,Crenarchaeota,Thermoprotei,Desulfurococcales,Desulfurococcaceae,Desulfurococcus
GCA_000092185_d__Archaea_superphylum__TACK_p__Crenarchaeota_c__Thermoprotei_o__Desulfurococcales_f__Desulfurococcaceae_g__Thermosphaera,Archaea,Crenarchaeota,Thermoprotei,Desulfurococcales,Desulfurococcaceae,Thermosphaera
GCA_000264495_d__Archaea_superphylum__TACK_p__Crenarchaeota_c__Thermoprotei_o__Desulfurococcales_f__Desulfurococcaceae_g__Thermogladius,Archaea,Crenarchaeota,Thermoprotei,Desulfurococcales,Desulfurococcaceae,Thermogladius
GCA_000017945_d__Archaea_superphylum__TACK_p__Crenarchaeota_c__Thermoprotei_o__Desulfurococcales_f__Desulfurococcaceae_g__Ignicoccus,Archaea,Crenarchaeota,Thermoprotei,Desulfurococcales,Desulfurococcaceae,Ignicoccus
GCA_001481685_d__Archaea_superphylum__TACK_p__Crenarchaeota_c__Thermoprotei_o__Desulfurococcales_f__Desulfurococcaceae_g__Ignicoccus,Archaea,Crenarchaeota,Thermoprotei,Desulfurococcales,Desulfurococcaceae,Ignicoccus
GCA_000012285_d__Archaea_superphylum__TACK_p__Crenarchaeota_c__Thermoprotei_o__Sulfolobales_f__Sulfolobaceae_g__Sulfolobus,Archaea,Crenarchaeota,Thermoprotei,Sulfolobales,Sulfolobaceae,Sulfolobus
GCA_000389735_d__Archaea_superphylum__TACK_p__Crenarchaeota_c__Thermoprotei_o__Sulfolobales_f__none_g__none,Archaea,Crenarchaeota,Thermoprotei,Sulfolobales,,
GCA_000016605_d__Archaea_superphylum__TACK_p__Crenarchaeota_c__Thermoprotei_o__Sulfolobales_f__Sulfolobaceae_g__Metallosphaera,Archaea,Crenarchaeota,Thermoprotei,Sulfolobales,Sulfolobaceae,Metallosphaera
GCA_000213215_d__Archaea_superphylum__TACK_p__Crenarchaeota_c__Thermoprotei_o__Sulfolobales_f__Sulfolobaceae_g__Acidianus,Archaea,Crenarchaeota,Thermoprotei,Sulfolobales,Sulfolobaceae,Acidianus
GCA_003201765_d__Archaea_superphylum__TACK_p__Crenarchaeota_c__Thermoprotei_o__Sulfolobales_f__Sulfolobaceae_g__Acidianus,Archaea,Crenarchaeota,Thermoprotei,Sulfolobales,Sulfolobaceae,Acidianus
GCA_003086455_d__Archaea_superphylum__TACK_p__Crenarchaeota_c__Thermoprotei_o__Sulfolobales_f__Sulfolobaceae_g__Sulfolobus,Archaea,Crenarchaeota,Thermoprotei,Sulfolobales,Sulfolobaceae,Sulfolobus
GCA_003852135_d__Archaea_superphylum__TACK_p__Crenarchaeota_c__Thermoprotei_o__Sulfolobales_f__Sulfolobaceae_g__Saccharolobus,Archaea,Crenarchaeota,Thermoprotei,Sulfolobales,Sulfolobaceae,Saccharolobus
GCA_003056265_d__Archaea_superphylum__TACK_p__Crenarchaeota_c__Thermoprotei_o__Sulfolobales_f__Sulfolobaceae_g__Zestosphaera,Archaea,Crenarchaeota,Thermoprotei,Sulfolobales,Sulfolobaceae,Zestosphaera
GCA_000015225_d__Archaea_superphylum__TACK_p__Crenarchaeota_c__Thermoprotei_o__Thermoproteales_f__Thermofilaceae_g__Thermofilum,Archaea,Crenarchaeota,Thermoprotei,Thermoproteales,Thermofilaceae,Thermofilum
GCA_003649375_d__Archaea_superphylum__TACK_p__Crenarchaeota_c__Thermoprotei_o__none_f__none_g__none,Archaea,Crenarchaeota,Thermoprotei,,,
GCA_003650785_d__Archaea_superphylum__TACK_p__Crenarchaeota_c__Thermoprotei_o__none_f__none_g__none,Archaea,Crenarchaeota,Thermoprotei,,,
GCA_000015805_d__Archaea_superphylum__TACK_p__Crenarchaeota_c__Thermoprotei_o__Thermoproteales_f__Thermoproteaceae_g__Pyrobaculum,Archaea,Crenarchaeota,Thermoprotei,Thermoproteales,Thermoproteaceae,Pyrobaculum
GCA_000234805_d__Archaea_superphylum__TACK_p__Crenarchaeota_c__Thermoprotei_o__Thermoproteales_f__Thermoproteaceae_g__Pyrobaculum,Archaea,Crenarchaeota,Thermoprotei,Thermoproteales,Thermoproteaceae,Pyrobaculum
GCA_000193375_d__Archaea_superphylum__TACK_p__Crenarchaeota_c__Thermoprotei_o__Thermoproteales_f__Thermoproteaceae_g__Thermoproteus,Archaea,Crenarchaeota,Thermoprotei,Thermoproteales,Thermoproteaceae,Thermoproteus
GCA_000018305_d__Archaea_superphylum__TACK_p__Crenarchaeota_c__Thermoprotei_o__Thermoproteales_f__Thermoproteaceae_g__Caldivirga,Archaea,Crenarchaeota,Thermoprotei,Thermoproteales,Thermoproteaceae,Caldivirga
GCA_001315925_d__Archaea_superphylum__TACK_p__Crenarchaeota_c__Thermoprotei_o__Thermoproteales_f__Thermoproteaceae_g__Thermocladium,Archaea,Crenarchaeota,Thermoprotei,Thermoproteales,Thermoproteaceae,Thermocladium
GCA_000148385_d__Archaea_superphylum__TACK_p__Crenarchaeota_c__Thermoprotei_o__Thermoproteales_f__Thermoproteaceae_g__Vulcanisaeta,Archaea,Crenarchaeota,Thermoprotei,Thermoproteales,Thermoproteaceae,Vulcanisaeta
GCA_001748385_d__Archaea_superphylum__TACK_p__Crenarchaeota_c__Thermoprotei_o__Thermoproteales_f__Thermoproteaceae_g__Vulcanisaeta,Archaea,Crenarchaeota,Thermoprotei,Thermoproteales,Thermoproteaceae,Vulcanisaeta
GCA_000398765_d__Archaea_superphylum__TACK_p__Crenarchaeota_c__Thermoprotei_o__Geoarchaeales_f__Geoarchaeaceae_g__none,Archaea,Crenarchaeota,Thermoprotei,Geoarchaeales,Geoarchaeaceae,
GCA_000402095_d__Archaea_superphylum__TACK_p__Crenarchaeota_c__Thermoprotei_o__Geoarchaeales_f__none_g__none,Archaea,Crenarchaeota,Thermoprotei,Geoarchaeales,,
GCA_002507085_d__Archaea_superphylum__TACK_p__Marsarchaeota_c__none_o__none_f__none_g__none,Archaea,Marsarchaeota,,,,
GCA_003019445_d__Archaea_superphylum__TACK_p__Marsarchaeota_c__none_o__none_f__none_g__none,Archaea,Marsarchaeota,,,,
GCA_003019535_d__Archaea_superphylum__TACK_p__Marsarchaeota_c__none_o__none_f__none_g__none,Archaea,Marsarchaeota,,,,
GCA_001717005_d__Archaea_superphylum__TACK_p__Verstraetearchaeota_c__Methanomethylia_o__Methanomethyliales_f__Methanomethyliaceae_g__Candidatus_Methanomethylicus,Archaea,Verstraetearchaeota,Methanomethylia,Methanomethyliales,Methanomethyliaceae,Candidatus Methanomethylicus
GCA_001717025_d__Archaea_superphylum__TACK_p__Verstraetearchaeota_c__Methanomethylia_o__Methanomethyliales_f__Methanomethyliaceae_g__Candidatus_Methanomethylicus,Archaea,Verstraetearchaeota,Methanomethylia,Methanomethyliales,Methanomethyliaceae,Candidatus Methanomethylicus
GCA_001717015_d__Archaea_superphylum__TACK_p__Verstraetearchaeota_c__Methanomethylia_o__Methanomethyliales_f__Methanomethyliaceae_g__Candidatus_Methanosuratus,Archaea,Verstraetearchaeota,Methanomethylia,Methanomethyliales,Methanomethyliaceae,Candidatus Methanosuratus
GCA_004028775_d__Archaea_superphylum__TACK_p__Verstraetearchaeota_c__Methanomethylia_o__Methanomethyliales_f__Methanomethyliaceae_g__Candidatus_Methanosuratus,Archaea,Verstraetearchaeota,Methanomethylia,Methanomethyliales,Methanomethyliaceae,Candidatus Methanosuratus
GCA_004348015_d__Archaea_superphylum__TACK_p__Verstraetearchaeota_c__none_o__none_f__none_g__none,Archaea,Verstraetearchaeota,,,,
GCA_003649185_d__Archaea_superphylum__TACK_p__Verstraetearchaeota_c__none_o__none_f__none_g__none,Archaea,Verstraetearchaeota,,,,
GCA_003649605_d__Archaea_superphylum__TACK_p__Nezhaarchaeota_c__Thermoprotei_o__none_f__none_g__none,Archaea,Nezhaarchaeota,Thermoprotei,,,
GCA_003650865_d__Archaea_superphylum__TACK_p__Nezhaarchaeota_c__Thermoprotei_o__none_f__none_g__none,Archaea,Nezhaarchaeota,Thermoprotei,,,
GCA_004347915_d__Archaea_superphylum__TACK_p__Nezhaarchaeota_c__none_o__none_f__none_g__none,Archaea,Nezhaarchaeota,,,,
GCA_000019605_d__Archaea_superphylum__TACK_p__Korarchaeota_c__none_o__none_f__none_g__Candidatus_Korarchaeum,Archaea,Korarchaeota,,,,Candidatus Korarchaeum
GCA_003344655_d__Archaea_superphylum__TACK_p__Korarchaeota_c__none_o__none_f__none_g__none,Archaea,Korarchaeota,,,,
GCA_003947435_d__Archaea_superphylum__TACK_p__Korarchaeota_c__none_o__none_f__none_g__Candidatus_Methanodesulfokores,Archaea,Korarchaeota,,,,Candidatus Methanodesulfokores
GCA_003661365_d__Archaea_superphylum__TACK_p__Korarchaeota_c__none_o__none_f__none_g__none,Archaea,Korarchaeota,,,,
GCA_003661285_d__Archaea_superphylum__TACK_p__Korarchaeota_c__none_o__none_f__none_g__none,Archaea,Korarchaeota,,,,
GCA_003661385_d__Archaea_superphylum__TACK_p__Korarchaeota_c__none_o__none_f__none_g__none,Archaea,Korarchaeota,,,,
GCA_001399795_d__Archaea_superphylum__TACK_p__Bathyarchaeota_c__none_o__none_f__none_g__none,Archaea,Bathyarchaeota,,,,
GCA_003662715_d__Archaea_superphylum__TACK_p__Bathyarchaeota_c__none_o__none_f__none_g__none,Archaea,Bathyarchaeota,,,,
GCA_003601605_d__Archaea_superphylum__TACK_p__Bathyarchaeota_c__none_o__none_f__none_g__none,Archaea,Bathyarchaeota,,,,
GCA_007049995_d__Archaea_superphylum__TACK_p__Bathyarchaeota_c__none_o__none_f__none_g__none,Archaea,Bathyarchaeota,,,,
GCA_002490245_d__Archaea_superphylum__TACK_p__Bathyarchaeota_c__none_o__none_f__none_g__none,Archaea,Bathyarchaeota,,,,
GCA_001775995_d__Archaea_superphylum__TACK_p__Bathyarchaeota_c__none_o__none_f__none_g__none,Archaea,Bathyarchaeota,,,,
GCA_003604315_d__Archaea_superphylum__TACK_p__Bathyarchaeota_c__none_o__none_f__none_g__none,Archaea,Bathyarchaeota,,,,
GCA_005888705_d__Archaea_superphylum__TACK_p__Bathyarchaeota_c__none_o__none_f__none_g__none,Archaea,Bathyarchaeota,,,,
GCA_005888735_d__Archaea_superphylum__TACK_p__Bathyarchaeota_c__none_o__none_f__none_g__none,Archaea,Bathyarchaeota,,,,
GCA_001775965_d__Archaea_superphylum__TACK_p__Bathyarchaeota_c__none_o__none_f__none_g__none,Archaea,Bathyarchaeota,,,,
GCA_003662455_d__Archaea_superphylum__TACK_p__Bathyarchaeota_c__none_o__none_f__none_g__none,Archaea,Bathyarchaeota,,,,
GCA_000270325_d__Archaea_superphylum__TACK_p__Aigarchaeota_c__none_o__none_f__none_g__Candidatus_Caldiarchaeum,Archaea,Aigarchaeota,,,,Candidatus Caldiarchaeum
GCA_000405685_d__Archaea_superphylum__TACK_p__Aigarchaeota_c__none_o__none_f__none_g__none,Archaea,Aigarchaeota,,,,
GCA_003660725_d__Archaea_superphylum__TACK_p__Aigarchaeota_c__none_o__none_f__none_g__none,Archaea,Aigarchaeota,,,,
GCA_003056285_d__Archaea_superphylum__TACK_p__Aigarchaeota_c__none_o__none_f__none_g__none,Archaea,Aigarchaeota,,,,
GCA_000405905_d__Archaea_superphylum__TACK_p__Aigarchaeota_c__none_o__none_f__none_g__none,Archaea,Aigarchaeota,,,,
GCA_000018465_d__Archaea_superphylum__TACK_p__Thaumarchaeota_c__none_o__Nitrosopumilales_f__Nitrosopumilaceae_g__Nitrosopumilus,Archaea,Thaumarchaeota,,Nitrosopumilales,Nitrosopumilaceae,Nitrosopumilus
GCA_003702465_d__Archaea_superphylum__TACK_p__Thaumarchaeota_c__none_o__Nitrosopumilales_f__Nitrosopumilaceae_g__Candidatus_Nitrosomarinus,Archaea,Thaumarchaeota,,Nitrosopumilales,Nitrosopumilaceae,Candidatus Nitrosomarinus
GCA_000220175_d__Archaea_superphylum__TACK_p__Thaumarchaeota_c__none_o__Nitrosopumilales_f__Nitrosopumilaceae_g__Nitrosarchaeum,Archaea,Thaumarchaeota,,Nitrosopumilales,Nitrosopumilaceae,Nitrosarchaeum
GCA_900620265_d__Archaea_superphylum__TACK_p__Thaumarchaeota_c__none_o__Nitrosopumilales_f__Nitrosopumilaceae_g__none,Archaea,Thaumarchaeota,,Nitrosopumilales,Nitrosopumilaceae,
GCA_000200715_d__Archaea_superphylum__TACK_p__Thaumarchaeota_c__none_o__Cenarchaeales_f__Cenarchaeaceae_g__Cenarchaeum,Archaea,Thaumarchaeota,,Cenarchaeales,Cenarchaeaceae,Cenarchaeum
GCA_000812185_d__Archaea_superphylum__TACK_p__Thaumarchaeota_c__none_o__none_f__none_g__Candidatus_Nitrosopelagicus,Archaea,Thaumarchaeota,,,,Candidatus Nitrosopelagicus
GCA_002787055_d__Archaea_superphylum__TACK_p__Thaumarchaeota_c__none_o__none_f__none_g__Candidatus_Nitrosotenuis,Archaea,Thaumarchaeota,,,,Candidatus Nitrosotenuis
GCA_900065925_d__Archaea_superphylum__TACK_p__Thaumarchaeota_c__none_o__none_f__none_g__Candidatus_Nitrosotalea,Archaea,Thaumarchaeota,,,,Candidatus Nitrosotalea
GCA_000303155_d__Archaea_superphylum__TACK_p__Thaumarchaeota_c__Nitrososphaeria_o__Nitrososphaerales_f__Nitrososphaeraceae_g__Nitrososphaera,Archaea,Thaumarchaeota,Nitrososphaeria,Nitrososphaerales,Nitrososphaeraceae,Nitrososphaera
GCA_000698785_d__Archaea_superphylum__TACK_p__Thaumarchaeota_c__Nitrososphaeria_o__Nitrososphaerales_f__Nitrososphaeraceae_g__Nitrososphaera,Archaea,Thaumarchaeota,Nitrososphaeria,Nitrososphaerales,Nitrososphaeraceae,Nitrososphaera
GCA_000802205_d__Archaea_superphylum__TACK_p__Thaumarchaeota_c__Nitrososphaeria_o__Nitrososphaerales_f__Nitrososphaeraceae_g__Candidatus_Nitrosocosmicus,Archaea,Thaumarchaeota,Nitrososphaeria,Nitrososphaerales,Nitrososphaeraceae,Candidatus Nitrosocosmicus
GCA_900248165_d__Archaea_superphylum__TACK_p__Thaumarchaeota_c__Nitrososphaeria_o__Nitrosocaldales_f__Nitrosocaldaceae_g__Candidatus_Nitrosocaldus,Archaea,Thaumarchaeota,Nitrososphaeria,Nitrosocaldales,Nitrosocaldaceae,Candidatus Nitrosocaldus
GCA_001830115_d__Archaea_superphylum__TACK_p__Thaumarchaeota_c__none_o__none_f__none_g__none,Archaea,Thaumarchaeota,,,,
B21_G17_d__Archaea_superphylum__TACK_p__Geothermarchaeota_c__none_o__none_f__none_g__Candidatus_Geothermarchaeota,Archaea,Geothermarchaeota,,,,Candidatus Geothermarchaeota
GCA_002011075_d__Archaea_superphylum__TACK_p__Geothermarchaeota_c__none_o__none_f__none_g__none,Archaea,Geothermarchaeota,,,,
GCA_000005845_d__Bacteria_superphylum__none_p__Proteobacteria_c__Gammaproteobacteria_o__Enterobacterales_f__Enterobacteriaceae_g__Escherichia,Bacteria,Proteobacteria,Gammaproteobacteria,Enterobacterales,Enterobacteriaceae,Escherichia
GCA_000091565_d__Bacteria_superphylum__none_p__Proteobacteria_c__Gammaproteobacteria_o__Enterobacterales_f__Erwiniaceae_g__Erwinia,Bacteria,Proteobacteria,Gammaproteobacteria,Enterobacterales,Erwiniaceae,Erwinia
GCA_000286435_d__Bacteria_superphylum__none_p__Proteobacteria_c__Gammaproteobacteria_o__Enterobacterales_f__Morganellaceae_g__Morganella,Bacteria,Proteobacteria,Gammaproteobacteria,Enterobacterales,Morganellaceae,Morganella
GCA_000021885_d__Bacteria_superphylum__none_p__Proteobacteria_c__Gammaproteobacteria_o__Pasteurellales_f__Pasteurellaceae_g__Glaesserella,Bacteria,Proteobacteria,Gammaproteobacteria,Pasteurellales,Pasteurellaceae,Glaesserella
GCA_000011805_d__Bacteria_superphylum__none_p__Proteobacteria_c__Gammaproteobacteria_o__Vibrionales_f__Vibrionaceae_g__Aliivibrio,Bacteria,Proteobacteria,Gammaproteobacteria,Vibrionales,Vibrionaceae,Aliivibrio
GCA_000172635_d__Bacteria_superphylum__none_p__Proteobacteria_c__Gammaproteobacteria_o__Alteromonadales_f__Alteromonadaceae_g__Alteromonas,Bacteria,Proteobacteria,Gammaproteobacteria,Alteromonadales,Alteromonadaceae,Alteromonas
GCA_000425345_d__Bacteria_superphylum__none_p__Proteobacteria_c__Gammaproteobacteria_o__Chromatiales_f__Chromatiaceae_g__Rheinheimera,Bacteria,Proteobacteria,Gammaproteobacteria,Chromatiales,Chromatiaceae,Rheinheimera
GCA_900167015_d__Bacteria_superphylum__none_p__Proteobacteria_c__Gammaproteobacteria_o__Aeromonadales_f__Succinivibrionaceae_g__Succinivibrio,Bacteria,Proteobacteria,Gammaproteobacteria,Aeromonadales,Succinivibrionaceae,Succinivibrio
GCA_000009365_d__Bacteria_superphylum__none_p__Proteobacteria_c__Gammaproteobacteria_o__Oceanospirillales_f__Alcanivoracaceae_g__Alcanivorax,Bacteria,Proteobacteria,Gammaproteobacteria,Oceanospirillales,Alcanivoracaceae,Alcanivorax
GCA_000170835_d__Bacteria_superphylum__none_p__Proteobacteria_c__Gammaproteobacteria_o__Alteromonadales_f__Alteromonadaceae_g__Marinobacter,Bacteria,Proteobacteria,Gammaproteobacteria,Alteromonadales,Alteromonadaceae,Marinobacter
GCA_001267175_d__Bacteria_superphylum__none_p__Proteobacteria_c__Gammaproteobacteria_o__Pseudomonadales_f__Pseudomonadaceae_g__Oblitimonas,Bacteria,Proteobacteria,Gammaproteobacteria,Pseudomonadales,Pseudomonadaceae,Oblitimonas
GCA_001292705_d__Bacteria_superphylum__none_p__Proteobacteria_c__Gammaproteobacteria_o__Cellvibrionales_f__Cellvibrionaceae_g__Marinagarivorans,Bacteria,Proteobacteria,Gammaproteobacteria,Cellvibrionales,Cellvibrionaceae,Marinagarivorans
GCA_001528745_d__Bacteria_superphylum__none_p__Proteobacteria_c__Gammaproteobacteria_o__Oceanospirillales_f__Oceanospirillaceae_g__Marinobacterium,Bacteria,Proteobacteria,Gammaproteobacteria,Oceanospirillales,Oceanospirillaceae,Marinobacterium
GCA_000025485_d__Bacteria_superphylum__none_p__Proteobacteria_c__Gammaproteobacteria_o__Chromatiales_f__Chromatiaceae_g__Allochromatium,Bacteria,Proteobacteria,Gammaproteobacteria,Chromatiales,Chromatiaceae,Allochromatium
GCA_000321415_d__Bacteria_superphylum__none_p__Proteobacteria_c__Gammaproteobacteria_o__Chromatiales_f__Ectothiorhodospiraceae_g__Thioalkalivibrio,Bacteria,Proteobacteria,Gammaproteobacteria,Chromatiales,Ectothiorhodospiraceae,Thioalkalivibrio
GCA_001467045_d__Bacteria_superphylum__none_p__Proteobacteria_c__Gammaproteobacteria_o__Legionellales_f__Legionellaceae_g__Fluoribacter,Bacteria,Proteobacteria,Gammaproteobacteria,Legionellales,Legionellaceae,Fluoribacter
GCA_000429065_d__Bacteria_superphylum__none_p__Proteobacteria_c__Gammaproteobacteria_o__Xanthomonadales_f__Xanthomonadaceae_g__Silanimonas,Bacteria,Proteobacteria,Gammaproteobacteria,Xanthomonadales,Xanthomonadaceae,Silanimonas
GCA_001677435_d__Bacteria_superphylum__none_p__Proteobacteria_c__Gammaproteobacteria_o__Chromatiales_f__Woeseiaceae_g__Woeseia,Bacteria,Proteobacteria,Gammaproteobacteria,Chromatiales,Woeseiaceae,Woeseia
GCA_900141795_d__Bacteria_superphylum__none_p__Proteobacteria_c__Gammaproteobacteria_o__Thiotrichales_f__Piscirickettsiaceae_g__Sulfurivirga,Bacteria,Proteobacteria,Gammaproteobacteria,Thiotrichales,Piscirickettsiaceae,Sulfurivirga
GCA_000236665_d__Bacteria_superphylum__none_p__Proteobacteria_c__Betaproteobacteria_o__Rhodocyclales_f__Rhodocyclaceae_g__Azospira,Bacteria,Proteobacteria,Betaproteobacteria,Rhodocyclales,Rhodocyclaceae,Azospira
GCA_001293525_d__Bacteria_superphylum__none_p__Proteobacteria_c__Betaproteobacteria_o__Burkholderiales_f__none_g__Ideonella,Bacteria,Proteobacteria,Betaproteobacteria,Burkholderiales,,Ideonella
GCA_003100395_d__Bacteria_superphylum__none_p__Proteobacteria_c__Betaproteobacteria_o__Burkholderiales_f__none_g__Aquabacterium,Bacteria,Proteobacteria,Betaproteobacteria,Burkholderiales,,Aquabacterium
GCA_001418295_d__Bacteria_superphylum__none_p__Proteobacteria_c__Betaproteobacteria_o__Burkholderiales_f__Comamonadaceae_g__Comamonas,Bacteria,Proteobacteria,Betaproteobacteria,Burkholderiales,Comamonadaceae,Comamonas
GCA_001931675_d__Bacteria_superphylum__none_p__Proteobacteria_c__Betaproteobacteria_o__Burkholderiales_f__Burkholderiaceae_g__Pandoraea,Bacteria,Proteobacteria,Betaproteobacteria,Burkholderiales,Burkholderiaceae,Pandoraea
GCA_000430805_d__Bacteria_superphylum__none_p__Proteobacteria_c__Betaproteobacteria_o__Neisseriales_f__Chromobacteriaceae_g__Chitinilyticum,Bacteria,Proteobacteria,Betaproteobacteria,Neisseriales,Chromobacteriaceae,Chitinilyticum
GCA_001515305_d__Bacteria_superphylum__none_p__Proteobacteria_c__Betaproteobacteria_o__Neisseriales_f__Chromobacteriaceae_g__Aquitalea,Bacteria,Proteobacteria,Betaproteobacteria,Neisseriales,Chromobacteriaceae,Aquitalea
GCA_002951835_d__Bacteria_superphylum__none_p__Proteobacteria_c__Betaproteobacteria_o__Neisseriales_f__Neisseriaceae_g__Simonsiella,Bacteria,Proteobacteria,Betaproteobacteria,Neisseriales,Neisseriaceae,Simonsiella
GCA_000153765_d__Bacteria_superphylum__none_p__Proteobacteria_c__Zetaproteobacteria_o__Mariprofundales_f__Mariprofundaceae_g__Mariprofundus,Bacteria,Proteobacteria,Zetaproteobacteria,Mariprofundales,Mariprofundaceae,Mariprofundus
GCA_000012345_d__Bacteria_superphylum__none_p__Proteobacteria_c__Alphaproteobacteria_o__Pelagibacterales_f__Pelagibacteraceae_g__Candidatus_Pelagibacter,Bacteria,Proteobacteria,Alphaproteobacteria,Pelagibacterales,Pelagibacteraceae,Candidatus Pelagibacter
GCA_002938155_d__Bacteria_superphylum__none_p__Proteobacteria_c__Alphaproteobacteria_o__none_f__none_g__none,Bacteria,Proteobacteria,Alphaproteobacteria,,,
GCA_002937855_d__Bacteria_superphylum__none_p__Proteobacteria_c__Alphaproteobacteria_o__none_f__none_g__none,Bacteria,Proteobacteria,Alphaproteobacteria,,,
GCA_002937915_d__Bacteria_superphylum__none_p__Proteobacteria_c__Alphaproteobacteria_o__none_f__none_g__none,Bacteria,Proteobacteria,Alphaproteobacteria,,,
GCA_002938255_d__Bacteria_superphylum__none_p__Proteobacteria_c__Alphaproteobacteria_o__none_f__none_g__none,Bacteria,Proteobacteria,Alphaproteobacteria,,,
GCA_000283595_d__Bacteria_superphylum__none_p__Proteobacteria_c__Alphaproteobacteria_o__Rickettsiales_f__Rickettsiaceae_g__Rickettsia,Bacteria,Proteobacteria,Alphaproteobacteria,Rickettsiales,Rickettsiaceae,Rickettsia
GCA_000632985_d__Bacteria_superphylum__none_p__Proteobacteria_c__Alphaproteobacteria_o__Rickettsiales_f__Anaplasmataceae_g__Neorickettsia,Bacteria,Proteobacteria,Alphaproteobacteria,Rickettsiales,Anaplasmataceae,Neorickettsia
GCA_000014045_d__Bacteria_superphylum__none_p__Proteobacteria_c__Alphaproteobacteria_o__Rhodobacterales_f__Rhodobacteraceae_g__Roseobacter,Bacteria,Proteobacteria,Alphaproteobacteria,Rhodobacterales,Rhodobacteraceae,Roseobacter
GCA_001975705_d__Bacteria_superphylum__none_p__Proteobacteria_c__Alphaproteobacteria_o__Rhodobacterales_f__Rhodobacteraceae_g__Pelagibaca,Bacteria,Proteobacteria,Alphaproteobacteria,Rhodobacterales,Rhodobacteraceae,Pelagibaca
GCA_002211205_d__Bacteria_superphylum__none_p__Proteobacteria_c__Alphaproteobacteria_o__Rhodobacterales_f__Rhodobacteraceae_g__Alkalimicrobium,Bacteria,Proteobacteria,Alphaproteobacteria,Rhodobacterales,Rhodobacteraceae,Alkalimicrobium
GCA_000152805_d__Bacteria_superphylum__none_p__Proteobacteria_c__Alphaproteobacteria_o__Rhodobacterales_f__Rhodobacteraceae_g__Maritimibacter,Bacteria,Proteobacteria,Alphaproteobacteria,Rhodobacterales,Rhodobacteraceae,Maritimibacter
GCA_000590925_d__Bacteria_superphylum__none_p__Proteobacteria_c__Alphaproteobacteria_o__Rhodobacterales_f__Rhodobacteraceae_g__Roseibacterium,Bacteria,Proteobacteria,Alphaproteobacteria,Rhodobacterales,Rhodobacteraceae,Roseibacterium
GCA_001870675_d__Bacteria_superphylum__none_p__Proteobacteria_c__Alphaproteobacteria_o__Rhodobacterales_f__Rhodobacteraceae_g__Roseinatronobacter,Bacteria,Proteobacteria,Alphaproteobacteria,Rhodobacterales,Rhodobacteraceae,Roseinatronobacter
GCA_002770575_d__Bacteria_superphylum__none_p__Proteobacteria_c__Alphaproteobacteria_o__Caulobacterales_f__Caulobacteraceae_g__Brevundimonas,Bacteria,Proteobacteria,Alphaproteobacteria,Caulobacterales,Caulobacteraceae,Brevundimonas
GCA_000014825_d__Bacteria_superphylum__none_p__Proteobacteria_c__Alphaproteobacteria_o__Rhizobiales_f__Bradyrhizobiaceae_g__Rhodopseudomonas,Bacteria,Proteobacteria,Alphaproteobacteria,Rhizobiales,Bradyrhizobiaceae,Rhodopseudomonas
GCA_000017645_d__Bacteria_superphylum__none_p__Proteobacteria_c__Alphaproteobacteria_o__Rhizobiales_f__Xanthobacteraceae_g__Xanthobacter,Bacteria,Proteobacteria,Alphaproteobacteria,Rhizobiales,Xanthobacteraceae,Xanthobacter
GCA_000731315_d__Bacteria_superphylum__none_p__Proteobacteria_c__Alphaproteobacteria_o__Rhizobiales_f__Rhizobiaceae_g__Neorhizobium,Bacteria,Proteobacteria,Alphaproteobacteria,Rhizobiales,Rhizobiaceae,Neorhizobium
GCA_002844595_d__Bacteria_superphylum__none_p__Proteobacteria_c__Alphaproteobacteria_o__Rhizobiales_f__Methylocystaceae_g__Pleomorphomonas,Bacteria,Proteobacteria,Alphaproteobacteria,Rhizobiales,Methylocystaceae,Pleomorphomonas
GCA_000143145_d__Bacteria_superphylum__none_p__Proteobacteria_c__Alphaproteobacteria_o__Rhizobiales_f__Hyphomicrobiaceae_g__Hyphomicrobium,Bacteria,Proteobacteria,Alphaproteobacteria,Rhizobiales,Hyphomicrobiaceae,Hyphomicrobium
GCA_000017565_d__Bacteria_superphylum__none_p__Proteobacteria_c__Alphaproteobacteria_o__Rhizobiales_f__Rhodobiaceae_g__Parvibaculum,Bacteria,Proteobacteria,Alphaproteobacteria,Rhizobiales,Rhodobiaceae,Parvibaculum
GCA_000175255_d__Bacteria_superphylum__none_p__Proteobacteria_c__Alphaproteobacteria_o__Sphingomonadales_f__Sphingomonadaceae_g__Zymomonas,Bacteria,Proteobacteria,Alphaproteobacteria,Sphingomonadales,Sphingomonadaceae,Zymomonas
GCA_001008165_d__Bacteria_superphylum__none_p__Proteobacteria_c__Alphaproteobacteria_o__Sphingomonadales_f__Erythrobacteraceae_g__Altererythrobacter,Bacteria,Proteobacteria,Alphaproteobacteria,Sphingomonadales,Erythrobacteraceae,Altererythrobacter
GCA_000024465_d__Bacteria_superphylum__none_p__Proteobacteria_c__Alphaproteobacteria_o__none_f__none_g__Candidatus_Puniceispirillum,Bacteria,Proteobacteria,Alphaproteobacteria,,,Candidatus Puniceispirillum
GCA_000426505_d__Bacteria_superphylum__none_p__Proteobacteria_c__Alphaproteobacteria_o__Rhodospirillales_f__Rhodospirillaceae_g__Nisaea,Bacteria,Proteobacteria,Alphaproteobacteria,Rhodospirillales,Rhodospirillaceae,Nisaea
GCA_000202835_d__Bacteria_superphylum__none_p__Proteobacteria_c__Alphaproteobacteria_o__Rhodospirillales_f__Acetobacteraceae_g__Acidiphilium,Bacteria,Proteobacteria,Alphaproteobacteria,Rhodospirillales,Acetobacteraceae,Acidiphilium
GCA_000617865_d__Bacteria_superphylum__none_p__Proteobacteria_c__Alphaproteobacteria_o__Rhodospirillales_f__Acetobacteraceae_g__Acidomonas,Bacteria,Proteobacteria,Alphaproteobacteria,Rhodospirillales,Acetobacteraceae,Acidomonas
GCA_000423185_d__Bacteria_superphylum__none_p__Proteobacteria_c__Alphaproteobacteria_o__Rhodospirillales_f__Rhodospirillaceae_g__Inquilinus,Bacteria,Proteobacteria,Alphaproteobacteria,Rhodospirillales,Rhodospirillaceae,Inquilinus
GCA_000576635_d__Bacteria_superphylum__none_p__Proteobacteria_c__Alphaproteobacteria_o__Rhodospirillales_f__Rhodospirillaceae_g__Skermanella,Bacteria,Proteobacteria,Alphaproteobacteria,Rhodospirillales,Rhodospirillaceae,Skermanella
GCA_002844375_d__Bacteria_superphylum__none_p__Proteobacteria_c__Alphaproteobacteria_o__Rhodospirillales_f__Rhodospirillaceae_g__Thalassospira,Bacteria,Proteobacteria,Alphaproteobacteria,Rhodospirillales,Rhodospirillaceae,Thalassospira
GCA_900156605_d__Bacteria_superphylum__none_p__Proteobacteria_c__Alphaproteobacteria_o__Rhodospirillales_f__Rhodospirillaceae_g__Insolitispirillum,Bacteria,Proteobacteria,Alphaproteobacteria,Rhodospirillales,Rhodospirillaceae,Insolitispirillum
GCA_002937505_d__Bacteria_superphylum__none_p__Proteobacteria_c__Alphaproteobacteria_o__none_f__none_g__none,Bacteria,Proteobacteria,Alphaproteobacteria,,,
GCA_002937525_d__Bacteria_superphylum__none_p__Proteobacteria_c__Alphaproteobacteria_o__none_f__none_g__none,Bacteria,Proteobacteria,Alphaproteobacteria,,,
GCA_002938315_d__Bacteria_superphylum__none_p__Proteobacteria_c__Alphaproteobacteria_o__none_f__none_g__none,Bacteria,Proteobacteria,Alphaproteobacteria,,,
GCA_002937625_d__Bacteria_superphylum__none_p__Proteobacteria_c__Alphaproteobacteria_o__none_f__none_g__none,Bacteria,Proteobacteria,Alphaproteobacteria,,,
GCA_000014865_d__Bacteria_superphylum__none_p__Proteobacteria_c__Alphaproteobacteria_o__Magnetococcales_f__Magnetococcaceae_g__Magnetococcus,Bacteria,Proteobacteria,Alphaproteobacteria,Magnetococcales,Magnetococcaceae,Magnetococcus
GCA_000012685_d__Bacteria_superphylum__none_p__Proteobacteria_c__Deltaproteobacteria_o__Myxococcales_f__Myxococcaceae_g__Myxococcus,Bacteria,Proteobacteria,Deltaproteobacteria,Myxococcales,Myxococcaceae,Myxococcus
GCA_000022145_d__Bacteria_superphylum__none_p__Proteobacteria_c__Deltaproteobacteria_o__Myxococcales_f__Anaeromyxobacteraceae_g__Anaeromyxobacter,Bacteria,Proteobacteria,Deltaproteobacteria,Myxococcales,Anaeromyxobacteraceae,Anaeromyxobacter
GCA_000024805_d__Bacteria_superphylum__none_p__Proteobacteria_c__Deltaproteobacteria_o__Myxococcales_f__Kofleriaceae_g__Haliangium,Bacteria,Proteobacteria,Deltaproteobacteria,Myxococcales,Kofleriaceae,Haliangium
GCA_000827125_d__Bacteria_superphylum__none_p__Proteobacteria_c__Deltaproteobacteria_o__Desulfuromonadales_f__Geobacteraceae_g__Geoalkalibacter,Bacteria,Proteobacteria,Deltaproteobacteria,Desulfuromonadales,Geobacteraceae,Geoalkalibacter
GCA_900107645_d__Bacteria_superphylum__none_p__Proteobacteria_c__Deltaproteobacteria_o__Desulfuromonadales_f__Desulfuromonadaceae_g__Desulfuromusa,Bacteria,Proteobacteria,Deltaproteobacteria,Desulfuromonadales,Desulfuromonadaceae,Desulfuromusa
GCA_000013405_d__Bacteria_superphylum__none_p__Proteobacteria_c__Deltaproteobacteria_o__Syntrophobacterales_f__Syntrophaceae_g__Syntrophus,Bacteria,Proteobacteria,Deltaproteobacteria,Syntrophobacterales,Syntrophaceae,Syntrophus
GCA_000020365_d__Bacteria_superphylum__none_p__Proteobacteria_c__Deltaproteobacteria_o__Desulfobacterales_f__Desulfobacteraceae_g__Desulfobacterium,Bacteria,Proteobacteria,Deltaproteobacteria,Desulfobacterales,Desulfobacteraceae,Desulfobacterium
GCA_000421285_d__Bacteria_superphylum__none_p__Proteobacteria_c__Deltaproteobacteria_o__Desulfobacterales_f__Desulfobacteraceae_g__Desulfotignum,Bacteria,Proteobacteria,Deltaproteobacteria,Desulfobacterales,Desulfobacteraceae,Desulfotignum
GCA_000429925_d__Bacteria_superphylum__none_p__Proteobacteria_c__Deltaproteobacteria_o__Desulfobacterales_f__Desulfobacteraceae_g__Desulfatirhabdium,Bacteria,Proteobacteria,Deltaproteobacteria,Desulfobacterales,Desulfobacteraceae,Desulfatirhabdium
GCA_000472805_d__Bacteria_superphylum__none_p__Proteobacteria_c__Deltaproteobacteria_o__Desulfobacterales_f__Desulfobacteraceae_g__Desulfosarcina,Bacteria,Proteobacteria,Deltaproteobacteria,Desulfobacterales,Desulfobacteraceae,Desulfosarcina
GCA_000021905_d__Bacteria_superphylum__none_p__Proteobacteria_c__Deltaproteobacteria_o__Desulfobacterales_f__Desulfobacteraceae_g__Desulfatibacillum,Bacteria,Proteobacteria,Deltaproteobacteria,Desulfobacterales,Desulfobacteraceae,Desulfatibacillum
GCA_900176285_d__Bacteria_superphylum__none_p__Proteobacteria_c__Deltaproteobacteria_o__Syntrophobacterales_f__Syntrophobacteraceae_g__Desulfacinum,Bacteria,Proteobacteria,Deltaproteobacteria,Syntrophobacterales,Syntrophobacteraceae,Desulfacinum
GCA_000195295_d__Bacteria_superphylum__none_p__Proteobacteria_c__Deltaproteobacteria_o__Syntrophobacterales_f__Syntrophaceae_g__Desulfobacca,Bacteria,Proteobacteria,Deltaproteobacteria,Syntrophobacterales,Syntrophaceae,Desulfobacca
GCA_000092205_d__Bacteria_superphylum__none_p__Proteobacteria_c__Deltaproteobacteria_o__Desulfobacterales_f__Desulfobulbaceae_g__Desulfurivibrio,Bacteria,Proteobacteria,Deltaproteobacteria,Desulfobacterales,Desulfobulbaceae,Desulfurivibrio
GCA_000421585_d__Bacteria_superphylum__none_p__Thermodesulfobacteria_c__Thermodesulfobacteria_o__Thermodesulfobacteriales_f__Thermodesulfobacteriaceae_g__Thermodesulfatator,Bacteria,Thermodesulfobacteria,Thermodesulfobacteria,Thermodesulfobacteriales,Thermodesulfobacteriaceae,Thermodesulfatator
GCA_000746255_d__Bacteria_superphylum__none_p__Thermodesulfobacteria_c__Thermodesulfobacteria_o__Thermodesulfobacteriales_f__Thermodesulfobacteriaceae_g__Thermodesulfobacterium,Bacteria,Thermodesulfobacteria,Thermodesulfobacteria,Thermodesulfobacteriales,Thermodesulfobacteriaceae,Thermodesulfobacterium
GCA_001577525_d__Bacteria_superphylum__none_p__Proteobacteria_c__Deltaproteobacteria_o__none_f__Candidatus_Desulfofervidaceae_g__Candidatus_Desulfofervidus,Bacteria,Proteobacteria,Deltaproteobacteria,,Candidatus Desulfofervidaceae,Candidatus Desulfofervidus
GCA_000686525_d__Bacteria_superphylum__none_p__Proteobacteria_c__Deltaproteobacteria_o__Desulfovibrionales_f__Desulfohalobiaceae_g__Desulfonatronovibrio,Bacteria,Proteobacteria,Deltaproteobacteria,Desulfovibrionales,Desulfohalobiaceae,Desulfonatronovibrio
GCA_000934745_d__Bacteria_superphylum__none_p__Proteobacteria_c__Deltaproteobacteria_o__Desulfovibrionales_f__Desulfonatronaceae_g__Desulfonatronum,Bacteria,Proteobacteria,Deltaproteobacteria,Desulfovibrionales,Desulfonatronaceae,Desulfonatronum
GCA_000512235_d__Bacteria_superphylum__none_p__Proteobacteria_c__Deltaproteobacteria_o__Syntrophobacterales_f__Syntrophorhabdaceae_g__Syntrophorhabdus,Bacteria,Proteobacteria,Deltaproteobacteria,Syntrophobacterales,Syntrophorhabdaceae,Syntrophorhabdus
GCA_000010985_d__Bacteria_superphylum__none_p__Deferribacteres_c__Deferribacteres_o__Deferribacterales_f__Deferribacteraceae_g__Deferribacter,Bacteria,Deferribacteres,Deferribacteres,Deferribacterales,Deferribacteraceae,Deferribacter
GCA_000183405_d__Bacteria_superphylum__none_p__Deferribacteres_c__Deferribacteres_o__Deferribacterales_f__Deferribacteraceae_g__Calditerrivibrio,Bacteria,Deferribacteres,Deferribacteres,Deferribacterales,Deferribacteraceae,Calditerrivibrio
GCA_000469585_d__Bacteria_superphylum__none_p__Chrysiogenetes_c__Chrysiogenetes_o__Chrysiogenales_f__Chrysiogenaceae_g__Chrysiogenes,Bacteria,Chrysiogenetes,Chrysiogenetes,Chrysiogenales,Chrysiogenaceae,Chrysiogenes
GCA_000020985_d__Bacteria_superphylum__none_p__Nitrospirae_c__Nitrospira_o__Nitrospirales_f__Nitrospiraceae_g__Thermodesulfovibrio,Bacteria,Nitrospirae,Nitrospira,Nitrospirales,Nitrospiraceae,Thermodesulfovibrio
GCA_000423865_d__Bacteria_superphylum__none_p__Nitrospirae_c__Nitrospira_o__Nitrospirales_f__Nitrospiraceae_g__Thermodesulfovibrio,Bacteria,Nitrospirae,Nitrospira,Nitrospirales,Nitrospiraceae,Thermodesulfovibrio
GCA_001790855_d__Bacteria_superphylum__none_p__Candidatus_Schekmanbacteria_c__none_o__none_f__none_g__none,Bacteria,Candidatus Schekmanbacteria,,,,
GCA_000341545_d__Bacteria_superphylum__none_p__Nitrospinae_c__Nitrospinia_o__Nitrospinales_f__Nitrospinaceae_g__Nitrospina,Bacteria,Nitrospinae,Nitrospinia,Nitrospinales,Nitrospinaceae,Nitrospina
GCA_900079095_d__Bacteria_superphylum__none_p__Candidatus_Tectomicrobia_c__none_o__none_f__none_g__Candidatus_Entotheonella,Bacteria,Candidatus Tectomicrobia,,,,Candidatus Entotheonella
GCA_000012965_d__Bacteria_superphylum__none_p__Proteobacteria_c__Epsilonproteobacteria_o__Campylobacterales_f__Helicobacteraceae_g__Sulfurimonas,Bacteria,Proteobacteria,Epsilonproteobacteria,Campylobacterales,Helicobacteraceae,Sulfurimonas
GCA_000987835_d__Bacteria_superphylum__none_p__Proteobacteria_c__Epsilonproteobacteria_o__none_f__none_g__Sulfurovum,Bacteria,Proteobacteria,Epsilonproteobacteria,,,Sulfurovum
GCA_000196135_d__Bacteria_superphylum__none_p__Proteobacteria_c__Epsilonproteobacteria_o__Campylobacterales_f__Helicobacteraceae_g__Wolinella,Bacteria,Proteobacteria,Epsilonproteobacteria,Campylobacterales,Helicobacteraceae,Wolinella
GCA_000170735_d__Bacteria_superphylum__none_p__Proteobacteria_c__Epsilonproteobacteria_o__Nautiliales_f__Nautiliaceae_g__Caminibacter,Bacteria,Proteobacteria,Epsilonproteobacteria,Nautiliales,Nautiliaceae,Caminibacter
GCA_000989525_d__Bacteria_superphylum__none_p__candidate_division_TM6_c__none_o__none_f__none_g__none,Bacteria,candidate division TM6,,,,
GCA_000996275_d__Bacteria_superphylum__none_p__candidate_division_TM6_c__none_o__none_f__none_g__none,Bacteria,candidate division TM6,,,,
GCA_000284315_d__Bacteria_superphylum__none_p__Nitrospirae_c__Nitrospira_o__Nitrospirales_f__Nitrospiraceae_g__Leptospirillum,Bacteria,Nitrospirae,Nitrospira,Nitrospirales,Nitrospiraceae,Leptospirillum
GCA_001273775_d__Bacteria_superphylum__none_p__Nitrospirae_c__Nitrospira_o__Nitrospirales_f__Nitrospiraceae_g__Nitrospira,Bacteria,Nitrospirae,Nitrospira,Nitrospirales,Nitrospiraceae,Nitrospira
GCA_001788415_d__Bacteria_superphylum__none_p__Candidatus_Rokubacteria_c__none_o__none_f__none_g__none,Bacteria,Candidatus Rokubacteria,,,,
GCA_000178975_d__Bacteria_superphylum__none_p__Acidobacteria_c__Acidobacteriia_o__Acidobacteriales_f__Acidobacteriaceae_g__Granulicella,Bacteria,Acidobacteria,Acidobacteriia,Acidobacteriales,Acidobacteriaceae,Granulicella
GCA_000745965_d__Bacteria_superphylum__none_p__Acidobacteria_c__Acidobacteriia_o__Acidobacteriales_f__Acidobacteriaceae_g__Edaphobacter,Bacteria,Acidobacteria,Acidobacteriia,Acidobacteriales,Acidobacteriaceae,Edaphobacter
GCA_001449115_d__Bacteria_superphylum__none_p__Acidobacteria_c__Acidobacteriia_o__Acidobacteriales_f__Acidobacteriaceae_g__Terracidiphilus,Bacteria,Acidobacteria,Acidobacteriia,Acidobacteriales,Acidobacteriaceae,Terracidiphilus
GCA_000428885_d__Bacteria_superphylum__none_p__Acidobacteria_c__Holophagae_o__Holophagales_f__Holophagaceae_g__Geothrix,Bacteria,Acidobacteria,Holophagae,Holophagales,Holophagaceae,Geothrix
GCA_000493965_d__Bacteria_superphylum__none_p__Candidatus_Aminicenantes_c__none_o__none_f__none_g__Candidatus_Aminicenans,Bacteria,Candidatus Aminicenantes,,,,Candidatus Aminicenans
GCA_000010785_d__Bacteria_superphylum__none_p__Aquificae_c__Aquificae_o__Aquificales_f__Aquificaceae_g__Hydrogenobacter,Bacteria,Aquificae,Aquificae,Aquificales,Aquificaceae,Hydrogenobacter
GCA_000213785_d__Bacteria_superphylum__none_p__Aquificae_c__Aquificae_o__Aquificales_f__Aquificaceae_g__Hydrogenobaculum,Bacteria,Aquificae,Aquificae,Aquificales,Aquificaceae,Hydrogenobaculum
GCA_000185805_d__Bacteria_superphylum__none_p__Aquificae_c__Aquificae_o__Desulfurobacteriales_f__Desulfurobacteriaceae_g__Thermovibrio,Bacteria,Aquificae,Aquificae,Desulfurobacteriales,Desulfurobacteriaceae,Thermovibrio
GCA_000017605_d__Bacteria_superphylum__none_p__Spirochaetes_c__Spirochaetia_o__none_f__Leptospiraceae_g__Leptospira,Bacteria,Spirochaetes,Spirochaetia,,Leptospiraceae,Leptospira
GCA_000195275_d__Bacteria_superphylum__none_p__Spirochaetes_c__Spirochaetia_o__Spirochaetales_f__Spirochaetaceae_g__Treponema,Bacteria,Spirochaetes,Spirochaetia,Spirochaetales,Spirochaetaceae,Treponema
GCA_000208385_d__Bacteria_superphylum__none_p__Spirochaetes_c__Spirochaetia_o__Spirochaetales_f__Spirochaetaceae_g__Sphaerochaeta,Bacteria,Spirochaetes,Spirochaetia,Spirochaetales,Spirochaetaceae,Sphaerochaeta
GCA_000507245_d__Bacteria_superphylum__none_p__Spirochaetes_c__Spirochaetia_o__Spirochaetales_f__Spirochaetaceae_g__Salinispira,Bacteria,Spirochaetes,Spirochaetia,Spirochaetales,Spirochaetaceae,Salinispira
GCA_000210915_d__Bacteria_superphylum__none_p__Proteobacteria_c__Oligoflexia_o__Bacteriovoracales_f__Halobacteriovoraceae_g__Halobacteriovorax,Bacteria,Proteobacteria,Oligoflexia,Bacteriovoracales,Halobacteriovoraceae,Halobacteriovorax
GCA_000474745_d__Bacteria_superphylum__none_p__Fibrobacteres_c__Chitinivibrionia_o__Chitinivibrionales_f__Chitinivibrionaceae_g__Chitinivibrio,Bacteria,Fibrobacteres,Chitinivibrionia,Chitinivibrionales,Chitinivibrionaceae,Chitinivibrio
GCA_000020465_d__Bacteria_superphylum__none_p__Chlorobi_c__Chlorobia_o__Chlorobiales_f__Chlorobiaceae_g__Chlorobium,Bacteria,Chlorobi,Chlorobia,Chlorobiales,Chlorobiaceae,Chlorobium
GCA_000020645_d__Bacteria_superphylum__none_p__Chlorobi_c__Chlorobia_o__Chlorobiales_f__Chlorobiaceae_g__Pelodictyon,Bacteria,Chlorobi,Chlorobia,Chlorobiales,Chlorobiaceae,Pelodictyon
GCA_000020625_d__Bacteria_superphylum__none_p__Chlorobi_c__Chlorobia_o__Chlorobiales_f__Chlorobiaceae_g__Prosthecochloris,Bacteria,Chlorobi,Chlorobia,Chlorobiales,Chlorobiaceae,Prosthecochloris
GCA_000024125_d__Bacteria_superphylum__none_p__Bacteroidetes_c__Flavobacteriia_o__Flavobacteriales_f__Flavobacteriaceae_g__Robiginitalea,Bacteria,Bacteroidetes,Flavobacteriia,Flavobacteriales,Flavobacteriaceae,Robiginitalea
GCA_002234495_d__Bacteria_superphylum__none_p__Bacteroidetes_c__Flavobacteriia_o__Flavobacteriales_f__Flavobacteriaceae_g__Arenibacter,Bacteria,Bacteroidetes,Flavobacteriia,Flavobacteriales,Flavobacteriaceae,Arenibacter
GCA_000260115_d__Bacteria_superphylum__none_p__Bacteroidetes_c__Flavobacteriia_o__Flavobacteriales_f__Flavobacteriaceae_g__Joostella,Bacteria,Bacteroidetes,Flavobacteriia,Flavobacteriales,Flavobacteriaceae,Joostella
GCA_900119185_d__Bacteria_superphylum__none_p__Bacteroidetes_c__Flavobacteriia_o__Flavobacteriales_f__Flavobacteriaceae_g__Sinomicrobium,Bacteria,Bacteroidetes,Flavobacteriia,Flavobacteriales,Flavobacteriaceae,Sinomicrobium
GCA_000423005_d__Bacteria_superphylum__none_p__Bacteroidetes_c__Flavobacteriia_o__Flavobacteriales_f__Flavobacteriaceae_g__Gelidibacter,Bacteria,Bacteroidetes,Flavobacteriia,Flavobacteriales,Flavobacteriaceae,Gelidibacter
GCA_001747085_d__Bacteria_superphylum__none_p__Bacteroidetes_c__Flavobacteriia_o__Flavobacteriales_f__Flavobacteriaceae_g__Algibacter,Bacteria,Bacteroidetes,Flavobacteriia,Flavobacteriales,Flavobacteriaceae,Algibacter
GCA_000520955_d__Bacteria_superphylum__none_p__Bacteroidetes_c__Flavobacteriia_o__Flavobacteriales_f__Flavobacteriaceae_g__Aquimarina,Bacteria,Bacteroidetes,Flavobacteriia,Flavobacteriales,Flavobacteriaceae,Aquimarina
GCA_000220525_d__Bacteria_superphylum__none_p__Bacteroidetes_c__Flavobacteriia_o__Flavobacteriales_f__Flavobacteriaceae_g__Ochrovirga,Bacteria,Bacteroidetes,Flavobacteriia,Flavobacteriales,Flavobacteriaceae,Ochrovirga
GCA_000382425_d__Bacteria_superphylum__none_p__Bacteroidetes_c__Flavobacteriia_o__Flavobacteriales_f__Flavobacteriaceae_g__Empedobacter,Bacteria,Bacteroidetes,Flavobacteriia,Flavobacteriales,Flavobacteriaceae,Empedobacter
GCA_001420285_d__Bacteria_superphylum__none_p__Bacteroidetes_c__Flavobacteriia_o__Flavobacteriales_f__Flavobacteriaceae_g__Chryseobacterium,Bacteria,Bacteroidetes,Flavobacteriia,Flavobacteriales,Flavobacteriaceae,Chryseobacterium
GCA_001661595_d__Bacteria_superphylum__none_p__Bacteroidetes_c__Flavobacteriia_o__Flavobacteriales_f__Crocinitomicaceae_g__Crocinitomix,Bacteria,Bacteroidetes,Flavobacteriia,Flavobacteriales,Crocinitomicaceae,Crocinitomix
GCA_000212375_d__Bacteria_superphylum__none_p__Bacteroidetes_c__Bacteroidia_o__Bacteroidales_f__Porphyromonadaceae_g__Porphyromonas,Bacteria,Bacteroidetes,Bacteroidia,Bacteroidales,Porphyromonadaceae,Porphyromonas
GCA_001282625_d__Bacteria_superphylum__none_p__Bacteroidetes_c__Bacteroidia_o__Bacteroidales_f__Porphyromonadaceae_g__Lascolabacillus,Bacteria,Bacteroidetes,Bacteroidia,Bacteroidales,Porphyromonadaceae,Lascolabacillus
GCA_900128475_d__Bacteria_superphylum__none_p__Bacteroidetes_c__Bacteroidia_o__Bacteroidales_f__Bacteroidaceae_g__Mediterranea,Bacteria,Bacteroidetes,Bacteroidia,Bacteroidales,Bacteroidaceae,Mediterranea
GCA_000379665_d__Bacteria_superphylum__none_p__Bacteroidetes_c__Bacteroidia_o__Bacteroidales_f__Odoribacteraceae_g__Butyricimonas,Bacteria,Bacteroidetes,Bacteroidia,Bacteroidales,Odoribacteraceae,Butyricimonas
GCA_000949475_d__Bacteria_superphylum__none_p__Bacteroidetes_c__Bacteroidia_o__Marinilabiliales_f__Prolixibacteraceae_g__Draconibacterium,Bacteria,Bacteroidetes,Bacteroidia,Marinilabiliales,Prolixibacteraceae,Draconibacterium
GCA_900104655_d__Bacteria_superphylum__none_p__Bacteroidetes_c__Bacteroidia_o__Bacteroidales_f__Rikenellaceae_g__Millionella,Bacteria,Bacteroidetes,Bacteroidia,Bacteroidales,Rikenellaceae,Millionella
GCA_900109575_d__Bacteria_superphylum__none_p__Bacteroidetes_c__Sphingobacteriia_o__Sphingobacteriales_f__Sphingobacteriaceae_g__Pseudosphingobacterium,Bacteria,Bacteroidetes,Sphingobacteriia,Sphingobacteriales,Sphingobacteriaceae,Pseudosphingobacterium
GCA_002973575_d__Bacteria_superphylum__none_p__Bacteroidetes_c__Chitinophagia_o__Chitinophagales_f__Chitinophagaceae_g__Vibrionimonas,Bacteria,Bacteroidetes,Chitinophagia,Chitinophagales,Chitinophagaceae,Vibrionimonas
GCA_000379725_d__Bacteria_superphylum__none_p__Bacteroidetes_c__Cytophagia_o__Cytophagales_f__Cytophagaceae_g__Cytophaga,Bacteria,Bacteroidetes,Cytophagia,Cytophagales,Cytophagaceae,Cytophaga
GCA_001870735_d__Bacteria_superphylum__none_p__Bacteroidetes_c__Cytophagia_o__Cytophagales_f__Cytophagaceae_g__Arsenicibacter,Bacteria,Bacteroidetes,Cytophagia,Cytophagales,Cytophagaceae,Arsenicibacter
GCA_900167975_d__Bacteria_superphylum__none_p__Bacteroidetes_c__Cytophagia_o__Cytophagales_f__Cytophagaceae_g__Ohtaekwangia,Bacteria,Bacteroidetes,Cytophagia,Cytophagales,Cytophagaceae,Ohtaekwangia
GCA_900176595_d__Bacteria_superphylum__none_p__Bacteroidetes_c__Cytophagia_o__Cytophagales_f__Cyclobacteriaceae_g__Aquiflexum,Bacteria,Bacteroidetes,Cytophagia,Cytophagales,Cyclobacteriaceae,Aquiflexum
GCA_001715195_d__Bacteria_superphylum__none_p__Balneolaeota_c__Balneolia_o__Balneolales_f__Balneolaceae_g__Rhodohalobacter,Bacteria,Balneolaeota,Balneolia,Balneolales,Balneolaceae,Rhodohalobacter
GCA_002257665_d__Bacteria_superphylum__none_p__Rhodothermaeota_c__Rhodothermia_o__Rhodothermales_f__Rubricoccaceae_g__Rubricoccus,Bacteria,Rhodothermaeota,Rhodothermia,Rhodothermales,Rubricoccaceae,Rubricoccus
GCA_000258405_d__Bacteria_superphylum__none_p__Ignavibacteriae_c__Ignavibacteria_o__Ignavibacteriales_f__Ignavibacteriaceae_g__Ignavibacterium,Bacteria,Ignavibacteriae,Ignavibacteria,Ignavibacteriales,Ignavibacteriaceae,Ignavibacterium
GCA_001442855_d__Bacteria_superphylum__none_p__Candidatus_Kryptonia_c__none_o__none_f__none_g__Candidatus_Thermokryptus,Bacteria,Candidatus Kryptonia,,,,Candidatus Thermokryptus
GCA_001536145_d__Bacteria_superphylum__none_p__Candidatus_Kryptonia_c__none_o__none_f__none_g__Candidatus_Kryptonium,Bacteria,Candidatus Kryptonia,,,,Candidatus Kryptonium
GCA_001771235_d__Bacteria_superphylum__none_p__KSB1_c__none_o__none_f__none_g__none,Bacteria,KSB1,,,,
GCA_001872685_d__Bacteria_superphylum__none_p__Candidatus_Marinimicrobia_c__none_o__none_f__none_g__none,Bacteria,Candidatus Marinimicrobia,,,,
GCA_002256485_d__Bacteria_superphylum__none_p__Candidatus_Marinimicrobia_c__none_o__none_f__none_g__none,Bacteria,Candidatus Marinimicrobia,,,,
GCA_000447245_d__Bacteria_superphylum__none_p__candidate_division_Zixibacteria_c__none_o__none_f__none_g__none,Bacteria,candidate division Zixibacteria,,,,
GCA_001789205_d__Bacteria_superphylum__none_p__Candidatus_Raymondbacteria_c__none_o__none_f__none_g__none,Bacteria,Candidatus Raymondbacteria,,,,
GCA_000695095_d__Bacteria_superphylum__none_p__Gemmatimonadetes_c__Gemmatimonadetes_o__Gemmatimonadales_f__Gemmatimonadaceae_g__Gemmatimonas,Bacteria,Gemmatimonadetes,Gemmatimonadetes,Gemmatimonadales,Gemmatimonadaceae,Gemmatimonas
GCA_001780825_d__Bacteria_superphylum__none_p__Candidatus_Glassbacteria_c__none_o__none_f__none_g__none,Bacteria,Candidatus Glassbacteria,,,,
GCA_001780165_d__Bacteria_superphylum__none_p__Candidatus_Eisenbacteria_c__none_o__none_f__none_g__none,Bacteria,Candidatus Eisenbacteria,,,,
GCA_002433075_d__Bacteria_superphylum__none_p__Candidatus_Latescibacteria_c__none_o__none_f__none_g__none,Bacteria,Candidatus Latescibacteria,,,,
GCA_000146065_d__Bacteria_superphylum__none_p__Candidatus_Cloacimonetes_c__none_o__none_f__none_g__Candidatus_Cloacimonas,Bacteria,Candidatus Cloacimonetes,,,,Candidatus Cloacimonas
GCA_001618605_d__Bacteria_superphylum__none_p__Candidatus_Fermentibacteria_c__Candidatus_Fermentibacteria_o__Candidatus_Fermentibacterales_f__Candidatus_Fermentibacteraceae_g__Candidatus_Fermentibacter,Bacteria,Candidatus Fermentibacteria,Candidatus Fermentibacteria,Candidatus Fermentibacterales,Candidatus Fermentibacteraceae,Candidatus Fermentibacter
GCA_002436025_d__Bacteria_superphylum__none_p__Candidatus_Fermentibacteria_c__none_o__none_f__none_g__none,Bacteria,Candidatus Fermentibacteria,,,,
GCA_002011615_d__Bacteria_superphylum__none_p__Candidatus_Hydrothermae_c__none_o__none_f__none_g__none,Bacteria,Candidatus Hydrothermae,,,,
GCA_002316275_d__Bacteria_superphylum__none_p__candidate_division_WOR-3_c__none_o__none_f__none_g__none,Bacteria,candidate division WOR-3,,,,
GCA_002771845_d__Bacteria_superphylum__none_p__Candidatus_Stahlbacteria_c__none_o__none_f__none_g__none,Bacteria,Candidatus Stahlbacteria,,,,
GCA_000023905_d__Bacteria_superphylum__none_p__Fusobacteria_c__Fusobacteriia_o__Fusobacteriales_f__Leptotrichiaceae_g__Leptotrichia,Bacteria,Fusobacteria,Fusobacteriia,Fusobacteriales,Leptotrichiaceae,Leptotrichia
GCA_000973085_d__Bacteria_superphylum__none_p__Fusobacteria_c__Fusobacteriia_o__Fusobacteriales_f__Leptotrichiaceae_g__Sneathia,Bacteria,Fusobacteria,Fusobacteriia,Fusobacteriales,Leptotrichiaceae,Sneathia
GCA_000426625_d__Bacteria_superphylum__none_p__Fusobacteria_c__Fusobacteriia_o__Fusobacteriales_f__Fusobacteriaceae_g__Psychrilyobacter,Bacteria,Fusobacteria,Fusobacteriia,Fusobacteriales,Fusobacteriaceae,Psychrilyobacter
GCA_000406005_d__Bacteria_superphylum__none_p__Candidatus_Poribacteria_c__none_o__none_f__none_g__none,Bacteria,Candidatus Poribacteria,,,,
GCA_002729015_d__Bacteria_superphylum__none_p__Candidatus_Poribacteria_c__none_o__none_f__none_g__none,Bacteria,Candidatus Poribacteria,,,,
GCA_001873945_d__Bacteria_superphylum__none_p__Candidatus_Desantisbacteria_c__none_o__none_f__none_g__none,Bacteria,Candidatus Desantisbacteria,,,,
GCA_000019965_d__Bacteria_superphylum__none_p__Verrucomicrobia_c__Opitutae_o__Opitutales_f__Opitutaceae_g__Opitutus,Bacteria,Verrucomicrobia,Opitutae,Opitutales,Opitutaceae,Opitutus
GCA_000378105_d__Bacteria_superphylum__none_p__Verrucomicrobia_c__Verrucomicrobiae_o__Verrucomicrobiales_f__Rubritaleaceae_g__Rubritalea,Bacteria,Verrucomicrobia,Verrucomicrobiae,Verrucomicrobiales,Rubritaleaceae,Rubritalea
GCA_000817245_d__Bacteria_superphylum__none_p__Verrucomicrobia_c__Methylacidiphilae_o__Methylacidiphilales_f__Methylacidiphilaceae_g__Methylacidiphilum,Bacteria,Verrucomicrobia,Methylacidiphilae,Methylacidiphilales,Methylacidiphilaceae,Methylacidiphilum
GCA_001017655_d__Bacteria_superphylum__none_p__Kiritimatiellaeota_c__Kiritimatiellae_o__Kiritimatiellales_f__Kiritimatiellaceae_g__Kiritimatiella,Bacteria,Kiritimatiellaeota,Kiritimatiellae,Kiritimatiellales,Kiritimatiellaceae,Kiritimatiella
GCA_002998355_d__Bacteria_superphylum__none_p__Lentisphaerae_c__Lentisphaeria_o__Victivallales_f__none_g__none,Bacteria,Lentisphaerae,Lentisphaeria,Victivallales,,
GCA_000750955_d__Bacteria_superphylum__none_p__Chlamydiae_c__Chlamydiia_o__Parachlamydiales_f__Criblamydiaceae_g__Criblamydia,Bacteria,Chlamydiae,Chlamydiia,Parachlamydiales,Criblamydiaceae,Criblamydia
GCA_000875975_d__Bacteria_superphylum__none_p__Chlamydiae_c__Chlamydiia_o__Parachlamydiales_f__Parachlamydiaceae_g__Parachlamydia,Bacteria,Chlamydiae,Chlamydiia,Parachlamydiales,Parachlamydiaceae,Parachlamydia
GCA_000153105_d__Bacteria_superphylum__none_p__Planctomycetes_c__Planctomycetia_o__Planctomycetales_f__Planctomycetaceae_g__Blastopirellula,Bacteria,Planctomycetes,Planctomycetia,Planctomycetales,Planctomycetaceae,Blastopirellula
GCA_001642915_d__Bacteria_superphylum__none_p__Planctomycetes_c__Planctomycetia_o__Planctomycetales_f__Planctomycetaceae_g__Roseimaritima,Bacteria,Planctomycetes,Planctomycetia,Planctomycetales,Planctomycetaceae,Roseimaritima
GCA_001983935_d__Bacteria_superphylum__none_p__Planctomycetes_c__Planctomycetia_o__Planctomycetales_f__Planctomycetaceae_g__Fuerstia,Bacteria,Planctomycetes,Planctomycetia,Planctomycetales,Planctomycetaceae,Fuerstia
GCA_000186345_d__Bacteria_superphylum__none_p__Planctomycetes_c__Planctomycetia_o__Planctomycetales_f__Isosphaeraceae_g__Isosphaera,Bacteria,Planctomycetes,Planctomycetia,Planctomycetales,Isosphaeraceae,Isosphaera
GCA_000284115_d__Bacteria_superphylum__none_p__Planctomycetes_c__Phycisphaerae_o__Phycisphaerales_f__Phycisphaeraceae_g__Phycisphaera,Bacteria,Planctomycetes,Phycisphaerae,Phycisphaerales,Phycisphaeraceae,Phycisphaera
GCA_002117005_d__Bacteria_superphylum__none_p__Planctomycetes_c__Phycisphaerae_o__Phycisphaerales_f__none_g__none,Bacteria,Planctomycetes,Phycisphaerae,Phycisphaerales,,
GCA_900232105_d__Bacteria_superphylum__none_p__Planctomycetes_c__Planctomycetia_o__Candidatus_Brocadiales_f__Candidatus_Brocadiaceae_g__Candidatus_Kuenenia,Bacteria,Planctomycetes,Planctomycetia,Candidatus Brocadiales,Candidatus Brocadiaceae,Candidatus Kuenenia
GCA_001805325_d__Bacteria_superphylum__none_p__Candidatus_Omnitrophica_c__none_o__none_f__none_g__none,Bacteria,Candidatus Omnitrophica,,,,
GCA_002780625_d__Bacteria_superphylum__none_p__Candidatus_Omnitrophica_c__none_o__none_f__none_g__none,Bacteria,Candidatus Omnitrophica,,,,
GCA_002792715_d__Bacteria_superphylum__none_p__Candidatus_Omnitrophica_c__none_o__none_f__none_g__none,Bacteria,Candidatus Omnitrophica,,,,
GCA_000020145_d__Bacteria_superphylum__none_p__Elusimicrobia_c__Elusimicrobia_o__Elusimicrobiales_f__Elusimicrobiaceae_g__Elusimicrobium,Bacteria,Elusimicrobia,Elusimicrobia,Elusimicrobiales,Elusimicrobiaceae,Elusimicrobium
GCA_002355835_d__Bacteria_superphylum__none_p__Elusimicrobia_c__Endomicrobia_o__Endomicrobiales_f__Endomicrobiaceae_g__Endomicrobium,Bacteria,Elusimicrobia,Endomicrobia,Endomicrobiales,Endomicrobiaceae,Endomicrobium
GCA_001778375_d__Bacteria_superphylum__none_p__Candidatus_Firestonebacteria_c__none_o__none_f__none_g__none,Bacteria,Candidatus Firestonebacteria,,,,
GCA_002422525_d__Bacteria_superphylum__none_p__Candidatus_Hydrogenedentes_c__none_o__none_f__none_g__none,Bacteria,Candidatus Hydrogenedentes,,,,
GCA_000007085_d__Bacteria_superphylum__none_p__Firmicutes_c__Clostridia_o__Thermoanaerobacterales_f__Thermoanaerobacteraceae_g__Caldanaerobacter,Bacteria,Firmicutes,Clostridia,Thermoanaerobacterales,Thermoanaerobacteraceae,Caldanaerobacter
GCA_000144645_d__Bacteria_superphylum__none_p__Firmicutes_c__Clostridia_o__Thermoanaerobacterales_f__Thermoanaerobacterales_Family_III__Incertae_Sedis_g__Thermosediminibacter,Bacteria,Firmicutes,Clostridia,Thermoanaerobacterales,Thermoanaerobacterales Family III  Incertae Sedis,Thermosediminibacter
GCA_000145275_d__Bacteria_superphylum__none_p__Firmicutes_c__Clostridia_o__Clostridiales_f__Clostridiaceae_g__Clostridium,Bacteria,Firmicutes,Clostridia,Clostridiales,Clostridiaceae,Clostridium
GCA_000439105_d__Bacteria_superphylum__none_p__Firmicutes_c__Clostridia_o__Clostridiales_f__Peptostreptococcaceae_g__Terrisporobacter,Bacteria,Firmicutes,Clostridia,Clostridiales,Peptostreptococcaceae,Terrisporobacter
GCA_900106765_d__Bacteria_superphylum__none_p__Firmicutes_c__Tissierellia_o__none_f__none_g__Tepidimicrobium,Bacteria,Firmicutes,Tissierellia,,,Tepidimicrobium
GCA_900142005_d__Bacteria_superphylum__none_p__Firmicutes_c__Tissierellia_o__none_f__none_g__Dethiosulfatibacter,Bacteria,Firmicutes,Tissierellia,,,Dethiosulfatibacter
GCA_900142245_d__Bacteria_superphylum__none_p__Firmicutes_c__Clostridia_o__Clostridiales_f__Clostridiaceae_g__Paramaledivibacter,Bacteria,Firmicutes,Clostridia,Clostridiales,Clostridiaceae,Paramaledivibacter
GCA_900188145_d__Bacteria_superphylum__none_p__Firmicutes_c__Clostridia_o__Clostridiales_f__none_g__Anaerovirgula,Bacteria,Firmicutes,Clostridia,Clostridiales,,Anaerovirgula
GCA_002998925_d__Bacteria_superphylum__none_p__Firmicutes_c__Clostridia_o__Clostridiales_f__Clostridiales_Family_XIII__Incertae_Sedis_g__Mogibacterium,Bacteria,Firmicutes,Clostridia,Clostridiales,Clostridiales Family XIII  Incertae Sedis,Mogibacterium
GCA_900290095_d__Bacteria_superphylum__none_p__Firmicutes_c__Tissierellia_o__Tissierellales_f__Peptoniphilaceae_g__Khoudiadiopia,Bacteria,Firmicutes,Tissierellia,Tissierellales,Peptoniphilaceae,Khoudiadiopia
GCA_000179635_d__Bacteria_superphylum__none_p__Firmicutes_c__Clostridia_o__Clostridiales_f__Ruminococcaceae_g__Ruminococcus,Bacteria,Firmicutes,Clostridia,Clostridiales,Ruminococcaceae,Ruminococcus
GCA_900186535_d__Bacteria_superphylum__none_p__Firmicutes_c__Clostridia_o__Clostridiales_f__Ruminococcaceae_g__Marasmitruncus,Bacteria,Firmicutes,Clostridia,Clostridiales,Ruminococcaceae,Marasmitruncus
GCA_900167555_d__Bacteria_superphylum__none_p__Firmicutes_c__Clostridia_o__Clostridiales_f__Ruminococcaceae_g__Gemmiger,Bacteria,Firmicutes,Clostridia,Clostridiales,Ruminococcaceae,Gemmiger
GCA_000283575_d__Bacteria_superphylum__none_p__Firmicutes_c__Clostridia_o__Clostridiales_f__Oscillospiraceae_g__Oscillibacter,Bacteria,Firmicutes,Clostridia,Clostridiales,Oscillospiraceae,Oscillibacter
GCA_000185385_d__Bacteria_superphylum__none_p__Firmicutes_c__Clostridia_o__Clostridiales_f__Lachnospiraceae_g__Lachnoanaerobaculum,Bacteria,Firmicutes,Clostridia,Clostridiales,Lachnospiraceae,Lachnoanaerobaculum
GCA_000225345_d__Bacteria_superphylum__none_p__Firmicutes_c__Clostridia_o__Clostridiales_f__Lachnospiraceae_g__Roseburia,Bacteria,Firmicutes,Clostridia,Clostridiales,Lachnospiraceae,Roseburia
GCA_001049915_d__Bacteria_superphylum__none_p__Firmicutes_c__Clostridia_o__Clostridiales_f__Ruminococcaceae_g__Drancourtella,Bacteria,Firmicutes,Clostridia,Clostridiales,Ruminococcaceae,Drancourtella
GCA_000011245_d__Bacteria_superphylum__none_p__Firmicutes_c__Bacilli_o__Bacillales_f__Bacillaceae_g__Oceanobacillus,Bacteria,Firmicutes,Bacilli,Bacillales,Bacillaceae,Oceanobacillus
GCA_001552275_d__Bacteria_superphylum__none_p__Firmicutes_c__Bacilli_o__Bacillales_f__Bacillaceae_g__Amphibacillus,Bacteria,Firmicutes,Bacilli,Bacillales,Bacillaceae,Amphibacillus
GCA_000423105_d__Bacteria_superphylum__none_p__Firmicutes_c__Bacilli_o__Bacillales_f__Bacillaceae_g__Halalkalibacillus,Bacteria,Firmicutes,Bacilli,Bacillales,Bacillaceae,Halalkalibacillus
GCA_000812025_d__Bacteria_superphylum__none_p__Firmicutes_c__Bacilli_o__Bacillales_f__Bacillaceae_g__Quasibacillus,Bacteria,Firmicutes,Bacilli,Bacillales,Bacillaceae,Quasibacillus
GCA_001700325_d__Bacteria_superphylum__none_p__Firmicutes_c__Bacilli_o__Bacillales_f__Planococcaceae_g__Caryophanon,Bacteria,Firmicutes,Bacilli,Bacillales,Planococcaceae,Caryophanon
GCA_900115805_d__Bacteria_superphylum__none_p__Firmicutes_c__Bacilli_o__Bacillales_f__Bacillaceae_g__Psychrobacillus,Bacteria,Firmicutes,Bacilli,Bacillales,Bacillaceae,Psychrobacillus
GCA_000089865_d__Bacteria_superphylum__none_p__Tenericutes_c__Mollicutes_o__Mycoplasmatales_f__Mycoplasmataceae_g__Mycoplasma,Bacteria,Tenericutes,Mollicutes,Mycoplasmatales,Mycoplasmataceae,Mycoplasma
GCA_002290085_d__Bacteria_superphylum__none_p__Tenericutes_c__Mollicutes_o__Entomoplasmatales_f__Entomoplasmataceae_g__Mesoplasma,Bacteria,Tenericutes,Mollicutes,Entomoplasmatales,Entomoplasmataceae,Mesoplasma
GCA_003013295_d__Bacteria_superphylum__none_p__Tenericutes_c__Mollicutes_o__Entomoplasmatales_f__Entomoplasmataceae_g__Entomoplasma,Bacteria,Tenericutes,Mollicutes,Entomoplasmatales,Entomoplasmataceae,Entomoplasma
GCA_000177375_d__Bacteria_superphylum__none_p__Firmicutes_c__Erysipelotrichia_o__Erysipelotrichales_f__Erysipelotrichaceae_g__Bulleidia,Bacteria,Firmicutes,Erysipelotrichia,Erysipelotrichales,Erysipelotrichaceae,Bulleidia
GCA_001945525_d__Bacteria_superphylum__none_p__Firmicutes_c__Erysipelotrichia_o__Erysipelotrichales_f__Erysipelotrichaceae_g__Ileibacterium,Bacteria,Firmicutes,Erysipelotrichia,Erysipelotrichales,Erysipelotrichaceae,Ileibacterium
GCA_000154485_d__Bacteria_superphylum__none_p__Firmicutes_c__Erysipelotrichia_o__Erysipelotrichales_f__Erysipelotrichaceae_g__Erysipelatoclostridium,Bacteria,Firmicutes,Erysipelotrichia,Erysipelotrichales,Erysipelotrichaceae,Erysipelatoclostridium
GCA_000967915_d__Bacteria_superphylum__none_p__Tenericutes_c__Mollicutes_o__Acholeplasmatales_f__Acholeplasmataceae_g__Acholeplasma,Bacteria,Tenericutes,Mollicutes,Acholeplasmatales,Acholeplasmataceae,Acholeplasma
GCA_000420365_d__Bacteria_superphylum__none_p__Firmicutes_c__Bacilli_o__Lactobacillales_f__Leuconostocaceae_g__Weissella,Bacteria,Firmicutes,Bacilli,Lactobacillales,Leuconostocaceae,Weissella
GCA_000971665_d__Bacteria_superphylum__none_p__Firmicutes_c__Bacilli_o__Lactobacillales_f__Streptococcaceae_g__Streptococcus,Bacteria,Firmicutes,Bacilli,Lactobacillales,Streptococcaceae,Streptococcus
GCA_000421665_d__Bacteria_superphylum__none_p__Firmicutes_c__Bacilli_o__Lactobacillales_f__Enterococcaceae_g__Bavariicoccus,Bacteria,Firmicutes,Bacilli,Lactobacillales,Enterococcaceae,Bavariicoccus
GCA_900113675_d__Bacteria_superphylum__none_p__Firmicutes_c__Bacilli_o__Lactobacillales_f__Carnobacteriaceae_g__Pisciglobus,Bacteria,Firmicutes,Bacilli,Lactobacillales,Carnobacteriaceae,Pisciglobus
GCA_900110675_d__Bacteria_superphylum__none_p__Firmicutes_c__Bacilli_o__Lactobacillales_f__Aerococcaceae_g__Ignavigranum,Bacteria,Firmicutes,Bacilli,Lactobacillales,Aerococcaceae,Ignavigranum
GCA_000706685_d__Bacteria_superphylum__none_p__Firmicutes_c__Bacilli_o__Bacillales_f__Staphylococcaceae_g__Staphylococcus,Bacteria,Firmicutes,Bacilli,Bacillales,Staphylococcaceae,Staphylococcus
GCA_900111285_d__Bacteria_superphylum__none_p__Firmicutes_c__Bacilli_o__Bacillales_f__Bacillaceae_g__Salisediminibacterium,Bacteria,Firmicutes,Bacilli,Bacillales,Bacillaceae,Salisediminibacterium
GCA_900106775_d__Bacteria_superphylum__none_p__Firmicutes_c__Bacilli_o__Bacillales_f__Thermoactinomycetaceae_g__Marininema,Bacteria,Firmicutes,Bacilli,Bacillales,Thermoactinomycetaceae,Marininema
GCA_900114055_d__Bacteria_superphylum__none_p__Firmicutes_c__Bacilli_o__Bacillales_f__Thermoactinomycetaceae_g__Thermoflavimicrobium,Bacteria,Firmicutes,Bacilli,Bacillales,Thermoactinomycetaceae,Thermoflavimicrobium
GCA_000227705_d__Bacteria_superphylum__none_p__Firmicutes_c__Bacilli_o__Bacillales_f__Paenibacillaceae_g__Thermobacillus,Bacteria,Firmicutes,Bacilli,Bacillales,Paenibacillaceae,Thermobacillus
GCA_001642725_d__Bacteria_superphylum__none_p__Firmicutes_c__Bacilli_o__Bacillales_f__none_g__Acidibacillus,Bacteria,Firmicutes,Bacilli,Bacillales,,Acidibacillus
GCA_000014725_d__Bacteria_superphylum__none_p__Firmicutes_c__Clostridia_o__Clostridiales_f__Syntrophomonadaceae_g__Syntrophomonas,Bacteria,Firmicutes,Clostridia,Clostridiales,Syntrophomonadaceae,Syntrophomonas
GCA_900142025_d__Bacteria_superphylum__none_p__Firmicutes_c__Clostridia_o__Clostridiales_f__Peptococcaceae_g__Desulfofundulus,Bacteria,Firmicutes,Clostridia,Clostridiales,Peptococcaceae,Desulfofundulus
GCA_000255115_d__Bacteria_superphylum__none_p__Firmicutes_c__Clostridia_o__Clostridiales_f__Peptococcaceae_g__Desulfosporosinus,Bacteria,Firmicutes,Clostridia,Clostridiales,Peptococcaceae,Desulfosporosinus
GCA_900101835_d__Bacteria_superphylum__none_p__Firmicutes_c__Clostridia_o__Clostridiales_f__Peptococcaceae_g__Peptococcus,Bacteria,Firmicutes,Clostridia,Clostridiales,Peptococcaceae,Peptococcus
GCA_000239275_d__Bacteria_superphylum__none_p__Firmicutes_c__Negativicutes_o__Veillonellales_f__Veillonellaceae_g__Anaeroglobus,Bacteria,Firmicutes,Negativicutes,Veillonellales,Veillonellaceae,Anaeroglobus
GCA_900155405_d__Bacteria_superphylum__none_p__Firmicutes_c__Negativicutes_o__Veillonellales_f__Veillonellaceae_g__Negativicoccus,Bacteria,Firmicutes,Negativicutes,Veillonellales,Veillonellaceae,Negativicoccus
GCA_000430605_d__Bacteria_superphylum__none_p__Firmicutes_c__Negativicutes_o__Selenomonadales_f__Sporomusaceae_g__Anaeroarcus,Bacteria,Firmicutes,Negativicutes,Selenomonadales,Sporomusaceae,Anaeroarcus
GCA_900110485_d__Bacteria_superphylum__none_p__Firmicutes_c__Negativicutes_o__Selenomonadales_f__Sporomusaceae_g__Propionispora,Bacteria,Firmicutes,Negativicutes,Selenomonadales,Sporomusaceae,Propionispora
GCA_000517025_d__Bacteria_superphylum__none_p__Firmicutes_c__Clostridia_o__Halanaerobiales_f__Halobacteroidaceae_g__Halonatronum,Bacteria,Firmicutes,Clostridia,Halanaerobiales,Halobacteroidaceae,Halonatronum
GCA_000184705_d__Bacteria_superphylum__none_p__Firmicutes_c__Clostridia_o__Clostridiales_f__Clostridiales_Family_XVII__Incertae_Sedis_g__Thermaerobacter,Bacteria,Firmicutes,Clostridia,Clostridiales,Clostridiales Family XVII  Incertae Sedis,Thermaerobacter
GCA_000023205_d__Bacteria_superphylum__none_p__Actinobacteria_c__Actinobacteria_o__Micrococcales_f__Micrococcaceae_g__Micrococcus,Bacteria,Actinobacteria,Actinobacteria,Micrococcales,Micrococcaceae,Micrococcus
GCA_001484605_d__Bacteria_superphylum__none_p__Actinobacteria_c__Actinobacteria_o__Micrococcales_f__Micrococcaceae_g__Pseudarthrobacter,Bacteria,Actinobacteria,Actinobacteria,Micrococcales,Micrococcaceae,Pseudarthrobacter
GCA_000350525_d__Bacteria_superphylum__none_p__Actinobacteria_c__Actinobacteria_o__Micrococcales_f__Microbacteriaceae_g__Leucobacter,Bacteria,Actinobacteria,Actinobacteria,Micrococcales,Microbacteriaceae,Leucobacter
GCA_000025205_d__Bacteria_superphylum__none_p__Actinobacteria_c__Actinobacteria_o__Bifidobacteriales_f__Bifidobacteriaceae_g__Gardnerella,Bacteria,Actinobacteria,Actinobacteria,Bifidobacteriales,Bifidobacteriaceae,Gardnerella
GCA_000154225_d__Bacteria_superphylum__none_p__Actinobacteria_c__Actinobacteria_o__Actinomycetales_f__Actinomycetaceae_g__Schaalia,Bacteria,Actinobacteria,Actinobacteria,Actinomycetales,Actinomycetaceae,Schaalia
GCA_000612055_d__Bacteria_superphylum__none_p__Actinobacteria_c__Actinobacteria_o__Actinomycetales_f__Actinomycetaceae_g__Trueperella,Bacteria,Actinobacteria,Actinobacteria,Actinomycetales,Actinomycetaceae,Trueperella
GCA_001636295_d__Bacteria_superphylum__none_p__Actinobacteria_c__Actinobacteria_o__Micrococcales_f__Promicromonosporaceae_g__Isoptericola,Bacteria,Actinobacteria,Actinobacteria,Micrococcales,Promicromonosporaceae,Isoptericola
GCA_000247995_d__Bacteria_superphylum__none_p__Actinobacteria_c__Actinobacteria_o__Micrococcales_f__Dermatophilaceae_g__Mobilicoccus,Bacteria,Actinobacteria,Actinobacteria,Micrococcales,Dermatophilaceae,Mobilicoccus
GCA_001591405_d__Bacteria_superphylum__none_p__Actinobacteria_c__Actinobacteria_o__Micrococcales_f__Intrasporangiaceae_g__Janibacter,Bacteria,Actinobacteria,Actinobacteria,Micrococcales,Intrasporangiaceae,Janibacter
GCA_000423085_d__Bacteria_superphylum__none_p__Actinobacteria_c__Actinobacteria_o__Propionibacteriales_f__Propionibacteriaceae_g__Granulicoccus,Bacteria,Actinobacteria,Actinobacteria,Propionibacteriales,Propionibacteriaceae,Granulicoccus
GCA_001642025_d__Bacteria_superphylum__none_p__Actinobacteria_c__Actinobacteria_o__Propionibacteriales_f__Propionibacteriaceae_g__Cutibacterium,Bacteria,Actinobacteria,Actinobacteria,Propionibacteriales,Propionibacteriaceae,Cutibacterium
GCA_002797495_d__Bacteria_superphylum__none_p__Actinobacteria_c__Actinobacteria_o__Propionibacteriales_f__Nocardioidaceae_g__Mumia,Bacteria,Actinobacteria,Actinobacteria,Propionibacteriales,Nocardioidaceae,Mumia
GCA_003014555_d__Bacteria_superphylum__none_p__Actinobacteria_c__Actinobacteria_o__Jiangellales_f__Jiangellaceae_g__Haloactinopolyspora,Bacteria,Actinobacteria,Actinobacteria,Jiangellales,Jiangellaceae,Haloactinopolyspora
GCA_000058485_d__Bacteria_superphylum__none_p__Actinobacteria_c__Actinobacteria_o__Frankiales_f__Frankiaceae_g__Frankia,Bacteria,Actinobacteria,Actinobacteria,Frankiales,Frankiaceae,Frankia
GCA_900110555_d__Bacteria_superphylum__none_p__Actinobacteria_c__Actinobacteria_o__Geodermatophilales_f__Geodermatophilaceae_g__Blastococcus,Bacteria,Actinobacteria,Actinobacteria,Geodermatophilales,Geodermatophilaceae,Blastococcus
GCA_000204155_d__Bacteria_superphylum__none_p__Actinobacteria_c__Actinobacteria_o__Micromonosporales_f__Micromonosporaceae_g__Verrucosispora,Bacteria,Actinobacteria,Actinobacteria,Micromonosporales,Micromonosporaceae,Verrucosispora
GCA_000482705_d__Bacteria_superphylum__none_p__Actinobacteria_c__Actinobacteria_o__Glycomycetales_f__Glycomycetaceae_g__Glycomyces,Bacteria,Actinobacteria,Actinobacteria,Glycomycetales,Glycomycetaceae,Glycomyces
GCA_000214175_d__Bacteria_superphylum__none_p__Actinobacteria_c__Actinobacteria_o__Corynebacteriales_f__Mycobacteriaceae_g__Hoyosella,Bacteria,Actinobacteria,Actinobacteria,Corynebacteriales,Mycobacteriaceae,Hoyosella
GCA_002086485_d__Bacteria_superphylum__none_p__Actinobacteria_c__Actinobacteria_o__Corynebacteriales_f__Mycobacteriaceae_g__Mycobacterium,Bacteria,Actinobacteria,Actinobacteria,Corynebacteriales,Mycobacteriaceae,Mycobacterium
GCA_000371785_d__Bacteria_superphylum__none_p__Actinobacteria_c__Actinobacteria_o__Actinopolysporales_f__Actinopolysporaceae_g__Actinopolyspora,Bacteria,Actinobacteria,Actinobacteria,Actinopolysporales,Actinopolysporaceae,Actinopolyspora
GCA_000974445_d__Bacteria_superphylum__none_p__Actinobacteria_c__Actinobacteria_o__Pseudonocardiales_f__Pseudonocardiaceae_g__Lechevalieria,Bacteria,Actinobacteria,Actinobacteria,Pseudonocardiales,Pseudonocardiaceae,Lechevalieria
GCA_900115565_d__Bacteria_superphylum__none_p__Actinobacteria_c__Actinobacteria_o__Pseudonocardiales_f__Pseudonocardiaceae_g__Yuhushiella,Bacteria,Actinobacteria,Actinobacteria,Pseudonocardiales,Pseudonocardiaceae,Yuhushiella
GCA_000092645_d__Bacteria_superphylum__none_p__Actinobacteria_c__Actinobacteria_o__none_f__none_g__Thermobispora,Bacteria,Actinobacteria,Actinobacteria,,,Thermobispora
GCA_001653075_d__Bacteria_superphylum__none_p__Actinobacteria_c__Actinobacteria_o__Streptosporangiales_f__Streptosporangiaceae_g__Planomonospora,Bacteria,Actinobacteria,Actinobacteria,Streptosporangiales,Streptosporangiaceae,Planomonospora
GCA_003002095_d__Bacteria_superphylum__none_p__Actinobacteria_c__Actinobacteria_o__Streptosporangiales_f__none_g__Allonocardiopsis,Bacteria,Actinobacteria,Actinobacteria,Streptosporangiales,,Allonocardiopsis
GCA_000269985_d__Bacteria_superphylum__none_p__Actinobacteria_c__Actinobacteria_o__Streptomycetales_f__Streptomycetaceae_g__Kitasatospora,Bacteria,Actinobacteria,Actinobacteria,Streptomycetales,Streptomycetaceae,Kitasatospora
GCA_000949295_d__Bacteria_superphylum__none_p__Actinobacteria_c__Acidimicrobiia_o__Acidimicrobiales_f__Acidimicrobiaceae_g__Acidithrix,Bacteria,Actinobacteria,Acidimicrobiia,Acidimicrobiales,Acidimicrobiaceae,Acidithrix
GCA_900128965_d__Bacteria_superphylum__none_p__Actinobacteria_c__Acidimicrobiia_o__Acidimicrobiales_f__Acidimicrobiaceae_g__Ferrithrix,Bacteria,Actinobacteria,Acidimicrobiia,Acidimicrobiales,Acidimicrobiaceae,Ferrithrix
GCA_000025265_d__Bacteria_superphylum__none_p__Actinobacteria_c__Thermoleophilia_o__Solirubrobacterales_f__Conexibacteraceae_g__Conexibacter,Bacteria,Actinobacteria,Thermoleophilia,Solirubrobacterales,Conexibacteraceae,Conexibacter
GCA_000270285_d__Bacteria_superphylum__none_p__Actinobacteria_c__Coriobacteriia_o__Eggerthellales_f__Eggerthellaceae_g__Eggerthella,Bacteria,Actinobacteria,Coriobacteriia,Eggerthellales,Eggerthellaceae,Eggerthella
GCA_900119385_d__Bacteria_superphylum__none_p__Actinobacteria_c__Coriobacteriia_o__Coriobacteriales_f__Atopobiaceae_g__Olsenella,Bacteria,Actinobacteria,Coriobacteriia,Coriobacteriales,Atopobiaceae,Olsenella
GCA_000011905_d__Bacteria_superphylum__none_p__Chloroflexi_c__Dehalococcoidia_o__Dehalococcoidales_f__Dehalococcoidaceae_g__Dehalococcoides,Bacteria,Chloroflexi,Dehalococcoidia,Dehalococcoidales,Dehalococcoidaceae,Dehalococcoides
GCA_000143165_d__Bacteria_superphylum__none_p__Chloroflexi_c__Dehalococcoidia_o__none_f__none_g__Dehalogenimonas,Bacteria,Chloroflexi,Dehalococcoidia,,,Dehalogenimonas
GCA_000702505_d__Bacteria_superphylum__none_p__Chloroflexi_c__Ktedonobacteria_o__Thermogemmatisporales_f__Thermogemmatisporaceae_g__Thermogemmatispora,Bacteria,Chloroflexi,Ktedonobacteria,Thermogemmatisporales,Thermogemmatisporaceae,Thermogemmatispora
GCA_000018565_d__Bacteria_superphylum__none_p__Chloroflexi_c__Chloroflexia_o__Herpetosiphonales_f__Herpetosiphonaceae_g__Herpetosiphon,Bacteria,Chloroflexi,Chloroflexia,Herpetosiphonales,Herpetosiphonaceae,Herpetosiphon
GCA_000018865_d__Bacteria_superphylum__none_p__Chloroflexi_c__Chloroflexia_o__Chloroflexales_f__Chloroflexaceae_g__Chloroflexus,Bacteria,Chloroflexi,Chloroflexia,Chloroflexales,Chloroflexaceae,Chloroflexus
GCA_000021685_d__Bacteria_superphylum__none_p__Chloroflexi_c__Thermomicrobia_o__Thermomicrobiales_f__Thermomicrobiaceae_g__Thermomicrobium,Bacteria,Chloroflexi,Thermomicrobia,Thermomicrobiales,Thermomicrobiaceae,Thermomicrobium
GCA_000281175_d__Bacteria_superphylum__none_p__Chloroflexi_c__Caldilineae_o__Caldilineales_f__Caldilineaceae_g__Caldilinea,Bacteria,Chloroflexi,Caldilineae,Caldilineales,Caldilineaceae,Caldilinea
GCA_001306115_d__Bacteria_superphylum__none_p__Chloroflexi_c__Anaerolineae_o__Anaerolineales_f__Anaerolineaceae_g__Ornatilinea,Bacteria,Chloroflexi,Anaerolineae,Anaerolineales,Anaerolineaceae,Ornatilinea
GCA_900184705_d__Bacteria_superphylum__none_p__Chloroflexi_c__Anaerolineae_o__Anaerolineales_f__Anaerolineaceae_g__Brevefilum,Bacteria,Chloroflexi,Anaerolineae,Anaerolineales,Anaerolineaceae,Brevefilum
GCA_900066015_d__Bacteria_superphylum__none_p__Chloroflexi_c__Ardenticatenia_o__Ardenticatenales_f__Ardenticatenaceae_g__Candidatus_Promineofilum,Bacteria,Chloroflexi,Ardenticatenia,Ardenticatenales,Ardenticatenaceae,Candidatus Promineofilum
GCA_900187885_d__Bacteria_superphylum__none_p__Chloroflexi_c__Thermoflexia_o__Thermoflexales_f__Thermoflexaceae_g__Thermoflexus,Bacteria,Chloroflexi,Thermoflexia,Thermoflexales,Thermoflexaceae,Thermoflexus
GCA_000398025_d__Bacteria_superphylum__none_p__Candidatus_Parcubacteria_c__none_o__none_f__none_g__Candidatus_Paceibacter,Bacteria,Candidatus Parcubacteria,,,,Candidatus Paceibacter
GCA_002779425_d__Bacteria_superphylum__none_p__Candidatus_Gribaldobacteria_c__none_o__none_f__none_g__none,Bacteria,Candidatus Gribaldobacteria,,,,
GCA_001820295_d__Bacteria_superphylum__none_p__Candidatus_Staskawiczbacteria_c__none_o__none_f__none_g__none,Bacteria,Candidatus Staskawiczbacteria,,,,
GCA_001821935_d__Bacteria_superphylum__none_p__Candidatus_Staskawiczbacteria_c__none_o__none_f__none_g__none,Bacteria,Candidatus Staskawiczbacteria,,,,
GCA_001819215_d__Bacteria_superphylum__none_p__Candidatus_Nealsonbacteria_c__none_o__none_f__none_g__none,Bacteria,Candidatus Nealsonbacteria,,,,
GCA_001825035_d__Bacteria_superphylum__none_p__Candidatus_Wildermuthbacteria_c__none_o__none_f__none_g__none,Bacteria,Candidatus Wildermuthbacteria,,,,
GCA_001819985_d__Bacteria_superphylum__none_p__Candidatus_Spechtbacteria_c__none_o__none_f__none_g__none,Bacteria,Candidatus Spechtbacteria,,,,
GCA_001822905_d__Bacteria_superphylum__none_p__Candidatus_Terrybacteria_c__none_o__none_f__none_g__none,Bacteria,Candidatus Terrybacteria,,,,
GCA_001003475_d__Bacteria_superphylum__none_p__Candidatus_Jorgensenbacteria_c__none_o__none_f__none_g__none,Bacteria,Candidatus Jorgensenbacteria,,,,
GCA_001793975_d__Bacteria_superphylum__none_p__Candidatus_Wolfebacteria_c__none_o__none_f__none_g__none,Bacteria,Candidatus Wolfebacteria,,,,
GCA_001817235_d__Bacteria_superphylum__none_p__Candidatus_Brennerbacteria_c__none_o__none_f__none_g__none,Bacteria,Candidatus Brennerbacteria,,,,
GCA_001773575_d__Bacteria_superphylum__none_p__Candidatus_Adlerbacteria_c__none_o__none_f__none_g__none,Bacteria,Candidatus Adlerbacteria,,,,
GCA_001783525_d__Bacteria_superphylum__none_p__Candidatus_Kaiserbacteria_c__none_o__none_f__none_g__none,Bacteria,Candidatus Kaiserbacteria,,,,
GCA_001823825_d__Bacteria_superphylum__none_p__Candidatus_Zambryskibacteria_c__none_o__none_f__none_g__none,Bacteria,Candidatus Zambryskibacteria,,,,
GCA_002772495_d__Bacteria_superphylum__none_p__Candidatus_Vogelbacteria_c__none_o__none_f__none_g__none,Bacteria,Candidatus Vogelbacteria,,,,
GCA_001778395_d__Bacteria_superphylum__none_p__Candidatus_Giovannonibacteria_c__none_o__none_f__none_g__none,Bacteria,Candidatus Giovannonibacteria,,,,
GCA_001822375_d__Bacteria_superphylum__none_p__Candidatus_Sungbacteria_c__none_o__none_f__none_g__none,Bacteria,Candidatus Sungbacteria,,,,
GCA_002794035_d__Bacteria_superphylum__none_p__Candidatus_Yanofskybacteria_c__none_o__none_f__none_g__none,Bacteria,Candidatus Yanofskybacteria,,,,
GCA_001817055_d__Bacteria_superphylum__none_p__Candidatus_Andersenbacteria_c__none_o__none_f__none_g__none,Bacteria,Candidatus Andersenbacteria,,,,
GCA_002780175_d__Bacteria_superphylum__none_p__Candidatus_Moranbacteria_c__none_o__none_f__none_g__none,Bacteria,Candidatus Moranbacteria,,,,
GCA_001818495_d__Bacteria_superphylum__none_p__Candidatus_Komeilibacteria_c__none_o__none_f__none_g__none,Bacteria,Candidatus Komeilibacteria,,,,
GCA_002773845_d__Bacteria_superphylum__none_p__Candidatus_Buchananbacteria_c__none_o__none_f__none_g__none,Bacteria,Candidatus Buchananbacteria,,,,
GCA_001871445_d__Bacteria_superphylum__none_p__Candidatus_Magasanikbacteria_c__none_o__none_f__none_g__none,Bacteria,Candidatus Magasanikbacteria,,,,
GCA_001787635_d__Bacteria_superphylum__none_p__Candidatus_Peregrinibacteria_c__Candidatus_Peribacteria_o__none_f__none_g__none,Bacteria,Candidatus Peregrinibacteria,Candidatus Peribacteria,,,
GCA_002786835_d__Bacteria_superphylum__none_p__Candidatus_Gracilibacteria_c__none_o__none_f__none_g__none,Bacteria,Candidatus Gracilibacteria,,,,
GCA_000503915_d__Bacteria_superphylum__none_p__Candidatus_Saccharibacteria_c__none_o__none_f__none_g__none,Bacteria,Candidatus Saccharibacteria,,,,
GCA_001790445_d__Bacteria_superphylum__none_p__Candidatus_Saccharibacteria_c__none_o__none_f__none_g__none,Bacteria,Candidatus Saccharibacteria,,,,
GCA_001029755_d__Bacteria_superphylum__none_p__Candidatus_Woesebacteria_c__none_o__none_f__none_g__none,Bacteria,Candidatus Woesebacteria,,,,
GCA_002422165_d__Bacteria_superphylum__none_p__Candidatus_Pacebacteria_c__none_o__none_f__none_g__none,Bacteria,Candidatus Pacebacteria,,,,
GCA_001789395_d__Bacteria_superphylum__none_p__Candidatus_Roizmanbacteria_c__none_o__none_f__none_g__none,Bacteria,Candidatus Roizmanbacteria,,,,
GCA_001776545_d__Bacteria_superphylum__none_p__Candidatus_Curtissbacteria_c__none_o__none_f__none_g__none,Bacteria,Candidatus Curtissbacteria,,,,
GCA_001816645_d__Bacteria_superphylum__none_p__Candidatus_Woykebacteria_c__none_o__none_f__none_g__none,Bacteria,Candidatus Woykebacteria,,,,
GCA_002084955_d__Bacteria_superphylum__none_p__candidate_division_CPR3_c__none_o__none_f__none_g__none,Bacteria,candidate division CPR3,,,,
GCA_003162415_d__Bacteria_superphylum__none_p__candidate_division_AD3_c__none_o__none_f__none_g__none,Bacteria,candidate division AD3,,,,
GCA_000092125_d__Bacteria_superphylum__none_p__Deinococcus-Thermus_c__Deinococci_o__Thermales_f__Thermaceae_g__Meiothermus,Bacteria,Deinococcus-Thermus,Deinococci,Thermales,Thermaceae,Meiothermus
GCA_001399775_d__Bacteria_superphylum__none_p__Deinococcus-Thermus_c__Deinococci_o__Thermales_f__Thermaceae_g__Thermus,Bacteria,Deinococcus-Thermus,Deinococci,Thermales,Thermaceae,Thermus
GCA_001007995_d__Bacteria_superphylum__none_p__Deinococcus-Thermus_c__Deinococci_o__Deinococcales_f__Deinococcaceae_g__Deinococcus,Bacteria,Deinococcus-Thermus,Deinococci,Deinococcales,Deinococcaceae,Deinococcus
GCA_000427095_d__Bacteria_superphylum__none_p__Armatimonadetes_c__Chthonomonadetes_o__Chthonomonadales_f__Chthonomonadaceae_g__Chthonomonas,Bacteria,Armatimonadetes,Chthonomonadetes,Chthonomonadales,Chthonomonadaceae,Chthonomonas
GCA_000724625_d__Bacteria_superphylum__none_p__Armatimonadetes_c__Fimbriimonadia_o__Fimbriimonadales_f__Fimbriimonadaceae_g__Fimbriimonas,Bacteria,Armatimonadetes,Fimbriimonadia,Fimbriimonadales,Fimbriimonadaceae,Fimbriimonas
GCA_003243975_d__Bacteria_superphylum__none_p__candidate_division_WPS-2_c__none_o__none_f__none_g__none,Bacteria,candidate division WPS-2,,,,
GCA_000014265_d__Bacteria_superphylum__none_p__Cyanobacteria_c__none_o__Oscillatoriales_f__Microcoleaceae_g__Trichodesmium,Bacteria,Cyanobacteria,,Oscillatoriales,Microcoleaceae,Trichodesmium
GCA_000167195_d__Bacteria_superphylum__none_p__Cyanobacteria_c__none_o__Chroococcales_f__Aphanothecaceae_g__Crocosphaera,Bacteria,Cyanobacteria,,Chroococcales,Aphanothecaceae,Crocosphaera
GCA_000317575_d__Bacteria_superphylum__none_p__Cyanobacteria_c__none_o__Pleurocapsales_f__Dermocarpellaceae_g__Stanieria,Bacteria,Cyanobacteria,,Pleurocapsales,Dermocarpellaceae,Stanieria
GCA_000317615_d__Bacteria_superphylum__none_p__Cyanobacteria_c__none_o__Synechococcales_f__Synechococcaceae_g__Dactylococcopsis,Bacteria,Cyanobacteria,,Synechococcales,Synechococcaceae,Dactylococcopsis
GCA_000317285_d__Bacteria_superphylum__none_p__Cyanobacteria_c__none_o__Nostocales_f__Chlorogloeopsidaceae_g__Chlorogloeopsis,Bacteria,Cyanobacteria,,Nostocales,Chlorogloeopsidaceae,Chlorogloeopsis
GCA_000346485_d__Bacteria_superphylum__none_p__Cyanobacteria_c__none_o__Nostocales_f__Scytonemataceae_g__Scytonema,Bacteria,Cyanobacteria,,Nostocales,Scytonemataceae,Scytonema
GCA_000521175_d__Bacteria_superphylum__none_p__Cyanobacteria_c__none_o__Nostocales_f__Aphanizomenonaceae_g__Aphanizomenon,Bacteria,Cyanobacteria,,Nostocales,Aphanizomenonaceae,Aphanizomenon
GCA_001676585_d__Bacteria_superphylum__none_p__Cyanobacteria_c__none_o__Nostocales_f__Aphanizomenonaceae_g__Cylindrospermopsis,Bacteria,Cyanobacteria,,Nostocales,Aphanizomenonaceae,Cylindrospermopsis
GCA_001904655_d__Bacteria_superphylum__none_p__Cyanobacteria_c__none_o__Chroococcales_f__Chroococcaceae_g__Chroogloeocystis,Bacteria,Cyanobacteria,,Chroococcales,Chroococcaceae,Chroogloeocystis
GCA_000775285_d__Bacteria_superphylum__none_p__Cyanobacteria_c__none_o__Synechococcales_f__Leptolyngbyaceae_g__Neosynechococcus,Bacteria,Cyanobacteria,,Synechococcales,Leptolyngbyaceae,Neosynechococcus
GCA_000332315_d__Bacteria_superphylum__none_p__Cyanobacteria_c__none_o__Synechococcales_f__Prochlorotrichaceae_g__Prochlorothrix,Bacteria,Cyanobacteria,,Synechococcales,Prochlorotrichaceae,Prochlorothrix
GCA_001870225_d__Bacteria_superphylum__none_p__Cyanobacteria_c__none_o__Gloeoemargaritales_f__Gloeomargaritaceae_g__Gloeomargarita,Bacteria,Cyanobacteria,,Gloeoemargaritales,Gloeomargaritaceae,Gloeomargarita
GCA_000015645_d__Bacteria_superphylum__none_p__Cyanobacteria_c__none_o__Synechococcales_f__Prochloraceae_g__Prochlorococcus,Bacteria,Cyanobacteria,,Synechococcales,Prochloraceae,Prochlorococcus
GCA_000484535_d__Bacteria_superphylum__none_p__Cyanobacteria_c__Gloeobacteria_o__Gloeobacterales_f__Gloeobacteraceae_g__Gloeobacter,Bacteria,Cyanobacteria,Gloeobacteria,Gloeobacterales,Gloeobacteraceae,Gloeobacter
GCA_001784555_d__Bacteria_superphylum__none_p__Candidatus_Melainabacteria_c__none_o__none_f__none_g__none,Bacteria,Candidatus Melainabacteria,,,,
GCA_001899365_d__Bacteria_superphylum__none_p__Candidatus_Melainabacteria_c__none_o__Candidatus_Gastranaerophilales_f__none_g__none,Bacteria,Candidatus Melainabacteria,,Candidatus Gastranaerophilales,,
GCA_002083825_d__Bacteria_superphylum__none_p__Candidatus_Sericytochromatia_c__Candidatus_Sericytochromatia_o__none_f__none_g__none,Bacteria,Candidatus Sericytochromatia,Candidatus Sericytochromatia,,,
GCA_003265975_d__Bacteria_superphylum__none_p__Candidatus_Margulisbacteria_c__Candidatus_Marinamargulisbacteria_o__none_f__none_g__none,Bacteria,Candidatus Margulisbacteria,Candidatus Marinamargulisbacteria,,,
GCA_000024905_d__Bacteria_superphylum__none_p__Synergistetes_c__Synergistia_o__Synergistales_f__Synergistaceae_g__Thermanaerovibrio,Bacteria,Synergistetes,Synergistia,Synergistales,Synergistaceae,Thermanaerovibrio
GCA_000266925_d__Bacteria_superphylum__none_p__Synergistetes_c__Synergistia_o__Synergistales_f__Synergistaceae_g__Acetomicrobium,Bacteria,Synergistetes,Synergistia,Synergistales,Synergistaceae,Acetomicrobium
GCA_900177735_d__Bacteria_superphylum__none_p__Synergistetes_c__Synergistia_o__Synergistales_f__Synergistaceae_g__Dethiosulfovibrio,Bacteria,Synergistetes,Synergistia,Synergistales,Synergistaceae,Dethiosulfovibrio
GCA_900465355_d__Bacteria_superphylum__none_p__Candidatus_Bipolaricaulota_c__none_o__none_f__none_g__Candidatus_Bipolaricaulis,Bacteria,Candidatus Bipolaricaulota,,,,Candidatus Bipolaricaulis
GCA_000023325_d__Bacteria_superphylum__none_p__Thermotogae_c__Thermotogae_o__Kosmotogales_f__Kosmotogaceae_g__Kosmotoga,Bacteria,Thermotogae,Thermotogae,Kosmotogales,Kosmotogaceae,Kosmotoga
GCA_002895525_d__Bacteria_superphylum__none_p__Thermotogae_c__Thermotogae_o__Petrotogales_f__none_g__Petrotoga,Bacteria,Thermotogae,Thermotogae,Petrotogales,,Petrotoga
GCA_000767275_d__Bacteria_superphylum__none_p__Thermotogae_c__Thermotogae_o__Thermotogales_f__Fervidobacteriaceae_g__Fervidobacterium,Bacteria,Thermotogae,Thermotogae,Thermotogales,Fervidobacteriaceae,Fervidobacterium
GCA_000816145_d__Bacteria_superphylum__none_p__Thermotogae_c__Thermotogae_o__Thermotogales_f__Thermotogaceae_g__Pseudothermotoga,Bacteria,Thermotogae,Thermotogae,Thermotogales,Thermotogaceae,Pseudothermotoga
GCA_000403075_d__Bacteria_superphylum__none_p__Candidatus_Calescamantes_c__none_o__none_f__none_g__none,Bacteria,Candidatus Calescamantes,,,,
GCA_000020945_d__Bacteria_superphylum__none_p__Coprothermobacterota_c__Coprothermobacteria_o__Coprothermobacterales_f__Coprothermobacteraceae_g__Coprothermobacter,Bacteria,Coprothermobacterota,Coprothermobacteria,Coprothermobacterales,Coprothermobacteraceae,Coprothermobacter
GCA_000284335_d__Bacteria_superphylum__none_p__Caldiserica_c__Caldisericia_o__Caldisericales_f__Caldisericaceae_g__Caldisericum,Bacteria,Caldiserica,Caldisericia,Caldisericales,Caldisericaceae,Caldisericum
GCA_000021645_d__Bacteria_superphylum__none_p__Dictyoglomi_c__Dictyoglomia_o__Dictyoglomales_f__Dictyoglomaceae_g__Dictyoglomus,Bacteria,Dictyoglomi,Dictyoglomia,Dictyoglomales,Dictyoglomaceae,Dictyoglomus
