id,genus
t7792,G0001
t7793,G0001
t7794,G0001
t7795,G0001
t7796,G0001
t7797,G0001
t7798,G0001
t7799,G0001
t7800,F0001
t7801,F0001
t7802,G0001
t7803,G0001
t7804,G0001
t7805,G0001
t7806,G0001
t7807,G0001
t6688,G0002
t6689,G0002
t6690,G0002
t6691,G0002
t6692,G0002
t6693,G0002
t6694,G0002
t6695,G0002
t6696,F0002
t6697,F0002
t6698,G0002
t6699,G0002
t6700,G0002
t6701,G0002
t6702,G0002
t6703,G0002
t6224,G0003
t6225,G0003
t6226,G0003
t6227,G0003
t6228,G0003
t6229,G0003
t6230,G0003
t6231,G0003
t6232,F0003
t6233,F0003
t6234,G0003
t6235,G0003
t6236,G0003
t6237,G0003
t6238,G0003
t6239,G0003
t5376,G0004
t5377,G0004
t5378,G0004
t5379,G0004
t5380,G0004
t5381,G0004
t5382,G0004
t5383,G0004
t5384,F0004
t5385,F0004
t5386,G0004
t5387,G0004
t5388,G0004
t5389,G0004
t5390,G0004
t5391,G0004
t2896,G0005
t2897,G0005
t2898,G0005
t2899,G0005
t2900,G0005
t2901,G0005
t2902,G0005
t2903,G0005
t2904,F0005
t2905,F0005
t2906,G0005
t2907,G0005
t2908,G0005
t2909,G0005
t2910,G0005
t2911,G0005
t6592,G0006
t6593,G0006
t6594,G0006
t6595,G0006
t6596,G0006
t6597,G0006
t6598,G0006
t6599,G0006
t6600,F0006
t6601,F0006
t6602,G0006
t6603,G0006
t6604,G0006
t6605,G0006
t6606,G0006
t6607,G0006
t2912,G0007
t2913,G0007
t2914,G0007
t2915,G0007
t2916,G0007
t2917,G0007
t2918,G0007
t2919,G0007
t2920,F0007
t2921,F0007
t2922,G0007
t2923,G0007
t2924,G0007
t2925,G0007
t2926,G0007
t2927,G0007
t7760,G0008
t7761,G0008
t7762,G0008
t7763,G0008
t7764,G0008
t7765,G0008
t7766,G0008
t7767,G0008
t7768,F0008
t7769,F0008
t7770,G0008
t7771,G0008
t7772,G0008
t7773,G0008
t7774,G0008
t7775,G0008
t1456,G0009
t1457,G0009
t1458,G0009
t1459,G0009
t1460,G0009
t1461,G0009
t1462,G0009
t1463,G0009
t1464,F0009
t1465,F0009
t1466,G0009
t1467,G0009
t1468,G0009
t1469,G0009
t1470,G0009
t1471,G0009
t7424,G0010
t7425,G0010
t7426,G0010
t7427,G0010
t7428,G0010
t7429,G0010
t7430,G0010
t7431,G0010
t7432,F0010
t7433,F0010
t7434,G0010
t7435,G0010
t7436,G0010
t7437,G0010
t7438,G0010
t7439,G0010
t1696,G0011
t1697,G0011
t1698,G0011
t1699,G0011
t1700,G0011
t1701,G0011
t1702,G0011
t1703,G0011
t1704,F0011
t1705,F0011
t1706,G0011
t1707,G0011
t1708,G0011
t1709,G0011
t1710,G0011
t1711,G0011
t7600,G0012
t7601,G0012
t7602,G0012
t7603,G0012
t7604,G0012
t7605,G0012
t7606,G0012
t7607,G0012
t7608,F0012
t7609,F0012
t7610,G0012
t7611,G0012
t7612,G0012
t7613,G0012
t7614,G0012
t7615,G0012
t7536,G0013
t7537,G0013
t7538,G0013
t7539,G0013
t7540,G0013
t7541,G0013
t7542,G0013
t7543,G0013
t7544,F0013
t7545,F0013
t7546,G0013
t7547,G0013
t7548,G0013
t7549,G0013
t7550,G0013
t7551,G0013
t6768,G0014
t6769,G0014
t6770,G0014
t6771,G0014
t6772,G0014
t6773,G0014
t6774,G0014
t6775,G0014
t6776,F0014
t6777,F0014
t6778,G0014
t6779,G0014
t6780,G0014
t6781,G0014
t6782,G0014
t6783,G0014
t6128,G0015
t6129,G0015
t6130,G0015
t6131,G0015
t6132,G0015
t6133,G0015
t6134,G0015
t6135,G0015
t6136,F0015
t6137,F0015
t6138,G0015
t6139,G0015
t6140,G0015
t6141,G0015
t6142,G0015
t6143,G0015
t4160,G0016
t4161,G0016
t4162,G0016
t4163,G0016
t4164,G0016
t4165,G0016
t4166,G0016
t4167,G0016
t4168,F0016
t4169,F0016
t4170,G0016
t4171,G0016
t4172,G0016
t4173,G0016
t4174,G0016
t4175,G0016
t736,G0017
t737,G0017
t738,G0017
t739,G0017
t740,G0017
t741,G0017
t742,G0017
t743,G0017
t744,F0017
t745,F0017
t746,G0017
t747,G0017
t748,G0017
t749,G0017
t750,G0017
t751,G0017
t4064,G0018
t4065,G0018
t4066,G0018
t4067,G0018
t4068,G0018
t4069,G0018
t4070,G0018
t4071,G0018
t4072,F0018
t4073,F0018
t4074,G0018
t4075,G0018
t4076,G0018
t4077,G0018
t4078,G0018
t4079,G0018
t2416,G0019
t2417,G0019
t2418,G0019
t2419,G0019
t2420,G0019
t2421,G0019
t2422,G0019
t2423,G0019
t2424,F0019
t2425,F0019
t2426,G0019
t2427,G0019
t2428,G0019
t2429,G0019
t2430,G0019
t2431,G0019
t416,G0020
t417,G0020
t418,G0020
t419,G0020
t420,G0020
t421,G0020
t422,G0020
t423,G0020
t424,F0020
t425,F0020
t426,G0020
t427,G0020
t428,G0020
t429,G0020
t430,G0020
t431,G0020
t400,G0021
t401,G0021
t402,G0021
t403,G0021
t404,G0021
t405,G0021
t406,G0021
t407,G0021
t408,F0021
t409,F0021
t410,G0021
t411,G0021
t412,G0021
t413,G0021
t414,G0021
t415,G0021
t7776,G0022
t7777,G0022
t7778,G0022
t7779,G0022
t7780,G0022
t7781,G0022
t7782,G0022
t7783,G0022
t7784,F0022
t7785,F0022
t7786,G0022
t7787,G0022
t7788,G0022
t7789,G0022
t7790,G0022
t7791,G0022
t7472,G0023
t7473,G0023
t7474,G0023
t7475,G0023
t7476,G0023
t7477,G0023
t7478,G0023
t7479,G0023
t7480,F0023
t7481,F0023
t7482,G0023
t7483,G0023
t7484,G0023
t7485,G0023
t7486,G0023
t7487,G0023
t7008,G0024
t7009,G0024
t7010,G0024
t7011,G0024
t7012,G0024
t7013,G0024
t7014,G0024
t7015,G0024
t7016,F0024
t7017,F0024
t7018,G0024
t7019,G0024
t7020,G0024
t7021,G0024
t7022,G0024
t7023,G0024
t1040,G0025
t1041,G0025
t1042,G0025
t1043,G0025
t1044,G0025
t1045,G0025
t1046,G0025
t1047,G0025
t1048,F0025
t1049,F0025
t1050,G0025
t1051,G0025
t1052,G0025
t1053,G0025
t1054,G0025
t1055,G0025
t384,G0026
t385,G0026
t386,G0026
t387,G0026
t388,G0026
t389,G0026
t390,G0026
t391,G0026
t392,F0026
t393,F0026
t394,G0026
t395,G0026
t396,G0026
t397,G0026
t398,G0026
t399,G0026
t7616,G0027
t7617,G0027
t7618,G0027
t7619,G0027
t7620,G0027
t7621,G0027
t7622,G0027
t7623,G0027
t7624,F0027
t7625,F0027
t7626,G0027
t7627,G0027
t7628,G0027
t7629,G0027
t7630,G0027
t7631,G0027
t7120,G0028
t7121,G0028
t7122,G0028
t7123,G0028
t7124,G0028
t7125,G0028
t7126,G0028
t7127,G0028
t7128,F0028
t7129,F0028
t7130,G0028
t7131,G0028
t7132,G0028
t7133,G0028
t7134,G0028
t7135,G0028
t3648,G0029
t3649,G0029
t3650,G0029
t3651,G0029
t3652,G0029
t3653,G0029
t3654,G0029
t3655,G0029
t3656,F0029
t3657,F0029
t3658,G0029
t3659,G0029
t3660,G0029
t3661,G0029
t3662,G0029
t3663,G0029
t1792,G0030
t1793,G0030
t1794,G0030
t1795,G0030
t1796,G0030
t1797,G0030
t1798,G0030
t1799,G0030
t1800,F0030
t1801,F0030
t1802,G0030
t1803,G0030
t1804,G0030
t1805,G0030
t1806,G0030
t1807,G0030
t6336,G0031
t6337,G0031
t6338,G0031
t6339,G0031
t6340,G0031
t6341,G0031
t6342,G0031
t6343,G0031
t6348,G0031
t6349,G0031
t6350,G0031
t6351,G0031
t1536,G0032
t1537,G0032
t1538,G0032
t1539,G0032
t1540,G0032
t1541,G0032
t1542,G0032
t1543,G0032
t1548,G0032
t1549,G0032
t1550,G0032
t1551,G0032
t672,G0033
t673,G0033
t674,G0033
t675,G0033
t676,G0033
t677,G0033
t678,G0033
t679,G0033
t684,G0033
t685,G0033
t686,G0033
t687,G0033
t64,G0034
t65,G0034
t66,G0034
t67,G0034
t68,G0034
t69,G0034
t70,G0034
t71,G0034
t76,G0034
t77,G0034
t78,G0034
t79,G0034
t4176,G0035
t4177,G0035
t4178,G0035
t4179,G0035
t4180,G0035
t4181,G0035
t4182,G0035
t4183,G0035
t4188,G0035
t4189,G0035
t4190,G0035
t4191,G0035
t2032,G0036
t2033,G0036
t2034,G0036
t2035,G0036
t2036,G0036
t2037,G0036
t2038,G0036
t2039,G0036
t2044,G0036
t2045,G0036
t2046,G0036
t2047,G0036
t608,G0037
t609,G0037
t610,G0037
t611,G0037
t612,G0037
t613,G0037
t614,G0037
t615,G0037
t620,G0037
t621,G0037
t622,G0037
t623,G0037
t4560,G0038
t4561,G0038
t4562,G0038
t4563,G0038
t4564,G0038
t4565,G0038
t4566,G0038
t4567,G0038
t4572,G0038
t4573,G0038
t4574,G0038
t4575,G0038
t7840,G0039
t7841,G0039
t7842,G0039
t7843,G0039
t7844,G0039
t7845,G0039
t7846,G0039
t7847,G0039
t7852,G0039
t7853,G0039
t7854,G0039
t7855,G0039
t6784,G0040
t6785,G0040
t6786,G0040
t6787,G0040
t6788,G0040
t6789,G0040
t6790,G0040
t6791,G0040
t6796,G0040
t6797,G0040
t6798,G0040
t6799,G0040
t560,G0041
t561,G0041
t562,G0041
t563,G0041
t564,G0041
t565,G0041
t566,G0041
t567,G0041
t572,G0041
t573,G0041
t574,G0041
t575,G0041
t5104,G0042
t5105,G0042
t5106,G0042
t5107,G0042
t5108,G0042
t5109,G0042
t5110,G0042
t5111,G0042
t5116,G0042
t5117,G0042
t5118,G0042
t5119,G0042
t3712,G0043
t3713,G0043
t3714,G0043
t3715,G0043
t3716,G0043
t3717,G0043
t3718,G0043
t3719,G0043
t3724,G0043
t3725,G0043
t3726,G0043
t3727,G0043
t2592,G0044
t2593,G0044
t2594,G0044
t2595,G0044
t2596,G0044
t2597,G0044
t2598,G0044
t2599,G0044
t2604,G0044
t2605,G0044
t2606,G0044
t2607,G0044
t3824,G0045
t3825,G0045
t3826,G0045
t3827,G0045
t3828,G0045
t3829,G0045
t3830,G0045
t3831,G0045
t3836,G0045
t3837,G0045
t3838,G0045
t3839,G0045
t576,G0046
t577,G0046
t578,G0046
t579,G0046
t580,G0046
t581,G0046
t582,G0046
t583,G0046
t588,G0046
t589,G0046
t590,G0046
t591,G0046
t7888,G0047
t7889,G0047
t7890,G0047
t7891,G0047
t7892,G0047
t7893,G0047
t7894,G0047
t7895,G0047
t7900,G0047
t7901,G0047
t7902,G0047
t7903,G0047
t5808,G0048
t5809,G0048
t5810,G0048
t5811,G0048
t5812,G0048
t5813,G0048
t5814,G0048
t5815,G0048
t5820,G0048
t5821,G0048
t5822,G0048
t5823,G0048
t304,G0049
t305,G0049
t306,G0049
t307,G0049
t308,G0049
t309,G0049
t310,G0049
t311,G0049
t316,G0049
t317,G0049
t318,G0049
t319,G0049
t592,G0050
t593,G0050
t594,G0050
t595,G0050
t596,G0050
t597,G0050
t598,G0050
t599,G0050
t604,G0050
t605,G0050
t606,G0050
t607,G0050
t1360,G0051
t1361,G0051
t1362,G0051
t1363,G0051
t1364,G0051
t1365,G0051
t1366,G0051
t1367,G0051
t1372,G0051
t1373,G0051
t1374,G0051
t1375,G0051
t704,G0052
t705,G0052
t706,G0052
t707,G0052
t708,G0052
t709,G0052
t710,G0052
t711,G0052
t716,G0052
t717,G0052
t718,G0052
t719,G0052
t2800,G0053
t2801,G0053
t2802,G0053
t2803,G0053
t2804,G0053
t2805,G0053
t2806,G0053
t2807,G0053
t2812,G0053
t2813,G0053
t2814,G0053
t2815,G0053
t3376,G0054
t3377,G0054
t3378,G0054
t3379,G0054
t3380,G0054
t3381,G0054
t3382,G0054
t3383,G0054
t3388,G0054
t3389,G0054
t3390,G0054
t3391,G0054
t912,G0055
t913,G0055
t914,G0055
t915,G0055
t916,G0055
t917,G0055
t918,G0055
t919,G0055
t924,G0055
t925,G0055
t926,G0055
t927,G0055
t5856,G0056
t5857,G0056
t5858,G0056
t5859,G0056
t5860,G0056
t5861,G0056
t5862,G0056
t5863,G0056
t5868,G0056
t5869,G0056
t5870,G0056
t5871,G0056
t4192,G0057
t4193,G0057
t4194,G0057
t4195,G0057
t4196,G0057
t4197,G0057
t4198,G0057
t4199,G0057
t4204,G0057
t4205,G0057
t4206,G0057
t4207,G0057
t7568,G0058
t7569,G0058
t7570,G0058
t7571,G0058
t7572,G0058
t7573,G0058
t7574,G0058
t7575,G0058
t7580,G0058
t7581,G0058
t7582,G0058
t7583,G0058
t3776,G0059
t3777,G0059
t3778,G0059
t3779,G0059
t3780,G0059
t3781,G0059
t3782,G0059
t3783,G0059
t3788,G0059
t3789,G0059
t3790,G0059
t3791,G0059
t4336,G0060
t4337,G0060
t4338,G0060
t4339,G0060
t4340,G0060
t4341,G0060
t4342,G0060
t4343,G0060
t4348,G0060
t4349,G0060
t4350,G0060
t4351,G0060
t5744,G0061
t5745,G0061
t5746,G0061
t5747,G0061
t5748,F0061
t5749,F0061
t5750,F0061
t5751,F0061
t5752,G0062
t5753,G0062
t5754,G0062
t5755,G0062
t5756,F0062
t5757,F0062
t5758,F0062
t5759,F0062
t5328,G0063
t5329,G0063
t5330,G0063
t5331,G0063
t5332,F0063
t5333,F0063
t5334,F0063
t5335,F0063
t5336,G0064
t5337,G0064
t5338,G0064
t5339,G0064
t5340,F0064
t5341,F0064
t5342,F0064
t5343,F0064
t6048,G0065
t6049,G0065
t6050,G0065
t6051,G0065
t6052,F0065
t6053,F0065
t6054,F0065
t6055,F0065
t6056,G0066
t6057,G0066
t6058,G0066
t6059,G0066
t6060,F0066
t6061,F0066
t6062,F0066
t6063,F0066
t4032,G0067
t4033,G0067
t4034,G0067
t4035,G0067
t4036,F0067
t4037,F0067
t4038,F0067
t4039,F0067
t4040,G0068
t4041,G0068
t4042,G0068
t4043,G0068
t4044,F0068
t4045,F0068
t4046,F0068
t4047,F0068
t4624,G0069
t4625,G0069
t4626,G0069
t4627,G0069
t4628,F0069
t4629,F0069
t4630,F0069
t4631,F0069
t4632,G0070
t4633,G0070
t4634,G0070
t4635,G0070
t4636,F0070
t4637,F0070
t4638,F0070
t4639,F0070
t4896,G0071
t4897,G0071
t4898,G0071
t4899,G0071
t4900,F0071
t4901,F0071
t4902,F0071
t4903,F0071
t4904,G0072
t4905,G0072
t4906,G0072
t4907,G0072
t4908,F0072
t4909,F0072
t4910,F0072
t4911,F0072
t5424,G0073
t5425,G0073
t5426,G0073
t5427,G0073
t5428,F0073
t5429,F0073
t5430,F0073
t5431,F0073
t5432,G0074
t5433,G0074
t5434,G0074
t5435,G0074
t5436,F0074
t5437,F0074
t5438,F0074
t5439,F0074
t7152,G0075
t7153,G0075
t7154,G0075
t7155,G0075
t7156,F0075
t7157,F0075
t7158,F0075
t7159,F0075
t7160,G0076
t7161,G0076
t7162,G0076
t7163,G0076
t7164,F0076
t7165,F0076
t7166,F0076
t7167,F0076
t4464,G0077
t4465,G0077
t4466,G0077
t4467,G0077
t4468,F0077
t4469,F0077
t4470,F0077
t4471,F0077
t4472,G0078
t4473,G0078
t4474,G0078
t4475,G0078
t4476,F0078
t4477,F0078
t4478,F0078
t4479,F0078
t4528,G0079
t4529,G0079
t4530,G0079
t4531,G0079
t4532,F0079
t4533,F0079
t4534,F0079
t4535,F0079
t4536,G0080
t4537,G0080
t4538,G0080
t4539,G0080
t4540,F0080
t4541,F0080
t4542,F0080
t4543,F0080
t2848,G0081
t2849,G0081
t2850,G0081
t2851,G0081
t2852,F0081
t2853,F0081
t2854,F0081
t2855,F0081
t2856,G0082
t2857,G0082
t2858,G0082
t2859,G0082
t2860,F0082
t2861,F0082
t2862,F0082
t2863,F0082
t2256,G0083
t2257,G0083
t2258,G0083
t2259,G0083
t2260,F0083
t2261,F0083
t2262,F0083
t2263,F0083
t2264,G0084
t2265,G0084
t2266,G0084
t2267,G0084
t2268,F0084
t2269,F0084
t2270,F0084
t2271,F0084
t6192,G0085
t6193,G0085
t6194,G0085
t6195,G0085
t6196,F0085
t6197,F0085
t6198,F0085
t6199,F0085
t6200,G0086
t6201,G0086
t6202,G0086
t6203,G0086
t6204,F0086
t6205,F0086
t6206,F0086
t6207,F0086
t2064,G0087
t2065,G0087
t2066,G0087
t2067,G0087
t2068,F0087
t2069,F0087
t2070,F0087
t2071,F0087
t2072,G0088
t2073,G0088
t2074,G0088
t2075,G0088
t2076,F0088
t2077,F0088
t2078,F0088
t2079,F0088
t1248,G0089
t1249,G0089
t1250,G0089
t1251,G0089
t1252,F0089
t1253,F0089
t1254,F0089
t1255,F0089
t1256,G0090
t1257,G0090
t1258,G0090
t1259,G0090
t1260,F0090
t1261,F0090
t1262,F0090
t1263,F0090
t7056,G0091
t7057,G0091
t7058,G0091
t7059,G0091
t7060,F0091
t7061,F0091
t7062,G0091
t7063,G0091
t7064,G0092
t7065,G0092
t7066,G0092
t7067,G0092
t7068,F0092
t7069,F0092
t7070,G0092
t7071,G0092
t2016,G0093
t2017,G0093
t2018,G0093
t2019,G0093
t2020,F0093
t2021,F0093
t2022,G0093
t2023,G0093
t2024,G0094
t2025,G0094
t2026,G0094
t2027,G0094
t2028,F0094
t2029,F0094
t2030,G0094
t2031,G0094
t5280,G0095
t5281,G0095
t5282,G0095
t5283,G0095
t5284,F0095
t5285,F0095
t5286,G0095
t5287,G0095
t5288,G0096
t5289,G0096
t5290,G0096
t5291,G0096
t5292,F0096
t5293,F0096
t5294,G0096
t5295,G0096
t2736,G0097
t2737,G0097
t2738,G0097
t2739,G0097
t2740,F0097
t2741,F0097
t2742,G0097
t2743,G0097
t2744,G0098
t2745,G0098
t2746,G0098
t2747,G0098
t2748,F0098
t2749,F0098
t2750,G0098
t2751,G0098
t1872,G0099
t1873,G0099
t1874,G0099
t1875,G0099
t1876,F0099
t1877,F0099
t1878,G0099
t1879,G0099
t1880,G0100
t1881,G0100
t1882,G0100
t1883,G0100
t1884,F0100
t1885,F0100
t1886,G0100
t1887,G0100
t4768,G0101
t4769,G0101
t4770,G0101
t4771,G0101
t4772,F0101
t4773,F0101
t4774,G0101
t4775,G0101
t4776,G0102
t4777,G0102
t4778,G0102
t4779,G0102
t4780,F0102
t4781,F0102
t4782,G0102
t4783,G0102
t6000,G0103
t6001,G0103
t6002,G0103
t6003,G0103
t6004,F0103
t6005,F0103
t6006,G0103
t6007,G0103
t6008,G0104
t6009,G0104
t6010,G0104
t6011,G0104
t6012,F0104
t6013,F0104
t6014,G0104
t6015,G0104
t944,G0105
t945,G0105
t946,G0105
t947,G0105
t948,F0105
t949,F0105
t950,G0105
t951,G0105
t952,G0106
t953,G0106
t954,G0106
t955,G0106
t956,F0106
t957,F0106
t958,G0106
t959,G0106
t6656,G0107
t6657,G0107
t6658,G0107
t6659,G0107
t6660,F0107
t6661,F0107
t6662,G0107
t6663,G0107
t6664,G0108
t6665,G0108
t6666,G0108
t6667,G0108
t6668,F0108
t6669,F0108
t6670,G0108
t6671,G0108
t8016,G0109
t8017,G0109
t8018,G0109
t8019,G0109
t8020,F0109
t8021,F0109
t8022,G0109
t8023,G0109
t8024,G0110
t8025,G0110
t8026,G0110
t8027,G0110
t8028,F0110
t8029,F0110
t8030,G0110
t8031,G0110
t1136,G0111
t1137,G0111
t1138,G0111
t1139,G0111
t1140,F0111
t1141,F0111
t1142,G0111
t1143,G0111
t1144,G0112
t1145,G0112
t1146,G0112
t1147,G0112
t1148,F0112
t1149,F0112
t1150,G0112
t1151,G0112
t6528,G0113
t6529,G0113
t6530,G0113
t6531,G0113
t6532,F0113
t6533,F0113
t6534,G0113
t6535,G0113
t6536,G0114
t6537,G0114
t6538,G0114
t6539,G0114
t6540,F0114
t6541,F0114
t6542,G0114
t6543,G0114
t656,G0115
t657,G0115
t658,G0115
t659,G0115
t660,F0115
t661,F0115
t662,G0115
t663,G0115
t664,G0116
t665,G0116
t666,G0116
t667,G0116
t668,F0116
t669,F0116
t670,G0116
t671,G0116
t5296,G0117
t5297,G0117
t5298,G0117
t5299,G0117
t5300,F0117
t5301,F0117
t5302,G0117
t5303,G0117
t5304,G0118
t5305,G0118
t5306,G0118
t5307,G0118
t5308,F0118
t5309,F0118
t5310,G0118
t5311,G0118
t6096,G0119
t6097,G0119
t6098,G0119
t6099,G0119
t6100,F0119
t6101,F0119
t6102,G0119
t6103,G0119
t6104,G0120
t6105,G0120
t6106,G0120
t6107,G0120
t6108,F0120
t6109,F0120
t6110,G0120
t6111,G0120
t7808,G0121
t7809,G0121
t7812,G0121
t7813,G0121
t7810,F0121
t7811,F0121
t7814,F0121
t7815,F0121
t7816,G0122
t7817,G0122
t7820,G0122
t7821,G0122
t7818,F0122
t7819,F0122
t7822,F0122
t7823,F0122
t448,G0123
t449,G0123
t452,G0123
t453,G0123
t450,F0123
t451,F0123
t454,F0123
t455,F0123
t456,G0124
t457,G0124
t460,G0124
t461,G0124
t458,F0124
t459,F0124
t462,F0124
t463,F0124
t864,G0125
t865,G0125
t868,G0125
t869,G0125
t866,F0125
t867,F0125
t870,F0125
t871,F0125
t872,G0126
t873,G0126
t876,G0126
t877,G0126
t874,F0126
t875,F0126
t878,F0126
t879,F0126
t6144,G0127
t6145,G0127
t6148,G0127
t6149,G0127
t6146,F0127
t6147,F0127
t6150,F0127
t6151,F0127
t6152,G0128
t6153,G0128
t6156,G0128
t6157,G0128
t6154,F0128
t6155,F0128
t6158,F0128
t6159,F0128
t1200,G0129
t1201,G0129
t1204,G0129
t1205,G0129
t1202,F0129
t1203,F0129
t1206,F0129
t1207,F0129
t1208,G0130
t1209,G0130
t1212,G0130
t1213,G0130
t1210,F0130
t1211,F0130
t1214,F0130
t1215,F0130
t1648,G0131
t1649,G0131
t1652,G0131
t1653,G0131
t1650,F0131
t1651,F0131
t1654,F0131
t1655,F0131
t1656,G0132
t1657,G0132
t1660,G0132
t1661,G0132
t1658,F0132
t1659,F0132
t1662,F0132
t1663,F0132
t6304,G0133
t6305,G0133
t6308,G0133
t6309,G0133
t6306,F0133
t6307,F0133
t6310,F0133
t6311,F0133
t6312,G0134
t6313,G0134
t6316,G0134
t6317,G0134
t6314,F0134
t6315,F0134
t6318,F0134
t6319,F0134
t2640,G0135
t2641,G0135
t2644,G0135
t2645,G0135
t2642,F0135
t2643,F0135
t2646,F0135
t2647,F0135
t2648,G0136
t2649,G0136
t2652,G0136
t2653,G0136
t2650,F0136
t2651,F0136
t2654,F0136
t2655,F0136
t432,G0137
t433,G0137
t436,G0137
t437,G0137
t434,F0137
t435,F0137
t438,F0137
t439,F0137
t440,G0138
t441,G0138
t444,G0138
t445,G0138
t442,F0138
t443,F0138
t446,F0138
t447,F0138
t3456,G0139
t3457,G0139
t3460,G0139
t3461,G0139
t3458,F0139
t3459,F0139
t3462,F0139
t3463,F0139
t3464,G0140
t3465,G0140
t3468,G0140
t3469,G0140
t3466,F0140
t3467,F0140
t3470,F0140
t3471,F0140
t32,G0141
t33,G0141
t36,G0141
t37,G0141
t34,F0141
t35,F0141
t38,F0141
t39,F0141
t40,G0142
t41,G0142
t44,G0142
t45,G0142
t42,F0142
t43,F0142
t46,F0142
t47,F0142
t2960,G0143
t2961,G0143
t2964,G0143
t2965,G0143
t2962,F0143
t2963,F0143
t2966,F0143
t2967,F0143
t2968,G0144
t2969,G0144
t2972,G0144
t2973,G0144
t2970,F0144
t2971,F0144
t2974,F0144
t2975,F0144
t4016,G0145
t4017,G0145
t4020,G0145
t4021,G0145
t4018,F0145
t4019,F0145
t4022,F0145
t4023,F0145
t4024,G0146
t4025,G0146
t4028,G0146
t4029,G0146
t4026,F0146
t4027,F0146
t4030,F0146
t4031,F0146
t1408,G0147
t1409,G0147
t1412,G0147
t1413,G0147
t1410,F0147
t1411,F0147
t1414,F0147
t1415,F0147
t1416,G0148
t1417,G0148
t1420,G0148
t1421,G0148
t1418,F0148
t1419,F0148
t1422,F0148
t1423,F0148
t7168,G0149
t7169,G0149
t7172,G0149
t7173,G0149
t7170,F0149
t7171,F0149
t7174,F0149
t7175,F0149
t7176,G0150
t7177,G0150
t7180,G0150
t7181,G0150
t7178,F0150
t7179,F0150
t7182,F0150
t7183,F0150
t4112,G0151
t4113,G0151
t4114,G0151
t4115,G0151
t4116,F0151
t4117,F0151
t4118,F0151
t4119,F0151
phantom_151_a,G0151
phantom_151_b,G0151
t4120,G0152
t4121,G0152
t4122,G0152
t4123,G0152
t4124,F0152
t4125,F0152
t4126,F0152
t4127,F0152
phantom_152_a,G0152
phantom_152_b,G0152
t2240,G0153
t2241,G0153
t2242,G0153
t2243,G0153
t2244,F0153
t2245,F0153
t2246,F0153
t2247,F0153
phantom_153_a,G0153
phantom_153_b,G0153
t2248,G0154
t2249,G0154
t2250,G0154
t2251,G0154
t2252,F0154
t2253,F0154
t2254,F0154
t2255,F0154
phantom_154_a,G0154
phantom_154_b,G0154
t5344,G0155
t5345,G0155
t5346,G0155
t5347,G0155
t5348,F0155
t5349,F0155
t5350,F0155
t5351,F0155
phantom_155_a,G0155
phantom_155_b,G0155
t5352,G0156
t5353,G0156
t5354,G0156
t5355,G0156
t5356,F0156
t5357,F0156
t5358,F0156
t5359,F0156
phantom_156_a,G0156
phantom_156_b,G0156
t2656,G0157
t2657,G0157
t2658,G0157
t2659,G0157
t2660,F0157
t2661,F0157
t2662,F0157
t2663,F0157
phantom_157_a,G0157
phantom_157_b,G0157
t2664,G0158
t2665,G0158
t2666,G0158
t2667,G0158
t2668,F0158
t2669,F0158
t2670,F0158
t2671,F0158
phantom_158_a,G0158
phantom_158_b,G0158
t4240,G0159
t4241,G0159
t4242,G0159
t4243,G0159
t4244,F0159
t4245,F0159
t4246,F0159
t4247,F0159
phantom_159_a,G0159
phantom_159_b,G0159
t4248,G0160
t4249,G0160
t4250,G0160
t4251,G0160
t4252,F0160
t4253,F0160
t4254,F0160
t4255,F0160
phantom_160_a,G0160
phantom_160_b,G0160
t4544,G0161
t4545,G0161
t4546,G0161
t4547,G0161
t4548,F0161
t4549,F0161
t4550,F0161
t4551,F0161
phantom_161_a,G0161
phantom_161_b,G0161
t4552,G0162
t4553,G0162
t4554,G0162
t4555,G0162
t4556,F0162
t4557,F0162
t4558,F0162
t4559,F0162
phantom_162_a,G0162
phantom_162_b,G0162
t7984,G0163
t7985,G0163
t7986,G0163
t7987,G0163
t7988,F0163
t7989,F0163
t7990,F0163
t7991,F0163
phantom_163_a,G0163
phantom_163_b,G0163
t7992,G0164
t7993,G0164
t7994,G0164
t7995,G0164
t7996,F0164
t7997,F0164
t7998,F0164
t7999,F0164
phantom_164_a,G0164
phantom_164_b,G0164
t5920,G0165
t5921,G0165
t5922,G0165
t5923,G0165
t5924,F0165
t5925,F0165
t5926,F0165
t5927,F0165
phantom_165_a,G0165
phantom_165_b,G0165
t5928,G0166
t5929,G0166
t5930,G0166
t5931,G0166
t5932,F0166
t5933,F0166
t5934,F0166
t5935,F0166
phantom_166_a,G0166
phantom_166_b,G0166
t5776,G0167
t5777,G0167
t5778,G0167
t5779,G0167
t5780,F0167
t5781,F0167
t5782,F0167
t5783,F0167
phantom_167_a,G0167
phantom_167_b,G0167
t5784,G0168
t5785,G0168
t5786,G0168
t5787,G0168
t5788,F0168
t5789,F0168
t5790,F0168
t5791,F0168
phantom_168_a,G0168
phantom_168_b,G0168
t4400,G0169
t4401,G0169
t4402,G0169
t4403,G0169
t4404,F0169
t4405,F0169
t4406,F0169
t4407,F0169
phantom_169_a,G0169
phantom_169_b,G0169
t4408,G0170
t4409,G0170
t4410,G0170
t4411,G0170
t4412,F0170
t4413,F0170
t4414,F0170
t4415,F0170
phantom_170_a,G0170
phantom_170_b,G0170
t5600,G0171
t5601,G0171
t5602,G0171
t5603,G0171
t5604,F0171
t5605,F0171
t5606,F0171
t5607,F0171
phantom_171_a,G0171
phantom_171_b,G0171
t5608,G0172
t5609,G0172
t5610,G0172
t5611,G0172
t5612,F0172
t5613,F0172
t5614,F0172
t5615,F0172
phantom_172_a,G0172
phantom_172_b,G0172
t7504,G0173
t7505,G0173
t7506,G0173
t7507,G0173
t7508,F0173
t7509,F0173
t7510,F0173
t7511,F0173
phantom_173_a,G0173
phantom_173_b,G0173
t7512,G0174
t7513,G0174
t7514,G0174
t7515,G0174
t7516,F0174
t7517,F0174
t7518,F0174
t7519,F0174
phantom_174_a,G0174
phantom_174_b,G0174
t5568,G0175
t5569,G0175
t5570,G0175
t5571,G0175
t5572,F0175
t5573,F0175
t5574,F0175
t5575,F0175
phantom_175_a,G0175
phantom_175_b,G0175
t5576,G0176
t5577,G0176
t5578,G0176
t5579,G0176
t5580,F0176
t5581,F0176
t5582,F0176
t5583,F0176
phantom_176_a,G0176
phantom_176_b,G0176
t5552,G0177
t5553,G0177
t5554,G0177
t5555,G0177
t5556,F0177
t5557,F0177
t5558,F0177
t5559,F0177
phantom_177_a,G0177
phantom_177_b,G0177
t5560,G0178
t5561,G0178
t5562,G0178
t5563,G0178
t5564,F0178
t5565,F0178
t5566,F0178
t5567,F0178
phantom_178_a,G0178
phantom_178_b,G0178
t1600,G0179
t1601,G0179
t1602,G0179
t1603,G0179
t1604,F0179
t1605,F0179
t1606,F0179
t1607,F0179
phantom_179_a,G0179
phantom_179_b,G0179
t1608,G0180
t1609,G0180
t1610,G0180
t1611,G0180
t1612,F0180
t1613,F0180
t1614,F0180
t1615,F0180
phantom_180_a,G0180
phantom_180_b,G0180
t6640,G0181
t6641,G0181
t6642,G0181
t6643,G0181
t6644,G0181
t6645,G0181
t6646,G0181
t6647,G0181
t6648,G0181
t6649,G0181
t6650,G0181
t6651,G0181
t6652,G0181
t6653,G0181
t6654,G0181
t6655,G0181
t3104,G0182
t3105,G0182
t3106,G0182
t3107,G0182
t3108,G0182
t3109,G0182
t3110,G0182
t3111,G0182
t3112,G0182
t3113,G0182
t3114,G0182
t3115,G0182
t3116,G0182
t3117,G0182
t3118,G0182
t3119,G0182
t5408,G0183
t5409,G0183
t5410,G0183
t5411,G0183
t5412,G0183
t5413,G0183
t5414,G0183
t5415,G0183
t5416,G0183
t5417,G0183
t5418,G0183
t5419,G0183
t5420,G0183
t5421,G0183
t5422,G0183
t5423,G0183
t752,G0184
t753,G0184
t754,G0184
t755,G0184
t756,G0184
t757,G0184
t758,G0184
t759,G0184
t760,G0184
t761,G0184
t762,G0184
t763,G0184
t764,G0184
t765,G0184
t766,G0184
t767,G0184
t3136,G0185
t3137,G0185
t3138,G0185
t3139,G0185
t3140,G0185
t3141,G0185
t3142,G0185
t3143,G0185
t3144,G0185
t3145,G0185
t3146,G0185
t3147,G0185
t3148,G0185
t3149,G0185
t3150,G0185
t3151,G0185
t2368,G0186
t2369,G0186
t2370,G0186
t2371,G0186
t2372,G0186
t2373,G0186
t2374,G0186
t2375,G0186
t2376,G0186
t2377,G0186
t2378,G0186
t2379,G0186
t2380,G0186
t2381,G0186
t2382,G0186
t2383,G0186
t1152,G0187
t1153,G0187
t1154,G0187
t1155,G0187
t1156,G0187
t1157,G0187
t1158,G0187
t1159,G0187
t1160,G0187
t1161,G0187
t1162,G0187
t1163,G0187
t1164,G0187
t1165,G0187
t1166,G0187
t1167,G0187
t320,G0188
t321,G0188
t322,G0188
t323,G0188
t324,G0188
t325,G0188
t326,G0188
t327,G0188
t328,G0188
t329,G0188
t330,G0188
t331,G0188
t332,G0188
t333,G0188
t334,G0188
t335,G0188
t4288,G0189
t4289,G0189
t4290,G0189
t4291,G0189
t4292,G0189
t4293,G0189
t4294,G0189
t4295,G0189
t4296,G0189
t4297,G0189
t4298,G0189
t4299,G0189
t4300,G0189
t4301,G0189
t4302,G0189
t4303,G0189
t2512,G0190
t2513,G0190
t2514,G0190
t2515,G0190
t2516,G0190
t2517,G0190
t2518,G0190
t2519,G0190
t2520,G0190
t2521,G0190
t2522,G0190
t2523,G0190
t2524,G0190
t2525,G0190
t2526,G0190
t2527,G0190
t6512,G0191
t6513,G0191
t6514,G0191
t6515,G0191
t6516,G0191
t6517,G0191
t6518,G0191
t6519,G0191
t6520,G0191
t6521,G0191
t6522,G0191
t6523,G0191
t6524,G0191
t6525,G0191
t6526,G0191
t6527,G0191
t8032,G0192
t8033,G0192
t8034,G0192
t8035,G0192
t8036,G0192
t8037,G0192
t8038,G0192
t8039,G0192
t8040,G0192
t8041,G0192
t8042,G0192
t8043,G0192
t8044,G0192
t8045,G0192
t8046,G0192
t8047,G0192
t1744,G0193
t1745,G0193
t1746,G0193
t1747,G0193
t1748,G0193
t1749,G0193
t1750,G0193
t1751,G0193
t1752,G0193
t1753,G0193
t1754,G0193
t1755,G0193
t1756,G0193
t1757,G0193
t1758,G0193
t1759,G0193
t1344,G0194
t1345,G0194
t1346,G0194
t1347,G0194
t1348,G0194
t1349,G0194
t1350,G0194
t1351,G0194
t1352,G0194
t1353,G0194
t1354,G0194
t1355,G0194
t1356,G0194
t1357,G0194
t1358,G0194
t1359,G0194
t768,G0195
t769,G0195
t770,G0195
t771,G0195
t772,G0195
t773,G0195
t774,G0195
t775,G0195
t776,G0195
t777,G0195
t778,G0195
t779,G0195
t780,G0195
t781,G0195
t782,G0195
t783,G0195
t6576,G0196
t6577,G0196
t6578,G0196
t6579,G0196
t6580,G0196
t6581,G0196
t6582,G0196
t6583,G0196
t6584,G0196
t6585,G0196
t6586,G0196
t6587,G0196
t6588,G0196
t6589,G0196
t6590,G0196
t6591,G0196
t1472,G0197
t1473,G0197
t1474,G0197
t1475,G0197
t1476,G0197
t1477,G0197
t1478,G0197
t1479,G0197
t1480,G0197
t1481,G0197
t1482,G0197
t1483,G0197
t1484,G0197
t1485,G0197
t1486,G0197
t1487,G0197
t6272,G0198
t6273,G0198
t6274,G0198
t6275,G0198
t6276,G0198
t6277,G0198
t6278,G0198
t6279,G0198
t6280,G0198
t6281,G0198
t6282,G0198
t6283,G0198
t6284,G0198
t6285,G0198
t6286,G0198
t6287,G0198
t1584,G0199
t1585,G0199
t1586,G0199
t1587,G0199
t1588,G0199
t1589,G0199
t1590,G0199
t1591,G0199
t1592,G0199
t1593,G0199
t1594,G0199
t1595,G0199
t1596,G0199
t1597,G0199
t1598,G0199
t1599,G0199
t7872,G0200
t7873,G0200
t7874,G0200
t7875,G0200
t7876,G0200
t7877,G0200
t7878,G0200
t7879,G0200
t7880,G0200
t7881,G0200
t7882,G0200
t7883,G0200
t7884,G0200
t7885,G0200
t7886,G0200
t7887,G0200
t1424,G0201
t1425,G0201
t1426,G0201
t1427,G0201
t1428,G0201
t1429,G0201
t1430,G0201
t1431,G0201
t1432,G0201
t1433,G0201
t1434,G0201
t1435,G0201
t1436,G0201
t1437,G0201
t1438,G0201
t1439,G0201
t5984,G0202
t5985,G0202
t5986,G0202
t5987,G0202
t5988,G0202
t5989,G0202
t5990,G0202
t5991,G0202
t5992,G0202
t5993,G0202
t5994,G0202
t5995,G0202
t5996,G0202
t5997,G0202
t5998,G0202
t5999,G0202
t2304,G0203
t2305,G0203
t2306,G0203
t2307,G0203
t2308,G0203
t2309,G0203
t2310,G0203
t2311,G0203
t2312,G0203
t2313,G0203
t2314,G0203
t2315,G0203
t2316,G0203
t2317,G0203
t2318,G0203
t2319,G0203
t7824,G0204
t7825,G0204
t7826,G0204
t7827,G0204
t7828,G0204
t7829,G0204
t7830,G0204
t7831,G0204
t7832,G0204
t7833,G0204
t7834,G0204
t7835,G0204
t7836,G0204
t7837,G0204
t7838,G0204
t7839,G0204
t1280,G0205
t1281,G0205
t1282,G0205
t1283,G0205
t1284,G0205
t1285,G0205
t1286,G0205
t1287,G0205
t1288,G0205
t1289,G0205
t1290,G0205
t1291,G0205
t1292,G0205
t1293,G0205
t1294,G0205
t1295,G0205
t2000,G0206
t2001,G0206
t2002,G0206
t2003,G0206
t2004,G0206
t2005,G0206
t2006,G0206
t2007,G0206
t2008,G0206
t2009,G0206
t2010,G0206
t2011,G0206
t2012,G0206
t2013,G0206
t2014,G0206
t2015,G0206
t3200,G0207
t3201,G0207
t3202,G0207
t3203,G0207
t3204,G0207
t3205,G0207
t3206,G0207
t3207,G0207
t3208,G0207
t3209,G0207
t3210,G0207
t3211,G0207
t3212,G0207
t3213,G0207
t3214,G0207
t3215,G0207
t6288,G0208
t6289,G0208
t6290,G0208
t6291,G0208
t6292,G0208
t6293,G0208
t6294,G0208
t6295,G0208
t6296,G0208
t6297,G0208
t6298,G0208
t6299,G0208
t6300,G0208
t6301,G0208
t6302,G0208
t6303,G0208
t6176,G0209
t6177,G0209
t6178,G0209
t6179,G0209
t6180,G0209
t6181,G0209
t6182,G0209
t6183,G0209
t6184,G0209
t6185,G0209
t6186,G0209
t6187,G0209
t6188,G0209
t6189,G0209
t6190,G0209
t6191,G0209
t7344,G0210
t7345,G0210
t7346,G0210
t7347,G0210
t7348,G0210
t7349,G0210
t7350,G0210
t7351,G0210
t7352,G0210
t7353,G0210
t7354,G0210
t7355,G0210
t7356,G0210
t7357,G0210
t7358,G0210
t7359,G0210
t3264,G0211
t3265,G0211
t3266,G0211
t3267,G0211
t3268,G0211
t3269,G0211
t3270,G0211
t3271,G0211
t3272,G0211
t3273,G0211
t3274,G0211
t3275,G0211
t3276,G0211
t3277,G0211
t3278,G0211
t3279,G0211
t3536,G0212
t3537,G0212
t3538,G0212
t3539,G0212
t3540,G0212
t3541,G0212
t3542,G0212
t3543,G0212
t3544,G0212
t3545,G0212
t3546,G0212
t3547,G0212
t3548,G0212
t3549,G0212
t3550,G0212
t3551,G0212
t2688,G0213
t2689,G0213
t2690,G0213
t2691,G0213
t2692,G0213
t2693,G0213
t2694,G0213
t2695,G0213
t2696,G0213
t2697,G0213
t2698,G0213
t2699,G0213
t2700,G0213
t2701,G0213
t2702,G0213
t2703,G0213
t5520,G0214
t5521,G0214
t5522,G0214
t5523,G0214
t5524,G0214
t5525,G0214
t5526,G0214
t5527,G0214
t5528,G0214
t5529,G0214
t5530,G0214
t5531,G0214
t5532,G0214
t5533,G0214
t5534,G0214
t5535,G0214
t3696,G0215
t3697,G0215
t3698,G0215
t3699,G0215
t3700,G0215
t3701,G0215
t3702,G0215
t3703,G0215
t3704,G0215
t3705,G0215
t3706,G0215
t3707,G0215
t3708,G0215
t3709,G0215
t3710,G0215
t3711,G0215
t4224,G0216
t4225,G0216
t4226,G0216
t4227,G0216
t4228,G0216
t4229,G0216
t4230,G0216
t4231,G0216
t4232,G0216
t4233,G0216
t4234,G0216
t4235,G0216
t4236,G0216
t4237,G0216
t4238,G0216
t4239,G0216
t6720,G0217
t6721,G0217
t6722,G0217
t6723,G0217
t6724,G0217
t6725,G0217
t6726,G0217
t6727,G0217
t6728,G0217
t6729,G0217
t6730,G0217
t6731,G0217
t6732,G0217
t6733,G0217
t6734,G0217
t6735,G0217
t0,G0218
t1,G0218
t2,G0218
t3,G0218
t4,G0218
t5,G0218
t6,G0218
t7,G0218
t8,G0218
t9,G0218
t10,G0218
t11,G0218
t12,G0218
t13,G0218
t14,G0218
t15,G0218
t1312,G0219
t1313,G0219
t1314,G0219
t1315,G0219
t1316,G0219
t1317,G0219
t1318,G0219
t1319,G0219
t1320,G0219
t1321,G0219
t1322,G0219
t1323,G0219
t1324,G0219
t1325,G0219
t1326,G0219
t1327,G0219
t5440,G0220
t5441,G0220
t5442,G0220
t5443,G0220
t5444,G0220
t5445,G0220
t5446,G0220
t5447,G0220
t5448,G0220
t5449,G0220
t5450,G0220
t5451,G0220
t5452,G0220
t5453,G0220
t5454,G0220
t5455,G0220
t6832,G0221
t6833,G0221
t6834,G0221
t6835,G0221
t6836,G0221
t6837,G0221
t6838,G0221
t6839,G0221
t6840,G0221
t6841,G0221
t6842,G0221
t6843,G0221
t6844,G0221
t6845,G0221
t6846,G0221
t6847,G0221
t6496,G0222
t6497,G0222
t6498,G0222
t6499,G0222
t6500,G0222
t6501,G0222
t6502,G0222
t6503,G0222
t6504,G0222
t6505,G0222
t6506,G0222
t6507,G0222
t6508,G0222
t6509,G0222
t6510,G0222
t6511,G0222
t2128,G0223
t2129,G0223
t2130,G0223
t2131,G0223
t2132,G0223
t2133,G0223
t2134,G0223
t2135,G0223
t2136,G0223
t2137,G0223
t2138,G0223
t2139,G0223
t2140,G0223
t2141,G0223
t2142,G0223
t2143,G0223
t3120,G0224
t3121,G0224
t3122,G0224
t3123,G0224
t3124,G0224
t3125,G0224
t3126,G0224
t3127,G0224
t3128,G0224
t3129,G0224
t3130,G0224
t3131,G0224
t3132,G0224
t3133,G0224
t3134,G0224
t3135,G0224
t6464,G0225
t6465,G0225
t6466,G0225
t6467,G0225
t6468,G0225
t6469,G0225
t6470,G0225
t6471,G0225
t6472,G0225
t6473,G0225
t6474,G0225
t6475,G0225
t6476,G0225
t6477,G0225
t6478,G0225
t6479,G0225
t5456,G0226
t5457,G0226
t5458,G0226
t5459,G0226
t5460,G0226
t5461,G0226
t5462,G0226
t5463,G0226
t5464,G0226
t5465,G0226
t5466,G0226
t5467,G0226
t5468,G0226
t5469,G0226
t5470,G0226
t5471,G0226
t6416,G0227
t6417,G0227
t6418,G0227
t6419,G0227
t6420,G0227
t6421,G0227
t6422,G0227
t6423,G0227
t6424,G0227
t6425,G0227
t6426,G0227
t6427,G0227
t6428,G0227
t6429,G0227
t6430,G0227
t6431,G0227
t7072,G0228
t7073,G0228
t7074,G0228
t7075,G0228
t7076,G0228
t7077,G0228
t7078,G0228
t7079,G0228
t7080,G0228
t7081,G0228
t7082,G0228
t7083,G0228
t7084,G0228
t7085,G0228
t7086,G0228
t7087,G0228
t3296,G0229
t3297,G0229
t3298,G0229
t3299,G0229
t3300,G0229
t3301,G0229
t3302,G0229
t3303,G0229
t3304,G0229
t3305,G0229
t3306,G0229
t3307,G0229
t3308,G0229
t3309,G0229
t3310,G0229
t3311,G0229
t1632,G0230
t1633,G0230
t1634,G0230
t1635,G0230
t1636,G0230
t1637,G0230
t1638,G0230
t1639,G0230
t1640,G0230
t1641,G0230
t1642,G0230
t1643,G0230
t1644,G0230
t1645,G0230
t1646,G0230
t1647,G0230
t2336,G0231
t2337,G0231
t2338,G0231
t2339,G0231
t2340,G0231
t2341,G0231
t2342,G0231
t2343,G0231
t2344,G0231
t2345,G0231
t2346,G0231
t2347,G0231
t2348,G0231
t2349,G0231
t2350,G0231
t2351,G0231
t6080,G0232
t6081,G0232
t6082,G0232
t6083,G0232
t6084,G0232
t6085,G0232
t6086,G0232
t6087,G0232
t6088,G0232
t6089,G0232
t6090,G0232
t6091,G0232
t6092,G0232
t6093,G0232
t6094,G0232
t6095,G0232
t1984,G0233
t1985,G0233
t1986,G0233
t1987,G0233
t1988,G0233
t1989,G0233
t1990,G0233
t1991,G0233
t1992,G0233
t1993,G0233
t1994,G0233
t1995,G0233
t1996,G0233
t1997,G0233
t1998,G0233
t1999,G0233
t3920,G0234
t3921,G0234
t3922,G0234
t3923,G0234
t3924,G0234
t3925,G0234
t3926,G0234
t3927,G0234
t3928,G0234
t3929,G0234
t3930,G0234
t3931,G0234
t3932,G0234
t3933,G0234
t3934,G0234
t3935,G0234
t3008,G0235
t3009,G0235
t3010,G0235
t3011,G0235
t3012,G0235
t3013,G0235
t3014,G0235
t3015,G0235
t3016,G0235
t3017,G0235
t3018,G0235
t3019,G0235
t3020,G0235
t3021,G0235
t3022,G0235
t3023,G0235
t5680,G0236
t5681,G0236
t5682,G0236
t5683,G0236
t5684,G0236
t5685,G0236
t5686,G0236
t5687,G0236
t5688,G0236
t5689,G0236
t5690,G0236
t5691,G0236
t5692,G0236
t5693,G0236
t5694,G0236
t5695,G0236
t7280,G0237
t7281,G0237
t7282,G0237
t7283,G0237
t7284,G0237
t7285,G0237
t7286,G0237
t7287,G0237
t7288,G0237
t7289,G0237
t7290,G0237
t7291,G0237
t7292,G0237
t7293,G0237
t7294,G0237
t7295,G0237
t3216,G0238
t3217,G0238
t3218,G0238
t3219,G0238
t3220,G0238
t3221,G0238
t3222,G0238
t3223,G0238
t3224,G0238
t3225,G0238
t3226,G0238
t3227,G0238
t3228,G0238
t3229,G0238
t3230,G0238
t3231,G0238
t7216,G0239
t7217,G0239
t7218,G0239
t7219,G0239
t7220,G0239
t7221,G0239
t7222,G0239
t7223,G0239
t7224,G0239
t7225,G0239
t7226,G0239
t7227,G0239
t7228,G0239
t7229,G0239
t7230,G0239
t7231,G0239
t7248,G0240
t7249,G0240
t7250,G0240
t7251,G0240
t7252,G0240
t7253,G0240
t7254,G0240
t7255,G0240
t7256,G0240
t7257,G0240
t7258,G0240
t7259,G0240
t7260,G0240
t7261,G0240
t7262,G0240
t7263,G0240
t5056,G0241
t5057,G0241
t5058,G0241
t5059,G0241
t5060,G0241
t5061,G0241
t5062,G0241
t5063,G0241
t5064,G0241
t5065,G0241
t5066,G0241
t5067,G0241
t5068,G0241
t5069,G0241
t5070,G0241
t5071,G0241
t3344,G0242
t3345,G0242
t3346,G0242
t3347,G0242
t3348,G0242
t3349,G0242
t3350,G0242
t3351,G0242
t3352,G0242
t3353,G0242
t3354,G0242
t3355,G0242
t3356,G0242
t3357,G0242
t3358,G0242
t3359,G0242
t3984,G0243
t3985,G0243
t3986,G0243
t3987,G0243
t3988,G0243
t3989,G0243
t3990,G0243
t3991,G0243
t3992,G0243
t3993,G0243
t3994,G0243
t3995,G0243
t3996,G0243
t3997,G0243
t3998,G0243
t3999,G0243
t4880,G0244
t4881,G0244
t4882,G0244
t4883,G0244
t4884,G0244
t4885,G0244
t4886,G0244
t4887,G0244
t4888,G0244
t4889,G0244
t4890,G0244
t4891,G0244
t4892,G0244
t4893,G0244
t4894,G0244
t4895,G0244
t7408,G0245
t7409,G0245
t7410,G0245
t7411,G0245
t7412,G0245
t7413,G0245
t7414,G0245
t7415,G0245
t7416,G0245
t7417,G0245
t7418,G0245
t7419,G0245
t7420,G0245
t7421,G0245
t7422,G0245
t7423,G0245
t3904,G0246
t3905,G0246
t3906,G0246
t3907,G0246
t3908,G0246
t3909,G0246
t3910,G0246
t3911,G0246
t3912,G0246
t3913,G0246
t3914,G0246
t3915,G0246
t3916,G0246
t3917,G0246
t3918,G0246
t3919,G0246
t6016,G0247
t6017,G0247
t6018,G0247
t6019,G0247
t6020,G0247
t6021,G0247
t6022,G0247
t6023,G0247
t6024,G0247
t6025,G0247
t6026,G0247
t6027,G0247
t6028,G0247
t6029,G0247
t6030,G0247
t6031,G0247
t1024,G0248
t1025,G0248
t1026,G0248
t1027,G0248
t1028,G0248
t1029,G0248
t1030,G0248
t1031,G0248
t1032,G0248
t1033,G0248
t1034,G0248
t1035,G0248
t1036,G0248
t1037,G0248
t1038,G0248
t1039,G0248
t6400,G0249
t6401,G0249
t6402,G0249
t6403,G0249
t6404,G0249
t6405,G0249
t6406,G0249
t6407,G0249
t6408,G0249
t6409,G0249
t6410,G0249
t6411,G0249
t6412,G0249
t6413,G0249
t6414,G0249
t6415,G0249
t8144,G0250
t8145,G0250
t8146,G0250
t8147,G0250
t8148,G0250
t8149,G0250
t8150,G0250
t8151,G0250
t8152,G0250
t8153,G0250
t8154,G0250
t8155,G0250
t8156,G0250
t8157,G0250
t8158,G0250
t8159,G0250
t464,G0251
t465,G0251
t466,G0251
t467,G0251
t468,G0251
t469,G0251
t470,G0251
t471,G0251
t472,G0251
t473,G0251
t474,G0251
t475,G0251
t476,G0251
t477,G0251
t478,G0251
t479,G0251
t2496,G0252
t2497,G0252
t2498,G0252
t2499,G0252
t2500,G0252
t2501,G0252
t2502,G0252
t2503,G0252
t2504,G0252
t2505,G0252
t2506,G0252
t2507,G0252
t2508,G0252
t2509,G0252
t2510,G0252
t2511,G0252
t4704,G0253
t4705,G0253
t4706,G0253
t4707,G0253
t4708,G0253
t4709,G0253
t4710,G0253
t4711,G0253
t4712,G0253
t4713,G0253
t4714,G0253
t4715,G0253
t4716,G0253
t4717,G0253
t4718,G0253
t4719,G0253
t3968,G0254
t3969,G0254
t3970,G0254
t3971,G0254
t3972,G0254
t3973,G0254
t3974,G0254
t3975,G0254
t3976,G0254
t3977,G0254
t3978,G0254
t3979,G0254
t3980,G0254
t3981,G0254
t3982,G0254
t3983,G0254
t4608,G0255
t4609,G0255
t4610,G0255
t4611,G0255
t4612,G0255
t4613,G0255
t4614,G0255
t4615,G0255
t4616,G0255
t4617,G0255
t4618,G0255
t4619,G0255
t4620,G0255
t4621,G0255
t4622,G0255
t4623,G0255
t5792,G0256
t5793,G0256
t5794,G0256
t5795,G0256
t5796,G0256
t5797,G0256
t5798,G0256
t5799,G0256
t5800,G0256
t5801,G0256
t5802,G0256
t5803,G0256
t5804,G0256
t5805,G0256
t5806,G0256
t5807,G0256
t5312,G0257
t5313,G0257
t5314,G0257
t5315,G0257
t5316,G0257
t5317,G0257
t5318,G0257
t5319,G0257
t5320,G0257
t5321,G0257
t5322,G0257
t5323,G0257
t5324,G0257
t5325,G0257
t5326,G0257
t5327,G0257
t3664,G0258
t3665,G0258
t3666,G0258
t3667,G0258
t3668,G0258
t3669,G0258
t3670,G0258
t3671,G0258
t3672,G0258
t3673,G0258
t3674,G0258
t3675,G0258
t3676,G0258
t3677,G0258
t3678,G0258
t3679,G0258
t4320,G0259
t4321,G0259
t4322,G0259
t4323,G0259
t4324,G0259
t4325,G0259
t4326,G0259
t4327,G0259
t4328,G0259
t4329,G0259
t4330,G0259
t4331,G0259
t4332,G0259
t4333,G0259
t4334,G0259
t4335,G0259
t1216,G0260
t1217,G0260
t1218,G0260
t1219,G0260
t1220,G0260
t1221,G0260
t1222,G0260
t1223,G0260
t1224,G0260
t1225,G0260
t1226,G0260
t1227,G0260
t1228,G0260
t1229,G0260
t1230,G0260
t1231,G0260
t4928,G0261
t4929,G0261
t4930,G0261
t4931,G0261
t4932,G0261
t4933,G0261
t4934,G0261
t4935,G0261
t4936,G0261
t4937,G0261
t4938,G0261
t4939,G0261
t4940,G0261
t4941,G0261
t4942,G0261
t4943,G0261
t4208,G0262
t4209,G0262
t4210,G0262
t4211,G0262
t4212,G0262
t4213,G0262
t4214,G0262
t4215,G0262
t4216,G0262
t4217,G0262
t4218,G0262
t4219,G0262
t4220,G0262
t4221,G0262
t4222,G0262
t4223,G0262
t3472,G0263
t3473,G0263
t3474,G0263
t3475,G0263
t3476,G0263
t3477,G0263
t3478,G0263
t3479,G0263
t3480,G0263
t3481,G0263
t3482,G0263
t3483,G0263
t3484,G0263
t3485,G0263
t3486,G0263
t3487,G0263
t5904,G0264
t5905,G0264
t5906,G0264
t5907,G0264
t5908,G0264
t5909,G0264
t5910,G0264
t5911,G0264
t5912,G0264
t5913,G0264
t5914,G0264
t5915,G0264
t5916,G0264
t5917,G0264
t5918,G0264
t5919,G0264
t1968,G0265
t1969,G0265
t1970,G0265
t1971,G0265
t1972,G0265
t1973,G0265
t1974,G0265
t1975,G0265
t1976,G0265
t1977,G0265
t1978,G0265
t1979,G0265
t1980,G0265
t1981,G0265
t1982,G0265
t1983,G0265
t7200,G0266
t7201,G0266
t7202,G0266
t7203,G0266
t7204,G0266
t7205,G0266
t7206,G0266
t7207,G0266
t7208,G0266
t7209,G0266
t7210,G0266
t7211,G0266
t7212,G0266
t7213,G0266
t7214,G0266
t7215,G0266
t192,G0267
t193,G0267
t194,G0267
t195,G0267
t196,G0267
t197,G0267
t198,G0267
t199,G0267
t200,G0267
t201,G0267
t202,G0267
t203,G0267
t204,G0267
t205,G0267
t206,G0267
t207,G0267
t2352,G0268
t2353,G0268
t2354,G0268
t2355,G0268
t2356,G0268
t2357,G0268
t2358,G0268
t2359,G0268
t2360,G0268
t2361,G0268
t2362,G0268
t2363,G0268
t2364,G0268
t2365,G0268
t2366,G0268
t2367,G0268
t1760,G0269
t1761,G0269
t1762,G0269
t1763,G0269
t1764,G0269
t1765,G0269
t1766,G0269
t1767,G0269
t1768,G0269
t1769,G0269
t1770,G0269
t1771,G0269
t1772,G0269
t1773,G0269
t1774,G0269
t1775,G0269
t800,G0270
t801,G0270
t802,G0270
t803,G0270
t804,G0270
t805,G0270
t806,G0270
t807,G0270
t808,G0270
t809,G0270
t810,G0270
t811,G0270
t812,G0270
t813,G0270
t814,G0270
t815,G0270
t2096,G0271
t2097,G0271
t2098,G0271
t2099,G0271
t2100,G0271
t2101,G0271
t2102,G0271
t2103,G0271
t2104,G0271
t2105,G0271
t2106,G0271
t2107,G0271
t2108,G0271
t2109,G0271
t2110,G0271
t2111,G0271
t4640,G0272
t4641,G0272
t4642,G0272
t4643,G0272
t4644,G0272
t4645,G0272
t4646,G0272
t4647,G0272
t4648,G0272
t4649,G0272
t4650,G0272
t4651,G0272
t4652,G0272
t4653,G0272
t4654,G0272
t4655,G0272
t3280,G0273
t3281,G0273
t3282,G0273
t3283,G0273
t3284,G0273
t3285,G0273
t3286,G0273
t3287,G0273
t3288,G0273
t3289,G0273
t3290,G0273
t3291,G0273
t3292,G0273
t3293,G0273
t3294,G0273
t3295,G0273
t3744,G0274
t3745,G0274
t3746,G0274
t3747,G0274
t3748,G0274
t3749,G0274
t3750,G0274
t3751,G0274
t3752,G0274
t3753,G0274
t3754,G0274
t3755,G0274
t3756,G0274
t3757,G0274
t3758,G0274
t3759,G0274
t5008,G0275
t5009,G0275
t5010,G0275
t5011,G0275
t5012,G0275
t5013,G0275
t5014,G0275
t5015,G0275
t5016,G0275
t5017,G0275
t5018,G0275
t5019,G0275
t5020,G0275
t5021,G0275
t5022,G0275
t5023,G0275
t992,G0276
t993,G0276
t994,G0276
t995,G0276
t996,G0276
t997,G0276
t998,G0276
t999,G0276
t1000,G0276
t1001,G0276
t1002,G0276
t1003,G0276
t1004,G0276
t1005,G0276
t1006,G0276
t1007,G0276
t3312,G0277
t3313,G0277
t3314,G0277
t3315,G0277
t3316,G0277
t3317,G0277
t3318,G0277
t3319,G0277
t3320,G0277
t3321,G0277
t3322,G0277
t3323,G0277
t3324,G0277
t3325,G0277
t3326,G0277
t3327,G0277
t5152,G0278
t5153,G0278
t5154,G0278
t5155,G0278
t5156,G0278
t5157,G0278
t5158,G0278
t5159,G0278
t5160,G0278
t5161,G0278
t5162,G0278
t5163,G0278
t5164,G0278
t5165,G0278
t5166,G0278
t5167,G0278
t3616,G0279
t3617,G0279
t3618,G0279
t3619,G0279
t3620,G0279
t3621,G0279
t3622,G0279
t3623,G0279
t3624,G0279
t3625,G0279
t3626,G0279
t3627,G0279
t3628,G0279
t3629,G0279
t3630,G0279
t3631,G0279
t6240,G0280
t6241,G0280
t6242,G0280
t6243,G0280
t6244,G0280
t6245,G0280
t6246,G0280
t6247,G0280
t6248,G0280
t6249,G0280
t6250,G0280
t6251,G0280
t6252,G0280
t6253,G0280
t6254,G0280
t6255,G0280
t3504,G0281
t3505,G0281
t3506,G0281
t3507,G0281
t3508,G0281
t3509,G0281
t3510,G0281
t3511,G0281
t3512,G0281
t3513,G0281
t3514,G0281
t3515,G0281
t3516,G0281
t3517,G0281
t3518,G0281
t3519,G0281
t4304,G0282
t4305,G0282
t4306,G0282
t4307,G0282
t4308,G0282
t4309,G0282
t4310,G0282
t4311,G0282
t4312,G0282
t4313,G0282
t4314,G0282
t4315,G0282
t4316,G0282
t4317,G0282
t4318,G0282
t4319,G0282
t5472,G0283
t5473,G0283
t5474,G0283
t5475,G0283
t5476,G0283
t5477,G0283
t5478,G0283
t5479,G0283
t5480,G0283
t5481,G0283
t5482,G0283
t5483,G0283
t5484,G0283
t5485,G0283
t5486,G0283
t5487,G0283
t928,G0284
t929,G0284
t930,G0284
t931,G0284
t932,G0284
t933,G0284
t934,G0284
t935,G0284
t936,G0284
t937,G0284
t938,G0284
t939,G0284
t940,G0284
t941,G0284
t942,G0284
t943,G0284
t1392,G0285
t1393,G0285
t1394,G0285
t1395,G0285
t1396,G0285
t1397,G0285
t1398,G0285
t1399,G0285
t1400,G0285
t1401,G0285
t1402,G0285
t1403,G0285
t1404,G0285
t1405,G0285
t1406,G0285
t1407,G0285
t2224,G0286
t2225,G0286
t2226,G0286
t2227,G0286
t2228,G0286
t2229,G0286
t2230,G0286
t2231,G0286
t2232,G0286
t2233,G0286
t2234,G0286
t2235,G0286
t2236,G0286
t2237,G0286
t2238,G0286
t2239,G0286
t1168,G0287
t1169,G0287
t1170,G0287
t1171,G0287
t1172,G0287
t1173,G0287
t1174,G0287
t1175,G0287
t1176,G0287
t1177,G0287
t1178,G0287
t1179,G0287
t1180,G0287
t1181,G0287
t1182,G0287
t1183,G0287
t5392,G0288
t5393,G0288
t5394,G0288
t5395,G0288
t5396,G0288
t5397,G0288
t5398,G0288
t5399,G0288
t5400,G0288
t5401,G0288
t5402,G0288
t5403,G0288
t5404,G0288
t5405,G0288
t5406,G0288
t5407,G0288
t3056,G0289
t3057,G0289
t3058,G0289
t3059,G0289
t3060,G0289
t3061,G0289
t3062,G0289
t3063,G0289
t3064,G0289
t3065,G0289
t3066,G0289
t3067,G0289
t3068,G0289
t3069,G0289
t3070,G0289
t3071,G0289
t7632,G0290
t7633,G0290
t7634,G0290
t7635,G0290
t7636,G0290
t7637,G0290
t7638,G0290
t7639,G0290
t7640,G0290
t7641,G0290
t7642,G0290
t7643,G0290
t7644,G0290
t7645,G0290
t7646,G0290
t7647,G0290
t6976,G0291
t6977,G0291
t6978,G0291
t6979,G0291
t6980,G0291
t6981,G0291
t6982,G0291
t6983,G0291
t6984,G0291
t6985,G0291
t6986,G0291
t6987,G0291
t6988,G0291
t6989,G0291
t6990,G0291
t6991,G0291
t3424,G0292
t3425,G0292
t3426,G0292
t3427,G0292
t3428,G0292
t3429,G0292
t3430,G0292
t3431,G0292
t3432,G0292
t3433,G0292
t3434,G0292
t3435,G0292
t3436,G0292
t3437,G0292
t3438,G0292
t3439,G0292
t1856,G0293
t1857,G0293
t1858,G0293
t1859,G0293
t1860,G0293
t1861,G0293
t1862,G0293
t1863,G0293
t1864,G0293
t1865,G0293
t1866,G0293
t1867,G0293
t1868,G0293
t1869,G0293
t1870,G0293
t1871,G0293
t3040,G0294
t3041,G0294
t3042,G0294
t3043,G0294
t3044,G0294
t3045,G0294
t3046,G0294
t3047,G0294
t3048,G0294
t3049,G0294
t3050,G0294
t3051,G0294
t3052,G0294
t3053,G0294
t3054,G0294
t3055,G0294
t128,G0295
t129,G0295
t130,G0295
t131,G0295
t132,G0295
t133,G0295
t134,G0295
t135,G0295
t136,G0295
t137,G0295
t138,G0295
t139,G0295
t140,G0295
t141,G0295
t142,G0295
t143,G0295
t896,G0296
t897,G0296
t898,G0296
t899,G0296
t900,G0296
t901,G0296
t902,G0296
t903,G0296
t904,G0296
t905,G0296
t906,G0296
t907,G0296
t908,G0296
t909,G0296
t910,G0296
t911,G0296
t2928,G0297
t2929,G0297
t2930,G0297
t2931,G0297
t2932,G0297
t2933,G0297
t2934,G0297
t2935,G0297
t2936,G0297
t2937,G0297
t2938,G0297
t2939,G0297
t2940,G0297
t2941,G0297
t2942,G0297
t2943,G0297
t6704,G0298
t6705,G0298
t6706,G0298
t6707,G0298
t6708,G0298
t6709,G0298
t6710,G0298
t6711,G0298
t6712,G0298
t6713,G0298
t6714,G0298
t6715,G0298
t6716,G0298
t6717,G0298
t6718,G0298
t6719,G0298
t7312,G0299
t7313,G0299
t7314,G0299
t7315,G0299
t7316,G0299
t7317,G0299
t7318,G0299
t7319,G0299
t7320,G0299
t7321,G0299
t7322,G0299
t7323,G0299
t7324,G0299
t7325,G0299
t7326,G0299
t7327,G0299
t2080,G0300
t2081,G0300
t2082,G0300
t2083,G0300
t2084,G0300
t2085,G0300
t2086,G0300
t2087,G0300
t2088,G0300
t2089,G0300
t2090,G0300
t2091,G0300
t2092,G0300
t2093,G0300
t2094,G0300
t2095,G0300
t2544,G0301
t2545,G0301
t2546,G0301
t2547,G0301
t2548,G0301
t2549,G0301
t2550,G0301
t2551,G0301
t2552,G0301
t2553,G0301
t2554,G0301
t2555,G0301
t2556,G0301
t2557,G0301
t2558,G0301
t2559,G0301
t3600,G0302
t3601,G0302
t3602,G0302
t3603,G0302
t3604,G0302
t3605,G0302
t3606,G0302
t3607,G0302
t3608,G0302
t3609,G0302
t3610,G0302
t3611,G0302
t3612,G0302
t3613,G0302
t3614,G0302
t3615,G0302
t4080,G0303
t4081,G0303
t4082,G0303
t4083,G0303
t4084,G0303
t4085,G0303
t4086,G0303
t4087,G0303
t4088,G0303
t4089,G0303
t4090,G0303
t4091,G0303
t4092,G0303
t4093,G0303
t4094,G0303
t4095,G0303
t3856,G0304
t3857,G0304
t3858,G0304
t3859,G0304
t3860,G0304
t3861,G0304
t3862,G0304
t3863,G0304
t3864,G0304
t3865,G0304
t3866,G0304
t3867,G0304
t3868,G0304
t3869,G0304
t3870,G0304
t3871,G0304
t4592,G0305
t4593,G0305
t4594,G0305
t4595,G0305
t4596,G0305
t4597,G0305
t4598,G0305
t4599,G0305
t4600,G0305
t4601,G0305
t4602,G0305
t4603,G0305
t4604,G0305
t4605,G0305
t4606,G0305
t4607,G0305
t16,G0306
t17,G0306
t18,G0306
t19,G0306
t20,G0306
t21,G0306
t22,G0306
t23,G0306
t24,G0306
t25,G0306
t26,G0306
t27,G0306
t28,G0306
t29,G0306
t30,G0306
t31,G0306
t816,G0307
t817,G0307
t818,G0307
t819,G0307
t820,G0307
t821,G0307
t822,G0307
t823,G0307
t824,G0307
t825,G0307
t826,G0307
t827,G0307
t828,G0307
t829,G0307
t830,G0307
t831,G0307
t5936,G0308
t5937,G0308
t5938,G0308
t5939,G0308
t5940,G0308
t5941,G0308
t5942,G0308
t5943,G0308
t5944,G0308
t5945,G0308
t5946,G0308
t5947,G0308
t5948,G0308
t5949,G0308
t5950,G0308
t5951,G0308
t1680,G0309
t1681,G0309
t1682,G0309
t1683,G0309
t1684,G0309
t1685,G0309
t1686,G0309
t1687,G0309
t1688,G0309
t1689,G0309
t1690,G0309
t1691,G0309
t1692,G0309
t1693,G0309
t1694,G0309
t1695,G0309
t5632,G0310
t5633,G0310
t5634,G0310
t5635,G0310
t5636,G0310
t5637,G0310
t5638,G0310
t5639,G0310
t5640,G0310
t5641,G0310
t5642,G0310
t5643,G0310
t5644,G0310
t5645,G0310
t5646,G0310
t5647,G0310
t144,G0311
t145,G0311
t146,G0311
t147,G0311
t148,G0311
t149,G0311
t150,G0311
t151,G0311
t152,G0311
t153,G0311
t154,G0311
t155,G0311
t156,G0311
t157,G0311
t158,G0311
t159,G0311
t1664,G0312
t1665,G0312
t1666,G0312
t1667,G0312
t1668,G0312
t1669,G0312
t1670,G0312
t1671,G0312
t1672,G0312
t1673,G0312
t1674,G0312
t1675,G0312
t1676,G0312
t1677,G0312
t1678,G0312
t1679,G0312
t6432,G0313
t6433,G0313
t6434,G0313
t6435,G0313
t6436,G0313
t6437,G0313
t6438,G0313
t6439,G0313
t6440,G0313
t6441,G0313
t6442,G0313
t6443,G0313
t6444,G0313
t6445,G0313
t6446,G0313
t6447,G0313
t1712,G0314
t1713,G0314
t1714,G0314
t1715,G0314
t1716,G0314
t1717,G0314
t1718,G0314
t1719,G0314
t1720,G0314
t1721,G0314
t1722,G0314
t1723,G0314
t1724,G0314
t1725,G0314
t1726,G0314
t1727,G0314
t1184,G0315
t1185,G0315
t1186,G0315
t1187,G0315
t1188,G0315
t1189,G0315
t1190,G0315
t1191,G0315
t1192,G0315
t1193,G0315
t1194,G0315
t1195,G0315
t1196,G0315
t1197,G0315
t1198,G0315
t1199,G0315
t3408,G0316
t3409,G0316
t3410,G0316
t3411,G0316
t3412,G0316
t3413,G0316
t3414,G0316
t3415,G0316
t3416,G0316
t3417,G0316
t3418,G0316
t3419,G0316
t3420,G0316
t3421,G0316
t3422,G0316
t3423,G0316
t2832,G0317
t2833,G0317
t2834,G0317
t2835,G0317
t2836,G0317
t2837,G0317
t2838,G0317
t2839,G0317
t2840,G0317
t2841,G0317
t2842,G0317
t2843,G0317
t2844,G0317
t2845,G0317
t2846,G0317
t2847,G0317
t3792,G0318
t3793,G0318
t3794,G0318
t3795,G0318
t3796,G0318
t3797,G0318
t3798,G0318
t3799,G0318
t3800,G0318
t3801,G0318
t3802,G0318
t3803,G0318
t3804,G0318
t3805,G0318
t3806,G0318
t3807,G0318
t4352,G0319
t4353,G0319
t4354,G0319
t4355,G0319
t4356,G0319
t4357,G0319
t4358,G0319
t4359,G0319
t4360,G0319
t4361,G0319
t4362,G0319
t4363,G0319
t4364,G0319
t4365,G0319
t4366,G0319
t4367,G0319
t5824,G0320
t5825,G0320
t5826,G0320
t5827,G0320
t5828,G0320
t5829,G0320
t5830,G0320
t5831,G0320
t5832,G0320
t5833,G0320
t5834,G0320
t5835,G0320
t5836,G0320
t5837,G0320
t5838,G0320
t5839,G0320
t6928,G0321
t6929,G0321
t6930,G0321
t6931,G0321
t6932,G0321
t6933,G0321
t6934,G0321
t6935,G0321
t6936,G0321
t6937,G0321
t6938,G0321
t6939,G0321
t6940,G0321
t6941,G0321
t6942,G0321
t6943,G0321
t8128,G0322
t8129,G0322
t8130,G0322
t8131,G0322
t8132,G0322
t8133,G0322
t8134,G0322
t8135,G0322
t8136,G0322
t8137,G0322
t8138,G0322
t8139,G0322
t8140,G0322
t8141,G0322
t8142,G0322
t8143,G0322
t6320,G0323
t6321,G0323
t6322,G0323
t6323,G0323
t6324,G0323
t6325,G0323
t6326,G0323
t6327,G0323
t6328,G0323
t6329,G0323
t6330,G0323
t6331,G0323
t6332,G0323
t6333,G0323
t6334,G0323
t6335,G0323
t688,G0324
t689,G0324
t690,G0324
t691,G0324
t692,G0324
t693,G0324
t694,G0324
t695,G0324
t696,G0324
t697,G0324
t698,G0324
t699,G0324
t700,G0324
t701,G0324
t702,G0324
t703,G0324
t2784,G0325
t2785,G0325
t2786,G0325
t2787,G0325
t2788,G0325
t2789,G0325
t2790,G0325
t2791,G0325
t2792,G0325
t2793,G0325
t2794,G0325
t2795,G0325
t2796,G0325
t2797,G0325
t2798,G0325
t2799,G0325
t5216,G0326
t5217,G0326
t5218,G0326
t5219,G0326
t5220,G0326
t5221,G0326
t5222,G0326
t5223,G0326
t5224,G0326
t5225,G0326
t5226,G0326
t5227,G0326
t5228,G0326
t5229,G0326
t5230,G0326
t5231,G0326
t1488,G0327
t1489,G0327
t1490,G0327
t1491,G0327
t1492,G0327
t1493,G0327
t1494,G0327
t1495,G0327
t1496,G0327
t1497,G0327
t1498,G0327
t1499,G0327
t1500,G0327
t1501,G0327
t1502,G0327
t1503,G0327
t7392,G0328
t7393,G0328
t7394,G0328
t7395,G0328
t7396,G0328
t7397,G0328
t7398,G0328
t7399,G0328
t7400,G0328
t7401,G0328
t7402,G0328
t7403,G0328
t7404,G0328
t7405,G0328
t7406,G0328
t7407,G0328
t1552,G0329
t1553,G0329
t1554,G0329
t1555,G0329
t1556,G0329
t1557,G0329
t1558,G0329
t1559,G0329
t1560,G0329
t1561,G0329
t1562,G0329
t1563,G0329
t1564,G0329
t1565,G0329
t1566,G0329
t1567,G0329
t272,G0330
t273,G0330
t274,G0330
t275,G0330
t276,G0330
t277,G0330
t278,G0330
t279,G0330
t280,G0330
t281,G0330
t282,G0330
t283,G0330
t284,G0330
t285,G0330
t286,G0330
t287,G0330
t976,G0331
t977,G0331
t978,G0331
t979,G0331
t980,G0331
t981,G0331
t982,G0331
t983,G0331
t984,G0331
t985,G0331
t986,G0331
t987,G0331
t988,G0331
t989,G0331
t990,G0331
t991,G0331
t1840,G0332
t1841,G0332
t1842,G0332
t1843,G0332
t1844,G0332
t1845,G0332
t1846,G0332
t1847,G0332
t1848,G0332
t1849,G0332
t1850,G0332
t1851,G0332
t1852,G0332
t1853,G0332
t1854,G0332
t1855,G0332
t6672,G0333
t6673,G0333
t6674,G0333
t6675,G0333
t6676,G0333
t6677,G0333
t6678,G0333
t6679,G0333
t6680,G0333
t6681,G0333
t6682,G0333
t6683,G0333
t6684,G0333
t6685,G0333
t6686,G0333
t6687,G0333
t3680,G0334
t3681,G0334
t3682,G0334
t3683,G0334
t3684,G0334
t3685,G0334
t3686,G0334
t3687,G0334
t3688,G0334
t3689,G0334
t3690,G0334
t3691,G0334
t3692,G0334
t3693,G0334
t3694,G0334
t3695,G0334
t7728,G0335
t7729,G0335
t7730,G0335
t7731,G0335
t7732,G0335
t7733,G0335
t7734,G0335
t7735,G0335
t7736,G0335
t7737,G0335
t7738,G0335
t7739,G0335
t7740,G0335
t7741,G0335
t7742,G0335
t7743,G0335
t6752,G0336
t6753,G0336
t6754,G0336
t6755,G0336
t6756,G0336
t6757,G0336
t6758,G0336
t6759,G0336
t6760,G0336
t6761,G0336
t6762,G0336
t6763,G0336
t6764,G0336
t6765,G0336
t6766,G0336
t6767,G0336
t640,G0337
t641,G0337
t642,G0337
t643,G0337
t644,G0337
t645,G0337
t646,G0337
t647,G0337
t648,G0337
t649,G0337
t650,G0337
t651,G0337
t652,G0337
t653,G0337
t654,G0337
t655,G0337
t1376,G0338
t1377,G0338
t1378,G0338
t1379,G0338
t1380,G0338
t1381,G0338
t1382,G0338
t1383,G0338
t1384,G0338
t1385,G0338
t1386,G0338
t1387,G0338
t1388,G0338
t1389,G0338
t1390,G0338
t1391,G0338
t3584,G0339
t3585,G0339
t3586,G0339
t3587,G0339
t3588,G0339
t3589,G0339
t3590,G0339
t3591,G0339
t3592,G0339
t3593,G0339
t3594,G0339
t3595,G0339
t3596,G0339
t3597,G0339
t3598,G0339
t3599,G0339
t1824,G0340
t1825,G0340
t1826,G0340
t1827,G0340
t1828,G0340
t1829,G0340
t1830,G0340
t1831,G0340
t1832,G0340
t1833,G0340
t1834,G0340
t1835,G0340
t1836,G0340
t1837,G0340
t1838,G0340
t1839,G0340
t6960,G0341
t6961,G0341
t6962,G0341
t6963,G0341
t6964,G0341
t6965,G0341
t6966,G0341
t6967,G0341
t6968,G0341
t6969,G0341
t6970,G0341
t6971,G0341
t6972,G0341
t6973,G0341
t6974,G0341
t6975,G0341
t2624,G0342
t2625,G0342
t2626,G0342
t2627,G0342
t2628,G0342
t2629,G0342
t2630,G0342
t2631,G0342
t2632,G0342
t2633,G0342
t2634,G0342
t2635,G0342
t2636,G0342
t2637,G0342
t2638,G0342
t2639,G0342
t5536,G0343
t5537,G0343
t5538,G0343
t5539,G0343
t5540,G0343
t5541,G0343
t5542,G0343
t5543,G0343
t5544,G0343
t5545,G0343
t5546,G0343
t5547,G0343
t5548,G0343
t5549,G0343
t5550,G0343
t5551,G0343
t7648,G0344
t7649,G0344
t7650,G0344
t7651,G0344
t7652,G0344
t7653,G0344
t7654,G0344
t7655,G0344
t7656,G0344
t7657,G0344
t7658,G0344
t7659,G0344
t7660,G0344
t7661,G0344
t7662,G0344
t7663,G0344
t3552,G0345
t3553,G0345
t3554,G0345
t3555,G0345
t3556,G0345
t3557,G0345
t3558,G0345
t3559,G0345
t3560,G0345
t3561,G0345
t3562,G0345
t3563,G0345
t3564,G0345
t3565,G0345
t3566,G0345
t3567,G0345
t1520,G0346
t1521,G0346
t1522,G0346
t1523,G0346
t1524,G0346
t1525,G0346
t1526,G0346
t1527,G0346
t1528,G0346
t1529,G0346
t1530,G0346
t1531,G0346
t1532,G0346
t1533,G0346
t1534,G0346
t1535,G0346
t6608,G0347
t6609,G0347
t6610,G0347
t6611,G0347
t6612,G0347
t6613,G0347
t6614,G0347
t6615,G0347
t6616,G0347
t6617,G0347
t6618,G0347
t6619,G0347
t6620,G0347
t6621,G0347
t6622,G0347
t6623,G0347
t1952,G0348
t1953,G0348
t1954,G0348
t1955,G0348
t1956,G0348
t1957,G0348
t1958,G0348
t1959,G0348
t1960,G0348
t1961,G0348
t1962,G0348
t1963,G0348
t1964,G0348
t1965,G0348
t1966,G0348
t1967,G0348
t7360,G0349
t7361,G0349
t7362,G0349
t7363,G0349
t7364,G0349
t7365,G0349
t7366,G0349
t7367,G0349
t7368,G0349
t7369,G0349
t7370,G0349
t7371,G0349
t7372,G0349
t7373,G0349
t7374,G0349
t7375,G0349
t1808,G0350
t1809,G0350
t1810,G0350
t1811,G0350
t1812,G0350
t1813,G0350
t1814,G0350
t1815,G0350
t1816,G0350
t1817,G0350
t1818,G0350
t1819,G0350
t1820,G0350
t1821,G0350
t1822,G0350
t1823,G0350
t4096,G0351
t4097,G0351
t4098,G0351
t4099,G0351
t4100,G0351
t4101,G0351
t4102,G0351
t4103,G0351
t4104,G0351
t4105,G0351
t4106,G0351
t4107,G0351
t4108,G0351
t4109,G0351
t4110,G0351
t4111,G0351
t5968,G0352
t5969,G0352
t5970,G0352
t5971,G0352
t5972,G0352
t5973,G0352
t5974,G0352
t5975,G0352
t5976,G0352
t5977,G0352
t5978,G0352
t5979,G0352
t5980,G0352
t5981,G0352
t5982,G0352
t5983,G0352
t1072,G0353
t1073,G0353
t1074,G0353
t1075,G0353
t1076,G0353
t1077,G0353
t1078,G0353
t1079,G0353
t1080,G0353
t1081,G0353
t1082,G0353
t1083,G0353
t1084,G0353
t1085,G0353
t1086,G0353
t1087,G0353
t7296,G0354
t7297,G0354
t7298,G0354
t7299,G0354
t7300,G0354
t7301,G0354
t7302,G0354
t7303,G0354
t7304,G0354
t7305,G0354
t7306,G0354
t7307,G0354
t7308,G0354
t7309,G0354
t7310,G0354
t7311,G0354
t208,G0355
t209,G0355
t210,G0355
t211,G0355
t212,G0355
t213,G0355
t214,G0355
t215,G0355
t216,G0355
t217,G0355
t218,G0355
t219,G0355
t220,G0355
t221,G0355
t222,G0355
t223,G0355
t6544,G0356
t6545,G0356
t6546,G0356
t6547,G0356
t6548,G0356
t6549,G0356
t6550,G0356
t6551,G0356
t6552,G0356
t6553,G0356
t6554,G0356
t6555,G0356
t6556,G0356
t6557,G0356
t6558,G0356
t6559,G0356
t5664,G0357
t5665,G0357
t5666,G0357
t5667,G0357
t5668,G0357
t5669,G0357
t5670,G0357
t5671,G0357
t5672,G0357
t5673,G0357
t5674,G0357
t5675,G0357
t5676,G0357
t5677,G0357
t5678,G0357
t5679,G0357
t2448,G0358
t2449,G0358
t2450,G0358
t2451,G0358
t2452,G0358
t2453,G0358
t2454,G0358
t2455,G0358
t2456,G0358
t2457,G0358
t2458,G0358
t2459,G0358
t2460,G0358
t2461,G0358
t2462,G0358
t2463,G0358
t2160,G0359
t2161,G0359
t2162,G0359
t2163,G0359
t2164,G0359
t2165,G0359
t2166,G0359
t2167,G0359
t2168,G0359
t2169,G0359
t2170,G0359
t2171,G0359
t2172,G0359
t2173,G0359
t2174,G0359
t2175,G0359
t6160,G0360
t6161,G0360
t6162,G0360
t6163,G0360
t6164,G0360
t6165,G0360
t6166,G0360
t6167,G0360
t6168,G0360
t6169,G0360
t6170,G0360
t6171,G0360
t6172,G0360
t6173,G0360
t6174,G0360
t6175,G0360
t6624,G0361
t6625,G0361
t6626,G0361
t6627,G0361
t6628,G0361
t6629,G0361
t6630,G0361
t6631,G0361
t6632,G0361
t6633,G0361
t6634,G0361
t6635,G0361
t6636,G0361
t6637,G0361
t6638,G0361
t6639,G0361
t1504,G0362
t1505,G0362
t1506,G0362
t1507,G0362
t1508,G0362
t1509,G0362
t1510,G0362
t1511,G0362
t1512,G0362
t1513,G0362
t1514,G0362
t1515,G0362
t1516,G0362
t1517,G0362
t1518,G0362
t1519,G0362
t2976,G0363
t2977,G0363
t2978,G0363
t2979,G0363
t2980,G0363
t2981,G0363
t2982,G0363
t2983,G0363
t2984,G0363
t2985,G0363
t2986,G0363
t2987,G0363
t2988,G0363
t2989,G0363
t2990,G0363
t2991,G0363
t1440,G0364
t1441,G0364
t1442,G0364
t1443,G0364
t1444,G0364
t1445,G0364
t1446,G0364
t1447,G0364
t1448,G0364
t1449,G0364
t1450,G0364
t1451,G0364
t1452,G0364
t1453,G0364
t1454,G0364
t1455,G0364
t2608,G0365
t2609,G0365
t2610,G0365
t2611,G0365
t2612,G0365
t2613,G0365
t2614,G0365
t2615,G0365
t2616,G0365
t2617,G0365
t2618,G0365
t2619,G0365
t2620,G0365
t2621,G0365
t2622,G0365
t2623,G0365
t8160,G0366
t8161,G0366
t8162,G0366
t8163,G0366
t8164,G0366
t8165,G0366
t8166,G0366
t8167,G0366
t8168,G0366
t8169,G0366
t8170,G0366
t8171,G0366
t8172,G0366
t8173,G0366
t8174,G0366
t8175,G0366
t2432,G0367
t2433,G0367
t2434,G0367
t2435,G0367
t2436,G0367
t2437,G0367
t2438,G0367
t2439,G0367
t2440,G0367
t2441,G0367
t2442,G0367
t2443,G0367
t2444,G0367
t2445,G0367
t2446,G0367
t2447,G0367
t3728,G0368
t3729,G0368
t3730,G0368
t3731,G0368
t3732,G0368
t3733,G0368
t3734,G0368
t3735,G0368
t3736,G0368
t3737,G0368
t3738,G0368
t3739,G0368
t3740,G0368
t3741,G0368
t3742,G0368
t3743,G0368
t2048,G0369
t2049,G0369
t2050,G0369
t2051,G0369
t2052,G0369
t2053,G0369
t2054,G0369
t2055,G0369
t2056,G0369
t2057,G0369
t2058,G0369
t2059,G0369
t2060,G0369
t2061,G0369
t2062,G0369
t2063,G0369
t8112,G0370
t8113,G0370
t8114,G0370
t8115,G0370
t8116,G0370
t8117,G0370
t8118,G0370
t8119,G0370
t8120,G0370
t8121,G0370
t8122,G0370
t8123,G0370
t8124,G0370
t8125,G0370
t8126,G0370
t8127,G0370
t5248,G0371
t5249,G0371
t5250,G0371
t5251,G0371
t5252,G0371
t5253,G0371
t5254,G0371
t5255,G0371
t5256,G0371
t5257,G0371
t5258,G0371
t5259,G0371
t5260,G0371
t5261,G0371
t5262,G0371
t5263,G0371
t496,G0372
t497,G0372
t498,G0372
t499,G0372
t500,G0372
t501,G0372
t502,G0372
t503,G0372
t504,G0372
t505,G0372
t506,G0372
t507,G0372
t508,G0372
t509,G0372
t510,G0372
t511,G0372
t7680,G0373
t7681,G0373
t7682,G0373
t7683,G0373
t7684,G0373
t7685,G0373
t7686,G0373
t7687,G0373
t7688,G0373
t7689,G0373
t7690,G0373
t7691,G0373
t7692,G0373
t7693,G0373
t7694,G0373
t7695,G0373
t176,G0374
t177,G0374
t178,G0374
t179,G0374
t180,G0374
t181,G0374
t182,G0374
t183,G0374
t184,G0374
t185,G0374
t186,G0374
t187,G0374
t188,G0374
t189,G0374
t190,G0374
t191,G0374
t4000,G0375
t4001,G0375
t4002,G0375
t4003,G0375
t4004,G0375
t4005,G0375
t4006,G0375
t4007,G0375
t4008,G0375
t4009,G0375
t4010,G0375
t4011,G0375
t4012,G0375
t4013,G0375
t4014,G0375
t4015,G0375
t6032,G0376
t6033,G0376
t6034,G0376
t6035,G0376
t6036,G0376
t6037,G0376
t6038,G0376
t6039,G0376
t6040,G0376
t6041,G0376
t6042,G0376
t6043,G0376
t6044,G0376
t6045,G0376
t6046,G0376
t6047,G0376
t4976,G0377
t4977,G0377
t4978,G0377
t4979,G0377
t4980,G0377
t4981,G0377
t4982,G0377
t4983,G0377
t4984,G0377
t4985,G0377
t4986,G0377
t4987,G0377
t4988,G0377
t4989,G0377
t4990,G0377
t4991,G0377
t5088,G0378
t5089,G0378
t5090,G0378
t5091,G0378
t5092,G0378
t5093,G0378
t5094,G0378
t5095,G0378
t5096,G0378
t5097,G0378
t5098,G0378
t5099,G0378
t5100,G0378
t5101,G0378
t5102,G0378
t5103,G0378
t2880,G0379
t2881,G0379
t2882,G0379
t2883,G0379
t2884,G0379
t2885,G0379
t2886,G0379
t2887,G0379
t2888,G0379
t2889,G0379
t2890,G0379
t2891,G0379
t2892,G0379
t2893,G0379
t2894,G0379
t2895,G0379
t3808,G0380
t3809,G0380
t3810,G0380
t3811,G0380
t3812,G0380
t3813,G0380
t3814,G0380
t3815,G0380
t3816,G0380
t3817,G0380
t3818,G0380
t3819,G0380
t3820,G0380
t3821,G0380
t3822,G0380
t3823,G0380
t2720,G0381
t2721,G0381
t2722,G0381
t2723,G0381
t2724,G0381
t2725,G0381
t2726,G0381
t2727,G0381
t2728,G0381
t2729,G0381
t2730,G0381
t2731,G0381
t2732,G0381
t2733,G0381
t2734,G0381
t2735,G0381
t5136,G0382
t5137,G0382
t5138,G0382
t5139,G0382
t5140,G0382
t5141,G0382
t5142,G0382
t5143,G0382
t5144,G0382
t5145,G0382
t5146,G0382
t5147,G0382
t5148,G0382
t5149,G0382
t5150,G0382
t5151,G0382
t480,G0383
t481,G0383
t482,G0383
t483,G0383
t484,G0383
t485,G0383
t486,G0383
t487,G0383
t488,G0383
t489,G0383
t490,G0383
t491,G0383
t492,G0383
t493,G0383
t494,G0383
t495,G0383
t7136,G0384
t7137,G0384
t7138,G0384
t7139,G0384
t7140,G0384
t7141,G0384
t7142,G0384
t7143,G0384
t7144,G0384
t7145,G0384
t7146,G0384
t7147,G0384
t7148,G0384
t7149,G0384
t7150,G0384
t7151,G0384
t5168,G0385
t5169,G0385
t5170,G0385
t5171,G0385
t5172,G0385
t5173,G0385
t5174,G0385
t5175,G0385
t5176,G0385
t5177,G0385
t5178,G0385
t5179,G0385
t5180,G0385
t5181,G0385
t5182,G0385
t5183,G0385
t4816,G0386
t4817,G0386
t4818,G0386
t4819,G0386
t4820,G0386
t4821,G0386
t4822,G0386
t4823,G0386
t4824,G0386
t4825,G0386
t4826,G0386
t4827,G0386
t4828,G0386
t4829,G0386
t4830,G0386
t4831,G0386
t5040,G0387
t5041,G0387
t5042,G0387
t5043,G0387
t5044,G0387
t5045,G0387
t5046,G0387
t5047,G0387
t5048,G0387
t5049,G0387
t5050,G0387
t5051,G0387
t5052,G0387
t5053,G0387
t5054,G0387
t5055,G0387
t5760,G0388
t5761,G0388
t5762,G0388
t5763,G0388
t5764,G0388
t5765,G0388
t5766,G0388
t5767,G0388
t5768,G0388
t5769,G0388
t5770,G0388
t5771,G0388
t5772,G0388
t5773,G0388
t5774,G0388
t5775,G0388
t6256,G0389
t6257,G0389
t6258,G0389
t6259,G0389
t6260,G0389
t6261,G0389
t6262,G0389
t6263,G0389
t6264,G0389
t6265,G0389
t6266,G0389
t6267,G0389
t6268,G0389
t6269,G0389
t6270,G0389
t6271,G0389
t2576,G0390
t2577,G0390
t2578,G0390
t2579,G0390
t2580,G0390
t2581,G0390
t2582,G0390
t2583,G0390
t2584,G0390
t2585,G0390
t2586,G0390
t2587,G0390
t2588,G0390
t2589,G0390
t2590,G0390
t2591,G0390
t4736,G0391
t4737,G0391
t4738,G0391
t4739,G0391
t4740,G0391
t4741,G0391
t4742,G0391
t4743,G0391
t4744,G0391
t4745,G0391
t4746,G0391
t4747,G0391
t4748,G0391
t4749,G0391
t4750,G0391
t4751,G0391
t8096,G0392
t8097,G0392
t8098,G0392
t8099,G0392
t8100,G0392
t8101,G0392
t8102,G0392
t8103,G0392
t8104,G0392
t8105,G0392
t8106,G0392
t8107,G0392
t8108,G0392
t8109,G0392
t8110,G0392
t8111,G0392
t80,G0393
t81,G0393
t82,G0393
t83,G0393
t84,G0393
t85,G0393
t86,G0393
t87,G0393
t88,G0393
t89,G0393
t90,G0393
t91,G0393
t92,G0393
t93,G0393
t94,G0393
t95,G0393
t5728,G0394
t5729,G0394
t5730,G0394
t5731,G0394
t5732,G0394
t5733,G0394
t5734,G0394
t5735,G0394
t5736,G0394
t5737,G0394
t5738,G0394
t5739,G0394
t5740,G0394
t5741,G0394
t5742,G0394
t5743,G0394
t4480,G0395
t4481,G0395
t4482,G0395
t4483,G0395
t4484,G0395
t4485,G0395
t4486,G0395
t4487,G0395
t4488,G0395
t4489,G0395
t4490,G0395
t4491,G0395
t4492,G0395
t4493,G0395
t4494,G0395
t4495,G0395
t2480,G0396
t2481,G0396
t2482,G0396
t2483,G0396
t2484,G0396
t2485,G0396
t2486,G0396
t2487,G0396
t2488,G0396
t2489,G0396
t2490,G0396
t2491,G0396
t2492,G0396
t2493,G0396
t2494,G0396
t2495,G0396
t5616,G0397
t5617,G0397
t5618,G0397
t5619,G0397
t5620,G0397
t5621,G0397
t5622,G0397
t5623,G0397
t5624,G0397
t5625,G0397
t5626,G0397
t5627,G0397
t5628,G0397
t5629,G0397
t5630,G0397
t5631,G0397
t7024,G0398
t7025,G0398
t7026,G0398
t7027,G0398
t7028,G0398
t7029,G0398
t7030,G0398
t7031,G0398
t7032,G0398
t7033,G0398
t7034,G0398
t7035,G0398
t7036,G0398
t7037,G0398
t7038,G0398
t7039,G0398
t6992,G0399
t6993,G0399
t6994,G0399
t6995,G0399
t6996,G0399
t6997,G0399
t6998,G0399
t6999,G0399
t7000,G0399
t7001,G0399
t7002,G0399
t7003,G0399
t7004,G0399
t7005,G0399
t7006,G0399
t7007,G0399
t6944,G0400
t6945,G0400
t6946,G0400
t6947,G0400
t6948,G0400
t6949,G0400
t6950,G0400
t6951,G0400
t6952,G0400
t6953,G0400
t6954,G0400
t6955,G0400
t6956,G0400
t6957,G0400
t6958,G0400
t6959,G0400
t1936,G0401
t1937,G0401
t1938,G0401
t1939,G0401
t1940,G0401
t1941,G0401
t1942,G0401
t1943,G0401
t1944,G0401
t1945,G0401
t1946,G0401
t1947,G0401
t1948,G0401
t1949,G0401
t1950,G0401
t1951,G0401
t6480,G0402
t6481,G0402
t6482,G0402
t6483,G0402
t6484,G0402
t6485,G0402
t6486,G0402
t6487,G0402
t6488,G0402
t6489,G0402
t6490,G0402
t6491,G0402
t6492,G0402
t6493,G0402
t6494,G0402
t6495,G0402
t3520,G0403
t3521,G0403
t3522,G0403
t3523,G0403
t3524,G0403
t3525,G0403
t3526,G0403
t3527,G0403
t3528,G0403
t3529,G0403
t3530,G0403
t3531,G0403
t3532,G0403
t3533,G0403
t3534,G0403
t3535,G0403
t2208,G0404
t2209,G0404
t2210,G0404
t2211,G0404
t2212,G0404
t2213,G0404
t2214,G0404
t2215,G0404
t2216,G0404
t2217,G0404
t2218,G0404
t2219,G0404
t2220,G0404
t2221,G0404
t2222,G0404
t2223,G0404
t6912,G0405
t6913,G0405
t6914,G0405
t6915,G0405
t6916,G0405
t6917,G0405
t6918,G0405
t6919,G0405
t6920,G0405
t6921,G0405
t6922,G0405
t6923,G0405
t6924,G0405
t6925,G0405
t6926,G0405
t6927,G0405
t5072,G0406
t5073,G0406
t5074,G0406
t5075,G0406
t5076,G0406
t5077,G0406
t5078,G0406
t5079,G0406
t5080,G0406
t5081,G0406
t5082,G0406
t5083,G0406
t5084,G0406
t5085,G0406
t5086,G0406
t5087,G0406
t832,G0407
t833,G0407
t834,G0407
t835,G0407
t836,G0407
t837,G0407
t838,G0407
t839,G0407
t840,G0407
t841,G0407
t842,G0407
t843,G0407
t844,G0407
t845,G0407
t846,G0407
t847,G0407
t4576,G0408
t4577,G0408
t4578,G0408
t4579,G0408
t4580,G0408
t4581,G0408
t4582,G0408
t4583,G0408
t4584,G0408
t4585,G0408
t4586,G0408
t4587,G0408
t4588,G0408
t4589,G0408
t4590,G0408
t4591,G0408
t7328,G0409
t7329,G0409
t7330,G0409
t7331,G0409
t7332,G0409
t7333,G0409
t7334,G0409
t7335,G0409
t7336,G0409
t7337,G0409
t7338,G0409
t7339,G0409
t7340,G0409
t7341,G0409
t7342,G0409
t7343,G0409
t5264,G0410
t5265,G0410
t5266,G0410
t5267,G0410
t5268,G0410
t5269,G0410
t5270,G0410
t5271,G0410
t5272,G0410
t5273,G0410
t5274,G0410
t5275,G0410
t5276,G0410
t5277,G0410
t5278,G0410
t5279,G0410
t6880,G0411
t6881,G0411
t6882,G0411
t6883,G0411
t6884,G0411
t6885,G0411
t6886,G0411
t6887,G0411
t6888,G0411
t6889,G0411
t6890,G0411
t6891,G0411
t6892,G0411
t6893,G0411
t6894,G0411
t6895,G0411
t4256,G0412
t4257,G0412
t4258,G0412
t4259,G0412
t4260,G0412
t4261,G0412
t4262,G0412
t4263,G0412
t4264,G0412
t4265,G0412
t4266,G0412
t4267,G0412
t4268,G0412
t4269,G0412
t4270,G0412
t4271,G0412
t3760,G0413
t3761,G0413
t3762,G0413
t3763,G0413
t3764,G0413
t3765,G0413
t3766,G0413
t3767,G0413
t3768,G0413
t3769,G0413
t3770,G0413
t3771,G0413
t3772,G0413
t3773,G0413
t3774,G0413
t3775,G0413
t3072,G0414
t3073,G0414
t3074,G0414
t3075,G0414
t3076,G0414
t3077,G0414
t3078,G0414
t3079,G0414
t3080,G0414
t3081,G0414
t3082,G0414
t3083,G0414
t3084,G0414
t3085,G0414
t3086,G0414
t3087,G0414
t6112,G0415
t6113,G0415
t6114,G0415
t6115,G0415
t6116,G0415
t6117,G0415
t6118,G0415
t6119,G0415
t6120,G0415
t6121,G0415
t6122,G0415
t6123,G0415
t6124,G0415
t6125,G0415
t6126,G0415
t6127,G0415
t1120,G0416
t1121,G0416
t1122,G0416
t1123,G0416
t1124,G0416
t1125,G0416
t1126,G0416
t1127,G0416
t1128,G0416
t1129,G0416
t1130,G0416
t1131,G0416
t1132,G0416
t1133,G0416
t1134,G0416
t1135,G0416
t2944,G0417
t2945,G0417
t2946,G0417
t2947,G0417
t2948,G0417
t2949,G0417
t2950,G0417
t2951,G0417
t2952,G0417
t2953,G0417
t2954,G0417
t2955,G0417
t2956,G0417
t2957,G0417
t2958,G0417
t2959,G0417
t2560,G0418
t2561,G0418
t2562,G0418
t2563,G0418
t2564,G0418
t2565,G0418
t2566,G0418
t2567,G0418
t2568,G0418
t2569,G0418
t2570,G0418
t2571,G0418
t2572,G0418
t2573,G0418
t2574,G0418
t2575,G0418
t2768,G0419
t2769,G0419
t2770,G0419
t2771,G0419
t2772,G0419
t2773,G0419
t2774,G0419
t2775,G0419
t2776,G0419
t2777,G0419
t2778,G0419
t2779,G0419
t2780,G0419
t2781,G0419
t2782,G0419
t2783,G0419
t7456,G0420
t7457,G0420
t7458,G0420
t7459,G0420
t7460,G0420
t7461,G0420
t7462,G0420
t7463,G0420
t7464,G0420
t7465,G0420
t7466,G0420
t7467,G0420
t7468,G0420
t7469,G0420
t7470,G0420
t7471,G0420
t5648,G0421
t5649,G0421
t5650,G0421
t5651,G0421
t5652,G0421
t5653,G0421
t5654,G0421
t5655,G0421
t5656,G0421
t5657,G0421
t5658,G0421
t5659,G0421
t5660,G0421
t5661,G0421
t5662,G0421
t5663,G0421
t1264,G0422
t1265,G0422
t1266,G0422
t1267,G0422
t1268,G0422
t1269,G0422
t1270,G0422
t1271,G0422
t1272,G0422
t1273,G0422
t1274,G0422
t1275,G0422
t1276,G0422
t1277,G0422
t1278,G0422
t1279,G0422
t2144,G0423
t2145,G0423
t2146,G0423
t2147,G0423
t2148,G0423
t2149,G0423
t2150,G0423
t2151,G0423
t2152,G0423
t2153,G0423
t2154,G0423
t2155,G0423
t2156,G0423
t2157,G0423
t2158,G0423
t2159,G0423
t4992,G0424
t4993,G0424
t4994,G0424
t4995,G0424
t4996,G0424
t4997,G0424
t4998,G0424
t4999,G0424
t5000,G0424
t5001,G0424
t5002,G0424
t5003,G0424
t5004,G0424
t5005,G0424
t5006,G0424
t5007,G0424
t2384,G0425
t2385,G0425
t2386,G0425
t2387,G0425
t2388,G0425
t2389,G0425
t2390,G0425
t2391,G0425
t2392,G0425
t2393,G0425
t2394,G0425
t2395,G0425
t2396,G0425
t2397,G0425
t2398,G0425
t2399,G0425
t6800,G0426
t6801,G0426
t6802,G0426
t6803,G0426
t6804,G0426
t6805,G0426
t6806,G0426
t6807,G0426
t6808,G0426
t6809,G0426
t6810,G0426
t6811,G0426
t6812,G0426
t6813,G0426
t6814,G0426
t6815,G0426
t1616,G0427
t1617,G0427
t1618,G0427
t1619,G0427
t1620,G0427
t1621,G0427
t1622,G0427
t1623,G0427
t1624,G0427
t1625,G0427
t1626,G0427
t1627,G0427
t1628,G0427
t1629,G0427
t1630,G0427
t1631,G0427
t256,G0428
t257,G0428
t258,G0428
t259,G0428
t260,G0428
t261,G0428
t262,G0428
t263,G0428
t264,G0428
t265,G0428
t266,G0428
t267,G0428
t268,G0428
t269,G0428
t270,G0428
t271,G0428
t4384,G0429
t4385,G0429
t4386,G0429
t4387,G0429
t4388,G0429
t4389,G0429
t4390,G0429
t4391,G0429
t4392,G0429
t4393,G0429
t4394,G0429
t4395,G0429
t4396,G0429
t4397,G0429
t4398,G0429
t4399,G0429
t4912,G0430
t4913,G0430
t4914,G0430
t4915,G0430
t4916,G0430
t4917,G0430
t4918,G0430
t4919,G0430
t4920,G0430
t4921,G0430
t4922,G0430
t4923,G0430
t4924,G0430
t4925,G0430
t4926,G0430
t4927,G0430
t880,G0431
t881,G0431
t882,G0431
t883,G0431
t884,G0431
t885,G0431
t886,G0431
t887,G0431
t888,G0431
t889,G0431
t890,G0431
t891,G0431
t892,G0431
t893,G0431
t894,G0431
t895,G0431
t624,G0432
t625,G0432
t626,G0432
t627,G0432
t628,G0432
t629,G0432
t630,G0432
t631,G0432
t632,G0432
t633,G0432
t634,G0432
t635,G0432
t636,G0432
t637,G0432
t638,G0432
t639,G0432
t48,G0433
t49,G0433
t50,G0433
t51,G0433
t52,G0433
t53,G0433
t54,G0433
t55,G0433
t56,G0433
t57,G0433
t58,G0433
t59,G0433
t60,G0433
t61,G0433
t62,G0433
t63,G0433
t2528,G0434
t2529,G0434
t2530,G0434
t2531,G0434
t2532,G0434
t2533,G0434
t2534,G0434
t2535,G0434
t2536,G0434
t2537,G0434
t2538,G0434
t2539,G0434
t2540,G0434
t2541,G0434
t2542,G0434
t2543,G0434
t7376,G0435
t7377,G0435
t7378,G0435
t7379,G0435
t7380,G0435
t7381,G0435
t7382,G0435
t7383,G0435
t7384,G0435
t7385,G0435
t7386,G0435
t7387,G0435
t7388,G0435
t7389,G0435
t7390,G0435
t7391,G0435
t1920,G0436
t1921,G0436
t1922,G0436
t1923,G0436
t1924,G0436
t1925,G0436
t1926,G0436
t1927,G0436
t1928,G0436
t1929,G0436
t1930,G0436
t1931,G0436
t1932,G0436
t1933,G0436
t1934,G0436
t1935,G0436
t4128,G0437
t4129,G0437
t4130,G0437
t4131,G0437
t4132,G0437
t4133,G0437
t4134,G0437
t4135,G0437
t4136,G0437
t4137,G0437
t4138,G0437
t4139,G0437
t4140,G0437
t4141,G0437
t4142,G0437
t4143,G0437
t2272,G0438
t2273,G0438
t2274,G0438
t2275,G0438
t2276,G0438
t2277,G0438
t2278,G0438
t2279,G0438
t2280,G0438
t2281,G0438
t2282,G0438
t2283,G0438
t2284,G0438
t2285,G0438
t2286,G0438
t2287,G0438
t7904,G0439
t7905,G0439
t7906,G0439
t7907,G0439
t7908,G0439
t7909,G0439
t7910,G0439
t7911,G0439
t7912,G0439
t7913,G0439
t7914,G0439
t7915,G0439
t7916,G0439
t7917,G0439
t7918,G0439
t7919,G0439
t2704,G0440
t2705,G0440
t2706,G0440
t2707,G0440
t2708,G0440
t2709,G0440
t2710,G0440
t2711,G0440
t2712,G0440
t2713,G0440
t2714,G0440
t2715,G0440
t2716,G0440
t2717,G0440
t2718,G0440
t2719,G0440
t4800,G0441
t4801,G0441
t4802,G0441
t4803,G0441
t4804,G0441
t4805,G0441
t4806,G0441
t4807,G0441
t4808,G0441
t4809,G0441
t4810,G0441
t4811,G0441
t4812,G0441
t4813,G0441
t4814,G0441
t4815,G0441
t7856,G0442
t7857,G0442
t7858,G0442
t7859,G0442
t7860,G0442
t7861,G0442
t7862,G0442
t7863,G0442
t7864,G0442
t7865,G0442
t7866,G0442
t7867,G0442
t7868,G0442
t7869,G0442
t7870,G0442
t7871,G0442
t3088,G0443
t3089,G0443
t3090,G0443
t3091,G0443
t3092,G0443
t3093,G0443
t3094,G0443
t3095,G0443
t3096,G0443
t3097,G0443
t3098,G0443
t3099,G0443
t3100,G0443
t3101,G0443
t3102,G0443
t3103,G0443
t368,G0444
t369,G0444
t370,G0444
t371,G0444
t372,G0444
t373,G0444
t374,G0444
t375,G0444
t376,G0444
t377,G0444
t378,G0444
t379,G0444
t380,G0444
t381,G0444
t382,G0444
t383,G0444
t5024,G0445
t5025,G0445
t5026,G0445
t5027,G0445
t5028,G0445
t5029,G0445
t5030,G0445
t5031,G0445
t5032,G0445
t5033,G0445
t5034,G0445
t5035,G0445
t5036,G0445
t5037,G0445
t5038,G0445
t5039,G0445
t8080,G0446
t8081,G0446
t8082,G0446
t8083,G0446
t8084,G0446
t8085,G0446
t8086,G0446
t8087,G0446
t8088,G0446
t8089,G0446
t8090,G0446
t8091,G0446
t8092,G0446
t8093,G0446
t8094,G0446
t8095,G0446
t352,G0447
t353,G0447
t354,G0447
t355,G0447
t356,G0447
t357,G0447
t358,G0447
t359,G0447
t360,G0447
t361,G0447
t362,G0447
t363,G0447
t364,G0447
t365,G0447
t366,G0447
t367,G0447
t960,G0448
t961,G0448
t962,G0448
t963,G0448
t964,G0448
t965,G0448
t966,G0448
t967,G0448
t968,G0448
t969,G0448
t970,G0448
t971,G0448
t972,G0448
t973,G0448
t974,G0448
t975,G0448
t3392,G0449
t3393,G0449
t3394,G0449
t3395,G0449
t3396,G0449
t3397,G0449
t3398,G0449
t3399,G0449
t3400,G0449
t3401,G0449
t3402,G0449
t3403,G0449
t3404,G0449
t3405,G0449
t3406,G0449
t3407,G0449
t7232,G0450
t7233,G0450
t7234,G0450
t7235,G0450
t7236,G0450
t7237,G0450
t7238,G0450
t7239,G0450
t7240,G0450
t7241,G0450
t7242,G0450
t7243,G0450
t7244,G0450
t7245,G0450
t7246,G0450
t7247,G0450
t2400,G0451
t2401,G0451
t2402,G0451
t2403,G0451
t2404,G0451
t2405,G0451
t2406,G0451
t2407,G0451
t2408,G0451
t2409,G0451
t2410,G0451
t2411,G0451
t2412,G0451
t2413,G0451
t2414,G0451
t2415,G0451
t160,G0452
t161,G0452
t162,G0452
t163,G0452
t164,G0452
t165,G0452
t166,G0452
t167,G0452
t168,G0452
t169,G0452
t170,G0452
t171,G0452
t172,G0452
t173,G0452
t174,G0452
t175,G0452
t7664,G0453
t7665,G0453
t7666,G0453
t7667,G0453
t7668,G0453
t7669,G0453
t7670,G0453
t7671,G0453
t7672,G0453
t7673,G0453
t7674,G0453
t7675,G0453
t7676,G0453
t7677,G0453
t7678,G0453
t7679,G0453
t3360,G0454
t3361,G0454
t3362,G0454
t3363,G0454
t3364,G0454
t3365,G0454
t3366,G0454
t3367,G0454
t3368,G0454
t3369,G0454
t3370,G0454
t3371,G0454
t3372,G0454
t3373,G0454
t3374,G0454
t3375,G0454
t544,G0455
t545,G0455
t546,G0455
t547,G0455
t548,G0455
t549,G0455
t550,G0455
t551,G0455
t552,G0455
t553,G0455
t554,G0455
t555,G0455
t556,G0455
t557,G0455
t558,G0455
t559,G0455
t2816,G0456
t2817,G0456
t2818,G0456
t2819,G0456
t2820,G0456
t2821,G0456
t2822,G0456
t2823,G0456
t2824,G0456
t2825,G0456
t2826,G0456
t2827,G0456
t2828,G0456
t2829,G0456
t2830,G0456
t2831,G0456
t720,G0457
t721,G0457
t722,G0457
t723,G0457
t724,G0457
t725,G0457
t726,G0457
t727,G0457
t728,G0457
t729,G0457
t730,G0457
t731,G0457
t732,G0457
t733,G0457
t734,G0457
t735,G0457
t3952,G0458
t3953,G0458
t3954,G0458
t3955,G0458
t3956,G0458
t3957,G0458
t3958,G0458
t3959,G0458
t3960,G0458
t3961,G0458
t3962,G0458
t3963,G0458
t3964,G0458
t3965,G0458
t3966,G0458
t3967,G0458
t7744,G0459
t7745,G0459
t7746,G0459
t7747,G0459
t7748,G0459
t7749,G0459
t7750,G0459
t7751,G0459
t7752,G0459
t7753,G0459
t7754,G0459
t7755,G0459
t7756,G0459
t7757,G0459
t7758,G0459
t7759,G0459
t3936,G0460
t3937,G0460
t3938,G0460
t3939,G0460
t3940,G0460
t3941,G0460
t3942,G0460
t3943,G0460
t3944,G0460
t3945,G0460
t3946,G0460
t3947,G0460
t3948,G0460
t3949,G0460
t3950,G0460
t3951,G0460
t7520,G0461
t7521,G0461
t7522,G0461
t7523,G0461
t7524,G0461
t7525,G0461
t7526,G0461
t7527,G0461
t7528,G0461
t7529,G0461
t7530,G0461
t7531,G0461
t7532,G0461
t7533,G0461
t7534,G0461
t7535,G0461
t1008,G0462
t1009,G0462
t1010,G0462
t1011,G0462
t1012,G0462
t1013,G0462
t1014,G0462
t1015,G0462
t1016,G0462
t1017,G0462
t1018,G0462
t1019,G0462
t1020,G0462
t1021,G0462
t1022,G0462
t1023,G0462
t2320,G0463
t2321,G0463
t2322,G0463
t2323,G0463
t2324,G0463
t2325,G0463
t2326,G0463
t2327,G0463
t2328,G0463
t2329,G0463
t2330,G0463
t2331,G0463
t2332,G0463
t2333,G0463
t2334,G0463
t2335,G0463
t2176,G0464
t2177,G0464
t2178,G0464
t2179,G0464
t2180,G0464
t2181,G0464
t2182,G0464
t2183,G0464
t2184,G0464
t2185,G0464
t2186,G0464
t2187,G0464
t2188,G0464
t2189,G0464
t2190,G0464
t2191,G0464
t6864,G0465
t6865,G0465
t6866,G0465
t6867,G0465
t6868,G0465
t6869,G0465
t6870,G0465
t6871,G0465
t6872,G0465
t6873,G0465
t6874,G0465
t6875,G0465
t6876,G0465
t6877,G0465
t6878,G0465
t6879,G0465
t5184,G0466
t5185,G0466
t5186,G0466
t5187,G0466
t5188,G0466
t5189,G0466
t5190,G0466
t5191,G0466
t5192,G0466
t5193,G0466
t5194,G0466
t5195,G0466
t5196,G0466
t5197,G0466
t5198,G0466
t5199,G0466
t1728,G0467
t1729,G0467
t1730,G0467
t1731,G0467
t1732,G0467
t1733,G0467
t1734,G0467
t1735,G0467
t1736,G0467
t1737,G0467
t1738,G0467
t1739,G0467
t1740,G0467
t1741,G0467
t1742,G0467
t1743,G0467
t5360,G0468
t5361,G0468
t5362,G0468
t5363,G0468
t5364,G0468
t5365,G0468
t5366,G0468
t5367,G0468
t5368,G0468
t5369,G0468
t5370,G0468
t5371,G0468
t5372,G0468
t5373,G0468
t5374,G0468
t5375,G0468
t7264,G0469
t7265,G0469
t7266,G0469
t7267,G0469
t7268,G0469
t7269,G0469
t7270,G0469
t7271,G0469
t7272,G0469
t7273,G0469
t7274,G0469
t7275,G0469
t7276,G0469
t7277,G0469
t7278,G0469
t7279,G0469
t848,G0470
t849,G0470
t850,G0470
t851,G0470
t852,G0470
t853,G0470
t854,G0470
t855,G0470
t856,G0470
t857,G0470
t858,G0470
t859,G0470
t860,G0470
t861,G0470
t862,G0470
t863,G0470
t4656,G0471
t4657,G0471
t4658,G0471
t4659,G0471
t4660,G0471
t4661,G0471
t4662,G0471
t4663,G0471
t4664,G0471
t4665,G0471
t4666,G0471
t4667,G0471
t4668,G0471
t4669,G0471
t4670,G0471
t4671,G0471
t4672,G0472
t4673,G0472
t4674,G0472
t4675,G0472
t4676,G0472
t4677,G0472
t4678,G0472
t4679,G0472
t4680,G0472
t4681,G0472
t4682,G0472
t4683,G0472
t4684,G0472
t4685,G0472
t4686,G0472
t4687,G0472
t4432,G0473
t4433,G0473
t4434,G0473
t4435,G0473
t4436,G0473
t4437,G0473
t4438,G0473
t4439,G0473
t4440,G0473
t4441,G0473
t4442,G0473
t4443,G0473
t4444,G0473
t4445,G0473
t4446,G0473
t4447,G0473
t2672,G0474
t2673,G0474
t2674,G0474
t2675,G0474
t2676,G0474
t2677,G0474
t2678,G0474
t2679,G0474
t2680,G0474
t2681,G0474
t2682,G0474
t2683,G0474
t2684,G0474
t2685,G0474
t2686,G0474
t2687,G0474
t5712,G0475
t5713,G0475
t5714,G0475
t5715,G0475
t5716,G0475
t5717,G0475
t5718,G0475
t5719,G0475
t5720,G0475
t5721,G0475
t5722,G0475
t5723,G0475
t5724,G0475
t5725,G0475
t5726,G0475
t5727,G0475
t1328,G0476
t1329,G0476
t1330,G0476
t1331,G0476
t1332,G0476
t1333,G0476
t1334,G0476
t1335,G0476
t1336,G0476
t1337,G0476
t1338,G0476
t1339,G0476
t1340,G0476
t1341,G0476
t1342,G0476
t1343,G0476
t5696,G0477
t5697,G0477
t5698,G0477
t5699,G0477
t5700,G0477
t5701,G0477
t5702,G0477
t5703,G0477
t5704,G0477
t5705,G0477
t5706,G0477
t5707,G0477
t5708,G0477
t5709,G0477
t5710,G0477
t5711,G0477
t7552,G0478
t7553,G0478
t7554,G0478
t7555,G0478
t7556,G0478
t7557,G0478
t7558,G0478
t7559,G0478
t7560,G0478
t7561,G0478
t7562,G0478
t7563,G0478
t7564,G0478
t7565,G0478
t7566,G0478
t7567,G0478
t8000,G0479
t8001,G0479
t8002,G0479
t8003,G0479
t8004,G0479
t8005,G0479
t8006,G0479
t8007,G0479
t8008,G0479
t8009,G0479
t8010,G0479
t8011,G0479
t8012,G0479
t8013,G0479
t8014,G0479
t8015,G0479
t2288,G0480
t2289,G0480
t2290,G0480
t2291,G0480
t2292,G0480
t2293,G0480
t2294,G0480
t2295,G0480
t2296,G0480
t2297,G0480
t2298,G0480
t2299,G0480
t2300,G0480
t2301,G0480
t2302,G0480
t2303,G0480
t224,G0481
t225,G0481
t226,G0481
t227,G0481
t228,G0481
t229,G0481
t230,G0481
t231,G0481
t232,G0481
t233,G0481
t234,G0481
t235,G0481
t236,G0481
t237,G0481
t238,G0481
t239,G0481
t5584,G0482
t5585,G0482
t5586,G0482
t5587,G0482
t5588,G0482
t5589,G0482
t5590,G0482
t5591,G0482
t5592,G0482
t5593,G0482
t5594,G0482
t5595,G0482
t5596,G0482
t5597,G0482
t5598,G0482
t5599,G0482
t2752,G0483
t2753,G0483
t2754,G0483
t2755,G0483
t2756,G0483
t2757,G0483
t2758,G0483
t2759,G0483
t2760,G0483
t2761,G0483
t2762,G0483
t2763,G0483
t2764,G0483
t2765,G0483
t2766,G0483
t2767,G0483
t7696,G0484
t7697,G0484
t7698,G0484
t7699,G0484
t7700,G0484
t7701,G0484
t7702,G0484
t7703,G0484
t7704,G0484
t7705,G0484
t7706,G0484
t7707,G0484
t7708,G0484
t7709,G0484
t7710,G0484
t7711,G0484
t6896,G0485
t6897,G0485
t6898,G0485
t6899,G0485
t6900,G0485
t6901,G0485
t6902,G0485
t6903,G0485
t6904,G0485
t6905,G0485
t6906,G0485
t6907,G0485
t6908,G0485
t6909,G0485
t6910,G0485
t6911,G0485
t3328,G0486
t3329,G0486
t3330,G0486
t3331,G0486
t3332,G0486
t3333,G0486
t3334,G0486
t3335,G0486
t3336,G0486
t3337,G0486
t3338,G0486
t3339,G0486
t3340,G0486
t3341,G0486
t3342,G0486
t3343,G0486
t4784,G0487
t4785,G0487
t4786,G0487
t4787,G0487
t4788,G0487
t4789,G0487
t4790,G0487
t4791,G0487
t4792,G0487
t4793,G0487
t4794,G0487
t4795,G0487
t4796,G0487
t4797,G0487
t4798,G0487
t4799,G0487
t4368,G0488
t4369,G0488
t4370,G0488
t4371,G0488
t4372,G0488
t4373,G0488
t4374,G0488
t4375,G0488
t4376,G0488
t4377,G0488
t4378,G0488
t4379,G0488
t4380,G0488
t4381,G0488
t4382,G0488
t4383,G0488
t2864,G0489
t2865,G0489
t2866,G0489
t2867,G0489
t2868,G0489
t2869,G0489
t2870,G0489
t2871,G0489
t2872,G0489
t2873,G0489
t2874,G0489
t2875,G0489
t2876,G0489
t2877,G0489
t2878,G0489
t2879,G0489
t4688,G0490
t4689,G0490
t4690,G0490
t4691,G0490
t4692,G0490
t4693,G0490
t4694,G0490
t4695,G0490
t4696,G0490
t4697,G0490
t4698,G0490
t4699,G0490
t4700,G0490
t4701,G0490
t4702,G0490
t4703,G0490
t3152,G0491
t3153,G0491
t3154,G0491
t3155,G0491
t3156,G0491
t3157,G0491
t3158,G0491
t3159,G0491
t3160,G0491
t3161,G0491
t3162,G0491
t3163,G0491
t3164,G0491
t3165,G0491
t3166,G0491
t3167,G0491
t6816,G0492
t6817,G0492
t6818,G0492
t6819,G0492
t6820,G0492
t6821,G0492
t6822,G0492
t6823,G0492
t6824,G0492
t6825,G0492
t6826,G0492
t6827,G0492
t6828,G0492
t6829,G0492
t6830,G0492
t6831,G0492
t4144,G0493
t4145,G0493
t4146,G0493
t4147,G0493
t4148,G0493
t4149,G0493
t4150,G0493
t4151,G0493
t4152,G0493
t4153,G0493
t4154,G0493
t4155,G0493
t4156,G0493
t4157,G0493
t4158,G0493
t4159,G0493
t3440,G0494
t3441,G0494
t3442,G0494
t3443,G0494
t3444,G0494
t3445,G0494
t3446,G0494
t3447,G0494
t3448,G0494
t3449,G0494
t3450,G0494
t3451,G0494
t3452,G0494
t3453,G0494
t3454,G0494
t3455,G0494
t7968,G0495
t7969,G0495
t7970,G0495
t7971,G0495
t7972,G0495
t7973,G0495
t7974,G0495
t7975,G0495
t7976,G0495
t7977,G0495
t7978,G0495
t7979,G0495
t7980,G0495
t7981,G0495
t7982,G0495
t7983,G0495
t8048,G0496
t8049,G0496
t8050,G0496
t8051,G0496
t8052,G0496
t8053,G0496
t8054,G0496
t8055,G0496
t8056,G0496
t8057,G0496
t8058,G0496
t8059,G0496
t8060,G0496
t8061,G0496
t8062,G0496
t8063,G0496
t6368,G0497
t6369,G0497
t6370,G0497
t6371,G0497
t6372,G0497
t6373,G0497
t6374,G0497
t6375,G0497
t6376,G0497
t6377,G0497
t6378,G0497
t6379,G0497
t6380,G0497
t6381,G0497
t6382,G0497
t6383,G0497
t3568,G0498
t3569,G0498
t3570,G0498
t3571,G0498
t3572,G0498
t3573,G0498
t3574,G0498
t3575,G0498
t3576,G0498
t3577,G0498
t3578,G0498
t3579,G0498
t3580,G0498
t3581,G0498
t3582,G0498
t3583,G0498
t5504,G0499
t5505,G0499
t5506,G0499
t5507,G0499
t5508,G0499
t5509,G0499
t5510,G0499
t5511,G0499
t5512,G0499
t5513,G0499
t5514,G0499
t5515,G0499
t5516,G0499
t5517,G0499
t5518,G0499
t5519,G0499
t7920,G0500
t7921,G0500
t7922,G0500
t7923,G0500
t7924,G0500
t7925,G0500
t7926,G0500
t7927,G0500
t7928,G0500
t7929,G0500
t7930,G0500
t7931,G0500
t7932,G0500
t7933,G0500
t7934,G0500
t7935,G0500
t1776,G0501
t1777,G0501
t1778,G0501
t1779,G0501
t1780,G0501
t1781,G0501
t1782,G0501
t1783,G0501
t1784,G0501
t1785,G0501
t1786,G0501
t1787,G0501
t1788,G0501
t1789,G0501
t1790,G0501
t1791,G0501
t4048,G0502
t4049,G0502
t4050,G0502
t4051,G0502
t4052,G0502
t4053,G0502
t4054,G0502
t4055,G0502
t4056,G0502
t4057,G0502
t4058,G0502
t4059,G0502
t4060,G0502
t4061,G0502
t4062,G0502
t4063,G0502
t1104,G0503
t1105,G0503
t1106,G0503
t1107,G0503
t1108,G0503
t1109,G0503
t1110,G0503
t1111,G0503
t1112,G0503
t1113,G0503
t1114,G0503
t1115,G0503
t1116,G0503
t1117,G0503
t1118,G0503
t1119,G0503
t288,G0504
t289,G0504
t290,G0504
t291,G0504
t292,G0504
t293,G0504
t294,G0504
t295,G0504
t296,G0504
t297,G0504
t298,G0504
t299,G0504
t300,G0504
t301,G0504
t302,G0504
t303,G0504
t784,G0505
t785,G0505
t786,G0505
t787,G0505
t788,G0505
t789,G0505
t790,G0505
t791,G0505
t792,G0505
t793,G0505
t794,G0505
t795,G0505
t796,G0505
t797,G0505
t798,G0505
t799,G0505
t2992,G0506
t2993,G0506
t2994,G0506
t2995,G0506
t2996,G0506
t2997,G0506
t2998,G0506
t2999,G0506
t3000,G0506
t3001,G0506
t3002,G0506
t3003,G0506
t3004,G0506
t3005,G0506
t3006,G0506
t3007,G0506
t1088,G0507
t1089,G0507
t1090,G0507
t1091,G0507
t1092,G0507
t1093,G0507
t1094,G0507
t1095,G0507
t1096,G0507
t1097,G0507
t1098,G0507
t1099,G0507
t1100,G0507
t1101,G0507
t1102,G0507
t1103,G0507
t3632,G0508
t3633,G0508
t3634,G0508
t3635,G0508
t3636,G0508
t3637,G0508
t3638,G0508
t3639,G0508
t3640,G0508
t3641,G0508
t3642,G0508
t3643,G0508
t3644,G0508
t3645,G0508
t3646,G0508
t3647,G0508
t4720,G0509
t4721,G0509
t4722,G0509
t4723,G0509
t4724,G0509
t4725,G0509
t4726,G0509
t4727,G0509
t4728,G0509
t4729,G0509
t4730,G0509
t4731,G0509
t4732,G0509
t4733,G0509
t4734,G0509
t4735,G0509
t6560,G0510
t6561,G0510
t6562,G0510
t6563,G0510
t6564,G0510
t6565,G0510
t6566,G0510
t6567,G0510
t6568,G0510
t6569,G0510
t6570,G0510
t6571,G0510
t6572,G0510
t6573,G0510
t6574,G0510
t6575,G0510
t5952,G0511
t5953,G0511
t5954,G0511
t5955,G0511
t5956,G0511
t5957,G0511
t5958,G0511
t5959,G0511
t5960,G0511
t5961,G0511
t5962,G0511
t5963,G0511
t5964,G0511
t5965,G0511
t5966,G0511
t5967,G0511
t3232,G0512
t3233,G0512
t3234,G0512
t3235,G0512
t3236,G0512
t3237,G0512
t3238,G0512
t3239,G0512
t3240,G0512
t3241,G0512
t3242,G0512
t3243,G0512
t3244,G0512
t3245,G0512
t3246,G0512
t3247,G0512
t3488,G0513
t3489,G0513
t3490,G0513
t3491,G0513
t3492,G0513
t3493,G0513
t3494,G0513
t3495,G0513
t3496,G0513
t3497,G0513
t3498,G0513
t3499,G0513
t3500,G0513
t3501,G0513
t3502,G0513
t3503,G0513
t6448,G0514
t6449,G0514
t6450,G0514
t6451,G0514
t6452,G0514
t6453,G0514
t6454,G0514
t6455,G0514
t6456,G0514
t6457,G0514
t6458,G0514
t6459,G0514
t6460,G0514
t6461,G0514
t6462,G0514
t6463,G0514
t5840,G0515
t5841,G0515
t5842,G0515
t5843,G0515
t5844,G0515
t5845,G0515
t5846,G0515
t5847,G0515
t5848,G0515
t5849,G0515
t5850,G0515
t5851,G0515
t5852,G0515
t5853,G0515
t5854,G0515
t5855,G0515
t3168,G0516
t3169,G0516
t3170,G0516
t3171,G0516
t3172,G0516
t3173,G0516
t3174,G0516
t3175,G0516
t3176,G0516
t3177,G0516
t3178,G0516
t3179,G0516
t3180,G0516
t3181,G0516
t3182,G0516
t3183,G0516
t7184,G0517
t7185,G0517
t7186,G0517
t7187,G0517
t7188,G0517
t7189,G0517
t7190,G0517
t7191,G0517
t7192,G0517
t7193,G0517
t7194,G0517
t7195,G0517
t7196,G0517
t7197,G0517
t7198,G0517
t7199,G0517
t5888,G0518
t5889,G0518
t5890,G0518
t5891,G0518
t5892,G0518
t5893,G0518
t5894,G0518
t5895,G0518
t5896,G0518
t5897,G0518
t5898,G0518
t5899,G0518
t5900,G0518
t5901,G0518
t5902,G0518
t5903,G0518
t4864,G0519
t4865,G0519
t4866,G0519
t4867,G0519
t4868,G0519
t4869,G0519
t4870,G0519
t4871,G0519
t4872,G0519
t4873,G0519
t4874,G0519
t4875,G0519
t4876,G0519
t4877,G0519
t4878,G0519
t4879,G0519
t8064,G0520
t8065,G0520
t8066,G0520
t8067,G0520
t8068,G0520
t8069,G0520
t8070,G0520
t8071,G0520
t8072,G0520
t8073,G0520
t8074,G0520
t8075,G0520
t8076,G0520
t8077,G0520
t8078,G0520
t8079,G0520
t2192,G0521
t2193,G0521
t2194,G0521
t2195,G0521
t2196,G0521
t2197,G0521
t2198,G0521
t2199,G0521
t2200,G0521
t2201,G0521
t2202,G0521
t2203,G0521
t2204,G0521
t2205,G0521
t2206,G0521
t2207,G0521
t7088,G0522
t7089,G0522
t7090,G0522
t7091,G0522
t7092,G0522
t7093,G0522
t7094,G0522
t7095,G0522
t7096,G0522
t7097,G0522
t7098,G0522
t7099,G0522
t7100,G0522
t7101,G0522
t7102,G0522
t7103,G0522
t6736,G0523
t6737,G0523
t6738,G0523
t6739,G0523
t6740,G0523
t6741,G0523
t6742,G0523
t6743,G0523
t6744,G0523
t6745,G0523
t6746,G0523
t6747,G0523
t6748,G0523
t6749,G0523
t6750,G0523
t6751,G0523
t240,G0524
t241,G0524
t242,G0524
t243,G0524
t244,G0524
t245,G0524
t246,G0524
t247,G0524
t248,G0524
t249,G0524
t250,G0524
t251,G0524
t252,G0524
t253,G0524
t254,G0524
t255,G0524
t6384,G0525
t6385,G0525
t6386,G0525
t6387,G0525
t6388,G0525
t6389,G0525
t6390,G0525
t6391,G0525
t6392,G0525
t6393,G0525
t6394,G0525
t6395,G0525
t6396,G0525
t6397,G0525
t6398,G0525
t6399,G0525
t2464,G0526
t2465,G0526
t2466,G0526
t2467,G0526
t2468,G0526
t2469,G0526
t2470,G0526
t2471,G0526
t2472,G0526
t2473,G0526
t2474,G0526
t2475,G0526
t2476,G0526
t2477,G0526
t2478,G0526
t2479,G0526
t336,G0527
t337,G0527
t338,G0527
t339,G0527
t340,G0527
t341,G0527
t342,G0527
t343,G0527
t344,G0527
t345,G0527
t346,G0527
t347,G0527
t348,G0527
t349,G0527
t350,G0527
t351,G0527
t4832,G0528
t4833,G0528
t4834,G0528
t4835,G0528
t4836,G0528
t4837,G0528
t4838,G0528
t4839,G0528
t4840,G0528
t4841,G0528
t4842,G0528
t4843,G0528
t4844,G0528
t4845,G0528
t4846,G0528
t4847,G0528
t6208,G0529
t6209,G0529
t6210,G0529
t6211,G0529
t6212,G0529
t6213,G0529
t6214,G0529
t6215,G0529
t6216,G0529
t6217,G0529
t6218,G0529
t6219,G0529
t6220,G0529
t6221,G0529
t6222,G0529
t6223,G0529
t1296,G0530
t1297,G0530
t1298,G0530
t1299,G0530
t1300,G0530
t1301,G0530
t1302,G0530
t1303,G0530
t1304,G0530
t1305,G0530
t1306,G0530
t1307,G0530
t1308,G0530
t1309,G0530
t1310,G0530
t1311,G0530
t512,G0531
t513,G0531
t514,G0531
t515,G0531
t516,G0531
t517,G0531
t518,G0531
t519,G0531
t520,G0531
t521,G0531
t522,G0531
t523,G0531
t524,G0531
t525,G0531
t526,G0531
t527,G0531
t6352,G0532
t6353,G0532
t6354,G0532
t6355,G0532
t6356,G0532
t6357,G0532
t6358,G0532
t6359,G0532
t6360,G0532
t6361,G0532
t6362,G0532
t6363,G0532
t6364,G0532
t6365,G0532
t6366,G0532
t6367,G0532
t5488,G0533
t5489,G0533
t5490,G0533
t5491,G0533
t5492,G0533
t5493,G0533
t5494,G0533
t5495,G0533
t5496,G0533
t5497,G0533
t5498,G0533
t5499,G0533
t5500,G0533
t5501,G0533
t5502,G0533
t5503,G0533
t112,G0534
t113,G0534
t114,G0534
t115,G0534
t116,G0534
t117,G0534
t118,G0534
t119,G0534
t120,G0534
t121,G0534
t122,G0534
t123,G0534
t124,G0534
t125,G0534
t126,G0534
t127,G0534
t6064,G0535
t6065,G0535
t6066,G0535
t6067,G0535
t6068,G0535
t6069,G0535
t6070,G0535
t6071,G0535
t6072,G0535
t6073,G0535
t6074,G0535
t6075,G0535
t6076,G0535
t6077,G0535
t6078,G0535
t6079,G0535
t3184,G0536
t3185,G0536
t3186,G0536
t3187,G0536
t3188,G0536
t3189,G0536
t3190,G0536
t3191,G0536
t3192,G0536
t3193,G0536
t3194,G0536
t3195,G0536
t3196,G0536
t3197,G0536
t3198,G0536
t3199,G0536
t4272,G0537
t4273,G0537
t4274,G0537
t4275,G0537
t4276,G0537
t4277,G0537
t4278,G0537
t4279,G0537
t4280,G0537
t4281,G0537
t4282,G0537
t4283,G0537
t4284,G0537
t4285,G0537
t4286,G0537
t4287,G0537
t7584,G0538
t7585,G0538
t7586,G0538
t7587,G0538
t7588,G0538
t7589,G0538
t7590,G0538
t7591,G0538
t7592,G0538
t7593,G0538
t7594,G0538
t7595,G0538
t7596,G0538
t7597,G0538
t7598,G0538
t7599,G0538
t7104,G0539
t7105,G0539
t7106,G0539
t7107,G0539
t7108,G0539
t7109,G0539
t7110,G0539
t7111,G0539
t7112,G0539
t7113,G0539
t7114,G0539
t7115,G0539
t7116,G0539
t7117,G0539
t7118,G0539
t7119,G0539
t7712,G0540
t7713,G0540
t7714,G0540
t7715,G0540
t7716,G0540
t7717,G0540
t7718,G0540
t7719,G0540
t7720,G0540
t7721,G0540
t7722,G0540
t7723,G0540
t7724,G0540
t7725,G0540
t7726,G0540
t7727,G0540
t5200,G0541
t5201,G0541
t5202,G0541
t5203,G0541
t5204,G0541
t5205,G0541
t5206,G0541
t5207,G0541
t5208,G0541
t5209,G0541
t5210,G0541
t5211,G0541
t5212,G0541
t5213,G0541
t5214,G0541
t5215,G0541
t1888,G0542
t1889,G0542
t1890,G0542
t1891,G0542
t1892,G0542
t1893,G0542
t1894,G0542
t1895,G0542
t1896,G0542
t1897,G0542
t1898,G0542
t1899,G0542
t1900,G0542
t1901,G0542
t1902,G0542
t1903,G0542
t1232,G0543
t1233,G0543
t1234,G0543
t1235,G0543
t1236,G0543
t1237,G0543
t1238,G0543
t1239,G0543
t1240,G0543
t1241,G0543
t1242,G0543
t1243,G0543
t1244,G0543
t1245,G0543
t1246,G0543
t1247,G0543
t7040,G0544
t7041,G0544
t7042,G0544
t7043,G0544
t7044,G0544
t7045,G0544
t7046,G0544
t7047,G0544
t7048,G0544
t7049,G0544
t7050,G0544
t7051,G0544
t7052,G0544
t7053,G0544
t7054,G0544
t7055,G0544
t5232,G0545
t5233,G0545
t5234,G0545
t5235,G0545
t5236,G0545
t5237,G0545
t5238,G0545
t5239,G0545
t5240,G0545
t5241,G0545
t5242,G0545
t5243,G0545
t5244,G0545
t5245,G0545
t5246,G0545
t5247,G0545
t3248,G0546
t3249,G0546
t3250,G0546
t3251,G0546
t3252,G0546
t3253,G0546
t3254,G0546
t3255,G0546
t3256,G0546
t3257,G0546
t3258,G0546
t3259,G0546
t3260,G0546
t3261,G0546
t3262,G0546
t3263,G0546
t8176,G0547
t8177,G0547
t8178,G0547
t8179,G0547
t8180,G0547
t8181,G0547
t8182,G0547
t8183,G0547
t8184,G0547
t8185,G0547
t8186,G0547
t8187,G0547
t8188,G0547
t8189,G0547
t8190,G0547
t8191,G0547
t4496,G0548
t4497,G0548
t4498,G0548
t4499,G0548
t4500,G0548
t4501,G0548
t4502,G0548
t4503,G0548
t4504,G0548
t4505,G0548
t4506,G0548
t4507,G0548
t4508,G0548
t4509,G0548
t4510,G0548
t4511,G0548
t7952,G0549
t7953,G0549
t7954,G0549
t7955,G0549
t7956,G0549
t7957,G0549
t7958,G0549
t7959,G0549
t7960,G0549
t7961,G0549
t7962,G0549
t7963,G0549
t7964,G0549
t7965,G0549
t7966,G0549
t7967,G0549
t4416,G0550
t4417,G0550
t4418,G0550
t4419,G0550
t4420,G0550
t4421,G0550
t4422,G0550
t4423,G0550
t4424,G0550
t4425,G0550
t4426,G0550
t4427,G0550
t4428,G0550
t4429,G0550
t4430,G0550
t4431,G0550
t7936,G0551
t7937,G0551
t7938,G0551
t7939,G0551
t7940,G0551
t7941,G0551
t7942,G0551
t7943,G0551
t7944,G0551
t7945,G0551
t7946,G0551
t7947,G0551
t7948,G0551
t7949,G0551
t7950,G0551
t7951,G0551
t5872,G0552
t5873,G0552
t5874,G0552
t5875,G0552
t5876,G0552
t5877,G0552
t5878,G0552
t5879,G0552
t5880,G0552
t5881,G0552
t5882,G0552
t5883,G0552
t5884,G0552
t5885,G0552
t5886,G0552
t5887,G0552
t1568,G0553
t1569,G0553
t1570,G0553
t1571,G0553
t1572,G0553
t1573,G0553
t1574,G0553
t1575,G0553
t1576,G0553
t1577,G0553
t1578,G0553
t1579,G0553
t1580,G0553
t1581,G0553
t1582,G0553
t1583,G0553
t1904,G0554
t1905,G0554
t1906,G0554
t1907,G0554
t1908,G0554
t1909,G0554
t1910,G0554
t1911,G0554
t1912,G0554
t1913,G0554
t1914,G0554
t1915,G0554
t1916,G0554
t1917,G0554
t1918,G0554
t1919,G0554
t4512,G0555
t4513,G0555
t4514,G0555
t4515,G0555
t4516,G0555
t4517,G0555
t4518,G0555
t4519,G0555
t4520,G0555
t4521,G0555
t4522,G0555
t4523,G0555
t4524,G0555
t4525,G0555
t4526,G0555
t4527,G0555
t2112,G0556
t2113,G0556
t2114,G0556
t2115,G0556
t2116,G0556
t2117,G0556
t2118,G0556
t2119,G0556
t2120,G0556
t2121,G0556
t2122,G0556
t2123,G0556
t2124,G0556
t2125,G0556
t2126,G0556
t2127,G0556
t3840,G0557
t3841,G0557
t3842,G0557
t3843,G0557
t3844,G0557
t3845,G0557
t3846,G0557
t3847,G0557
t3848,G0557
t3849,G0557
t3850,G0557
t3851,G0557
t3852,G0557
t3853,G0557
t3854,G0557
t3855,G0557
t6848,G0558
t6849,G0558
t6850,G0558
t6851,G0558
t6852,G0558
t6853,G0558
t6854,G0558
t6855,G0558
t6856,G0558
t6857,G0558
t6858,G0558
t6859,G0558
t6860,G0558
t6861,G0558
t6862,G0558
t6863,G0558
t7440,G0559
t7441,G0559
t7442,G0559
t7443,G0559
t7444,G0559
t7445,G0559
t7446,G0559
t7447,G0559
t7448,G0559
t7449,G0559
t7450,G0559
t7451,G0559
t7452,G0559
t7453,G0559
t7454,G0559
t7455,G0559
t96,G0560
t97,G0560
t98,G0560
t99,G0560
t100,G0560
t101,G0560
t102,G0560
t103,G0560
t104,G0560
t105,G0560
t106,G0560
t107,G0560
t108,G0560
t109,G0560
t110,G0560
t111,G0560
t4960,G0561
t4961,G0561
t4962,G0561
t4963,G0561
t4964,G0561
t4965,G0561
t4966,G0561
t4967,G0561
t4968,G0561
t4969,G0561
t4970,G0561
t4971,G0561
t4972,G0561
t4973,G0561
t4974,G0561
t4975,G0561
t528,G0562
t529,G0562
t530,G0562
t531,G0562
t532,G0562
t533,G0562
t534,G0562
t535,G0562
t536,G0562
t537,G0562
t538,G0562
t539,G0562
t540,G0562
t541,G0562
t542,G0562
t543,G0562
t4752,G0563
t4753,G0563
t4754,G0563
t4755,G0563
t4756,G0563
t4757,G0563
t4758,G0563
t4759,G0563
t4760,G0563
t4761,G0563
t4762,G0563
t4763,G0563
t4764,G0563
t4765,G0563
t4766,G0563
t4767,G0563
t5120,G0564
t5121,G0564
t5122,G0564
t5123,G0564
t5124,G0564
t5125,G0564
t5126,G0564
t5127,G0564
t5128,G0564
t5129,G0564
t5130,G0564
t5131,G0564
t5132,G0564
t5133,G0564
t5134,G0564
t5135,G0564
t3872,G0565
t3873,G0565
t3874,G0565
t3875,G0565
t3876,G0565
t3877,G0565
t3878,G0565
t3879,G0565
t3880,G0565
t3881,G0565
t3882,G0565
t3883,G0565
t3884,G0565
t3885,G0565
t3886,G0565
t3887,G0565
t4944,G0566
t4945,G0566
t4946,G0566
t4947,G0566
t4948,G0566
t4949,G0566
t4950,G0566
t4951,G0566
t4952,G0566
t4953,G0566
t4954,G0566
t4955,G0566
t4956,G0566
t4957,G0566
t4958,G0566
t4959,G0566
t7488,G0567
t7489,G0567
t7490,G0567
t7491,G0567
t7492,G0567
t7493,G0567
t7494,G0567
t7495,G0567
t7496,G0567
t7497,G0567
t7498,G0567
t7499,G0567
t7500,G0567
t7501,G0567
t7502,G0567
t7503,G0567
t3024,G0568
t3025,G0568
t3026,G0568
t3027,G0568
t3028,G0568
t3029,G0568
t3030,G0568
t3031,G0568
t3032,G0568
t3033,G0568
t3034,G0568
t3035,G0568
t3036,G0568
t3037,G0568
t3038,G0568
t3039,G0568
t1056,G0569
t1057,G0569
t1058,G0569
t1059,G0569
t1060,G0569
t1061,G0569
t1062,G0569
t1063,G0569
t1064,G0569
t1065,G0569
t1066,G0569
t1067,G0569
t1068,G0569
t1069,G0569
t1070,G0569
t1071,G0569
t4448,G0570
t4449,G0570
t4450,G0570
t4451,G0570
t4452,G0570
t4453,G0570
t4454,G0570
t4455,G0570
t4456,G0570
t4457,G0570
t4458,G0570
t4459,G0570
t4460,G0570
t4461,G0570
t4462,G0570
t4463,G0570
t4848,G0571
t4849,G0571
t4850,G0571
t4851,G0571
t4852,G0571
t4853,G0571
t4854,G0571
t4855,G0571
t4856,G0571
t4857,G0571
t4858,G0571
t4859,G0571
t4860,G0571
t4861,G0571
t4862,G0571
t4863,G0571
t3888,G0572
t3889,G0572
t3890,G0572
t3891,G0572
t3892,G0572
t3893,G0572
t3894,G0572
t3895,G0572
t3896,G0572
t3897,G0572
t3898,G0572
t3899,G0572
t3900,G0572
t3901,G0572
t3902,G0572
t3903,G0572
