id,genus
t5920,G0001
t5921,G0001
t5922,G0001
t5923,G0001
t5924,G0001
t5925,G0001
t5926,G0001
t5927,G0001
t5928,F0001
t5929,F0001
t5930,G0001
t5931,G0001
t5932,G0001
t5933,G0001
t5934,G0001
t5935,G0001
t416,G0002
t417,G0002
t418,G0002
t419,G0002
t420,G0002
t421,G0002
t422,G0002
t423,G0002
t424,F0002
t425,F0002
t426,G0002
t427,G0002
t428,G0002
t429,G0002
t430,G0002
t431,G0002
t2448,G0003
t2449,G0003
t2450,G0003
t2451,G0003
t2452,G0003
t2453,G0003
t2454,G0003
t2455,G0003
t2456,F0003
t2457,F0003
t2458,G0003
t2459,G0003
t2460,G0003
t2461,G0003
t2462,G0003
t2463,G0003
t1856,G0004
t1857,G0004
t1858,G0004
t1859,G0004
t1860,G0004
t1861,G0004
t1862,G0004
t1863,G0004
t1864,F0004
t1865,F0004
t1866,G0004
t1867,G0004
t1868,G0004
t1869,G0004
t1870,G0004
t1871,G0004
t5856,G0005
t5857,G0005
t5858,G0005
t5859,G0005
t5860,G0005
t5861,G0005
t5862,G0005
t5863,G0005
t5864,F0005
t5865,F0005
t5866,G0005
t5867,G0005
t5868,G0005
t5869,G0005
t5870,G0005
t5871,G0005
t6048,G0006
t6049,G0006
t6050,G0006
t6051,G0006
t6052,G0006
t6053,G0006
t6054,G0006
t6055,G0006
t6056,F0006
t6057,F0006
t6058,G0006
t6059,G0006
t6060,G0006
t6061,G0006
t6062,G0006
t6063,G0006
t5296,G0007
t5297,G0007
t5298,G0007
t5299,G0007
t5300,G0007
t5301,G0007
t5302,G0007
t5303,G0007
t5304,F0007
t5305,F0007
t5306,G0007
t5307,G0007
t5308,G0007
t5309,G0007
t5310,G0007
t5311,G0007
t1072,G0008
t1073,G0008
t1074,G0008
t1075,G0008
t1076,G0008
t1077,G0008
t1078,G0008
t1079,G0008
t1080,F0008
t1081,F0008
t1082,G0008
t1083,G0008
t1084,G0008
t1085,G0008
t1086,G0008
t1087,G0008
t7600,G0009
t7601,G0009
t7602,G0009
t7603,G0009
t7604,G0009
t7605,G0009
t7606,G0009
t7607,G0009
t7608,F0009
t7609,F0009
t7610,G0009
t7611,G0009
t7612,G0009
t7613,G0009
t7614,G0009
t7615,G0009
t4096,G0010
t4097,G0010
t4098,G0010
t4099,G0010
t4100,G0010
t4101,G0010
t4102,G0010
t4103,G0010
t4104,F0010
t4105,F0010
t4106,G0010
t4107,G0010
t4108,G0010
t4109,G0010
t4110,G0010
t4111,G0010
t3328,G0011
t3329,G0011
t3330,G0011
t3331,G0011
t3332,G0011
t3333,G0011
t3334,G0011
t3335,G0011
t3336,F0011
t3337,F0011
t3338,G0011
t3339,G0011
t3340,G0011
t3341,G0011
t3342,G0011
t3343,G0011
t3712,G0012
t3713,G0012
t3714,G0012
t3715,G0012
t3716,G0012
t3717,G0012
t3718,G0012
t3719,G0012
t3720,F0012
t3721,F0012
t3722,G0012
t3723,G0012
t3724,G0012
t3725,G0012
t3726,G0012
t3727,G0012
t5904,G0013
t5905,G0013
t5906,G0013
t5907,G0013
t5908,G0013
t5909,G0013
t5910,G0013
t5911,G0013
t5912,F0013
t5913,F0013
t5914,G0013
t5915,G0013
t5916,G0013
t5917,G0013
t5918,G0013
t5919,G0013
t2640,G0014
t2641,G0014
t2642,G0014
t2643,G0014
t2644,G0014
t2645,G0014
t2646,G0014
t2647,G0014
t2648,F0014
t2649,F0014
t2650,G0014
t2651,G0014
t2652,G0014
t2653,G0014
t2654,G0014
t2655,G0014
t8032,G0015
t8033,G0015
t8034,G0015
t8035,G0015
t8036,G0015
t8037,G0015
t8038,G0015
t8039,G0015
t8040,F0015
t8041,F0015
t8042,G0015
t8043,G0015
t8044,G0015
t8045,G0015
t8046,G0015
t8047,G0015
t6080,G0016
t6081,G0016
t6082,G0016
t6083,G0016
t6084,G0016
t6085,G0016
t6086,G0016
t6087,G0016
t6088,F0016
t6089,F0016
t6090,G0016
t6091,G0016
t6092,G0016
t6093,G0016
t6094,G0016
t6095,G0016
t2096,G0017
t2097,G0017
t2098,G0017
t2099,G0017
t2100,G0017
t2101,G0017
t2102,G0017
t2103,G0017
t2104,F0017
t2105,F0017
t2106,G0017
t2107,G0017
t2108,G0017
t2109,G0017
t2110,G0017
t2111,G0017
t6864,G0018
t6865,G0018
t6866,G0018
t6867,G0018
t6868,G0018
t6869,G0018
t6870,G0018
t6871,G0018
t6872,F0018
t6873,F0018
t6874,G0018
t6875,G0018
t6876,G0018
t6877,G0018
t6878,G0018
t6879,G0018
t2000,G0019
t2001,G0019
t2002,G0019
t2003,G0019
t2004,G0019
t2005,G0019
t2006,G0019
t2007,G0019
t2008,F0019
t2009,F0019
t2010,G0019
t2011,G0019
t2012,G0019
t2013,G0019
t2014,G0019
t2015,G0019
t5072,G0020
t5073,G0020
t5074,G0020
t5075,G0020
t5076,G0020
t5077,G0020
t5078,G0020
t5079,G0020
t5080,F0020
t5081,F0020
t5082,G0020
t5083,G0020
t5084,G0020
t5085,G0020
t5086,G0020
t5087,G0020
t384,G0021
t385,G0021
t386,G0021
t387,G0021
t388,G0021
t389,G0021
t390,G0021
t391,G0021
t392,F0021
t393,F0021
t394,G0021
t395,G0021
t396,G0021
t397,G0021
t398,G0021
t399,G0021
t5952,G0022
t5953,G0022
t5954,G0022
t5955,G0022
t5956,G0022
t5957,G0022
t5958,G0022
t5959,G0022
t5960,F0022
t5961,F0022
t5962,G0022
t5963,G0022
t5964,G0022
t5965,G0022
t5966,G0022
t5967,G0022
t3456,G0023
t3457,G0023
t3458,G0023
t3459,G0023
t3460,G0023
t3461,G0023
t3462,G0023
t3463,G0023
t3464,F0023
t3465,F0023
t3466,G0023
t3467,G0023
t3468,G0023
t3469,G0023
t3470,G0023
t3471,G0023
t4560,G0024
t4561,G0024
t4562,G0024
t4563,G0024
t4564,G0024
t4565,G0024
t4566,G0024
t4567,G0024
t4568,F0024
t4569,F0024
t4570,G0024
t4571,G0024
t4572,G0024
t4573,G0024
t4574,G0024
t4575,G0024
t896,G0025
t897,G0025
t898,G0025
t899,G0025
t900,G0025
t901,G0025
t902,G0025
t903,G0025
t904,F0025
t905,F0025
t906,G0025
t907,G0025
t908,G0025
t909,G0025
t910,G0025
t911,G0025
t272,G0026
t273,G0026
t274,G0026
t275,G0026
t276,G0026
t277,G0026
t278,G0026
t279,G0026
t280,F0026
t281,F0026
t282,G0026
t283,G0026
t284,G0026
t285,G0026
t286,G0026
t287,G0026
t1168,G0027
t1169,G0027
t1170,G0027
t1171,G0027
t1172,G0027
t1173,G0027
t1174,G0027
t1175,G0027
t1176,F0027
t1177,F0027
t1178,G0027
t1179,G0027
t1180,G0027
t1181,G0027
t1182,G0027
t1183,G0027
t2976,G0028
t2977,G0028
t2978,G0028
t2979,G0028
t2980,G0028
t2981,G0028
t2982,G0028
t2983,G0028
t2984,F0028
t2985,F0028
t2986,G0028
t2987,G0028
t2988,G0028
t2989,G0028
t2990,G0028
t2991,G0028
t2144,G0029
t2145,G0029
t2146,G0029
t2147,G0029
t2148,G0029
t2149,G0029
t2150,G0029
t2151,G0029
t2152,F0029
t2153,F0029
t2154,G0029
t2155,G0029
t2156,G0029
t2157,G0029
t2158,G0029
t2159,G0029
t1648,G0030
t1649,G0030
t1650,G0030
t1651,G0030
t1652,G0030
t1653,G0030
t1654,G0030
t1655,G0030
t1656,F0030
t1657,F0030
t1658,G0030
t1659,G0030
t1660,G0030
t1661,G0030
t1662,G0030
t1663,G0030
t4720,G0031
t4721,G0031
t4722,G0031
t4723,G0031
t4724,G0031
t4725,G0031
t4726,G0031
t4727,G0031
t4732,G0031
t4733,G0031
t4734,G0031
t4735,G0031
t1568,G0032
t1569,G0032
t1570,G0032
t1571,G0032
t1572,G0032
t1573,G0032
t1574,G0032
t1575,G0032
t1580,G0032
t1581,G0032
t1582,G0032
t1583,G0032
t3072,G0033
t3073,G0033
t3074,G0033
t3075,G0033
t3076,G0033
t3077,G0033
t3078,G0033
t3079,G0033
t3084,G0033
t3085,G0033
t3086,G0033
t3087,G0033
t8096,G0034
t8097,G0034
t8098,G0034
t8099,G0034
t8100,G0034
t8101,G0034
t8102,G0034
t8103,G0034
t8108,G0034
t8109,G0034
t8110,G0034
t8111,G0034
t7648,G0035
t7649,G0035
t7650,G0035
t7651,G0035
t7652,G0035
t7653,G0035
t7654,G0035
t7655,G0035
t7660,G0035
t7661,G0035
t7662,G0035
t7663,G0035
t5088,G0036
t5089,G0036
t5090,G0036
t5091,G0036
t5092,G0036
t5093,G0036
t5094,G0036
t5095,G0036
t5100,G0036
t5101,G0036
t5102,G0036
t5103,G0036
t7136,G0037
t7137,G0037
t7138,G0037
t7139,G0037
t7140,G0037
t7141,G0037
t7142,G0037
t7143,G0037
t7148,G0037
t7149,G0037
t7150,G0037
t7151,G0037
t3248,G0038
t3249,G0038
t3250,G0038
t3251,G0038
t3252,G0038
t3253,G0038
t3254,G0038
t3255,G0038
t3260,G0038
t3261,G0038
t3262,G0038
t3263,G0038
t704,G0039
t705,G0039
t706,G0039
t707,G0039
t708,G0039
t709,G0039
t710,G0039
t711,G0039
t716,G0039
t717,G0039
t718,G0039
t719,G0039
t5360,G0040
t5361,G0040
t5362,G0040
t5363,G0040
t5364,G0040
t5365,G0040
t5366,G0040
t5367,G0040
t5372,G0040
t5373,G0040
t5374,G0040
t5375,G0040
t992,G0041
t993,G0041
t994,G0041
t995,G0041
t996,G0041
t997,G0041
t998,G0041
t999,G0041
t1004,G0041
t1005,G0041
t1006,G0041
t1007,G0041
t3008,G0042
t3009,G0042
t3010,G0042
t3011,G0042
t3012,G0042
t3013,G0042
t3014,G0042
t3015,G0042
t3020,G0042
t3021,G0042
t3022,G0042
t3023,G0042
t1600,G0043
t1601,G0043
t1602,G0043
t1603,G0043
t1604,G0043
t1605,G0043
t1606,G0043
t1607,G0043
t1612,G0043
t1613,G0043
t1614,G0043
t1615,G0043
t7808,G0044
t7809,G0044
t7810,G0044
t7811,G0044
t7812,G0044
t7813,G0044
t7814,G0044
t7815,G0044
t7820,G0044
t7821,G0044
t7822,G0044
t7823,G0044
t1088,G0045
t1089,G0045
t1090,G0045
t1091,G0045
t1092,G0045
t1093,G0045
t1094,G0045
t1095,G0045
t1100,G0045
t1101,G0045
t1102,G0045
t1103,G0045
t5936,G0046
t5937,G0046
t5938,G0046
t5939,G0046
t5940,G0046
t5941,G0046
t5942,G0046
t5943,G0046
t5948,G0046
t5949,G0046
t5950,G0046
t5951,G0046
t2512,G0047
t2513,G0047
t2514,G0047
t2515,G0047
t2516,G0047
t2517,G0047
t2518,G0047
t2519,G0047
t2524,G0047
t2525,G0047
t2526,G0047
t2527,G0047
t4528,G0048
t4529,G0048
t4530,G0048
t4531,G0048
t4532,G0048
t4533,G0048
t4534,G0048
t4535,G0048
t4540,G0048
t4541,G0048
t4542,G0048
t4543,G0048
t1440,G0049
t1441,G0049
t1442,G0049
t1443,G0049
t1444,G0049
t1445,G0049
t1446,G0049
t1447,G0049
t1452,G0049
t1453,G0049
t1454,G0049
t1455,G0049
t1344,G0050
t1345,G0050
t1346,G0050
t1347,G0050
t1348,G0050
t1349,G0050
t1350,G0050
t1351,G0050
t1356,G0050
t1357,G0050
t1358,G0050
t1359,G0050
t1744,G0051
t1745,G0051
t1746,G0051
t1747,G0051
t1748,G0051
t1749,G0051
t1750,G0051
t1751,G0051
t1756,G0051
t1757,G0051
t1758,G0051
t1759,G0051
t4304,G0052
t4305,G0052
t4306,G0052
t4307,G0052
t4308,G0052
t4309,G0052
t4310,G0052
t4311,G0052
t4316,G0052
t4317,G0052
t4318,G0052
t4319,G0052
t4192,G0053
t4193,G0053
t4194,G0053
t4195,G0053
t4196,G0053
t4197,G0053
t4198,G0053
t4199,G0053
t4204,G0053
t4205,G0053
t4206,G0053
t4207,G0053
t1888,G0054
t1889,G0054
t1890,G0054
t1891,G0054
t1892,G0054
t1893,G0054
t1894,G0054
t1895,G0054
t1900,G0054
t1901,G0054
t1902,G0054
t1903,G0054
t432,G0055
t433,G0055
t434,G0055
t435,G0055
t436,G0055
t437,G0055
t438,G0055
t439,G0055
t444,G0055
t445,G0055
t446,G0055
t447,G0055
t4752,G0056
t4753,G0056
t4754,G0056
t4755,G0056
t4756,G0056
t4757,G0056
t4758,G0056
t4759,G0056
t4764,G0056
t4765,G0056
t4766,G0056
t4767,G0056
t2032,G0057
t2033,G0057
t2034,G0057
t2035,G0057
t2036,G0057
t2037,G0057
t2038,G0057
t2039,G0057
t2044,G0057
t2045,G0057
t2046,G0057
t2047,G0057
t2176,G0058
t2177,G0058
t2178,G0058
t2179,G0058
t2180,G0058
t2181,G0058
t2182,G0058
t2183,G0058
t2188,G0058
t2189,G0058
t2190,G0058
t2191,G0058
t7200,G0059
t7201,G0059
t7202,G0059
t7203,G0059
t7204,G0059
t7205,G0059
t7206,G0059
t7207,G0059
t7212,G0059
t7213,G0059
t7214,G0059
t7215,G0059
t1024,G0060
t1025,G0060
t1026,G0060
t1027,G0060
t1028,G0060
t1029,G0060
t1030,G0060
t1031,G0060
t1036,G0060
t1037,G0060
t1038,G0060
t1039,G0060
t5824,G0061
t5825,G0061
t5826,G0061
t5827,G0061
t5828,F0061
t5829,F0061
t5830,F0061
t5831,F0061
t5832,G0062
t5833,G0062
t5834,G0062
t5835,G0062
t5836,F0062
t5837,F0062
t5838,F0062
t5839,F0062
t928,G0063
t929,G0063
t930,G0063
t931,G0063
t932,F0063
t933,F0063
t934,F0063
t935,F0063
t936,G0064
t937,G0064
t938,G0064
t939,G0064
t940,F0064
t941,F0064
t942,F0064
t943,F0064
t2064,G0065
t2065,G0065
t2066,G0065
t2067,G0065
t2068,F0065
t2069,F0065
t2070,F0065
t2071,F0065
t2072,G0066
t2073,G0066
t2074,G0066
t2075,G0066
t2076,F0066
t2077,F0066
t2078,F0066
t2079,F0066
t1728,G0067
t1729,G0067
t1730,G0067
t1731,G0067
t1732,F0067
t1733,F0067
t1734,F0067
t1735,F0067
t1736,G0068
t1737,G0068
t1738,G0068
t1739,G0068
t1740,F0068
t1741,F0068
t1742,F0068
t1743,F0068
t2224,G0069
t2225,G0069
t2226,G0069
t2227,G0069
t2228,F0069
t2229,F0069
t2230,F0069
t2231,F0069
t2232,G0070
t2233,G0070
t2234,G0070
t2235,G0070
t2236,F0070
t2237,F0070
t2238,F0070
t2239,F0070
t3280,G0071
t3281,G0071
t3282,G0071
t3283,G0071
t3284,F0071
t3285,F0071
t3286,F0071
t3287,F0071
t3288,G0072
t3289,G0072
t3290,G0072
t3291,G0072
t3292,F0072
t3293,F0072
t3294,F0072
t3295,F0072
t16,G0073
t17,G0073
t18,G0073
t19,G0073
t20,F0073
t21,F0073
t22,F0073
t23,F0073
t24,G0074
t25,G0074
t26,G0074
t27,G0074
t28,F0074
t29,F0074
t30,F0074
t31,F0074
t3792,G0075
t3793,G0075
t3794,G0075
t3795,G0075
t3796,F0075
t3797,F0075
t3798,F0075
t3799,F0075
t3800,G0076
t3801,G0076
t3802,G0076
t3803,G0076
t3804,F0076
t3805,F0076
t3806,F0076
t3807,F0076
t7168,G0077
t7169,G0077
t7170,G0077
t7171,G0077
t7172,F0077
t7173,F0077
t7174,F0077
t7175,F0077
t7176,G0078
t7177,G0078
t7178,G0078
t7179,G0078
t7180,F0078
t7181,F0078
t7182,F0078
t7183,F0078
t448,G0079
t449,G0079
t450,G0079
t451,G0079
t452,F0079
t453,F0079
t454,F0079
t455,F0079
t456,G0080
t457,G0080
t458,G0080
t459,G0080
t460,F0080
t461,F0080
t462,F0080
t463,F0080
t4208,G0081
t4209,G0081
t4210,G0081
t4211,G0081
t4212,F0081
t4213,F0081
t4214,F0081
t4215,F0081
t4216,G0082
t4217,G0082
t4218,G0082
t4219,G0082
t4220,F0082
t4221,F0082
t4222,F0082
t4223,F0082
t3504,G0083
t3505,G0083
t3506,G0083
t3507,G0083
t3508,F0083
t3509,F0083
t3510,F0083
t3511,F0083
t3512,G0084
t3513,G0084
t3514,G0084
t3515,G0084
t3516,F0084
t3517,F0084
t3518,F0084
t3519,F0084
t7392,G0085
t7393,G0085
t7394,G0085
t7395,G0085
t7396,F0085
t7397,F0085
t7398,F0085
t7399,F0085
t7400,G0086
t7401,G0086
t7402,G0086
t7403,G0086
t7404,F0086
t7405,F0086
t7406,F0086
t7407,F0086
t8176,G0087
t8177,G0087
t8178,G0087
t8179,G0087
t8180,F0087
t8181,F0087
t8182,F0087
t8183,F0087
t8184,G0088
t8185,G0088
t8186,G0088
t8187,G0088
t8188,F0088
t8189,F0088
t8190,F0088
t8191,F0088
t2784,G0089
t2785,G0089
t2786,G0089
t2787,G0089
t2788,F0089
t2789,F0089
t2790,F0089
t2791,F0089
t2792,G0090
t2793,G0090
t2794,G0090
t2795,G0090
t2796,F0090
t2797,F0090
t2798,F0090
t2799,F0090
t7504,G0091
t7505,G0091
t7506,G0091
t7507,G0091
t7508,F0091
t7509,F0091
t7510,G0091
t7511,G0091
t7512,G0092
t7513,G0092
t7514,G0092
t7515,G0092
t7516,F0092
t7517,F0092
t7518,G0092
t7519,G0092
t7040,G0093
t7041,G0093
t7042,G0093
t7043,G0093
t7044,F0093
t7045,F0093
t7046,G0093
t7047,G0093
t7048,G0094
t7049,G0094
t7050,G0094
t7051,G0094
t7052,F0094
t7053,F0094
t7054,G0094
t7055,G0094
t6448,G0095
t6449,G0095
t6450,G0095
t6451,G0095
t6452,F0095
t6453,F0095
t6454,G0095
t6455,G0095
t6456,G0096
t6457,G0096
t6458,G0096
t6459,G0096
t6460,F0096
t6461,F0096
t6462,G0096
t6463,G0096
t5520,G0097
t5521,G0097
t5522,G0097
t5523,G0097
t5524,F0097
t5525,F0097
t5526,G0097
t5527,G0097
t5528,G0098
t5529,G0098
t5530,G0098
t5531,G0098
t5532,F0098
t5533,F0098
t5534,G0098
t5535,G0098
t5664,G0099
t5665,G0099
t5666,G0099
t5667,G0099
t5668,F0099
t5669,F0099
t5670,G0099
t5671,G0099
t5672,G0100
t5673,G0100
t5674,G0100
t5675,G0100
t5676,F0100
t5677,F0100
t5678,G0100
t5679,G0100
t3136,G0101
t3137,G0101
t3138,G0101
t3139,G0101
t3140,F0101
t3141,F0101
t3142,G0101
t3143,G0101
t3144,G0102
t3145,G0102
t3146,G0102
t3147,G0102
t3148,F0102
t3149,F0102
t3150,G0102
t3151,G0102
t8128,G0103
t8129,G0103
t8130,G0103
t8131,G0103
t8132,F0103
t8133,F0103
t8134,G0103
t8135,G0103
t8136,G0104
t8137,G0104
t8138,G0104
t8139,G0104
t8140,F0104
t8141,F0104
t8142,G0104
t8143,G0104
t8016,G0105
t8017,G0105
t8018,G0105
t8019,G0105
t8020,F0105
t8021,F0105
t8022,G0105
t8023,G0105
t8024,G0106
t8025,G0106
t8026,G0106
t8027,G0106
t8028,F0106
t8029,F0106
t8030,G0106
t8031,G0106
t6640,G0107
t6641,G0107
t6642,G0107
t6643,G0107
t6644,F0107
t6645,F0107
t6646,G0107
t6647,G0107
t6648,G0108
t6649,G0108
t6650,G0108
t6651,G0108
t6652,F0108
t6653,F0108
t6654,G0108
t6655,G0108
t6016,G0109
t6017,G0109
t6018,G0109
t6019,G0109
t6020,F0109
t6021,F0109
t6022,G0109
t6023,G0109
t6024,G0110
t6025,G0110
t6026,G0110
t6027,G0110
t6028,F0110
t6029,F0110
t6030,G0110
t6031,G0110
t240,G0111
t241,G0111
t242,G0111
t243,G0111
t244,F0111
t245,F0111
t246,G0111
t247,G0111
t248,G0112
t249,G0112
t250,G0112
t251,G0112
t252,F0112
t253,F0112
t254,G0112
t255,G0112
t5456,G0113
t5457,G0113
t5458,G0113
t5459,G0113
t5460,F0113
t5461,F0113
t5462,G0113
t5463,G0113
t5464,G0114
t5465,G0114
t5466,G0114
t5467,G0114
t5468,F0114
t5469,F0114
t5470,G0114
t5471,G0114
t4144,G0115
t4145,G0115
t4146,G0115
t4147,G0115
t4148,F0115
t4149,F0115
t4150,G0115
t4151,G0115
t4152,G0116
t4153,G0116
t4154,G0116
t4155,G0116
t4156,F0116
t4157,F0116
t4158,G0116
t4159,G0116
t4912,G0117
t4913,G0117
t4914,G0117
t4915,G0117
t4916,F0117
t4917,F0117
t4918,G0117
t4919,G0117
t4920,G0118
t4921,G0118
t4922,G0118
t4923,G0118
t4924,F0118
t4925,F0118
t4926,G0118
t4927,G0118
t2944,G0119
t2945,G0119
t2946,G0119
t2947,G0119
t2948,F0119
t2949,F0119
t2950,G0119
t2951,G0119
t2952,G0120
t2953,G0120
t2954,G0120
t2955,G0120
t2956,F0120
t2957,F0120
t2958,G0120
t2959,G0120
t4064,G0121
t4065,G0121
t4068,G0121
t4069,G0121
t4066,F0121
t4067,F0121
t4070,F0121
t4071,F0121
t4072,G0122
t4073,G0122
t4076,G0122
t4077,G0122
t4074,F0122
t4075,F0122
t4078,F0122
t4079,F0122
t3120,G0123
t3121,G0123
t3124,G0123
t3125,G0123
t3122,F0123
t3123,F0123
t3126,F0123
t3127,F0123
t3128,G0124
t3129,G0124
t3132,G0124
t3133,G0124
t3130,F0124
t3131,F0124
t3134,F0124
t3135,F0124
t5744,G0125
t5745,G0125
t5748,G0125
t5749,G0125
t5746,F0125
t5747,F0125
t5750,F0125
t5751,F0125
t5752,G0126
t5753,G0126
t5756,G0126
t5757,G0126
t5754,F0126
t5755,F0126
t5758,F0126
t5759,F0126
t2832,G0127
t2833,G0127
t2836,G0127
t2837,G0127
t2834,F0127
t2835,F0127
t2838,F0127
t2839,F0127
t2840,G0128
t2841,G0128
t2844,G0128
t2845,G0128
t2842,F0128
t2843,F0128
t2846,F0128
t2847,F0128
t5568,G0129
t5569,G0129
t5572,G0129
t5573,G0129
t5570,F0129
t5571,F0129
t5574,F0129
t5575,F0129
t5576,G0130
t5577,G0130
t5580,G0130
t5581,G0130
t5578,F0130
t5579,F0130
t5582,F0130
t5583,F0130
t3408,G0131
t3409,G0131
t3412,G0131
t3413,G0131
t3410,F0131
t3411,F0131
t3414,F0131
t3415,F0131
t3416,G0132
t3417,G0132
t3420,G0132
t3421,G0132
t3418,F0132
t3419,F0132
t3422,F0132
t3423,F0132
t4672,G0133
t4673,G0133
t4676,G0133
t4677,G0133
t4674,F0133
t4675,F0133
t4678,F0133
t4679,F0133
t4680,G0134
t4681,G0134
t4684,G0134
t4685,G0134
t4682,F0134
t4683,F0134
t4686,F0134
t4687,F0134
t2080,G0135
t2081,G0135
t2084,G0135
t2085,G0135
t2082,F0135
t2083,F0135
t2086,F0135
t2087,F0135
t2088,G0136
t2089,G0136
t2092,G0136
t2093,G0136
t2090,F0136
t2091,F0136
t2094,F0136
t2095,F0136
t4656,G0137
t4657,G0137
t4660,G0137
t4661,G0137
t4658,F0137
t4659,F0137
t4662,F0137
t4663,F0137
t4664,G0138
t4665,G0138
t4668,G0138
t4669,G0138
t4666,F0138
t4667,F0138
t4670,F0138
t4671,F0138
t1680,G0139
t1681,G0139
t1684,G0139
t1685,G0139
t1682,F0139
t1683,F0139
t1686,F0139
t1687,F0139
t1688,G0140
t1689,G0140
t1692,G0140
t1693,G0140
t1690,F0140
t1691,F0140
t1694,F0140
t1695,F0140
t2336,G0141
t2337,G0141
t2340,G0141
t2341,G0141
t2338,F0141
t2339,F0141
t2342,F0141
t2343,F0141
t2344,G0142
t2345,G0142
t2348,G0142
t2349,G0142
t2346,F0142
t2347,F0142
t2350,F0142
t2351,F0142
t352,G0143
t353,G0143
t356,G0143
t357,G0143
t354,F0143
t355,F0143
t358,F0143
t359,F0143
t360,G0144
t361,G0144
t364,G0144
t365,G0144
t362,F0144
t363,F0144
t366,F0144
t367,F0144
t3808,G0145
t3809,G0145
t3812,G0145
t3813,G0145
t3810,F0145
t3811,F0145
t3814,F0145
t3815,F0145
t3816,G0146
t3817,G0146
t3820,G0146
t3821,G0146
t3818,F0146
t3819,F0146
t3822,F0146
t3823,F0146
t7248,G0147
t7249,G0147
t7252,G0147
t7253,G0147
t7250,F0147
t7251,F0147
t7254,F0147
t7255,F0147
t7256,G0148
t7257,G0148
t7260,G0148
t7261,G0148
t7258,F0148
t7259,F0148
t7262,F0148
t7263,F0148
t5104,G0149
t5105,G0149
t5108,G0149
t5109,G0149
t5106,F0149
t5107,F0149
t5110,F0149
t5111,F0149
t5112,G0150
t5113,G0150
t5116,G0150
t5117,G0150
t5114,F0150
t5115,F0150
t5118,F0150
t5119,F0150
t7104,G0151
t7105,G0151
t7106,G0151
t7107,G0151
t7108,F0151
t7109,F0151
t7110,F0151
t7111,F0151
phantom_151_a,G0151
phantom_151_b,G0151
t7112,G0152
t7113,G0152
t7114,G0152
t7115,G0152
t7116,F0152
t7117,F0152
t7118,F0152
t7119,F0152
phantom_152_a,G0152
phantom_152_b,G0152
t3728,G0153
t3729,G0153
t3730,G0153
t3731,G0153
t3732,F0153
t3733,F0153
t3734,F0153
t3735,F0153
phantom_153_a,G0153
phantom_153_b,G0153
t3736,G0154
t3737,G0154
t3738,G0154
t3739,G0154
t3740,F0154
t3741,F0154
t3742,F0154
t3743,F0154
phantom_154_a,G0154
phantom_154_b,G0154
t224,G0155
t225,G0155
t226,G0155
t227,G0155
t228,F0155
t229,F0155
t230,F0155
t231,F0155
phantom_155_a,G0155
phantom_155_b,G0155
t232,G0156
t233,G0156
t234,G0156
t235,G0156
t236,F0156
t237,F0156
t238,F0156
t239,F0156
phantom_156_a,G0156
phantom_156_b,G0156
t4832,G0157
t4833,G0157
t4834,G0157
t4835,G0157
t4836,F0157
t4837,F0157
t4838,F0157
t4839,F0157
phantom_157_a,G0157
phantom_157_b,G0157
t4840,G0158
t4841,G0158
t4842,G0158
t4843,G0158
t4844,F0158
t4845,F0158
t4846,F0158
t4847,F0158
phantom_158_a,G0158
phantom_158_b,G0158
t3376,G0159
t3377,G0159
t3378,G0159
t3379,G0159
t3380,F0159
t3381,F0159
t3382,F0159
t3383,F0159
phantom_159_a,G0159
phantom_159_b,G0159
t3384,G0160
t3385,G0160
t3386,G0160
t3387,G0160
t3388,F0160
t3389,F0160
t3390,F0160
t3391,F0160
phantom_160_a,G0160
phantom_160_b,G0160
t3696,G0161
t3697,G0161
t3698,G0161
t3699,G0161
t3700,F0161
t3701,F0161
t3702,F0161
t3703,F0161
phantom_161_a,G0161
phantom_161_b,G0161
t3704,G0162
t3705,G0162
t3706,G0162
t3707,G0162
t3708,F0162
t3709,F0162
t3710,F0162
t3711,F0162
phantom_162_a,G0162
phantom_162_b,G0162
t5440,G0163
t5441,G0163
t5442,G0163
t5443,G0163
t5444,F0163
t5445,F0163
t5446,F0163
t5447,F0163
phantom_163_a,G0163
phantom_163_b,G0163
t5448,G0164
t5449,G0164
t5450,G0164
t5451,G0164
t5452,F0164
t5453,F0164
t5454,F0164
t5455,F0164
phantom_164_a,G0164
phantom_164_b,G0164
t2672,G0165
t2673,G0165
t2674,G0165
t2675,G0165
t2676,F0165
t2677,F0165
t2678,F0165
t2679,F0165
phantom_165_a,G0165
phantom_165_b,G0165
t2680,G0166
t2681,G0166
t2682,G0166
t2683,G0166
t2684,F0166
t2685,F0166
t2686,F0166
t2687,F0166
phantom_166_a,G0166
phantom_166_b,G0166
t5264,G0167
t5265,G0167
t5266,G0167
t5267,G0167
t5268,F0167
t5269,F0167
t5270,F0167
t5271,F0167
phantom_167_a,G0167
phantom_167_b,G0167
t5272,G0168
t5273,G0168
t5274,G0168
t5275,G0168
t5276,F0168
t5277,F0168
t5278,F0168
t5279,F0168
phantom_168_a,G0168
phantom_168_b,G0168
t3776,G0169
t3777,G0169
t3778,G0169
t3779,G0169
t3780,F0169
t3781,F0169
t3782,F0169
t3783,F0169
phantom_169_a,G0169
phantom_169_b,G0169
t3784,G0170
t3785,G0170
t3786,G0170
t3787,G0170
t3788,F0170
t3789,F0170
t3790,F0170
t3791,F0170
phantom_170_a,G0170
phantom_170_b,G0170
t6064,G0171
t6065,G0171
t6066,G0171
t6067,G0171
t6068,F0171
t6069,F0171
t6070,F0171
t6071,F0171
phantom_171_a,G0171
phantom_171_b,G0171
t6072,G0172
t6073,G0172
t6074,G0172
t6075,G0172
t6076,F0172
t6077,F0172
t6078,F0172
t6079,F0172
phantom_172_a,G0172
phantom_172_b,G0172
t7888,G0173
t7889,G0173
t7890,G0173
t7891,G0173
t7892,F0173
t7893,F0173
t7894,F0173
t7895,F0173
phantom_173_a,G0173
phantom_173_b,G0173
t7896,G0174
t7897,G0174
t7898,G0174
t7899,G0174
t7900,F0174
t7901,F0174
t7902,F0174
t7903,F0174
phantom_174_a,G0174
phantom_174_b,G0174
t2816,G0175
t2817,G0175
t2818,G0175
t2819,G0175
t2820,F0175
t2821,F0175
t2822,F0175
t2823,F0175
phantom_175_a,G0175
phantom_175_b,G0175
t2824,G0176
t2825,G0176
t2826,G0176
t2827,G0176
t2828,F0176
t2829,F0176
t2830,F0176
t2831,F0176
phantom_176_a,G0176
phantom_176_b,G0176
t7616,G0177
t7617,G0177
t7618,G0177
t7619,G0177
t7620,F0177
t7621,F0177
t7622,F0177
t7623,F0177
phantom_177_a,G0177
phantom_177_b,G0177
t7624,G0178
t7625,G0178
t7626,G0178
t7627,G0178
t7628,F0178
t7629,F0178
t7630,F0178
t7631,F0178
phantom_178_a,G0178
phantom_178_b,G0178
t2400,G0179
t2401,G0179
t2402,G0179
t2403,G0179
t2404,F0179
t2405,F0179
t2406,F0179
t2407,F0179
phantom_179_a,G0179
phantom_179_b,G0179
t2408,G0180
t2409,G0180
t2410,G0180
t2411,G0180
t2412,F0180
t2413,F0180
t2414,F0180
t2415,F0180
phantom_180_a,G0180
phantom_180_b,G0180
t4896,G0181
t4897,G0181
t4898,G0181
t4899,G0181
t4900,G0181
t4901,G0181
t4902,G0181
t4903,G0181
t4904,G0181
t4905,G0181
t4906,G0181
t4907,G0181
t4908,G0181
t4909,G0181
t4910,G0181
t4911,G0181
t4976,G0182
t4977,G0182
t4978,G0182
t4979,G0182
t4980,G0182
t4981,G0182
t4982,G0182
t4983,G0182
t4984,G0182
t4985,G0182
t4986,G0182
t4987,G0182
t4988,G0182
t4989,G0182
t4990,G0182
t4991,G0182
t688,G0183
t689,G0183
t690,G0183
t691,G0183
t692,G0183
t693,G0183
t694,G0183
t695,G0183
t696,G0183
t697,G0183
t698,G0183
t699,G0183
t700,G0183
t701,G0183
t702,G0183
t703,G0183
t5840,G0184
t5841,G0184
t5842,G0184
t5843,G0184
t5844,G0184
t5845,G0184
t5846,G0184
t5847,G0184
t5848,G0184
t5849,G0184
t5850,G0184
t5851,G0184
t5852,G0184
t5853,G0184
t5854,G0184
t5855,G0184
t1456,G0185
t1457,G0185
t1458,G0185
t1459,G0185
t1460,G0185
t1461,G0185
t1462,G0185
t1463,G0185
t1464,G0185
t1465,G0185
t1466,G0185
t1467,G0185
t1468,G0185
t1469,G0185
t1470,G0185
t1471,G0185
t7152,G0186
t7153,G0186
t7154,G0186
t7155,G0186
t7156,G0186
t7157,G0186
t7158,G0186
t7159,G0186
t7160,G0186
t7161,G0186
t7162,G0186
t7163,G0186
t7164,G0186
t7165,G0186
t7166,G0186
t7167,G0186
t2624,G0187
t2625,G0187
t2626,G0187
t2627,G0187
t2628,G0187
t2629,G0187
t2630,G0187
t2631,G0187
t2632,G0187
t2633,G0187
t2634,G0187
t2635,G0187
t2636,G0187
t2637,G0187
t2638,G0187
t2639,G0187
t7696,G0188
t7697,G0188
t7698,G0188
t7699,G0188
t7700,G0188
t7701,G0188
t7702,G0188
t7703,G0188
t7704,G0188
t7705,G0188
t7706,G0188
t7707,G0188
t7708,G0188
t7709,G0188
t7710,G0188
t7711,G0188
t3760,G0189
t3761,G0189
t3762,G0189
t3763,G0189
t3764,G0189
t3765,G0189
t3766,G0189
t3767,G0189
t3768,G0189
t3769,G0189
t3770,G0189
t3771,G0189
t3772,G0189
t3773,G0189
t3774,G0189
t3775,G0189
t7680,G0190
t7681,G0190
t7682,G0190
t7683,G0190
t7684,G0190
t7685,G0190
t7686,G0190
t7687,G0190
t7688,G0190
t7689,G0190
t7690,G0190
t7691,G0190
t7692,G0190
t7693,G0190
t7694,G0190
t7695,G0190
t608,G0191
t609,G0191
t610,G0191
t611,G0191
t612,G0191
t613,G0191
t614,G0191
t615,G0191
t616,G0191
t617,G0191
t618,G0191
t619,G0191
t620,G0191
t621,G0191
t622,G0191
t623,G0191
t4848,G0192
t4849,G0192
t4850,G0192
t4851,G0192
t4852,G0192
t4853,G0192
t4854,G0192
t4855,G0192
t4856,G0192
t4857,G0192
t4858,G0192
t4859,G0192
t4860,G0192
t4861,G0192
t4862,G0192
t4863,G0192
t32,G0193
t33,G0193
t34,G0193
t35,G0193
t36,G0193
t37,G0193
t38,G0193
t39,G0193
t40,G0193
t41,G0193
t42,G0193
t43,G0193
t44,G0193
t45,G0193
t46,G0193
t47,G0193
t6192,G0194
t6193,G0194
t6194,G0194
t6195,G0194
t6196,G0194
t6197,G0194
t6198,G0194
t6199,G0194
t6200,G0194
t6201,G0194
t6202,G0194
t6203,G0194
t6204,G0194
t6205,G0194
t6206,G0194
t6207,G0194
t6720,G0195
t6721,G0195
t6722,G0195
t6723,G0195
t6724,G0195
t6725,G0195
t6726,G0195
t6727,G0195
t6728,G0195
t6729,G0195
t6730,G0195
t6731,G0195
t6732,G0195
t6733,G0195
t6734,G0195
t6735,G0195
t848,G0196
t849,G0196
t850,G0196
t851,G0196
t852,G0196
t853,G0196
t854,G0196
t855,G0196
t856,G0196
t857,G0196
t858,G0196
t859,G0196
t860,G0196
t861,G0196
t862,G0196
t863,G0196
t6128,G0197
t6129,G0197
t6130,G0197
t6131,G0197
t6132,G0197
t6133,G0197
t6134,G0197
t6135,G0197
t6136,G0197
t6137,G0197
t6138,G0197
t6139,G0197
t6140,G0197
t6141,G0197
t6142,G0197
t6143,G0197
t2192,G0198
t2193,G0198
t2194,G0198
t2195,G0198
t2196,G0198
t2197,G0198
t2198,G0198
t2199,G0198
t2200,G0198
t2201,G0198
t2202,G0198
t2203,G0198
t2204,G0198
t2205,G0198
t2206,G0198
t2207,G0198
t6240,G0199
t6241,G0199
t6242,G0199
t6243,G0199
t6244,G0199
t6245,G0199
t6246,G0199
t6247,G0199
t6248,G0199
t6249,G0199
t6250,G0199
t6251,G0199
t6252,G0199
t6253,G0199
t6254,G0199
t6255,G0199
t7856,G0200
t7857,G0200
t7858,G0200
t7859,G0200
t7860,G0200
t7861,G0200
t7862,G0200
t7863,G0200
t7864,G0200
t7865,G0200
t7866,G0200
t7867,G0200
t7868,G0200
t7869,G0200
t7870,G0200
t7871,G0200
t1872,G0201
t1873,G0201
t1874,G0201
t1875,G0201
t1876,G0201
t1877,G0201
t1878,G0201
t1879,G0201
t1880,G0201
t1881,G0201
t1882,G0201
t1883,G0201
t1884,G0201
t1885,G0201
t1886,G0201
t1887,G0201
t3184,G0202
t3185,G0202
t3186,G0202
t3187,G0202
t3188,G0202
t3189,G0202
t3190,G0202
t3191,G0202
t3192,G0202
t3193,G0202
t3194,G0202
t3195,G0202
t3196,G0202
t3197,G0202
t3198,G0202
t3199,G0202
t6288,G0203
t6289,G0203
t6290,G0203
t6291,G0203
t6292,G0203
t6293,G0203
t6294,G0203
t6295,G0203
t6296,G0203
t6297,G0203
t6298,G0203
t6299,G0203
t6300,G0203
t6301,G0203
t6302,G0203
t6303,G0203
t1488,G0204
t1489,G0204
t1490,G0204
t1491,G0204
t1492,G0204
t1493,G0204
t1494,G0204
t1495,G0204
t1496,G0204
t1497,G0204
t1498,G0204
t1499,G0204
t1500,G0204
t1501,G0204
t1502,G0204
t1503,G0204
t3952,G0205
t3953,G0205
t3954,G0205
t3955,G0205
t3956,G0205
t3957,G0205
t3958,G0205
t3959,G0205
t3960,G0205
t3961,G0205
t3962,G0205
t3963,G0205
t3964,G0205
t3965,G0205
t3966,G0205
t3967,G0205
t2272,G0206
t2273,G0206
t2274,G0206
t2275,G0206
t2276,G0206
t2277,G0206
t2278,G0206
t2279,G0206
t2280,G0206
t2281,G0206
t2282,G0206
t2283,G0206
t2284,G0206
t2285,G0206
t2286,G0206
t2287,G0206
t3360,G0207
t3361,G0207
t3362,G0207
t3363,G0207
t3364,G0207
t3365,G0207
t3366,G0207
t3367,G0207
t3368,G0207
t3369,G0207
t3370,G0207
t3371,G0207
t3372,G0207
t3373,G0207
t3374,G0207
t3375,G0207
t832,G0208
t833,G0208
t834,G0208
t835,G0208
t836,G0208
t837,G0208
t838,G0208
t839,G0208
t840,G0208
t841,G0208
t842,G0208
t843,G0208
t844,G0208
t845,G0208
t846,G0208
t847,G0208
t7072,G0209
t7073,G0209
t7074,G0209
t7075,G0209
t7076,G0209
t7077,G0209
t7078,G0209
t7079,G0209
t7080,G0209
t7081,G0209
t7082,G0209
t7083,G0209
t7084,G0209
t7085,G0209
t7086,G0209
t7087,G0209
t160,G0210
t161,G0210
t162,G0210
t163,G0210
t164,G0210
t165,G0210
t166,G0210
t167,G0210
t168,G0210
t169,G0210
t170,G0210
t171,G0210
t172,G0210
t173,G0210
t174,G0210
t175,G0210
t64,G0211
t65,G0211
t66,G0211
t67,G0211
t68,G0211
t69,G0211
t70,G0211
t71,G0211
t72,G0211
t73,G0211
t74,G0211
t75,G0211
t76,G0211
t77,G0211
t78,G0211
t79,G0211
t2688,G0212
t2689,G0212
t2690,G0212
t2691,G0212
t2692,G0212
t2693,G0212
t2694,G0212
t2695,G0212
t2696,G0212
t2697,G0212
t2698,G0212
t2699,G0212
t2700,G0212
t2701,G0212
t2702,G0212
t2703,G0212
t624,G0213
t625,G0213
t626,G0213
t627,G0213
t628,G0213
t629,G0213
t630,G0213
t631,G0213
t632,G0213
t633,G0213
t634,G0213
t635,G0213
t636,G0213
t637,G0213
t638,G0213
t639,G0213
t5632,G0214
t5633,G0214
t5634,G0214
t5635,G0214
t5636,G0214
t5637,G0214
t5638,G0214
t5639,G0214
t5640,G0214
t5641,G0214
t5642,G0214
t5643,G0214
t5644,G0214
t5645,G0214
t5646,G0214
t5647,G0214
t1408,G0215
t1409,G0215
t1410,G0215
t1411,G0215
t1412,G0215
t1413,G0215
t1414,G0215
t1415,G0215
t1416,G0215
t1417,G0215
t1418,G0215
t1419,G0215
t1420,G0215
t1421,G0215
t1422,G0215
t1423,G0215
t4624,G0216
t4625,G0216
t4626,G0216
t4627,G0216
t4628,G0216
t4629,G0216
t4630,G0216
t4631,G0216
t4632,G0216
t4633,G0216
t4634,G0216
t4635,G0216
t4636,G0216
t4637,G0216
t4638,G0216
t4639,G0216
t544,G0217
t545,G0217
t546,G0217
t547,G0217
t548,G0217
t549,G0217
t550,G0217
t551,G0217
t552,G0217
t553,G0217
t554,G0217
t555,G0217
t556,G0217
t557,G0217
t558,G0217
t559,G0217
t1040,G0218
t1041,G0218
t1042,G0218
t1043,G0218
t1044,G0218
t1045,G0218
t1046,G0218
t1047,G0218
t1048,G0218
t1049,G0218
t1050,G0218
t1051,G0218
t1052,G0218
t1053,G0218
t1054,G0218
t1055,G0218
t4544,G0219
t4545,G0219
t4546,G0219
t4547,G0219
t4548,G0219
t4549,G0219
t4550,G0219
t4551,G0219
t4552,G0219
t4553,G0219
t4554,G0219
t4555,G0219
t4556,G0219
t4557,G0219
t4558,G0219
t4559,G0219
t1840,G0220
t1841,G0220
t1842,G0220
t1843,G0220
t1844,G0220
t1845,G0220
t1846,G0220
t1847,G0220
t1848,G0220
t1849,G0220
t1850,G0220
t1851,G0220
t1852,G0220
t1853,G0220
t1854,G0220
t1855,G0220
t1120,G0221
t1121,G0221
t1122,G0221
t1123,G0221
t1124,G0221
t1125,G0221
t1126,G0221
t1127,G0221
t1128,G0221
t1129,G0221
t1130,G0221
t1131,G0221
t1132,G0221
t1133,G0221
t1134,G0221
t1135,G0221
t80,G0222
t81,G0222
t82,G0222
t83,G0222
t84,G0222
t85,G0222
t86,G0222
t87,G0222
t88,G0222
t89,G0222
t90,G0222
t91,G0222
t92,G0222
t93,G0222
t94,G0222
t95,G0222
t4592,G0223
t4593,G0223
t4594,G0223
t4595,G0223
t4596,G0223
t4597,G0223
t4598,G0223
t4599,G0223
t4600,G0223
t4601,G0223
t4602,G0223
t4603,G0223
t4604,G0223
t4605,G0223
t4606,G0223
t4607,G0223
t2560,G0224
t2561,G0224
t2562,G0224
t2563,G0224
t2564,G0224
t2565,G0224
t2566,G0224
t2567,G0224
t2568,G0224
t2569,G0224
t2570,G0224
t2571,G0224
t2572,G0224
t2573,G0224
t2574,G0224
t2575,G0224
t1616,G0225
t1617,G0225
t1618,G0225
t1619,G0225
t1620,G0225
t1621,G0225
t1622,G0225
t1623,G0225
t1624,G0225
t1625,G0225
t1626,G0225
t1627,G0225
t1628,G0225
t1629,G0225
t1630,G0225
t1631,G0225
t1936,G0226
t1937,G0226
t1938,G0226
t1939,G0226
t1940,G0226
t1941,G0226
t1942,G0226
t1943,G0226
t1944,G0226
t1945,G0226
t1946,G0226
t1947,G0226
t1948,G0226
t1949,G0226
t1950,G0226
t1951,G0226
t4496,G0227
t4497,G0227
t4498,G0227
t4499,G0227
t4500,G0227
t4501,G0227
t4502,G0227
t4503,G0227
t4504,G0227
t4505,G0227
t4506,G0227
t4507,G0227
t4508,G0227
t4509,G0227
t4510,G0227
t4511,G0227
t7024,G0228
t7025,G0228
t7026,G0228
t7027,G0228
t7028,G0228
t7029,G0228
t7030,G0228
t7031,G0228
t7032,G0228
t7033,G0228
t7034,G0228
t7035,G0228
t7036,G0228
t7037,G0228
t7038,G0228
t7039,G0228
t7792,G0229
t7793,G0229
t7794,G0229
t7795,G0229
t7796,G0229
t7797,G0229
t7798,G0229
t7799,G0229
t7800,G0229
t7801,G0229
t7802,G0229
t7803,G0229
t7804,G0229
t7805,G0229
t7806,G0229
t7807,G0229
t1232,G0230
t1233,G0230
t1234,G0230
t1235,G0230
t1236,G0230
t1237,G0230
t1238,G0230
t1239,G0230
t1240,G0230
t1241,G0230
t1242,G0230
t1243,G0230
t1244,G0230
t1245,G0230
t1246,G0230
t1247,G0230
t7568,G0231
t7569,G0231
t7570,G0231
t7571,G0231
t7572,G0231
t7573,G0231
t7574,G0231
t7575,G0231
t7576,G0231
t7577,G0231
t7578,G0231
t7579,G0231
t7580,G0231
t7581,G0231
t7582,G0231
t7583,G0231
t4384,G0232
t4385,G0232
t4386,G0232
t4387,G0232
t4388,G0232
t4389,G0232
t4390,G0232
t4391,G0232
t4392,G0232
t4393,G0232
t4394,G0232
t4395,G0232
t4396,G0232
t4397,G0232
t4398,G0232
t4399,G0232
t7968,G0233
t7969,G0233
t7970,G0233
t7971,G0233
t7972,G0233
t7973,G0233
t7974,G0233
t7975,G0233
t7976,G0233
t7977,G0233
t7978,G0233
t7979,G0233
t7980,G0233
t7981,G0233
t7982,G0233
t7983,G0233
t480,G0234
t481,G0234
t482,G0234
t483,G0234
t484,G0234
t485,G0234
t486,G0234
t487,G0234
t488,G0234
t489,G0234
t490,G0234
t491,G0234
t492,G0234
t493,G0234
t494,G0234
t495,G0234
t3232,G0235
t3233,G0235
t3234,G0235
t3235,G0235
t3236,G0235
t3237,G0235
t3238,G0235
t3239,G0235
t3240,G0235
t3241,G0235
t3242,G0235
t3243,G0235
t3244,G0235
t3245,G0235
t3246,G0235
t3247,G0235
t400,G0236
t401,G0236
t402,G0236
t403,G0236
t404,G0236
t405,G0236
t406,G0236
t407,G0236
t408,G0236
t409,G0236
t410,G0236
t411,G0236
t412,G0236
t413,G0236
t414,G0236
t415,G0236
t2496,G0237
t2497,G0237
t2498,G0237
t2499,G0237
t2500,G0237
t2501,G0237
t2502,G0237
t2503,G0237
t2504,G0237
t2505,G0237
t2506,G0237
t2507,G0237
t2508,G0237
t2509,G0237
t2510,G0237
t2511,G0237
t3296,G0238
t3297,G0238
t3298,G0238
t3299,G0238
t3300,G0238
t3301,G0238
t3302,G0238
t3303,G0238
t3304,G0238
t3305,G0238
t3306,G0238
t3307,G0238
t3308,G0238
t3309,G0238
t3310,G0238
t3311,G0238
t4432,G0239
t4433,G0239
t4434,G0239
t4435,G0239
t4436,G0239
t4437,G0239
t4438,G0239
t4439,G0239
t4440,G0239
t4441,G0239
t4442,G0239
t4443,G0239
t4444,G0239
t4445,G0239
t4446,G0239
t4447,G0239
t4320,G0240
t4321,G0240
t4322,G0240
t4323,G0240
t4324,G0240
t4325,G0240
t4326,G0240
t4327,G0240
t4328,G0240
t4329,G0240
t4330,G0240
t4331,G0240
t4332,G0240
t4333,G0240
t4334,G0240
t4335,G0240
t2992,G0241
t2993,G0241
t2994,G0241
t2995,G0241
t2996,G0241
t2997,G0241
t2998,G0241
t2999,G0241
t3000,G0241
t3001,G0241
t3002,G0241
t3003,G0241
t3004,G0241
t3005,G0241
t3006,G0241
t3007,G0241
t864,G0242
t865,G0242
t866,G0242
t867,G0242
t868,G0242
t869,G0242
t870,G0242
t871,G0242
t872,G0242
t873,G0242
t874,G0242
t875,G0242
t876,G0242
t877,G0242
t878,G0242
t879,G0242
t3216,G0243
t3217,G0243
t3218,G0243
t3219,G0243
t3220,G0243
t3221,G0243
t3222,G0243
t3223,G0243
t3224,G0243
t3225,G0243
t3226,G0243
t3227,G0243
t3228,G0243
t3229,G0243
t3230,G0243
t3231,G0243
t1280,G0244
t1281,G0244
t1282,G0244
t1283,G0244
t1284,G0244
t1285,G0244
t1286,G0244
t1287,G0244
t1288,G0244
t1289,G0244
t1290,G0244
t1291,G0244
t1292,G0244
t1293,G0244
t1294,G0244
t1295,G0244
t3104,G0245
t3105,G0245
t3106,G0245
t3107,G0245
t3108,G0245
t3109,G0245
t3110,G0245
t3111,G0245
t3112,G0245
t3113,G0245
t3114,G0245
t3115,G0245
t3116,G0245
t3117,G0245
t3118,G0245
t3119,G0245
t2768,G0246
t2769,G0246
t2770,G0246
t2771,G0246
t2772,G0246
t2773,G0246
t2774,G0246
t2775,G0246
t2776,G0246
t2777,G0246
t2778,G0246
t2779,G0246
t2780,G0246
t2781,G0246
t2782,G0246
t2783,G0246
t3536,G0247
t3537,G0247
t3538,G0247
t3539,G0247
t3540,G0247
t3541,G0247
t3542,G0247
t3543,G0247
t3544,G0247
t3545,G0247
t3546,G0247
t3547,G0247
t3548,G0247
t3549,G0247
t3550,G0247
t3551,G0247
t48,G0248
t49,G0248
t50,G0248
t51,G0248
t52,G0248
t53,G0248
t54,G0248
t55,G0248
t56,G0248
t57,G0248
t58,G0248
t59,G0248
t60,G0248
t61,G0248
t62,G0248
t63,G0248
t8048,G0249
t8049,G0249
t8050,G0249
t8051,G0249
t8052,G0249
t8053,G0249
t8054,G0249
t8055,G0249
t8056,G0249
t8057,G0249
t8058,G0249
t8059,G0249
t8060,G0249
t8061,G0249
t8062,G0249
t8063,G0249
t2960,G0250
t2961,G0250
t2962,G0250
t2963,G0250
t2964,G0250
t2965,G0250
t2966,G0250
t2967,G0250
t2968,G0250
t2969,G0250
t2970,G0250
t2971,G0250
t2972,G0250
t2973,G0250
t2974,G0250
t2975,G0250
t336,G0251
t337,G0251
t338,G0251
t339,G0251
t340,G0251
t341,G0251
t342,G0251
t343,G0251
t344,G0251
t345,G0251
t346,G0251
t347,G0251
t348,G0251
t349,G0251
t350,G0251
t351,G0251
t4016,G0252
t4017,G0252
t4018,G0252
t4019,G0252
t4020,G0252
t4021,G0252
t4022,G0252
t4023,G0252
t4024,G0252
t4025,G0252
t4026,G0252
t4027,G0252
t4028,G0252
t4029,G0252
t4030,G0252
t4031,G0252
t7264,G0253
t7265,G0253
t7266,G0253
t7267,G0253
t7268,G0253
t7269,G0253
t7270,G0253
t7271,G0253
t7272,G0253
t7273,G0253
t7274,G0253
t7275,G0253
t7276,G0253
t7277,G0253
t7278,G0253
t7279,G0253
t7760,G0254
t7761,G0254
t7762,G0254
t7763,G0254
t7764,G0254
t7765,G0254
t7766,G0254
t7767,G0254
t7768,G0254
t7769,G0254
t7770,G0254
t7771,G0254
t7772,G0254
t7773,G0254
t7774,G0254
t7775,G0254
t6400,G0255
t6401,G0255
t6402,G0255
t6403,G0255
t6404,G0255
t6405,G0255
t6406,G0255
t6407,G0255
t6408,G0255
t6409,G0255
t6410,G0255
t6411,G0255
t6412,G0255
t6413,G0255
t6414,G0255
t6415,G0255
t192,G0256
t193,G0256
t194,G0256
t195,G0256
t196,G0256
t197,G0256
t198,G0256
t199,G0256
t200,G0256
t201,G0256
t202,G0256
t203,G0256
t204,G0256
t205,G0256
t206,G0256
t207,G0256
t1904,G0257
t1905,G0257
t1906,G0257
t1907,G0257
t1908,G0257
t1909,G0257
t1910,G0257
t1911,G0257
t1912,G0257
t1913,G0257
t1914,G0257
t1915,G0257
t1916,G0257
t1917,G0257
t1918,G0257
t1919,G0257
t7840,G0258
t7841,G0258
t7842,G0258
t7843,G0258
t7844,G0258
t7845,G0258
t7846,G0258
t7847,G0258
t7848,G0258
t7849,G0258
t7850,G0258
t7851,G0258
t7852,G0258
t7853,G0258
t7854,G0258
t7855,G0258
t1328,G0259
t1329,G0259
t1330,G0259
t1331,G0259
t1332,G0259
t1333,G0259
t1334,G0259
t1335,G0259
t1336,G0259
t1337,G0259
t1338,G0259
t1339,G0259
t1340,G0259
t1341,G0259
t1342,G0259
t1343,G0259
t2016,G0260
t2017,G0260
t2018,G0260
t2019,G0260
t2020,G0260
t2021,G0260
t2022,G0260
t2023,G0260
t2024,G0260
t2025,G0260
t2026,G0260
t2027,G0260
t2028,G0260
t2029,G0260
t2030,G0260
t2031,G0260
t144,G0261
t145,G0261
t146,G0261
t147,G0261
t148,G0261
t149,G0261
t150,G0261
t151,G0261
t152,G0261
t153,G0261
t154,G0261
t155,G0261
t156,G0261
t157,G0261
t158,G0261
t159,G0261
t5168,G0262
t5169,G0262
t5170,G0262
t5171,G0262
t5172,G0262
t5173,G0262
t5174,G0262
t5175,G0262
t5176,G0262
t5177,G0262
t5178,G0262
t5179,G0262
t5180,G0262
t5181,G0262
t5182,G0262
t5183,G0262
t3088,G0263
t3089,G0263
t3090,G0263
t3091,G0263
t3092,G0263
t3093,G0263
t3094,G0263
t3095,G0263
t3096,G0263
t3097,G0263
t3098,G0263
t3099,G0263
t3100,G0263
t3101,G0263
t3102,G0263
t3103,G0263
t5616,G0264
t5617,G0264
t5618,G0264
t5619,G0264
t5620,G0264
t5621,G0264
t5622,G0264
t5623,G0264
t5624,G0264
t5625,G0264
t5626,G0264
t5627,G0264
t5628,G0264
t5629,G0264
t5630,G0264
t5631,G0264
t8064,G0265
t8065,G0265
t8066,G0265
t8067,G0265
t8068,G0265
t8069,G0265
t8070,G0265
t8071,G0265
t8072,G0265
t8073,G0265
t8074,G0265
t8075,G0265
t8076,G0265
t8077,G0265
t8078,G0265
t8079,G0265
t5872,G0266
t5873,G0266
t5874,G0266
t5875,G0266
t5876,G0266
t5877,G0266
t5878,G0266
t5879,G0266
t5880,G0266
t5881,G0266
t5882,G0266
t5883,G0266
t5884,G0266
t5885,G0266
t5886,G0266
t5887,G0266
t2160,G0267
t2161,G0267
t2162,G0267
t2163,G0267
t2164,G0267
t2165,G0267
t2166,G0267
t2167,G0267
t2168,G0267
t2169,G0267
t2170,G0267
t2171,G0267
t2172,G0267
t2173,G0267
t2174,G0267
t2175,G0267
t4048,G0268
t4049,G0268
t4050,G0268
t4051,G0268
t4052,G0268
t4053,G0268
t4054,G0268
t4055,G0268
t4056,G0268
t4057,G0268
t4058,G0268
t4059,G0268
t4060,G0268
t4061,G0268
t4062,G0268
t4063,G0268
t4240,G0269
t4241,G0269
t4242,G0269
t4243,G0269
t4244,G0269
t4245,G0269
t4246,G0269
t4247,G0269
t4248,G0269
t4249,G0269
t4250,G0269
t4251,G0269
t4252,G0269
t4253,G0269
t4254,G0269
t4255,G0269
t3520,G0270
t3521,G0270
t3522,G0270
t3523,G0270
t3524,G0270
t3525,G0270
t3526,G0270
t3527,G0270
t3528,G0270
t3529,G0270
t3530,G0270
t3531,G0270
t3532,G0270
t3533,G0270
t3534,G0270
t3535,G0270
t6096,G0271
t6097,G0271
t6098,G0271
t6099,G0271
t6100,G0271
t6101,G0271
t6102,G0271
t6103,G0271
t6104,G0271
t6105,G0271
t6106,G0271
t6107,G0271
t6108,G0271
t6109,G0271
t6110,G0271
t6111,G0271
t6224,G0272
t6225,G0272
t6226,G0272
t6227,G0272
t6228,G0272
t6229,G0272
t6230,G0272
t6231,G0272
t6232,G0272
t6233,G0272
t6234,G0272
t6235,G0272
t6236,G0272
t6237,G0272
t6238,G0272
t6239,G0272
t5792,G0273
t5793,G0273
t5794,G0273
t5795,G0273
t5796,G0273
t5797,G0273
t5798,G0273
t5799,G0273
t5800,G0273
t5801,G0273
t5802,G0273
t5803,G0273
t5804,G0273
t5805,G0273
t5806,G0273
t5807,G0273
t5696,G0274
t5697,G0274
t5698,G0274
t5699,G0274
t5700,G0274
t5701,G0274
t5702,G0274
t5703,G0274
t5704,G0274
t5705,G0274
t5706,G0274
t5707,G0274
t5708,G0274
t5709,G0274
t5710,G0274
t5711,G0274
t5280,G0275
t5281,G0275
t5282,G0275
t5283,G0275
t5284,G0275
t5285,G0275
t5286,G0275
t5287,G0275
t5288,G0275
t5289,G0275
t5290,G0275
t5291,G0275
t5292,G0275
t5293,G0275
t5294,G0275
t5295,G0275
t6912,G0276
t6913,G0276
t6914,G0276
t6915,G0276
t6916,G0276
t6917,G0276
t6918,G0276
t6919,G0276
t6920,G0276
t6921,G0276
t6922,G0276
t6923,G0276
t6924,G0276
t6925,G0276
t6926,G0276
t6927,G0276
t7472,G0277
t7473,G0277
t7474,G0277
t7475,G0277
t7476,G0277
t7477,G0277
t7478,G0277
t7479,G0277
t7480,G0277
t7481,G0277
t7482,G0277
t7483,G0277
t7484,G0277
t7485,G0277
t7486,G0277
t7487,G0277
t6352,G0278
t6353,G0278
t6354,G0278
t6355,G0278
t6356,G0278
t6357,G0278
t6358,G0278
t6359,G0278
t6360,G0278
t6361,G0278
t6362,G0278
t6363,G0278
t6364,G0278
t6365,G0278
t6366,G0278
t6367,G0278
t7744,G0279
t7745,G0279
t7746,G0279
t7747,G0279
t7748,G0279
t7749,G0279
t7750,G0279
t7751,G0279
t7752,G0279
t7753,G0279
t7754,G0279
t7755,G0279
t7756,G0279
t7757,G0279
t7758,G0279
t7759,G0279
t3600,G0280
t3601,G0280
t3602,G0280
t3603,G0280
t3604,G0280
t3605,G0280
t3606,G0280
t3607,G0280
t3608,G0280
t3609,G0280
t3610,G0280
t3611,G0280
t3612,G0280
t3613,G0280
t3614,G0280
t3615,G0280
t4784,G0281
t4785,G0281
t4786,G0281
t4787,G0281
t4788,G0281
t4789,G0281
t4790,G0281
t4791,G0281
t4792,G0281
t4793,G0281
t4794,G0281
t4795,G0281
t4796,G0281
t4797,G0281
t4798,G0281
t4799,G0281
t6832,G0282
t6833,G0282
t6834,G0282
t6835,G0282
t6836,G0282
t6837,G0282
t6838,G0282
t6839,G0282
t6840,G0282
t6841,G0282
t6842,G0282
t6843,G0282
t6844,G0282
t6845,G0282
t6846,G0282
t6847,G0282
t5536,G0283
t5537,G0283
t5538,G0283
t5539,G0283
t5540,G0283
t5541,G0283
t5542,G0283
t5543,G0283
t5544,G0283
t5545,G0283
t5546,G0283
t5547,G0283
t5548,G0283
t5549,G0283
t5550,G0283
t5551,G0283
t6160,G0284
t6161,G0284
t6162,G0284
t6163,G0284
t6164,G0284
t6165,G0284
t6166,G0284
t6167,G0284
t6168,G0284
t6169,G0284
t6170,G0284
t6171,G0284
t6172,G0284
t6173,G0284
t6174,G0284
t6175,G0284
t8080,G0285
t8081,G0285
t8082,G0285
t8083,G0285
t8084,G0285
t8085,G0285
t8086,G0285
t8087,G0285
t8088,G0285
t8089,G0285
t8090,G0285
t8091,G0285
t8092,G0285
t8093,G0285
t8094,G0285
t8095,G0285
t2320,G0286
t2321,G0286
t2322,G0286
t2323,G0286
t2324,G0286
t2325,G0286
t2326,G0286
t2327,G0286
t2328,G0286
t2329,G0286
t2330,G0286
t2331,G0286
t2332,G0286
t2333,G0286
t2334,G0286
t2335,G0286
t2752,G0287
t2753,G0287
t2754,G0287
t2755,G0287
t2756,G0287
t2757,G0287
t2758,G0287
t2759,G0287
t2760,G0287
t2761,G0287
t2762,G0287
t2763,G0287
t2764,G0287
t2765,G0287
t2766,G0287
t2767,G0287
t3584,G0288
t3585,G0288
t3586,G0288
t3587,G0288
t3588,G0288
t3589,G0288
t3590,G0288
t3591,G0288
t3592,G0288
t3593,G0288
t3594,G0288
t3595,G0288
t3596,G0288
t3597,G0288
t3598,G0288
t3599,G0288
t7408,G0289
t7409,G0289
t7410,G0289
t7411,G0289
t7412,G0289
t7413,G0289
t7414,G0289
t7415,G0289
t7416,G0289
t7417,G0289
t7418,G0289
t7419,G0289
t7420,G0289
t7421,G0289
t7422,G0289
t7423,G0289
t5216,G0290
t5217,G0290
t5218,G0290
t5219,G0290
t5220,G0290
t5221,G0290
t5222,G0290
t5223,G0290
t5224,G0290
t5225,G0290
t5226,G0290
t5227,G0290
t5228,G0290
t5229,G0290
t5230,G0290
t5231,G0290
t1824,G0291
t1825,G0291
t1826,G0291
t1827,G0291
t1828,G0291
t1829,G0291
t1830,G0291
t1831,G0291
t1832,G0291
t1833,G0291
t1834,G0291
t1835,G0291
t1836,G0291
t1837,G0291
t1838,G0291
t1839,G0291
t6672,G0292
t6673,G0292
t6674,G0292
t6675,G0292
t6676,G0292
t6677,G0292
t6678,G0292
t6679,G0292
t6680,G0292
t6681,G0292
t6682,G0292
t6683,G0292
t6684,G0292
t6685,G0292
t6686,G0292
t6687,G0292
t912,G0293
t913,G0293
t914,G0293
t915,G0293
t916,G0293
t917,G0293
t918,G0293
t919,G0293
t920,G0293
t921,G0293
t922,G0293
t923,G0293
t924,G0293
t925,G0293
t926,G0293
t927,G0293
t7488,G0294
t7489,G0294
t7490,G0294
t7491,G0294
t7492,G0294
t7493,G0294
t7494,G0294
t7495,G0294
t7496,G0294
t7497,G0294
t7498,G0294
t7499,G0294
t7500,G0294
t7501,G0294
t7502,G0294
t7503,G0294
t4224,G0295
t4225,G0295
t4226,G0295
t4227,G0295
t4228,G0295
t4229,G0295
t4230,G0295
t4231,G0295
t4232,G0295
t4233,G0295
t4234,G0295
t4235,G0295
t4236,G0295
t4237,G0295
t4238,G0295
t4239,G0295
t1360,G0296
t1361,G0296
t1362,G0296
t1363,G0296
t1364,G0296
t1365,G0296
t1366,G0296
t1367,G0296
t1368,G0296
t1369,G0296
t1370,G0296
t1371,G0296
t1372,G0296
t1373,G0296
t1374,G0296
t1375,G0296
t2848,G0297
t2849,G0297
t2850,G0297
t2851,G0297
t2852,G0297
t2853,G0297
t2854,G0297
t2855,G0297
t2856,G0297
t2857,G0297
t2858,G0297
t2859,G0297
t2860,G0297
t2861,G0297
t2862,G0297
t2863,G0297
t784,G0298
t785,G0298
t786,G0298
t787,G0298
t788,G0298
t789,G0298
t790,G0298
t791,G0298
t792,G0298
t793,G0298
t794,G0298
t795,G0298
t796,G0298
t797,G0298
t798,G0298
t799,G0298
t2432,G0299
t2433,G0299
t2434,G0299
t2435,G0299
t2436,G0299
t2437,G0299
t2438,G0299
t2439,G0299
t2440,G0299
t2441,G0299
t2442,G0299
t2443,G0299
t2444,G0299
t2445,G0299
t2446,G0299
t2447,G0299
t7008,G0300
t7009,G0300
t7010,G0300
t7011,G0300
t7012,G0300
t7013,G0300
t7014,G0300
t7015,G0300
t7016,G0300
t7017,G0300
t7018,G0300
t7019,G0300
t7020,G0300
t7021,G0300
t7022,G0300
t7023,G0300
t5328,G0301
t5329,G0301
t5330,G0301
t5331,G0301
t5332,G0301
t5333,G0301
t5334,G0301
t5335,G0301
t5336,G0301
t5337,G0301
t5338,G0301
t5339,G0301
t5340,G0301
t5341,G0301
t5342,G0301
t5343,G0301
t5680,G0302
t5681,G0302
t5682,G0302
t5683,G0302
t5684,G0302
t5685,G0302
t5686,G0302
t5687,G0302
t5688,G0302
t5689,G0302
t5690,G0302
t5691,G0302
t5692,G0302
t5693,G0302
t5694,G0302
t5695,G0302
t3392,G0303
t3393,G0303
t3394,G0303
t3395,G0303
t3396,G0303
t3397,G0303
t3398,G0303
t3399,G0303
t3400,G0303
t3401,G0303
t3402,G0303
t3403,G0303
t3404,G0303
t3405,G0303
t3406,G0303
t3407,G0303
t1696,G0304
t1697,G0304
t1698,G0304
t1699,G0304
t1700,G0304
t1701,G0304
t1702,G0304
t1703,G0304
t1704,G0304
t1705,G0304
t1706,G0304
t1707,G0304
t1708,G0304
t1709,G0304
t1710,G0304
t1711,G0304
t3056,G0305
t3057,G0305
t3058,G0305
t3059,G0305
t3060,G0305
t3061,G0305
t3062,G0305
t3063,G0305
t3064,G0305
t3065,G0305
t3066,G0305
t3067,G0305
t3068,G0305
t3069,G0305
t3070,G0305
t3071,G0305
t5024,G0306
t5025,G0306
t5026,G0306
t5027,G0306
t5028,G0306
t5029,G0306
t5030,G0306
t5031,G0306
t5032,G0306
t5033,G0306
t5034,G0306
t5035,G0306
t5036,G0306
t5037,G0306
t5038,G0306
t5039,G0306
t1264,G0307
t1265,G0307
t1266,G0307
t1267,G0307
t1268,G0307
t1269,G0307
t1270,G0307
t1271,G0307
t1272,G0307
t1273,G0307
t1274,G0307
t1275,G0307
t1276,G0307
t1277,G0307
t1278,G0307
t1279,G0307
t4080,G0308
t4081,G0308
t4082,G0308
t4083,G0308
t4084,G0308
t4085,G0308
t4086,G0308
t4087,G0308
t4088,G0308
t4089,G0308
t4090,G0308
t4091,G0308
t4092,G0308
t4093,G0308
t4094,G0308
t4095,G0308
t528,G0309
t529,G0309
t530,G0309
t531,G0309
t532,G0309
t533,G0309
t534,G0309
t535,G0309
t536,G0309
t537,G0309
t538,G0309
t539,G0309
t540,G0309
t541,G0309
t542,G0309
t543,G0309
t7584,G0310
t7585,G0310
t7586,G0310
t7587,G0310
t7588,G0310
t7589,G0310
t7590,G0310
t7591,G0310
t7592,G0310
t7593,G0310
t7594,G0310
t7595,G0310
t7596,G0310
t7597,G0310
t7598,G0310
t7599,G0310
t5424,G0311
t5425,G0311
t5426,G0311
t5427,G0311
t5428,G0311
t5429,G0311
t5430,G0311
t5431,G0311
t5432,G0311
t5433,G0311
t5434,G0311
t5435,G0311
t5436,G0311
t5437,G0311
t5438,G0311
t5439,G0311
t6336,G0312
t6337,G0312
t6338,G0312
t6339,G0312
t6340,G0312
t6341,G0312
t6342,G0312
t6343,G0312
t6344,G0312
t6345,G0312
t6346,G0312
t6347,G0312
t6348,G0312
t6349,G0312
t6350,G0312
t6351,G0312
t3648,G0313
t3649,G0313
t3650,G0313
t3651,G0313
t3652,G0313
t3653,G0313
t3654,G0313
t3655,G0313
t3656,G0313
t3657,G0313
t3658,G0313
t3659,G0313
t3660,G0313
t3661,G0313
t3662,G0313
t3663,G0313
t3872,G0314
t3873,G0314
t3874,G0314
t3875,G0314
t3876,G0314
t3877,G0314
t3878,G0314
t3879,G0314
t3880,G0314
t3881,G0314
t3882,G0314
t3883,G0314
t3884,G0314
t3885,G0314
t3886,G0314
t3887,G0314
t2416,G0315
t2417,G0315
t2418,G0315
t2419,G0315
t2420,G0315
t2421,G0315
t2422,G0315
t2423,G0315
t2424,G0315
t2425,G0315
t2426,G0315
t2427,G0315
t2428,G0315
t2429,G0315
t2430,G0315
t2431,G0315
t4608,G0316
t4609,G0316
t4610,G0316
t4611,G0316
t4612,G0316
t4613,G0316
t4614,G0316
t4615,G0316
t4616,G0316
t4617,G0316
t4618,G0316
t4619,G0316
t4620,G0316
t4621,G0316
t4622,G0316
t4623,G0316
t7056,G0317
t7057,G0317
t7058,G0317
t7059,G0317
t7060,G0317
t7061,G0317
t7062,G0317
t7063,G0317
t7064,G0317
t7065,G0317
t7066,G0317
t7067,G0317
t7068,G0317
t7069,G0317
t7070,G0317
t7071,G0317
t2880,G0318
t2881,G0318
t2882,G0318
t2883,G0318
t2884,G0318
t2885,G0318
t2886,G0318
t2887,G0318
t2888,G0318
t2889,G0318
t2890,G0318
t2891,G0318
t2892,G0318
t2893,G0318
t2894,G0318
t2895,G0318
t3936,G0319
t3937,G0319
t3938,G0319
t3939,G0319
t3940,G0319
t3941,G0319
t3942,G0319
t3943,G0319
t3944,G0319
t3945,G0319
t3946,G0319
t3947,G0319
t3948,G0319
t3949,G0319
t3950,G0319
t3951,G0319
t6800,G0320
t6801,G0320
t6802,G0320
t6803,G0320
t6804,G0320
t6805,G0320
t6806,G0320
t6807,G0320
t6808,G0320
t6809,G0320
t6810,G0320
t6811,G0320
t6812,G0320
t6813,G0320
t6814,G0320
t6815,G0320
t1104,G0321
t1105,G0321
t1106,G0321
t1107,G0321
t1108,G0321
t1109,G0321
t1110,G0321
t1111,G0321
t1112,G0321
t1113,G0321
t1114,G0321
t1115,G0321
t1116,G0321
t1117,G0321
t1118,G0321
t1119,G0321
t2288,G0322
t2289,G0322
t2290,G0322
t2291,G0322
t2292,G0322
t2293,G0322
t2294,G0322
t2295,G0322
t2296,G0322
t2297,G0322
t2298,G0322
t2299,G0322
t2300,G0322
t2301,G0322
t2302,G0322
t2303,G0322
t5344,G0323
t5345,G0323
t5346,G0323
t5347,G0323
t5348,G0323
t5349,G0323
t5350,G0323
t5351,G0323
t5352,G0323
t5353,G0323
t5354,G0323
t5355,G0323
t5356,G0323
t5357,G0323
t5358,G0323
t5359,G0323
t6000,G0324
t6001,G0324
t6002,G0324
t6003,G0324
t6004,G0324
t6005,G0324
t6006,G0324
t6007,G0324
t6008,G0324
t6009,G0324
t6010,G0324
t6011,G0324
t6012,G0324
t6013,G0324
t6014,G0324
t6015,G0324
t640,G0325
t641,G0325
t642,G0325
t643,G0325
t644,G0325
t645,G0325
t646,G0325
t647,G0325
t648,G0325
t649,G0325
t650,G0325
t651,G0325
t652,G0325
t653,G0325
t654,G0325
t655,G0325
t3744,G0326
t3745,G0326
t3746,G0326
t3747,G0326
t3748,G0326
t3749,G0326
t3750,G0326
t3751,G0326
t3752,G0326
t3753,G0326
t3754,G0326
t3755,G0326
t3756,G0326
t3757,G0326
t3758,G0326
t3759,G0326
t4400,G0327
t4401,G0327
t4402,G0327
t4403,G0327
t4404,G0327
t4405,G0327
t4406,G0327
t4407,G0327
t4408,G0327
t4409,G0327
t4410,G0327
t4411,G0327
t4412,G0327
t4413,G0327
t4414,G0327
t4415,G0327
t1248,G0328
t1249,G0328
t1250,G0328
t1251,G0328
t1252,G0328
t1253,G0328
t1254,G0328
t1255,G0328
t1256,G0328
t1257,G0328
t1258,G0328
t1259,G0328
t1260,G0328
t1261,G0328
t1262,G0328
t1263,G0328
t4464,G0329
t4465,G0329
t4466,G0329
t4467,G0329
t4468,G0329
t4469,G0329
t4470,G0329
t4471,G0329
t4472,G0329
t4473,G0329
t4474,G0329
t4475,G0329
t4476,G0329
t4477,G0329
t4478,G0329
t4479,G0329
t3168,G0330
t3169,G0330
t3170,G0330
t3171,G0330
t3172,G0330
t3173,G0330
t3174,G0330
t3175,G0330
t3176,G0330
t3177,G0330
t3178,G0330
t3179,G0330
t3180,G0330
t3181,G0330
t3182,G0330
t3183,G0330
t5712,G0331
t5713,G0331
t5714,G0331
t5715,G0331
t5716,G0331
t5717,G0331
t5718,G0331
t5719,G0331
t5720,G0331
t5721,G0331
t5722,G0331
t5723,G0331
t5724,G0331
t5725,G0331
t5726,G0331
t5727,G0331
t2544,G0332
t2545,G0332
t2546,G0332
t2547,G0332
t2548,G0332
t2549,G0332
t2550,G0332
t2551,G0332
t2552,G0332
t2553,G0332
t2554,G0332
t2555,G0332
t2556,G0332
t2557,G0332
t2558,G0332
t2559,G0332
t6656,G0333
t6657,G0333
t6658,G0333
t6659,G0333
t6660,G0333
t6661,G0333
t6662,G0333
t6663,G0333
t6664,G0333
t6665,G0333
t6666,G0333
t6667,G0333
t6668,G0333
t6669,G0333
t6670,G0333
t6671,G0333
t3344,G0334
t3345,G0334
t3346,G0334
t3347,G0334
t3348,G0334
t3349,G0334
t3350,G0334
t3351,G0334
t3352,G0334
t3353,G0334
t3354,G0334
t3355,G0334
t3356,G0334
t3357,G0334
t3358,G0334
t3359,G0334
t7456,G0335
t7457,G0335
t7458,G0335
t7459,G0335
t7460,G0335
t7461,G0335
t7462,G0335
t7463,G0335
t7464,G0335
t7465,G0335
t7466,G0335
t7467,G0335
t7468,G0335
t7469,G0335
t7470,G0335
t7471,G0335
t96,G0336
t97,G0336
t98,G0336
t99,G0336
t100,G0336
t101,G0336
t102,G0336
t103,G0336
t104,G0336
t105,G0336
t106,G0336
t107,G0336
t108,G0336
t109,G0336
t110,G0336
t111,G0336
t1424,G0337
t1425,G0337
t1426,G0337
t1427,G0337
t1428,G0337
t1429,G0337
t1430,G0337
t1431,G0337
t1432,G0337
t1433,G0337
t1434,G0337
t1435,G0337
t1436,G0337
t1437,G0337
t1438,G0337
t1439,G0337
t8144,G0338
t8145,G0338
t8146,G0338
t8147,G0338
t8148,G0338
t8149,G0338
t8150,G0338
t8151,G0338
t8152,G0338
t8153,G0338
t8154,G0338
t8155,G0338
t8156,G0338
t8157,G0338
t8158,G0338
t8159,G0338
t960,G0339
t961,G0339
t962,G0339
t963,G0339
t964,G0339
t965,G0339
t966,G0339
t967,G0339
t968,G0339
t969,G0339
t970,G0339
t971,G0339
t972,G0339
t973,G0339
t974,G0339
t975,G0339
t7712,G0340
t7713,G0340
t7714,G0340
t7715,G0340
t7716,G0340
t7717,G0340
t7718,G0340
t7719,G0340
t7720,G0340
t7721,G0340
t7722,G0340
t7723,G0340
t7724,G0340
t7725,G0340
t7726,G0340
t7727,G0340
t4336,G0341
t4337,G0341
t4338,G0341
t4339,G0341
t4340,G0341
t4341,G0341
t4342,G0341
t4343,G0341
t4344,G0341
t4345,G0341
t4346,G0341
t4347,G0341
t4348,G0341
t4349,G0341
t4350,G0341
t4351,G0341
t2800,G0342
t2801,G0342
t2802,G0342
t2803,G0342
t2804,G0342
t2805,G0342
t2806,G0342
t2807,G0342
t2808,G0342
t2809,G0342
t2810,G0342
t2811,G0342
t2812,G0342
t2813,G0342
t2814,G0342
t2815,G0342
t1312,G0343
t1313,G0343
t1314,G0343
t1315,G0343
t1316,G0343
t1317,G0343
t1318,G0343
t1319,G0343
t1320,G0343
t1321,G0343
t1322,G0343
t1323,G0343
t1324,G0343
t1325,G0343
t1326,G0343
t1327,G0343
t1296,G0344
t1297,G0344
t1298,G0344
t1299,G0344
t1300,G0344
t1301,G0344
t1302,G0344
t1303,G0344
t1304,G0344
t1305,G0344
t1306,G0344
t1307,G0344
t1308,G0344
t1309,G0344
t1310,G0344
t1311,G0344
t464,G0345
t465,G0345
t466,G0345
t467,G0345
t468,G0345
t469,G0345
t470,G0345
t471,G0345
t472,G0345
t473,G0345
t474,G0345
t475,G0345
t476,G0345
t477,G0345
t478,G0345
t479,G0345
t6480,G0346
t6481,G0346
t6482,G0346
t6483,G0346
t6484,G0346
t6485,G0346
t6486,G0346
t6487,G0346
t6488,G0346
t6489,G0346
t6490,G0346
t6491,G0346
t6492,G0346
t6493,G0346
t6494,G0346
t6495,G0346
t1376,G0347
t1377,G0347
t1378,G0347
t1379,G0347
t1380,G0347
t1381,G0347
t1382,G0347
t1383,G0347
t1384,G0347
t1385,G0347
t1386,G0347
t1387,G0347
t1388,G0347
t1389,G0347
t1390,G0347
t1391,G0347
t3840,G0348
t3841,G0348
t3842,G0348
t3843,G0348
t3844,G0348
t3845,G0348
t3846,G0348
t3847,G0348
t3848,G0348
t3849,G0348
t3850,G0348
t3851,G0348
t3852,G0348
t3853,G0348
t3854,G0348
t3855,G0348
t7952,G0349
t7953,G0349
t7954,G0349
t7955,G0349
t7956,G0349
t7957,G0349
t7958,G0349
t7959,G0349
t7960,G0349
t7961,G0349
t7962,G0349
t7963,G0349
t7964,G0349
t7965,G0349
t7966,G0349
t7967,G0349
t4864,G0350
t4865,G0350
t4866,G0350
t4867,G0350
t4868,G0350
t4869,G0350
t4870,G0350
t4871,G0350
t4872,G0350
t4873,G0350
t4874,G0350
t4875,G0350
t4876,G0350
t4877,G0350
t4878,G0350
t4879,G0350
t1632,G0351
t1633,G0351
t1634,G0351
t1635,G0351
t1636,G0351
t1637,G0351
t1638,G0351
t1639,G0351
t1640,G0351
t1641,G0351
t1642,G0351
t1643,G0351
t1644,G0351
t1645,G0351
t1646,G0351
t1647,G0351
t5136,G0352
t5137,G0352
t5138,G0352
t5139,G0352
t5140,G0352
t5141,G0352
t5142,G0352
t5143,G0352
t5144,G0352
t5145,G0352
t5146,G0352
t5147,G0352
t5148,G0352
t5149,G0352
t5150,G0352
t5151,G0352
t6368,G0353
t6369,G0353
t6370,G0353
t6371,G0353
t6372,G0353
t6373,G0353
t6374,G0353
t6375,G0353
t6376,G0353
t6377,G0353
t6378,G0353
t6379,G0353
t6380,G0353
t6381,G0353
t6382,G0353
t6383,G0353
t8112,G0354
t8113,G0354
t8114,G0354
t8115,G0354
t8116,G0354
t8117,G0354
t8118,G0354
t8119,G0354
t8120,G0354
t8121,G0354
t8122,G0354
t8123,G0354
t8124,G0354
t8125,G0354
t8126,G0354
t8127,G0354
t3824,G0355
t3825,G0355
t3826,G0355
t3827,G0355
t3828,G0355
t3829,G0355
t3830,G0355
t3831,G0355
t3832,G0355
t3833,G0355
t3834,G0355
t3835,G0355
t3836,G0355
t3837,G0355
t3838,G0355
t3839,G0355
t4112,G0356
t4113,G0356
t4114,G0356
t4115,G0356
t4116,G0356
t4117,G0356
t4118,G0356
t4119,G0356
t4120,G0356
t4121,G0356
t4122,G0356
t4123,G0356
t4124,G0356
t4125,G0356
t4126,G0356
t4127,G0356
t4944,G0357
t4945,G0357
t4946,G0357
t4947,G0357
t4948,G0357
t4949,G0357
t4950,G0357
t4951,G0357
t4952,G0357
t4953,G0357
t4954,G0357
t4955,G0357
t4956,G0357
t4957,G0357
t4958,G0357
t4959,G0357
t1472,G0358
t1473,G0358
t1474,G0358
t1475,G0358
t1476,G0358
t1477,G0358
t1478,G0358
t1479,G0358
t1480,G0358
t1481,G0358
t1482,G0358
t1483,G0358
t1484,G0358
t1485,G0358
t1486,G0358
t1487,G0358
t3568,G0359
t3569,G0359
t3570,G0359
t3571,G0359
t3572,G0359
t3573,G0359
t3574,G0359
t3575,G0359
t3576,G0359
t3577,G0359
t3578,G0359
t3579,G0359
t3580,G0359
t3581,G0359
t3582,G0359
t3583,G0359
t2864,G0360
t2865,G0360
t2866,G0360
t2867,G0360
t2868,G0360
t2869,G0360
t2870,G0360
t2871,G0360
t2872,G0360
t2873,G0360
t2874,G0360
t2875,G0360
t2876,G0360
t2877,G0360
t2878,G0360
t2879,G0360
t6608,G0361
t6609,G0361
t6610,G0361
t6611,G0361
t6612,G0361
t6613,G0361
t6614,G0361
t6615,G0361
t6616,G0361
t6617,G0361
t6618,G0361
t6619,G0361
t6620,G0361
t6621,G0361
t6622,G0361
t6623,G0361
t576,G0362
t577,G0362
t578,G0362
t579,G0362
t580,G0362
t581,G0362
t582,G0362
t583,G0362
t584,G0362
t585,G0362
t586,G0362
t587,G0362
t588,G0362
t589,G0362
t590,G0362
t591,G0362
t6816,G0363
t6817,G0363
t6818,G0363
t6819,G0363
t6820,G0363
t6821,G0363
t6822,G0363
t6823,G0363
t6824,G0363
t6825,G0363
t6826,G0363
t6827,G0363
t6828,G0363
t6829,G0363
t6830,G0363
t6831,G0363
t6144,G0364
t6145,G0364
t6146,G0364
t6147,G0364
t6148,G0364
t6149,G0364
t6150,G0364
t6151,G0364
t6152,G0364
t6153,G0364
t6154,G0364
t6155,G0364
t6156,G0364
t6157,G0364
t6158,G0364
t6159,G0364
t7776,G0365
t7777,G0365
t7778,G0365
t7779,G0365
t7780,G0365
t7781,G0365
t7782,G0365
t7783,G0365
t7784,G0365
t7785,G0365
t7786,G0365
t7787,G0365
t7788,G0365
t7789,G0365
t7790,G0365
t7791,G0365
t5392,G0366
t5393,G0366
t5394,G0366
t5395,G0366
t5396,G0366
t5397,G0366
t5398,G0366
t5399,G0366
t5400,G0366
t5401,G0366
t5402,G0366
t5403,G0366
t5404,G0366
t5405,G0366
t5406,G0366
t5407,G0366
t3472,G0367
t3473,G0367
t3474,G0367
t3475,G0367
t3476,G0367
t3477,G0367
t3478,G0367
t3479,G0367
t3480,G0367
t3481,G0367
t3482,G0367
t3483,G0367
t3484,G0367
t3485,G0367
t3486,G0367
t3487,G0367
t6736,G0368
t6737,G0368
t6738,G0368
t6739,G0368
t6740,G0368
t6741,G0368
t6742,G0368
t6743,G0368
t6744,G0368
t6745,G0368
t6746,G0368
t6747,G0368
t6748,G0368
t6749,G0368
t6750,G0368
t6751,G0368
t5040,G0369
t5041,G0369
t5042,G0369
t5043,G0369
t5044,G0369
t5045,G0369
t5046,G0369
t5047,G0369
t5048,G0369
t5049,G0369
t5050,G0369
t5051,G0369
t5052,G0369
t5053,G0369
t5054,G0369
t5055,G0369
t7120,G0370
t7121,G0370
t7122,G0370
t7123,G0370
t7124,G0370
t7125,G0370
t7126,G0370
t7127,G0370
t7128,G0370
t7129,G0370
t7130,G0370
t7131,G0370
t7132,G0370
t7133,G0370
t7134,G0370
t7135,G0370
t1712,G0371
t1713,G0371
t1714,G0371
t1715,G0371
t1716,G0371
t1717,G0371
t1718,G0371
t1719,G0371
t1720,G0371
t1721,G0371
t1722,G0371
t1723,G0371
t1724,G0371
t1725,G0371
t1726,G0371
t1727,G0371
t3920,G0372
t3921,G0372
t3922,G0372
t3923,G0372
t3924,G0372
t3925,G0372
t3926,G0372
t3927,G0372
t3928,G0372
t3929,G0372
t3930,G0372
t3931,G0372
t3932,G0372
t3933,G0372
t3934,G0372
t3935,G0372
t7344,G0373
t7345,G0373
t7346,G0373
t7347,G0373
t7348,G0373
t7349,G0373
t7350,G0373
t7351,G0373
t7352,G0373
t7353,G0373
t7354,G0373
t7355,G0373
t7356,G0373
t7357,G0373
t7358,G0373
t7359,G0373
t6272,G0374
t6273,G0374
t6274,G0374
t6275,G0374
t6276,G0374
t6277,G0374
t6278,G0374
t6279,G0374
t6280,G0374
t6281,G0374
t6282,G0374
t6283,G0374
t6284,G0374
t6285,G0374
t6286,G0374
t6287,G0374
t1584,G0375
t1585,G0375
t1586,G0375
t1587,G0375
t1588,G0375
t1589,G0375
t1590,G0375
t1591,G0375
t1592,G0375
t1593,G0375
t1594,G0375
t1595,G0375
t1596,G0375
t1597,G0375
t1598,G0375
t1599,G0375
t176,G0376
t177,G0376
t178,G0376
t179,G0376
t180,G0376
t181,G0376
t182,G0376
t183,G0376
t184,G0376
t185,G0376
t186,G0376
t187,G0376
t188,G0376
t189,G0376
t190,G0376
t191,G0376
t5312,G0377
t5313,G0377
t5314,G0377
t5315,G0377
t5316,G0377
t5317,G0377
t5318,G0377
t5319,G0377
t5320,G0377
t5321,G0377
t5322,G0377
t5323,G0377
t5324,G0377
t5325,G0377
t5326,G0377
t5327,G0377
t288,G0378
t289,G0378
t290,G0378
t291,G0378
t292,G0378
t293,G0378
t294,G0378
t295,G0378
t296,G0378
t297,G0378
t298,G0378
t299,G0378
t300,G0378
t301,G0378
t302,G0378
t303,G0378
t5504,G0379
t5505,G0379
t5506,G0379
t5507,G0379
t5508,G0379
t5509,G0379
t5510,G0379
t5511,G0379
t5512,G0379
t5513,G0379
t5514,G0379
t5515,G0379
t5516,G0379
t5517,G0379
t5518,G0379
t5519,G0379
t3024,G0380
t3025,G0380
t3026,G0380
t3027,G0380
t3028,G0380
t3029,G0380
t3030,G0380
t3031,G0380
t3032,G0380
t3033,G0380
t3034,G0380
t3035,G0380
t3036,G0380
t3037,G0380
t3038,G0380
t3039,G0380
t6384,G0381
t6385,G0381
t6386,G0381
t6387,G0381
t6388,G0381
t6389,G0381
t6390,G0381
t6391,G0381
t6392,G0381
t6393,G0381
t6394,G0381
t6395,G0381
t6396,G0381
t6397,G0381
t6398,G0381
t6399,G0381
t5984,G0382
t5985,G0382
t5986,G0382
t5987,G0382
t5988,G0382
t5989,G0382
t5990,G0382
t5991,G0382
t5992,G0382
t5993,G0382
t5994,G0382
t5995,G0382
t5996,G0382
t5997,G0382
t5998,G0382
t5999,G0382
t976,G0383
t977,G0383
t978,G0383
t979,G0383
t980,G0383
t981,G0383
t982,G0383
t983,G0383
t984,G0383
t985,G0383
t986,G0383
t987,G0383
t988,G0383
t989,G0383
t990,G0383
t991,G0383
t6320,G0384
t6321,G0384
t6322,G0384
t6323,G0384
t6324,G0384
t6325,G0384
t6326,G0384
t6327,G0384
t6328,G0384
t6329,G0384
t6330,G0384
t6331,G0384
t6332,G0384
t6333,G0384
t6334,G0384
t6335,G0384
t4960,G0385
t4961,G0385
t4962,G0385
t4963,G0385
t4964,G0385
t4965,G0385
t4966,G0385
t4967,G0385
t4968,G0385
t4969,G0385
t4970,G0385
t4971,G0385
t4972,G0385
t4973,G0385
t4974,G0385
t4975,G0385
t6256,G0386
t6257,G0386
t6258,G0386
t6259,G0386
t6260,G0386
t6261,G0386
t6262,G0386
t6263,G0386
t6264,G0386
t6265,G0386
t6266,G0386
t6267,G0386
t6268,G0386
t6269,G0386
t6270,G0386
t6271,G0386
t5200,G0387
t5201,G0387
t5202,G0387
t5203,G0387
t5204,G0387
t5205,G0387
t5206,G0387
t5207,G0387
t5208,G0387
t5209,G0387
t5210,G0387
t5211,G0387
t5212,G0387
t5213,G0387
t5214,G0387
t5215,G0387
t7728,G0388
t7729,G0388
t7730,G0388
t7731,G0388
t7732,G0388
t7733,G0388
t7734,G0388
t7735,G0388
t7736,G0388
t7737,G0388
t7738,G0388
t7739,G0388
t7740,G0388
t7741,G0388
t7742,G0388
t7743,G0388
t208,G0389
t209,G0389
t210,G0389
t211,G0389
t212,G0389
t213,G0389
t214,G0389
t215,G0389
t216,G0389
t217,G0389
t218,G0389
t219,G0389
t220,G0389
t221,G0389
t222,G0389
t223,G0389
t7536,G0390
t7537,G0390
t7538,G0390
t7539,G0390
t7540,G0390
t7541,G0390
t7542,G0390
t7543,G0390
t7544,G0390
t7545,G0390
t7546,G0390
t7547,G0390
t7548,G0390
t7549,G0390
t7550,G0390
t7551,G0390
t6464,G0391
t6465,G0391
t6466,G0391
t6467,G0391
t6468,G0391
t6469,G0391
t6470,G0391
t6471,G0391
t6472,G0391
t6473,G0391
t6474,G0391
t6475,G0391
t6476,G0391
t6477,G0391
t6478,G0391
t6479,G0391
t4368,G0392
t4369,G0392
t4370,G0392
t4371,G0392
t4372,G0392
t4373,G0392
t4374,G0392
t4375,G0392
t4376,G0392
t4377,G0392
t4378,G0392
t4379,G0392
t4380,G0392
t4381,G0392
t4382,G0392
t4383,G0392
t5184,G0393
t5185,G0393
t5186,G0393
t5187,G0393
t5188,G0393
t5189,G0393
t5190,G0393
t5191,G0393
t5192,G0393
t5193,G0393
t5194,G0393
t5195,G0393
t5196,G0393
t5197,G0393
t5198,G0393
t5199,G0393
t4688,G0394
t4689,G0394
t4690,G0394
t4691,G0394
t4692,G0394
t4693,G0394
t4694,G0394
t4695,G0394
t4696,G0394
t4697,G0394
t4698,G0394
t4699,G0394
t4700,G0394
t4701,G0394
t4702,G0394
t4703,G0394
t368,G0395
t369,G0395
t370,G0395
t371,G0395
t372,G0395
t373,G0395
t374,G0395
t375,G0395
t376,G0395
t377,G0395
t378,G0395
t379,G0395
t380,G0395
t381,G0395
t382,G0395
t383,G0395
t5488,G0396
t5489,G0396
t5490,G0396
t5491,G0396
t5492,G0396
t5493,G0396
t5494,G0396
t5495,G0396
t5496,G0396
t5497,G0396
t5498,G0396
t5499,G0396
t5500,G0396
t5501,G0396
t5502,G0396
t5503,G0396
t1184,G0397
t1185,G0397
t1186,G0397
t1187,G0397
t1188,G0397
t1189,G0397
t1190,G0397
t1191,G0397
t1192,G0397
t1193,G0397
t1194,G0397
t1195,G0397
t1196,G0397
t1197,G0397
t1198,G0397
t1199,G0397
t7872,G0398
t7873,G0398
t7874,G0398
t7875,G0398
t7876,G0398
t7877,G0398
t7878,G0398
t7879,G0398
t7880,G0398
t7881,G0398
t7882,G0398
t7883,G0398
t7884,G0398
t7885,G0398
t7886,G0398
t7887,G0398
t7216,G0399
t7217,G0399
t7218,G0399
t7219,G0399
t7220,G0399
t7221,G0399
t7222,G0399
t7223,G0399
t7224,G0399
t7225,G0399
t7226,G0399
t7227,G0399
t7228,G0399
t7229,G0399
t7230,G0399
t7231,G0399
t3488,G0400
t3489,G0400
t3490,G0400
t3491,G0400
t3492,G0400
t3493,G0400
t3494,G0400
t3495,G0400
t3496,G0400
t3497,G0400
t3498,G0400
t3499,G0400
t3500,G0400
t3501,G0400
t3502,G0400
t3503,G0400
t6512,G0401
t6513,G0401
t6514,G0401
t6515,G0401
t6516,G0401
t6517,G0401
t6518,G0401
t6519,G0401
t6520,G0401
t6521,G0401
t6522,G0401
t6523,G0401
t6524,G0401
t6525,G0401
t6526,G0401
t6527,G0401
t1392,G0402
t1393,G0402
t1394,G0402
t1395,G0402
t1396,G0402
t1397,G0402
t1398,G0402
t1399,G0402
t1400,G0402
t1401,G0402
t1402,G0402
t1403,G0402
t1404,G0402
t1405,G0402
t1406,G0402
t1407,G0402
t3040,G0403
t3041,G0403
t3042,G0403
t3043,G0403
t3044,G0403
t3045,G0403
t3046,G0403
t3047,G0403
t3048,G0403
t3049,G0403
t3050,G0403
t3051,G0403
t3052,G0403
t3053,G0403
t3054,G0403
t3055,G0403
t1792,G0404
t1793,G0404
t1794,G0404
t1795,G0404
t1796,G0404
t1797,G0404
t1798,G0404
t1799,G0404
t1800,G0404
t1801,G0404
t1802,G0404
t1803,G0404
t1804,G0404
t1805,G0404
t1806,G0404
t1807,G0404
t5648,G0405
t5649,G0405
t5650,G0405
t5651,G0405
t5652,G0405
t5653,G0405
t5654,G0405
t5655,G0405
t5656,G0405
t5657,G0405
t5658,G0405
t5659,G0405
t5660,G0405
t5661,G0405
t5662,G0405
t5663,G0405
t2208,G0406
t2209,G0406
t2210,G0406
t2211,G0406
t2212,G0406
t2213,G0406
t2214,G0406
t2215,G0406
t2216,G0406
t2217,G0406
t2218,G0406
t2219,G0406
t2220,G0406
t2221,G0406
t2222,G0406
t2223,G0406
t128,G0407
t129,G0407
t130,G0407
t131,G0407
t132,G0407
t133,G0407
t134,G0407
t135,G0407
t136,G0407
t137,G0407
t138,G0407
t139,G0407
t140,G0407
t141,G0407
t142,G0407
t143,G0407
t6928,G0408
t6929,G0408
t6930,G0408
t6931,G0408
t6932,G0408
t6933,G0408
t6934,G0408
t6935,G0408
t6936,G0408
t6937,G0408
t6938,G0408
t6939,G0408
t6940,G0408
t6941,G0408
t6942,G0408
t6943,G0408
t6848,G0409
t6849,G0409
t6850,G0409
t6851,G0409
t6852,G0409
t6853,G0409
t6854,G0409
t6855,G0409
t6856,G0409
t6857,G0409
t6858,G0409
t6859,G0409
t6860,G0409
t6861,G0409
t6862,G0409
t6863,G0409
t2736,G0410
t2737,G0410
t2738,G0410
t2739,G0410
t2740,G0410
t2741,G0410
t2742,G0410
t2743,G0410
t2744,G0410
t2745,G0410
t2746,G0410
t2747,G0410
t2748,G0410
t2749,G0410
t2750,G0410
t2751,G0410
t5152,G0411
t5153,G0411
t5154,G0411
t5155,G0411
t5156,G0411
t5157,G0411
t5158,G0411
t5159,G0411
t5160,G0411
t5161,G0411
t5162,G0411
t5163,G0411
t5164,G0411
t5165,G0411
t5166,G0411
t5167,G0411
t6432,G0412
t6433,G0412
t6434,G0412
t6435,G0412
t6436,G0412
t6437,G0412
t6438,G0412
t6439,G0412
t6440,G0412
t6441,G0412
t6442,G0412
t6443,G0412
t6444,G0412
t6445,G0412
t6446,G0412
t6447,G0412
t3984,G0413
t3985,G0413
t3986,G0413
t3987,G0413
t3988,G0413
t3989,G0413
t3990,G0413
t3991,G0413
t3992,G0413
t3993,G0413
t3994,G0413
t3995,G0413
t3996,G0413
t3997,G0413
t3998,G0413
t3999,G0413
t944,G0414
t945,G0414
t946,G0414
t947,G0414
t948,G0414
t949,G0414
t950,G0414
t951,G0414
t952,G0414
t953,G0414
t954,G0414
t955,G0414
t956,G0414
t957,G0414
t958,G0414
t959,G0414
t8160,G0415
t8161,G0415
t8162,G0415
t8163,G0415
t8164,G0415
t8165,G0415
t8166,G0415
t8167,G0415
t8168,G0415
t8169,G0415
t8170,G0415
t8171,G0415
t8172,G0415
t8173,G0415
t8174,G0415
t8175,G0415
t6896,G0416
t6897,G0416
t6898,G0416
t6899,G0416
t6900,G0416
t6901,G0416
t6902,G0416
t6903,G0416
t6904,G0416
t6905,G0416
t6906,G0416
t6907,G0416
t6908,G0416
t6909,G0416
t6910,G0416
t6911,G0416
t672,G0417
t673,G0417
t674,G0417
t675,G0417
t676,G0417
t677,G0417
t678,G0417
t679,G0417
t680,G0417
t681,G0417
t682,G0417
t683,G0417
t684,G0417
t685,G0417
t686,G0417
t687,G0417
t2912,G0418
t2913,G0418
t2914,G0418
t2915,G0418
t2916,G0418
t2917,G0418
t2918,G0418
t2919,G0418
t2920,G0418
t2921,G0418
t2922,G0418
t2923,G0418
t2924,G0418
t2925,G0418
t2926,G0418
t2927,G0418
t6032,G0419
t6033,G0419
t6034,G0419
t6035,G0419
t6036,G0419
t6037,G0419
t6038,G0419
t6039,G0419
t6040,G0419
t6041,G0419
t6042,G0419
t6043,G0419
t6044,G0419
t6045,G0419
t6046,G0419
t6047,G0419
t5248,G0420
t5249,G0420
t5250,G0420
t5251,G0420
t5252,G0420
t5253,G0420
t5254,G0420
t5255,G0420
t5256,G0420
t5257,G0420
t5258,G0420
t5259,G0420
t5260,G0420
t5261,G0420
t5262,G0420
t5263,G0420
t5408,G0421
t5409,G0421
t5410,G0421
t5411,G0421
t5412,G0421
t5413,G0421
t5414,G0421
t5415,G0421
t5416,G0421
t5417,G0421
t5418,G0421
t5419,G0421
t5420,G0421
t5421,G0421
t5422,G0421
t5423,G0421
t6976,G0422
t6977,G0422
t6978,G0422
t6979,G0422
t6980,G0422
t6981,G0422
t6982,G0422
t6983,G0422
t6984,G0422
t6985,G0422
t6986,G0422
t6987,G0422
t6988,G0422
t6989,G0422
t6990,G0422
t6991,G0422
t3680,G0423
t3681,G0423
t3682,G0423
t3683,G0423
t3684,G0423
t3685,G0423
t3686,G0423
t3687,G0423
t3688,G0423
t3689,G0423
t3690,G0423
t3691,G0423
t3692,G0423
t3693,G0423
t3694,G0423
t3695,G0423
t2240,G0424
t2241,G0424
t2242,G0424
t2243,G0424
t2244,G0424
t2245,G0424
t2246,G0424
t2247,G0424
t2248,G0424
t2249,G0424
t2250,G0424
t2251,G0424
t2252,G0424
t2253,G0424
t2254,G0424
t2255,G0424
t4736,G0425
t4737,G0425
t4738,G0425
t4739,G0425
t4740,G0425
t4741,G0425
t4742,G0425
t4743,G0425
t4744,G0425
t4745,G0425
t4746,G0425
t4747,G0425
t4748,G0425
t4749,G0425
t4750,G0425
t4751,G0425
t3424,G0426
t3425,G0426
t3426,G0426
t3427,G0426
t3428,G0426
t3429,G0426
t3430,G0426
t3431,G0426
t3432,G0426
t3433,G0426
t3434,G0426
t3435,G0426
t3436,G0426
t3437,G0426
t3438,G0426
t3439,G0426
t4816,G0427
t4817,G0427
t4818,G0427
t4819,G0427
t4820,G0427
t4821,G0427
t4822,G0427
t4823,G0427
t4824,G0427
t4825,G0427
t4826,G0427
t4827,G0427
t4828,G0427
t4829,G0427
t4830,G0427
t4831,G0427
t6112,G0428
t6113,G0428
t6114,G0428
t6115,G0428
t6116,G0428
t6117,G0428
t6118,G0428
t6119,G0428
t6120,G0428
t6121,G0428
t6122,G0428
t6123,G0428
t6124,G0428
t6125,G0428
t6126,G0428
t6127,G0428
t1760,G0429
t1761,G0429
t1762,G0429
t1763,G0429
t1764,G0429
t1765,G0429
t1766,G0429
t1767,G0429
t1768,G0429
t1769,G0429
t1770,G0429
t1771,G0429
t1772,G0429
t1773,G0429
t1774,G0429
t1775,G0429
t1920,G0430
t1921,G0430
t1922,G0430
t1923,G0430
t1924,G0430
t1925,G0430
t1926,G0430
t1927,G0430
t1928,G0430
t1929,G0430
t1930,G0430
t1931,G0430
t1932,G0430
t1933,G0430
t1934,G0430
t1935,G0430
t4272,G0431
t4273,G0431
t4274,G0431
t4275,G0431
t4276,G0431
t4277,G0431
t4278,G0431
t4279,G0431
t4280,G0431
t4281,G0431
t4282,G0431
t4283,G0431
t4284,G0431
t4285,G0431
t4286,G0431
t4287,G0431
t2256,G0432
t2257,G0432
t2258,G0432
t2259,G0432
t2260,G0432
t2261,G0432
t2262,G0432
t2263,G0432
t2264,G0432
t2265,G0432
t2266,G0432
t2267,G0432
t2268,G0432
t2269,G0432
t2270,G0432
t2271,G0432
t4288,G0433
t4289,G0433
t4290,G0433
t4291,G0433
t4292,G0433
t4293,G0433
t4294,G0433
t4295,G0433
t4296,G0433
t4297,G0433
t4298,G0433
t4299,G0433
t4300,G0433
t4301,G0433
t4302,G0433
t4303,G0433
t6560,G0434
t6561,G0434
t6562,G0434
t6563,G0434
t6564,G0434
t6565,G0434
t6566,G0434
t6567,G0434
t6568,G0434
t6569,G0434
t6570,G0434
t6571,G0434
t6572,G0434
t6573,G0434
t6574,G0434
t6575,G0434
t3200,G0435
t3201,G0435
t3202,G0435
t3203,G0435
t3204,G0435
t3205,G0435
t3206,G0435
t3207,G0435
t3208,G0435
t3209,G0435
t3210,G0435
t3211,G0435
t3212,G0435
t3213,G0435
t3214,G0435
t3215,G0435
t5584,G0436
t5585,G0436
t5586,G0436
t5587,G0436
t5588,G0436
t5589,G0436
t5590,G0436
t5591,G0436
t5592,G0436
t5593,G0436
t5594,G0436
t5595,G0436
t5596,G0436
t5597,G0436
t5598,G0436
t5599,G0436
t6496,G0437
t6497,G0437
t6498,G0437
t6499,G0437
t6500,G0437
t6501,G0437
t6502,G0437
t6503,G0437
t6504,G0437
t6505,G0437
t6506,G0437
t6507,G0437
t6508,G0437
t6509,G0437
t6510,G0437
t6511,G0437
t5728,G0438
t5729,G0438
t5730,G0438
t5731,G0438
t5732,G0438
t5733,G0438
t5734,G0438
t5735,G0438
t5736,G0438
t5737,G0438
t5738,G0438
t5739,G0438
t5740,G0438
t5741,G0438
t5742,G0438
t5743,G0438
t6688,G0439
t6689,G0439
t6690,G0439
t6691,G0439
t6692,G0439
t6693,G0439
t6694,G0439
t6695,G0439
t6696,G0439
t6697,G0439
t6698,G0439
t6699,G0439
t6700,G0439
t6701,G0439
t6702,G0439
t6703,G0439
t304,G0440
t305,G0440
t306,G0440
t307,G0440
t308,G0440
t309,G0440
t310,G0440
t311,G0440
t312,G0440
t313,G0440
t314,G0440
t315,G0440
t316,G0440
t317,G0440
t318,G0440
t319,G0440
t1216,G0441
t1217,G0441
t1218,G0441
t1219,G0441
t1220,G0441
t1221,G0441
t1222,G0441
t1223,G0441
t1224,G0441
t1225,G0441
t1226,G0441
t1227,G0441
t1228,G0441
t1229,G0441
t1230,G0441
t1231,G0441
t1056,G0442
t1057,G0442
t1058,G0442
t1059,G0442
t1060,G0442
t1061,G0442
t1062,G0442
t1063,G0442
t1064,G0442
t1065,G0442
t1066,G0442
t1067,G0442
t1068,G0442
t1069,G0442
t1070,G0442
t1071,G0442
t5552,G0443
t5553,G0443
t5554,G0443
t5555,G0443
t5556,G0443
t5557,G0443
t5558,G0443
t5559,G0443
t5560,G0443
t5561,G0443
t5562,G0443
t5563,G0443
t5564,G0443
t5565,G0443
t5566,G0443
t5567,G0443
t720,G0444
t721,G0444
t722,G0444
t723,G0444
t724,G0444
t725,G0444
t726,G0444
t727,G0444
t728,G0444
t729,G0444
t730,G0444
t731,G0444
t732,G0444
t733,G0444
t734,G0444
t735,G0444
t560,G0445
t561,G0445
t562,G0445
t563,G0445
t564,G0445
t565,G0445
t566,G0445
t567,G0445
t568,G0445
t569,G0445
t570,G0445
t571,G0445
t572,G0445
t573,G0445
t574,G0445
t575,G0445
t3888,G0446
t3889,G0446
t3890,G0446
t3891,G0446
t3892,G0446
t3893,G0446
t3894,G0446
t3895,G0446
t3896,G0446
t3897,G0446
t3898,G0446
t3899,G0446
t3900,G0446
t3901,G0446
t3902,G0446
t3903,G0446
t7232,G0447
t7233,G0447
t7234,G0447
t7235,G0447
t7236,G0447
t7237,G0447
t7238,G0447
t7239,G0447
t7240,G0447
t7241,G0447
t7242,G0447
t7243,G0447
t7244,G0447
t7245,G0447
t7246,G0447
t7247,G0447
t5376,G0448
t5377,G0448
t5378,G0448
t5379,G0448
t5380,G0448
t5381,G0448
t5382,G0448
t5383,G0448
t5384,G0448
t5385,G0448
t5386,G0448
t5387,G0448
t5388,G0448
t5389,G0448
t5390,G0448
t5391,G0448
t6992,G0449
t6993,G0449
t6994,G0449
t6995,G0449
t6996,G0449
t6997,G0449
t6998,G0449
t6999,G0449
t7000,G0449
t7001,G0449
t7002,G0449
t7003,G0449
t7004,G0449
t7005,G0449
t7006,G0449
t7007,G0449
t256,G0450
t257,G0450
t258,G0450
t259,G0450
t260,G0450
t261,G0450
t262,G0450
t263,G0450
t264,G0450
t265,G0450
t266,G0450
t267,G0450
t268,G0450
t269,G0450
t270,G0450
t271,G0450
t1520,G0451
t1521,G0451
t1522,G0451
t1523,G0451
t1524,G0451
t1525,G0451
t1526,G0451
t1527,G0451
t1528,G0451
t1529,G0451
t1530,G0451
t1531,G0451
t1532,G0451
t1533,G0451
t1534,G0451
t1535,G0451
t1536,G0452
t1537,G0452
t1538,G0452
t1539,G0452
t1540,G0452
t1541,G0452
t1542,G0452
t1543,G0452
t1544,G0452
t1545,G0452
t1546,G0452
t1547,G0452
t1548,G0452
t1549,G0452
t1550,G0452
t1551,G0452
t1504,G0453
t1505,G0453
t1506,G0453
t1507,G0453
t1508,G0453
t1509,G0453
t1510,G0453
t1511,G0453
t1512,G0453
t1513,G0453
t1514,G0453
t1515,G0453
t1516,G0453
t1517,G0453
t1518,G0453
t1519,G0453
t2368,G0454
t2369,G0454
t2370,G0454
t2371,G0454
t2372,G0454
t2373,G0454
t2374,G0454
t2375,G0454
t2376,G0454
t2377,G0454
t2378,G0454
t2379,G0454
t2380,G0454
t2381,G0454
t2382,G0454
t2383,G0454
t1968,G0455
t1969,G0455
t1970,G0455
t1971,G0455
t1972,G0455
t1973,G0455
t1974,G0455
t1975,G0455
t1976,G0455
t1977,G0455
t1978,G0455
t1979,G0455
t1980,G0455
t1981,G0455
t1982,G0455
t1983,G0455
t4704,G0456
t4705,G0456
t4706,G0456
t4707,G0456
t4708,G0456
t4709,G0456
t4710,G0456
t4711,G0456
t4712,G0456
t4713,G0456
t4714,G0456
t4715,G0456
t4716,G0456
t4717,G0456
t4718,G0456
t4719,G0456
t2592,G0457
t2593,G0457
t2594,G0457
t2595,G0457
t2596,G0457
t2597,G0457
t2598,G0457
t2599,G0457
t2600,G0457
t2601,G0457
t2602,G0457
t2603,G0457
t2604,G0457
t2605,G0457
t2606,G0457
t2607,G0457
t3152,G0458
t3153,G0458
t3154,G0458
t3155,G0458
t3156,G0458
t3157,G0458
t3158,G0458
t3159,G0458
t3160,G0458
t3161,G0458
t3162,G0458
t3163,G0458
t3164,G0458
t3165,G0458
t3166,G0458
t3167,G0458
t4880,G0459
t4881,G0459
t4882,G0459
t4883,G0459
t4884,G0459
t4885,G0459
t4886,G0459
t4887,G0459
t4888,G0459
t4889,G0459
t4890,G0459
t4891,G0459
t4892,G0459
t4893,G0459
t4894,G0459
t4895,G0459
t6704,G0460
t6705,G0460
t6706,G0460
t6707,G0460
t6708,G0460
t6709,G0460
t6710,G0460
t6711,G0460
t6712,G0460
t6713,G0460
t6714,G0460
t6715,G0460
t6716,G0460
t6717,G0460
t6718,G0460
t6719,G0460
t3632,G0461
t3633,G0461
t3634,G0461
t3635,G0461
t3636,G0461
t3637,G0461
t3638,G0461
t3639,G0461
t3640,G0461
t3641,G0461
t3642,G0461
t3643,G0461
t3644,G0461
t3645,G0461
t3646,G0461
t3647,G0461
t2352,G0462
t2353,G0462
t2354,G0462
t2355,G0462
t2356,G0462
t2357,G0462
t2358,G0462
t2359,G0462
t2360,G0462
t2361,G0462
t2362,G0462
t2363,G0462
t2364,G0462
t2365,G0462
t2366,G0462
t2367,G0462
t4800,G0463
t4801,G0463
t4802,G0463
t4803,G0463
t4804,G0463
t4805,G0463
t4806,G0463
t4807,G0463
t4808,G0463
t4809,G0463
t4810,G0463
t4811,G0463
t4812,G0463
t4813,G0463
t4814,G0463
t4815,G0463
t6528,G0464
t6529,G0464
t6530,G0464
t6531,G0464
t6532,G0464
t6533,G0464
t6534,G0464
t6535,G0464
t6536,G0464
t6537,G0464
t6538,G0464
t6539,G0464
t6540,G0464
t6541,G0464
t6542,G0464
t6543,G0464
t7632,G0465
t7633,G0465
t7634,G0465
t7635,G0465
t7636,G0465
t7637,G0465
t7638,G0465
t7639,G0465
t7640,G0465
t7641,G0465
t7642,G0465
t7643,G0465
t7644,G0465
t7645,G0465
t7646,G0465
t7647,G0465
t7328,G0466
t7329,G0466
t7330,G0466
t7331,G0466
t7332,G0466
t7333,G0466
t7334,G0466
t7335,G0466
t7336,G0466
t7337,G0466
t7338,G0466
t7339,G0466
t7340,G0466
t7341,G0466
t7342,G0466
t7343,G0466
t4416,G0467
t4417,G0467
t4418,G0467
t4419,G0467
t4420,G0467
t4421,G0467
t4422,G0467
t4423,G0467
t4424,G0467
t4425,G0467
t4426,G0467
t4427,G0467
t4428,G0467
t4429,G0467
t4430,G0467
t4431,G0467
t6944,G0468
t6945,G0468
t6946,G0468
t6947,G0468
t6948,G0468
t6949,G0468
t6950,G0468
t6951,G0468
t6952,G0468
t6953,G0468
t6954,G0468
t6955,G0468
t6956,G0468
t6957,G0468
t6958,G0468
t6959,G0468
t7184,G0469
t7185,G0469
t7186,G0469
t7187,G0469
t7188,G0469
t7189,G0469
t7190,G0469
t7191,G0469
t7192,G0469
t7193,G0469
t7194,G0469
t7195,G0469
t7196,G0469
t7197,G0469
t7198,G0469
t7199,G0469
t1008,G0470
t1009,G0470
t1010,G0470
t1011,G0470
t1012,G0470
t1013,G0470
t1014,G0470
t1015,G0470
t1016,G0470
t1017,G0470
t1018,G0470
t1019,G0470
t1020,G0470
t1021,G0470
t1022,G0470
t1023,G0470
t7664,G0471
t7665,G0471
t7666,G0471
t7667,G0471
t7668,G0471
t7669,G0471
t7670,G0471
t7671,G0471
t7672,G0471
t7673,G0471
t7674,G0471
t7675,G0471
t7676,G0471
t7677,G0471
t7678,G0471
t7679,G0471
t2384,G0472
t2385,G0472
t2386,G0472
t2387,G0472
t2388,G0472
t2389,G0472
t2390,G0472
t2391,G0472
t2392,G0472
t2393,G0472
t2394,G0472
t2395,G0472
t2396,G0472
t2397,G0472
t2398,G0472
t2399,G0472
t7312,G0473
t7313,G0473
t7314,G0473
t7315,G0473
t7316,G0473
t7317,G0473
t7318,G0473
t7319,G0473
t7320,G0473
t7321,G0473
t7322,G0473
t7323,G0473
t7324,G0473
t7325,G0473
t7326,G0473
t7327,G0473
t2464,G0474
t2465,G0474
t2466,G0474
t2467,G0474
t2468,G0474
t2469,G0474
t2470,G0474
t2471,G0474
t2472,G0474
t2473,G0474
t2474,G0474
t2475,G0474
t2476,G0474
t2477,G0474
t2478,G0474
t2479,G0474
t880,G0475
t881,G0475
t882,G0475
t883,G0475
t884,G0475
t885,G0475
t886,G0475
t887,G0475
t888,G0475
t889,G0475
t890,G0475
t891,G0475
t892,G0475
t893,G0475
t894,G0475
t895,G0475
t4000,G0476
t4001,G0476
t4002,G0476
t4003,G0476
t4004,G0476
t4005,G0476
t4006,G0476
t4007,G0476
t4008,G0476
t4009,G0476
t4010,G0476
t4011,G0476
t4012,G0476
t4013,G0476
t4014,G0476
t4015,G0476
t4160,G0477
t4161,G0477
t4162,G0477
t4163,G0477
t4164,G0477
t4165,G0477
t4166,G0477
t4167,G0477
t4168,G0477
t4169,G0477
t4170,G0477
t4171,G0477
t4172,G0477
t4173,G0477
t4174,G0477
t4175,G0477
t2608,G0478
t2609,G0478
t2610,G0478
t2611,G0478
t2612,G0478
t2613,G0478
t2614,G0478
t2615,G0478
t2616,G0478
t2617,G0478
t2618,G0478
t2619,G0478
t2620,G0478
t2621,G0478
t2622,G0478
t2623,G0478
t656,G0479
t657,G0479
t658,G0479
t659,G0479
t660,G0479
t661,G0479
t662,G0479
t663,G0479
t664,G0479
t665,G0479
t666,G0479
t667,G0479
t668,G0479
t669,G0479
t670,G0479
t671,G0479
t736,G0480
t737,G0480
t738,G0480
t739,G0480
t740,G0480
t741,G0480
t742,G0480
t743,G0480
t744,G0480
t745,G0480
t746,G0480
t747,G0480
t748,G0480
t749,G0480
t750,G0480
t751,G0480
t3664,G0481
t3665,G0481
t3666,G0481
t3667,G0481
t3668,G0481
t3669,G0481
t3670,G0481
t3671,G0481
t3672,G0481
t3673,G0481
t3674,G0481
t3675,G0481
t3676,G0481
t3677,G0481
t3678,G0481
t3679,G0481
t4448,G0482
t4449,G0482
t4450,G0482
t4451,G0482
t4452,G0482
t4453,G0482
t4454,G0482
t4455,G0482
t4456,G0482
t4457,G0482
t4458,G0482
t4459,G0482
t4460,G0482
t4461,G0482
t4462,G0482
t4463,G0482
t7984,G0483
t7985,G0483
t7986,G0483
t7987,G0483
t7988,G0483
t7989,G0483
t7990,G0483
t7991,G0483
t7992,G0483
t7993,G0483
t7994,G0483
t7995,G0483
t7996,G0483
t7997,G0483
t7998,G0483
t7999,G0483
t1152,G0484
t1153,G0484
t1154,G0484
t1155,G0484
t1156,G0484
t1157,G0484
t1158,G0484
t1159,G0484
t1160,G0484
t1161,G0484
t1162,G0484
t1163,G0484
t1164,G0484
t1165,G0484
t1166,G0484
t1167,G0484
t6576,G0485
t6577,G0485
t6578,G0485
t6579,G0485
t6580,G0485
t6581,G0485
t6582,G0485
t6583,G0485
t6584,G0485
t6585,G0485
t6586,G0485
t6587,G0485
t6588,G0485
t6589,G0485
t6590,G0485
t6591,G0485
t1952,G0486
t1953,G0486
t1954,G0486
t1955,G0486
t1956,G0486
t1957,G0486
t1958,G0486
t1959,G0486
t1960,G0486
t1961,G0486
t1962,G0486
t1963,G0486
t1964,G0486
t1965,G0486
t1966,G0486
t1967,G0486
t1808,G0487
t1809,G0487
t1810,G0487
t1811,G0487
t1812,G0487
t1813,G0487
t1814,G0487
t1815,G0487
t1816,G0487
t1817,G0487
t1818,G0487
t1819,G0487
t1820,G0487
t1821,G0487
t1822,G0487
t1823,G0487
t4640,G0488
t4641,G0488
t4642,G0488
t4643,G0488
t4644,G0488
t4645,G0488
t4646,G0488
t4647,G0488
t4648,G0488
t4649,G0488
t4650,G0488
t4651,G0488
t4652,G0488
t4653,G0488
t4654,G0488
t4655,G0488
t1552,G0489
t1553,G0489
t1554,G0489
t1555,G0489
t1556,G0489
t1557,G0489
t1558,G0489
t1559,G0489
t1560,G0489
t1561,G0489
t1562,G0489
t1563,G0489
t1564,G0489
t1565,G0489
t1566,G0489
t1567,G0489
t512,G0490
t513,G0490
t514,G0490
t515,G0490
t516,G0490
t517,G0490
t518,G0490
t519,G0490
t520,G0490
t521,G0490
t522,G0490
t523,G0490
t524,G0490
t525,G0490
t526,G0490
t527,G0490
t5760,G0491
t5761,G0491
t5762,G0491
t5763,G0491
t5764,G0491
t5765,G0491
t5766,G0491
t5767,G0491
t5768,G0491
t5769,G0491
t5770,G0491
t5771,G0491
t5772,G0491
t5773,G0491
t5774,G0491
t5775,G0491
t2656,G0492
t2657,G0492
t2658,G0492
t2659,G0492
t2660,G0492
t2661,G0492
t2662,G0492
t2663,G0492
t2664,G0492
t2665,G0492
t2666,G0492
t2667,G0492
t2668,G0492
t2669,G0492
t2670,G0492
t2671,G0492
t7552,G0493
t7553,G0493
t7554,G0493
t7555,G0493
t7556,G0493
t7557,G0493
t7558,G0493
t7559,G0493
t7560,G0493
t7561,G0493
t7562,G0493
t7563,G0493
t7564,G0493
t7565,G0493
t7566,G0493
t7567,G0493
t1984,G0494
t1985,G0494
t1986,G0494
t1987,G0494
t1988,G0494
t1989,G0494
t1990,G0494
t1991,G0494
t1992,G0494
t1993,G0494
t1994,G0494
t1995,G0494
t1996,G0494
t1997,G0494
t1998,G0494
t1999,G0494
t2720,G0495
t2721,G0495
t2722,G0495
t2723,G0495
t2724,G0495
t2725,G0495
t2726,G0495
t2727,G0495
t2728,G0495
t2729,G0495
t2730,G0495
t2731,G0495
t2732,G0495
t2733,G0495
t2734,G0495
t2735,G0495
t6768,G0496
t6769,G0496
t6770,G0496
t6771,G0496
t6772,G0496
t6773,G0496
t6774,G0496
t6775,G0496
t6776,G0496
t6777,G0496
t6778,G0496
t6779,G0496
t6780,G0496
t6781,G0496
t6782,G0496
t6783,G0496
t4032,G0497
t4033,G0497
t4034,G0497
t4035,G0497
t4036,G0497
t4037,G0497
t4038,G0497
t4039,G0497
t4040,G0497
t4041,G0497
t4042,G0497
t4043,G0497
t4044,G0497
t4045,G0497
t4046,G0497
t4047,G0497
t5008,G0498
t5009,G0498
t5010,G0498
t5011,G0498
t5012,G0498
t5013,G0498
t5014,G0498
t5015,G0498
t5016,G0498
t5017,G0498
t5018,G0498
t5019,G0498
t5020,G0498
t5021,G0498
t5022,G0498
t5023,G0498
t0,G0499
t1,G0499
t2,G0499
t3,G0499
t4,G0499
t5,G0499
t6,G0499
t7,G0499
t8,G0499
t9,G0499
t10,G0499
t11,G0499
t12,G0499
t13,G0499
t14,G0499
t15,G0499
t5120,G0500
t5121,G0500
t5122,G0500
t5123,G0500
t5124,G0500
t5125,G0500
t5126,G0500
t5127,G0500
t5128,G0500
t5129,G0500
t5130,G0500
t5131,G0500
t5132,G0500
t5133,G0500
t5134,G0500
t5135,G0500
t5472,G0501
t5473,G0501
t5474,G0501
t5475,G0501
t5476,G0501
t5477,G0501
t5478,G0501
t5479,G0501
t5480,G0501
t5481,G0501
t5482,G0501
t5483,G0501
t5484,G0501
t5485,G0501
t5486,G0501
t5487,G0501
t8000,G0502
t8001,G0502
t8002,G0502
t8003,G0502
t8004,G0502
t8005,G0502
t8006,G0502
t8007,G0502
t8008,G0502
t8009,G0502
t8010,G0502
t8011,G0502
t8012,G0502
t8013,G0502
t8014,G0502
t8015,G0502
t6752,G0503
t6753,G0503
t6754,G0503
t6755,G0503
t6756,G0503
t6757,G0503
t6758,G0503
t6759,G0503
t6760,G0503
t6761,G0503
t6762,G0503
t6763,G0503
t6764,G0503
t6765,G0503
t6766,G0503
t6767,G0503
t5808,G0504
t5809,G0504
t5810,G0504
t5811,G0504
t5812,G0504
t5813,G0504
t5814,G0504
t5815,G0504
t5816,G0504
t5817,G0504
t5818,G0504
t5819,G0504
t5820,G0504
t5821,G0504
t5822,G0504
t5823,G0504
t3264,G0505
t3265,G0505
t3266,G0505
t3267,G0505
t3268,G0505
t3269,G0505
t3270,G0505
t3271,G0505
t3272,G0505
t3273,G0505
t3274,G0505
t3275,G0505
t3276,G0505
t3277,G0505
t3278,G0505
t3279,G0505
t6880,G0506
t6881,G0506
t6882,G0506
t6883,G0506
t6884,G0506
t6885,G0506
t6886,G0506
t6887,G0506
t6888,G0506
t6889,G0506
t6890,G0506
t6891,G0506
t6892,G0506
t6893,G0506
t6894,G0506
t6895,G0506
t5888,G0507
t5889,G0507
t5890,G0507
t5891,G0507
t5892,G0507
t5893,G0507
t5894,G0507
t5895,G0507
t5896,G0507
t5897,G0507
t5898,G0507
t5899,G0507
t5900,G0507
t5901,G0507
t5902,G0507
t5903,G0507
t752,G0508
t753,G0508
t754,G0508
t755,G0508
t756,G0508
t757,G0508
t758,G0508
t759,G0508
t760,G0508
t761,G0508
t762,G0508
t763,G0508
t764,G0508
t765,G0508
t766,G0508
t767,G0508
t112,G0509
t113,G0509
t114,G0509
t115,G0509
t116,G0509
t117,G0509
t118,G0509
t119,G0509
t120,G0509
t121,G0509
t122,G0509
t123,G0509
t124,G0509
t125,G0509
t126,G0509
t127,G0509
t4480,G0510
t4481,G0510
t4482,G0510
t4483,G0510
t4484,G0510
t4485,G0510
t4486,G0510
t4487,G0510
t4488,G0510
t4489,G0510
t4490,G0510
t4491,G0510
t4492,G0510
t4493,G0510
t4494,G0510
t4495,G0510
t6592,G0511
t6593,G0511
t6594,G0511
t6595,G0511
t6596,G0511
t6597,G0511
t6598,G0511
t6599,G0511
t6600,G0511
t6601,G0511
t6602,G0511
t6603,G0511
t6604,G0511
t6605,G0511
t6606,G0511
t6607,G0511
t496,G0512
t497,G0512
t498,G0512
t499,G0512
t500,G0512
t501,G0512
t502,G0512
t503,G0512
t504,G0512
t505,G0512
t506,G0512
t507,G0512
t508,G0512
t509,G0512
t510,G0512
t511,G0512
t2128,G0513
t2129,G0513
t2130,G0513
t2131,G0513
t2132,G0513
t2133,G0513
t2134,G0513
t2135,G0513
t2136,G0513
t2137,G0513
t2138,G0513
t2139,G0513
t2140,G0513
t2141,G0513
t2142,G0513
t2143,G0513
t4256,G0514
t4257,G0514
t4258,G0514
t4259,G0514
t4260,G0514
t4261,G0514
t4262,G0514
t4263,G0514
t4264,G0514
t4265,G0514
t4266,G0514
t4267,G0514
t4268,G0514
t4269,G0514
t4270,G0514
t4271,G0514
t7088,G0515
t7089,G0515
t7090,G0515
t7091,G0515
t7092,G0515
t7093,G0515
t7094,G0515
t7095,G0515
t7096,G0515
t7097,G0515
t7098,G0515
t7099,G0515
t7100,G0515
t7101,G0515
t7102,G0515
t7103,G0515
t3616,G0516
t3617,G0516
t3618,G0516
t3619,G0516
t3620,G0516
t3621,G0516
t3622,G0516
t3623,G0516
t3624,G0516
t3625,G0516
t3626,G0516
t3627,G0516
t3628,G0516
t3629,G0516
t3630,G0516
t3631,G0516
t7936,G0517
t7937,G0517
t7938,G0517
t7939,G0517
t7940,G0517
t7941,G0517
t7942,G0517
t7943,G0517
t7944,G0517
t7945,G0517
t7946,G0517
t7947,G0517
t7948,G0517
t7949,G0517
t7950,G0517
t7951,G0517
t4512,G0518
t4513,G0518
t4514,G0518
t4515,G0518
t4516,G0518
t4517,G0518
t4518,G0518
t4519,G0518
t4520,G0518
t4521,G0518
t4522,G0518
t4523,G0518
t4524,G0518
t4525,G0518
t4526,G0518
t4527,G0518
t1664,G0519
t1665,G0519
t1666,G0519
t1667,G0519
t1668,G0519
t1669,G0519
t1670,G0519
t1671,G0519
t1672,G0519
t1673,G0519
t1674,G0519
t1675,G0519
t1676,G0519
t1677,G0519
t1678,G0519
t1679,G0519
t5232,G0520
t5233,G0520
t5234,G0520
t5235,G0520
t5236,G0520
t5237,G0520
t5238,G0520
t5239,G0520
t5240,G0520
t5241,G0520
t5242,G0520
t5243,G0520
t5244,G0520
t5245,G0520
t5246,G0520
t5247,G0520
t4992,G0521
t4993,G0521
t4994,G0521
t4995,G0521
t4996,G0521
t4997,G0521
t4998,G0521
t4999,G0521
t5000,G0521
t5001,G0521
t5002,G0521
t5003,G0521
t5004,G0521
t5005,G0521
t5006,G0521
t5007,G0521
t2576,G0522
t2577,G0522
t2578,G0522
t2579,G0522
t2580,G0522
t2581,G0522
t2582,G0522
t2583,G0522
t2584,G0522
t2585,G0522
t2586,G0522
t2587,G0522
t2588,G0522
t2589,G0522
t2590,G0522
t2591,G0522
t3552,G0523
t3553,G0523
t3554,G0523
t3555,G0523
t3556,G0523
t3557,G0523
t3558,G0523
t3559,G0523
t3560,G0523
t3561,G0523
t3562,G0523
t3563,G0523
t3564,G0523
t3565,G0523
t3566,G0523
t3567,G0523
t2896,G0524
t2897,G0524
t2898,G0524
t2899,G0524
t2900,G0524
t2901,G0524
t2902,G0524
t2903,G0524
t2904,G0524
t2905,G0524
t2906,G0524
t2907,G0524
t2908,G0524
t2909,G0524
t2910,G0524
t2911,G0524
t816,G0525
t817,G0525
t818,G0525
t819,G0525
t820,G0525
t821,G0525
t822,G0525
t823,G0525
t824,G0525
t825,G0525
t826,G0525
t827,G0525
t828,G0525
t829,G0525
t830,G0525
t831,G0525
t4576,G0526
t4577,G0526
t4578,G0526
t4579,G0526
t4580,G0526
t4581,G0526
t4582,G0526
t4583,G0526
t4584,G0526
t4585,G0526
t4586,G0526
t4587,G0526
t4588,G0526
t4589,G0526
t4590,G0526
t4591,G0526
t3856,G0527
t3857,G0527
t3858,G0527
t3859,G0527
t3860,G0527
t3861,G0527
t3862,G0527
t3863,G0527
t3864,G0527
t3865,G0527
t3866,G0527
t3867,G0527
t3868,G0527
t3869,G0527
t3870,G0527
t3871,G0527
t2704,G0528
t2705,G0528
t2706,G0528
t2707,G0528
t2708,G0528
t2709,G0528
t2710,G0528
t2711,G0528
t2712,G0528
t2713,G0528
t2714,G0528
t2715,G0528
t2716,G0528
t2717,G0528
t2718,G0528
t2719,G0528
t5600,G0529
t5601,G0529
t5602,G0529
t5603,G0529
t5604,G0529
t5605,G0529
t5606,G0529
t5607,G0529
t5608,G0529
t5609,G0529
t5610,G0529
t5611,G0529
t5612,G0529
t5613,G0529
t5614,G0529
t5615,G0529
t6960,G0530
t6961,G0530
t6962,G0530
t6963,G0530
t6964,G0530
t6965,G0530
t6966,G0530
t6967,G0530
t6968,G0530
t6969,G0530
t6970,G0530
t6971,G0530
t6972,G0530
t6973,G0530
t6974,G0530
t6975,G0530
t7360,G0531
t7361,G0531
t7362,G0531
t7363,G0531
t7364,G0531
t7365,G0531
t7366,G0531
t7367,G0531
t7368,G0531
t7369,G0531
t7370,G0531
t7371,G0531
t7372,G0531
t7373,G0531
t7374,G0531
t7375,G0531
t592,G0532
t593,G0532
t594,G0532
t595,G0532
t596,G0532
t597,G0532
t598,G0532
t599,G0532
t600,G0532
t601,G0532
t602,G0532
t603,G0532
t604,G0532
t605,G0532
t606,G0532
t607,G0532
t5968,G0533
t5969,G0533
t5970,G0533
t5971,G0533
t5972,G0533
t5973,G0533
t5974,G0533
t5975,G0533
t5976,G0533
t5977,G0533
t5978,G0533
t5979,G0533
t5980,G0533
t5981,G0533
t5982,G0533
t5983,G0533
t800,G0534
t801,G0534
t802,G0534
t803,G0534
t804,G0534
t805,G0534
t806,G0534
t807,G0534
t808,G0534
t809,G0534
t810,G0534
t811,G0534
t812,G0534
t813,G0534
t814,G0534
t815,G0534
t2528,G0535
t2529,G0535
t2530,G0535
t2531,G0535
t2532,G0535
t2533,G0535
t2534,G0535
t2535,G0535
t2536,G0535
t2537,G0535
t2538,G0535
t2539,G0535
t2540,G0535
t2541,G0535
t2542,G0535
t2543,G0535
t1200,G0536
t1201,G0536
t1202,G0536
t1203,G0536
t1204,G0536
t1205,G0536
t1206,G0536
t1207,G0536
t1208,G0536
t1209,G0536
t1210,G0536
t1211,G0536
t1212,G0536
t1213,G0536
t1214,G0536
t1215,G0536
t7376,G0537
t7377,G0537
t7378,G0537
t7379,G0537
t7380,G0537
t7381,G0537
t7382,G0537
t7383,G0537
t7384,G0537
t7385,G0537
t7386,G0537
t7387,G0537
t7388,G0537
t7389,G0537
t7390,G0537
t7391,G0537
t4928,G0538
t4929,G0538
t4930,G0538
t4931,G0538
t4932,G0538
t4933,G0538
t4934,G0538
t4935,G0538
t4936,G0538
t4937,G0538
t4938,G0538
t4939,G0538
t4940,G0538
t4941,G0538
t4942,G0538
t4943,G0538
t6624,G0539
t6625,G0539
t6626,G0539
t6627,G0539
t6628,G0539
t6629,G0539
t6630,G0539
t6631,G0539
t6632,G0539
t6633,G0539
t6634,G0539
t6635,G0539
t6636,G0539
t6637,G0539
t6638,G0539
t6639,G0539
t5776,G0540
t5777,G0540
t5778,G0540
t5779,G0540
t5780,G0540
t5781,G0540
t5782,G0540
t5783,G0540
t5784,G0540
t5785,G0540
t5786,G0540
t5787,G0540
t5788,G0540
t5789,G0540
t5790,G0540
t5791,G0540
t4352,G0541
t4353,G0541
t4354,G0541
t4355,G0541
t4356,G0541
t4357,G0541
t4358,G0541
t4359,G0541
t4360,G0541
t4361,G0541
t4362,G0541
t4363,G0541
t4364,G0541
t4365,G0541
t4366,G0541
t4367,G0541
t7440,G0542
t7441,G0542
t7442,G0542
t7443,G0542
t7444,G0542
t7445,G0542
t7446,G0542
t7447,G0542
t7448,G0542
t7449,G0542
t7450,G0542
t7451,G0542
t7452,G0542
t7453,G0542
t7454,G0542
t7455,G0542
t2048,G0543
t2049,G0543
t2050,G0543
t2051,G0543
t2052,G0543
t2053,G0543
t2054,G0543
t2055,G0543
t2056,G0543
t2057,G0543
t2058,G0543
t2059,G0543
t2060,G0543
t2061,G0543
t2062,G0543
t2063,G0543
t6544,G0544
t6545,G0544
t6546,G0544
t6547,G0544
t6548,G0544
t6549,G0544
t6550,G0544
t6551,G0544
t6552,G0544
t6553,G0544
t6554,G0544
t6555,G0544
t6556,G0544
t6557,G0544
t6558,G0544
t6559,G0544
t5056,G0545
t5057,G0545
t5058,G0545
t5059,G0545
t5060,G0545
t5061,G0545
t5062,G0545
t5063,G0545
t5064,G0545
t5065,G0545
t5066,G0545
t5067,G0545
t5068,G0545
t5069,G0545
t5070,G0545
t5071,G0545
t768,G0546
t769,G0546
t770,G0546
t771,G0546
t772,G0546
t773,G0546
t774,G0546
t775,G0546
t776,G0546
t777,G0546
t778,G0546
t779,G0546
t780,G0546
t781,G0546
t782,G0546
t783,G0546
t6176,G0547
t6177,G0547
t6178,G0547
t6179,G0547
t6180,G0547
t6181,G0547
t6182,G0547
t6183,G0547
t6184,G0547
t6185,G0547
t6186,G0547
t6187,G0547
t6188,G0547
t6189,G0547
t6190,G0547
t6191,G0547
t7824,G0548
t7825,G0548
t7826,G0548
t7827,G0548
t7828,G0548
t7829,G0548
t7830,G0548
t7831,G0548
t7832,G0548
t7833,G0548
t7834,G0548
t7835,G0548
t7836,G0548
t7837,G0548
t7838,G0548
t7839,G0548
t2304,G0549
t2305,G0549
t2306,G0549
t2307,G0549
t2308,G0549
t2309,G0549
t2310,G0549
t2311,G0549
t2312,G0549
t2313,G0549
t2314,G0549
t2315,G0549
t2316,G0549
t2317,G0549
t2318,G0549
t2319,G0549
t1136,G0550
t1137,G0550
t1138,G0550
t1139,G0550
t1140,G0550
t1141,G0550
t1142,G0550
t1143,G0550
t1144,G0550
t1145,G0550
t1146,G0550
t1147,G0550
t1148,G0550
t1149,G0550
t1150,G0550
t1151,G0550
t4128,G0551
t4129,G0551
t4130,G0551
t4131,G0551
t4132,G0551
t4133,G0551
t4134,G0551
t4135,G0551
t4136,G0551
t4137,G0551
t4138,G0551
t4139,G0551
t4140,G0551
t4141,G0551
t4142,G0551
t4143,G0551
t1776,G0552
t1777,G0552
t1778,G0552
t1779,G0552
t1780,G0552
t1781,G0552
t1782,G0552
t1783,G0552
t1784,G0552
t1785,G0552
t1786,G0552
t1787,G0552
t1788,G0552
t1789,G0552
t1790,G0552
t1791,G0552
t7424,G0553
t7425,G0553
t7426,G0553
t7427,G0553
t7428,G0553
t7429,G0553
t7430,G0553
t7431,G0553
t7432,G0553
t7433,G0553
t7434,G0553
t7435,G0553
t7436,G0553
t7437,G0553
t7438,G0553
t7439,G0553
t7296,G0554
t7297,G0554
t7298,G0554
t7299,G0554
t7300,G0554
t7301,G0554
t7302,G0554
t7303,G0554
t7304,G0554
t7305,G0554
t7306,G0554
t7307,G0554
t7308,G0554
t7309,G0554
t7310,G0554
t7311,G0554
t4768,G0555
t4769,G0555
t4770,G0555
t4771,G0555
t4772,G0555
t4773,G0555
t4774,G0555
t4775,G0555
t4776,G0555
t4777,G0555
t4778,G0555
t4779,G0555
t4780,G0555
t4781,G0555
t4782,G0555
t4783,G0555
t2928,G0556
t2929,G0556
t2930,G0556
t2931,G0556
t2932,G0556
t2933,G0556
t2934,G0556
t2935,G0556
t2936,G0556
t2937,G0556
t2938,G0556
t2939,G0556
t2940,G0556
t2941,G0556
t2942,G0556
t2943,G0556
t3904,G0557
t3905,G0557
t3906,G0557
t3907,G0557
t3908,G0557
t3909,G0557
t3910,G0557
t3911,G0557
t3912,G0557
t3913,G0557
t3914,G0557
t3915,G0557
t3916,G0557
t3917,G0557
t3918,G0557
t3919,G0557
t7920,G0558
t7921,G0558
t7922,G0558
t7923,G0558
t7924,G0558
t7925,G0558
t7926,G0558
t7927,G0558
t7928,G0558
t7929,G0558
t7930,G0558
t7931,G0558
t7932,G0558
t7933,G0558
t7934,G0558
t7935,G0558
t2480,G0559
t2481,G0559
t2482,G0559
t2483,G0559
t2484,G0559
t2485,G0559
t2486,G0559
t2487,G0559
t2488,G0559
t2489,G0559
t2490,G0559
t2491,G0559
t2492,G0559
t2493,G0559
t2494,G0559
t2495,G0559
t6784,G0560
t6785,G0560
t6786,G0560
t6787,G0560
t6788,G0560
t6789,G0560
t6790,G0560
t6791,G0560
t6792,G0560
t6793,G0560
t6794,G0560
t6795,G0560
t6796,G0560
t6797,G0560
t6798,G0560
t6799,G0560
t6416,G0561
t6417,G0561
t6418,G0561
t6419,G0561
t6420,G0561
t6421,G0561
t6422,G0561
t6423,G0561
t6424,G0561
t6425,G0561
t6426,G0561
t6427,G0561
t6428,G0561
t6429,G0561
t6430,G0561
t6431,G0561
t7520,G0562
t7521,G0562
t7522,G0562
t7523,G0562
t7524,G0562
t7525,G0562
t7526,G0562
t7527,G0562
t7528,G0562
t7529,G0562
t7530,G0562
t7531,G0562
t7532,G0562
t7533,G0562
t7534,G0562
t7535,G0562
t3312,G0563
t3313,G0563
t3314,G0563
t3315,G0563
t3316,G0563
t3317,G0563
t3318,G0563
t3319,G0563
t3320,G0563
t3321,G0563
t3322,G0563
t3323,G0563
t3324,G0563
t3325,G0563
t3326,G0563
t3327,G0563
t3968,G0564
t3969,G0564
t3970,G0564
t3971,G0564
t3972,G0564
t3973,G0564
t3974,G0564
t3975,G0564
t3976,G0564
t3977,G0564
t3978,G0564
t3979,G0564
t3980,G0564
t3981,G0564
t3982,G0564
t3983,G0564
t4176,G0565
t4177,G0565
t4178,G0565
t4179,G0565
t4180,G0565
t4181,G0565
t4182,G0565
t4183,G0565
t4184,G0565
t4185,G0565
t4186,G0565
t4187,G0565
t4188,G0565
t4189,G0565
t4190,G0565
t4191,G0565
t7904,G0566
t7905,G0566
t7906,G0566
t7907,G0566
t7908,G0566
t7909,G0566
t7910,G0566
t7911,G0566
t7912,G0566
t7913,G0566
t7914,G0566
t7915,G0566
t7916,G0566
t7917,G0566
t7918,G0566
t7919,G0566
t2112,G0567
t2113,G0567
t2114,G0567
t2115,G0567
t2116,G0567
t2117,G0567
t2118,G0567
t2119,G0567
t2120,G0567
t2121,G0567
t2122,G0567
t2123,G0567
t2124,G0567
t2125,G0567
t2126,G0567
t2127,G0567
t320,G0568
t321,G0568
t322,G0568
t323,G0568
t324,G0568
t325,G0568
t326,G0568
t327,G0568
t328,G0568
t329,G0568
t330,G0568
t331,G0568
t332,G0568
t333,G0568
t334,G0568
t335,G0568
t3440,G0569
t3441,G0569
t3442,G0569
t3443,G0569
t3444,G0569
t3445,G0569
t3446,G0569
t3447,G0569
t3448,G0569
t3449,G0569
t3450,G0569
t3451,G0569
t3452,G0569
t3453,G0569
t3454,G0569
t3455,G0569
t7280,G0570
t7281,G0570
t7282,G0570
t7283,G0570
t7284,G0570
t7285,G0570
t7286,G0570
t7287,G0570
t7288,G0570
t7289,G0570
t7290,G0570
t7291,G0570
t7292,G0570
t7293,G0570
t7294,G0570
t7295,G0570
t6208,G0571
t6209,G0571
t6210,G0571
t6211,G0571
t6212,G0571
t6213,G0571
t6214,G0571
t6215,G0571
t6216,G0571
t6217,G0571
t6218,G0571
t6219,G0571
t6220,G0571
t6221,G0571
t6222,G0571
t6223,G0571
t6304,G0572
t6305,G0572
t6306,G0572
t6307,G0572
t6308,G0572
t6309,G0572
t6310,G0572
t6311,G0572
t6312,G0572
t6313,G0572
t6314,G0572
t6315,G0572
t6316,G0572
t6317,G0572
t6318,G0572
t6319,G0572
